{
	"EighteenYardNorthForwardEast": [
		0.40308988764044945,
		0.22732724421072054
	],
	"PenaltySpotNorth": [
		0.10252808988764045,
		0.3277055078881816
	],
	"SixYardNorthForwardEast": [
		0.06741573033707865,
		0.25685026293938557
	],
	"PenaltyCircleNorthWest": [
		0.13904494382022473,
		0.39263803680981596
	]
}