{
	"0": [
		0.509375,
		0.10555555555555556
	],
	"1": [
		0.55625,
		0.19166666666666668
	],
	"2": [
		0.725,
		0.325
	],
	"3": [
		0.6640625,
		0.3111111111111111
	],
	"4": [
		0.3921875,
		0.325
	],
	"5": [
		0.334375,
		0.35555555555555557
	],
	"6": [
		0.446875,
		0.45
	],
	"7": [
		0.3875,
		0.4361111111111111
	],
	"8": [
		0.56875,
		0.2
	],
	"9": [
		0.571875,
		0.3055555555555556
	],
	"10": [
		0.390625,
		0.4361111111111111
	],
	"11": [
		0.334375,
		0.4027777777777778
	],
	"12": [
		0.446875,
		0.3138888888888889
	],
	"13": [
		0.3890625,
		0.3277777777777778
	],
	"14": [
		0.725,
		0.4444444444444444
	],
	"15": [
		0.6671875,
		0.45555555555555555
	],
	"16": [
		0.5671875,
		0.6
	],
	"17": [
		0.5703125,
		0.7027777777777777
	],
	"18": [
		0.5703125,
		0.7
	],
	"19": [
		0.5671875,
		0.8027777777777778
	],
	"20": [
		0.6140625,
		0.1638888888888889
	],
	"21": [
		0.55625,
		0.16111111111111112
	],
	"22": [
		0.56875,
		0.3
	],
	"23": [
		0.5703125,
		0.4027777777777778
	],
	"24": [
		0.8359375,
		0.8944444444444445
	],
	"25": [
		0.778125,
		0.8916666666666667
	],
	"26": [
		0.725,
		0.8888888888888888
	],
	"27": [
		0.6671875,
		0.8888888888888888
	],
	"28": [
		0.4984375,
		0.11944444444444445
	],
	"29": [
		0.4546875,
		0.18611111111111112
	],
	"30": [
		0.7796875,
		0.425
	],
	"31": [
		0.7234375,
		0.44722222222222224
	],
	"32": [
		0.7796875,
		0.3416666666666667
	],
	"33": [
		0.7234375,
		0.32222222222222224
	],
	"34": [
		0.5015625,
		0.4583333333333333
	],
	"35": [
		0.4453125,
		0.45
	],
	"36": [
		0.5015625,
		0.8805555555555555
	],
	"37": [
		0.4453125,
		0.8833333333333333
	],
	"38": [
		0.66875,
		0.8888888888888888
	],
	"39": [
		0.6125,
		0.8861111111111111
	],
	"40": [
		0.6640625,
		0.18333333333333332
	],
	"41": [
		0.6109375,
		0.15833333333333333
	],
	"42": [
		0.7765625,
		0.18611111111111112
	],
	"43": [
		0.7234375,
		0.16111111111111112
	],
	"44": [
		1,
		0.9055555555555556
	],
	"45": [
		0.9453125,
		0.9
	],
	"46": [
		0.66875,
		0.45555555555555555
	],
	"47": [
		0.615625,
		0.46111111111111114
	],
	"48": [
		0.5703125,
		0.5055555555555555
	],
	"49": [
		0.5671875,
		0.6
	],
	"50": [
		0.8875,
		0.8972222222222223
	],
	"51": [
		0.834375,
		0.8944444444444445
	],
	"52": [
		0.946875,
		0.9
	],
	"53": [
		0.89375,
		0.8972222222222223
	],
	"54": [
		0.446875,
		0.18333333333333332
	],
	"55": [
		0.39375,
		0.18333333333333332
	],
	"56": [
		0.6640625,
		0.17777777777777778
	],
	"57": [
		0.6125,
		0.17777777777777778
	],
	"58": [
		0.5703125,
		0.4
	],
	"59": [
		0.56875,
		0.4888888888888889
	],
	"60": [
		0.49375,
		0.30833333333333335
	],
	"61": [
		0.4453125,
		0.3138888888888889
	],
	"62": [
		0.0109375,
		0.16666666666666666
	],
	"63": [
		0.0578125,
		0.18333333333333332
	],
	"64": [
		0.778125,
		0.3416666666666667
	],
	"65": [
		0.8203125,
		0.38055555555555554
	],
	"66": [
		0.446875,
		0.8805555555555555
	],
	"67": [
		0.4,
		0.8833333333333333
	],
	"68": [
		0.5671875,
		0.8
	],
	"69": [
		0.5703125,
		0.8805555555555555
	],
	"70": [
		0.05,
		0.8833333333333333
	],
	"71": [
		0.0046875,
		0.8861111111111111
	],
	"72": [
		0.66875,
		0.3138888888888889
	],
	"73": [
		0.625,
		0.30833333333333335
	],
	"74": [
		0.1,
		0.175
	],
	"75": [
		0.05625,
		0.17222222222222222
	],
	"76": [
		0.15625,
		0.8805555555555555
	],
	"77": [
		0.1125,
		0.8833333333333333
	],
	"78": [
		0.8171875,
		0.39444444444444443
	],
	"79": [
		0.778125,
		0.42777777777777776
	],
	"80": [
		0.096875,
		0.15833333333333333
	],
	"81": [
		0.05625,
		0.18333333333333332
	],
	"82": [
		0.93125,
		0.9333333333333333
	],
	"83": [
		0.8890625,
		0.9277777777777778
	],
	"84": [
		0.265625,
		0.8805555555555555
	],
	"85": [
		0.2234375,
		0.8805555555555555
	],
	"86": [
		0.55625,
		0.1388888888888889
	],
	"87": [
		0.528125,
		0.19444444444444445
	],
	"88": [
		0.8578125,
		0.22777777777777777
	],
	"89": [
		0.853125,
		0.3
	],
	"90": [
		0.83125,
		0.9277777777777778
	],
	"91": [
		0.790625,
		0.9222222222222223
	],
	"92": [
		0.4296875,
		0.15
	],
	"93": [
		0.3984375,
		0.19444444444444445
	],
	"94": [
		0.7296875,
		0.525
	],
	"95": [
		0.7390625,
		0.5916666666666667
	],
	"96": [
		0.871875,
		0.2388888888888889
	],
	"97": [
		0.85,
		0.29444444444444445
	],
	"98": [
		0.6046875,
		0.46111111111111114
	],
	"99": [
		0.5671875,
		0.46111111111111114
	],
	"100": [
		0.48125,
		0.17222222222222222
	],
	"101": [
		0.4453125,
		0.18333333333333332
	],
	"102": [
		0.528125,
		0.2
	],
	"103": [
		0.5546875,
		0.24166666666666667
	],
	"104": [
		0.7359375,
		0.525
	],
	"105": [
		0.728125,
		0.5861111111111111
	],
	"106": [
		0.5890625,
		0.24444444444444444
	],
	"107": [
		0.56875,
		0.29444444444444445
	],
	"108": [
		0.3359375,
		0.3
	],
	"109": [
		0.3625,
		0.3388888888888889
	],
	"110": [
		0.8125,
		0.16111111111111112
	],
	"111": [
		0.778125,
		0.16111111111111112
	],
	"112": [
		0.225,
		0.4083333333333333
	],
	"113": [
		0.1953125,
		0.4388888888888889
	],
	"114": [
		0.0890625,
		0.09722222222222222
	],
	"115": [
		0.05625,
		0.08333333333333333
	],
	"116": [
		0.5890625,
		0.22777777777777777
	],
	"117": [
		0.56875,
		0.275
	],
	"118": [
		0.56875,
		0.2
	],
	"119": [
		0.5890625,
		0.24722222222222223
	],
	"120": [
		0.55625,
		0.16111111111111112
	],
	"121": [
		0.53125,
		0.2
	],
	"122": [
		0.5890625,
		0.1388888888888889
	],
	"123": [
		0.55625,
		0.1388888888888889
	],
	"124": [
		0.8359375,
		0.16944444444444445
	],
	"125": [
		0.8046875,
		0.18611111111111112
	],
	"126": [
		0.55625,
		0.2
	],
	"127": [
		0.53125,
		0.2361111111111111
	],
	"128": [
		0.659375,
		0.6527777777777778
	],
	"129": [
		0.646875,
		0.7055555555555556
	],
	"130": [
		0.2609375,
		0.9138888888888889
	],
	"131": [
		0.2296875,
		0.9111111111111111
	],
	"132": [
		0.4453125,
		0.16111111111111112
	],
	"133": [
		0.4140625,
		0.16111111111111112
	],
	"134": [
		0.58125,
		0.1
	],
	"135": [
		0.559375,
		0.1388888888888889
	],
	"136": [
		0.5328125,
		0.10833333333333334
	],
	"137": [
		0.5578125,
		0.1388888888888889
	],
	"138": [
		0.7859375,
		0.3472222222222222
	],
	"139": [
		0.7796875,
		0.4
	],
	"140": [
		0.30625,
		0.43333333333333335
	],
	"141": [
		0.3234375,
		0.4777777777777778
	],
	"142": [
		0.55625,
		0.21388888888888888
	],
	"143": [
		0.5265625,
		0.2222222222222222
	],
	"144": [
		0.6484375,
		0.7
	],
	"145": [
		0.6671875,
		0.7416666666666667
	],
	"146": [
		0.51875,
		0.10277777777777777
	],
	"147": [
		0.4984375,
		0.14166666666666666
	],
	"148": [
		0.7796875,
		0.4
	],
	"149": [
		0.7578125,
		0.4361111111111111
	],
	"150": [
		0.528125,
		0.18055555555555555
	],
	"151": [
		0.55625,
		0.19444444444444445
	],
	"152": [
		0.6671875,
		0.16111111111111112
	],
	"153": [
		0.6421875,
		0.18611111111111112
	],
	"154": [
		0.2078125,
		0.4
	],
	"155": [
		0.1953125,
		0.4444444444444444
	],
	"156": [
		0.215625,
		0.4027777777777778
	],
	"157": [
		0.2015625,
		0.4444444444444444
	],
	"158": [
		0.303125,
		0.08611111111111111
	],
	"159": [
		0.2765625,
		0.09722222222222222
	],
	"160": [
		0.0046875,
		0.325
	],
	"161": [
		0.0109375,
		0.37222222222222223
	],
	"162": [
		0.7984375,
		0.3527777777777778
	],
	"163": [
		0.7796875,
		0.3861111111111111
	],
	"164": [
		0.928125,
		0.1
	],
	"165": [
		0.909375,
		0.13055555555555556
	],
	"166": [
		0.4890625,
		0.10277777777777777
	],
	"167": [
		0.5015625,
		0.14166666666666666
	],
	"168": [
		0.696875,
		0.45
	],
	"169": [
		0.71875,
		0.46944444444444444
	],
	"170": [
		0.1515625,
		0.1
	],
	"171": [
		0.1671875,
		0.13333333333333333
	],
	"172": [
		0.7234375,
		0.4444444444444444
	],
	"173": [
		0.7046875,
		0.4722222222222222
	],
	"174": [
		0.8984375,
		0.1
	],
	"175": [
		0.915625,
		0.13055555555555556
	],
	"176": [
		0.546875,
		0.2
	],
	"177": [
		0.540625,
		0.24166666666666667
	],
	"178": [
		0.5328125,
		0.2
	],
	"179": [
		0.5390625,
		0.24166666666666667
	],
	"180": [
		0.5484375,
		0.2
	],
	"181": [
		0.5546875,
		0.24166666666666667
	],