{
	"0": [
		0.103125,
		0.3972222222222222
	],
	"1": [
		0.0671875,
		0.5
	],
	"2": [
		0.0875,
		0.4
	],
	"3": [
		0.0640625,
		0.5
	],
	"4": [
		0.725,
		0.325
	],
	"5": [
		0.665625,
		0.3111111111111111
	],
	"6": [
		0.6140625,
		0.9361111111111111
	],
	"7": [
		0.5546875,
		0.9277777777777778
	],
	"8": [
		0.5515625,
		0.2
	],
	"9": [
		0.5546875,
		0.3055555555555556
	],
	"10": [
		0.615625,
		0.14722222222222223
	],
	"11": [
		0.55625,
		0.15
	],
	"12": [
		0.5578125,
		0.15
	],
	"13": [
		0.5,
		0.16944444444444445
	],
	"14": [
		0.2828125,
		0.39444444444444443
	],
	"15": [
		0.3359375,
		0.4388888888888889
	],
	"16": [
		0.446875,
		0.46944444444444444
	],
	"17": [
		0.3890625,
		0.45555555555555555
	],
	"18": [
		0.446875,
		0.16111111111111112
	],
	"19": [
		0.3890625,
		0.17222222222222222
	],
	"20": [
		0.725,
		0.45555555555555555
	],
	"21": [
		0.6671875,
		0.4666666666666667
	],
	"22": [
		0.7796875,
		0.14722222222222223
	],
	"23": [
		0.7234375,
		0.17222222222222222
	],
	"24": [
		0.5515625,
		0.4
	],
	"25": [
		0.5546875,
		0.5027777777777778
	],
	"26": [
		0.5546875,
		0.5
	],
	"27": [
		0.5515625,
		0.6027777777777777
	],
	"28": [
		0.5515625,
		0.6
	],
	"29": [
		0.5546875,
		0.7027777777777777
	],
	"30": [
		0.5546875,
		0.7
	],
	"31": [
		0.5515625,
		0.8027777777777778
	],
	"32": [
		0.5515625,
		0.8
	],
	"33": [
		0.5546875,
		0.9027777777777778
	],
	"34": [
		0.5515625,
		0.3
	],
	"35": [
		0.553125,
		0.4027777777777778
	],
	"36": [
		0.1140625,
		0.9361111111111111
	],
	"37": [
		0.05625,
		0.9388888888888889
	],
	"38": [
		0.8359375,
		0.9444444444444444
	],
	"39": [
		0.778125,
		0.9416666666666667
	],
	"40": [
		0.946875,
		0.95
	],
	"41": [
		0.8890625,
		0.9472222222222222
	],
	"42": [
		0.725,
		0.17222222222222222
	],
	"43": [
		0.6671875,
		0.17222222222222222
	],
	"44": [
		0.8359375,
		0.17222222222222222
	],
	"45": [
		0.778125,
		0.17222222222222222
	],
	"46": [
		0.725,
		0.9388888888888889
	],
	"47": [
		0.6671875,
		0.9388888888888889
	],
	"48": [
		0.7234375,
		0.15
	],
	"49": [
		0.7796875,
		0.17222222222222222
	],
	"50": [
		0.334375,
		0.4361111111111111
	],
	"51": [
		0.390625,
		0.4583333333333333
	],
	"52": [
		0.7796875,
		0.43333333333333335
	],
	"53": [
		0.7234375,
		0.45555555555555555
	],
	"54": [
		0.7796875,
		0.34444444444444444
	],
	"55": [
		0.7234375,
		0.325
	],
	"56": [
		0.390625,
		0.3194444444444444
	],
	"57": [
		0.334375,
		0.33611111111111114
	],
	"58": [
		0.334375,
		0.33611111111111114
	],
	"59": [
		0.2828125,
		0.37777777777777777
	],
	"60": [
		0.66875,
		0.4638888888888889
	],
	"61": [
		0.6125,
		0.4722222222222222
	],
	"62": [
		0.5015625,
		0.4722222222222222
	],
	"63": [
		0.4453125,
		0.4666666666666667
	],
	"64": [
		0.55625,
		0.475
	],
	"65": [
		0.5,
		0.4722222222222222
	],
	"66": [
		0.66875,
		0.9388888888888889
	],
	"67": [
		0.6125,
		0.9361111111111111
	],
	"68": [
		0.890625,
		0.9472222222222222
	],
	"69": [
		0.834375,
		0.9444444444444444
	],
	"70": [
		0.390625,
		0.17222222222222222
	],
	"71": [
		0.334375,
		0.17222222222222222
	],
	"72": [
		0.16875,
		0.9361111111111111
	],
	"73": [
		0.1125,
		0.9361111111111111
	],
	"74": [
		0.44375,
		0.3111111111111111
	],
	"75": [
		0.3890625,
		0.3194444444444444
	],
	"76": [
		1,
		0.9527777777777777
	],
	"77": [
		0.9453125,
		0.95
	],
	"78": [
		0.5578125,
		0.9333333333333333
	],
	"79": [
		0.503125,
		0.9333333333333333
	],
	"80": [
		0.065625,
		0.4083333333333333
	],
	"81": [
		0.0828125,
		0.5
	],
	"82": [
		0.721875,
		0.7138888888888889
	],
	"83": [
		0.6703125,
		0.7388888888888889
	],
	"84": [
		0.396875,
		0.1388888888888889
	],
	"85": [
		0.446875,
		0.17222222222222222
	],
	"86": [
		0.7765625,
		0.3416666666666667
	],
	"87": [
		0.8234375,
		0.38333333333333336
	],
	"88": [
		0.065625,
		0.4083333333333333
	],
	"89": [
		0.0640625,
		0.5
	],
	"90": [
		0.096875,
		0.4
	],
	"91": [
		0.0625,
		0.4666666666666667
	],
	"92": [
		0.690625,
		0.7027777777777777
	],
	"93": [
		0.71875,
		0.7694444444444445
	],
	"94": [
		0.8203125,
		0.4
	],
	"95": [
		0.778125,
		0.4361111111111111
	],
	"96": [
		0.709375,
		0.6972222222222222
	],
	"97": [
		0.6703125,
		0.7416666666666667
	],
	"98": [
		0.6578125,
		0.15
	],
	"99": [
		0.6125,
		0.1638888888888889
	],
	"100": [
		0.475,
		0.6027777777777777
	],
	"101": [
		0.4609375,
		0.6805555555555556
	],
	"102": [
		0.2703125,
		0.15833333333333333
	],
	"103": [
		0.225,
		0.16944444444444445
	],
	"104": [
		0.475,
		0.6027777777777777
	],
	"105": [
		0.4796875,
		0.6833333333333333
	],
	"106": [
		0.1828125,
		0.7166666666666667
	],
	"107": [
		0.20625,
		0.7861111111111111
	],
	"108": [
		0.66875,
		0.3138888888888889
	],
	"109": [
		0.6234375,
		0.30833333333333335
	],
	"110": [
		0.5390625,
		0.15
	],
	"111": [
		0.5,
		0.18888888888888888
	],
	"112": [
		0.946875,
		0.9861111111111112
	],
	"113": [
		0.903125,
		0.9805555555555555
	],
	"114": [
		0.1015625,
		0.4
	],
	"115": [
		0.0640625,
		0.4388888888888889
	],
	"116": [
		0.8296875,
		0.9444444444444444
	],
	"117": [
		0.7984375,
		0.9972222222222222
	],
	"118": [
		0.684375,
		0.49444444444444446
	],
	"119": [
		0.6984375,
		0.5666666666666667
	],
	"120": [
		0.5484375,
		0.15
	],
	"121": [
		0.5171875,
		0.2
	],
	"122": [
		0.1859375,
		0.7111111111111111
	],
	"123": [
		0.1734375,
		0.7805555555555556
	],
	"124": [
		0.7953125,
		0.975
	],
	"125": [
		0.8359375,
		0.9833333333333333
	],
	"126": [
		1,
		0.16666666666666666
	],
	"127": [
		0.959375,
		0.16666666666666666
	],
	"128": [
		0.5,
		0.15
	],
	"129": [
		0.528125,
		0.2
	],
	"130": [
		0.721875,
		0.65
	],
	"131": [
		0.69375,
		0.7
	],
	"132": [
		0.66875,
		0.16666666666666666
	],
	"133": [
		0.6296875,
		0.17777777777777778
	],
	"134": [
		0.103125,
		0.4305555555555556
	],
	"135": [
		0.065625,
		0.4083333333333333
	],
	"136": [
		0.6890625,
		0.725
	],
	"137": [
		0.721875,
		0.7638888888888888
	],
	"138": [
		0.1109375,
		0.9694444444444444
	],
	"139": [
		0.071875,
		0.9722222222222222
	],
	"140": [
		0.2140625,
		0.9694444444444444
	],
	"141": [
		0.175,
		0.9722222222222222
	],
	"142": [
		0.20625,
		0.16666666666666666
	],
	"143": [
		0.1671875,
		0.16666666666666666
	],
	"144": [
		0.3453125,
		0.04722222222222222
	],
	"145": [
		0.36875,
		0.1
	],
	"146": [
		0.7015625,
		0.7
	],
	"147": [
		0.7125,
		0.7638888888888888
	],
	"148": [
		0.3171875,
		0.9694444444444444
	],
	"149": [
		0.2796875,
		0.9666666666666667
	],
	"150": [
		0.196875,
		0.7277777777777777
	],
	"151": [
		0.1734375,
		0.7777777777777778
	],
	"152": [
		0.2,
		0.1
	],
	"153": [
		0.2265625,
		0.14444444444444443
	],
	"154": [
		0.259375,
		0.9333333333333333
	],
	"155": [
		0.2234375,
		0.9333333333333333
	],
	"156": [
		0.23125,
		0.4
	],
	"157": [
		0.24375,
		0.4583333333333333
	],
	"158": [
		0.0359375,
		0.15
	],
	"159": [
		0.0015625,
		0.16111111111111112
	],
	"160": [
		0.690625,
		0.7027777777777777
	],
	"161": [
		0.725,
		0.7138888888888889
	],
	"162": [
		0.721875,
		0.7083333333333334
	],
	"163": [
		0.7015625,
		0.7583333333333333
	],
	"164": [
		0.721875,
		0.7083333333333334
	],
	"165": [
		0.71875,
		0.7694444444444445
	],
	"166": [
		0.0359375,
		0.06944444444444445
	],
	"167": [
		0.003125,
		0.08611111111111111
	],
	"168": [
		0.0359375,
		0.08611111111111111
	],
	"169": [
		0.003125,
		0.06944444444444445
	],
	"170": [
		0.6125,
		0.15
	],
	"171": [
		0.640625,
		0.18333333333333332
	],
	"172": [
		0.8671875,
		0.16944444444444445
	],
	"173": [
		0.834375,
		0.15833333333333333
	],
	"174": [
		0.234375,
		0.4
	],
	"175": [
		0.228125,
		0.4583333333333333
	],
	"176": [
		0.5140625,
		0.14722222222222223
	],
	"177": [
		0.5,
		0.2
	],
	"178": [
		0.196875,
		0.7277777777777777
	],
	"179": [
		0.196875,
		0.7861111111111111
	],
	"180": [
		0.70625,
		0.4583333333333333
	],
	"181": [
		0.68125,
		0.49444444444444446
	],
	"182": [
		0.5046875,
		0.14722222222222223
	],
	"183": [
		0.50625,
		0.20277777777777778
	],