{
	"PenaltyCircleNorthEast": [
		0.05315203955500618,
		0.2610670745839707
	],
	"EighteenYardNorthForwardEast": [
		0.15698393077873918,
		0.18986696333379688
	],
	"CenterCircleEast": [
		0.9468479604449939,
		0.29370045890696705
	],
	"CenterLineEast": [
		0.9493201483312732,
		0.15723357901080054
	],
	"CenterLineWest": [
		0.9332509270704573,
		0.9226347749501692
	],
	"CenterCircleWest": [
		0.9394313967861557,
		0.46576739442822046
	],
	"CenterSpot": [
		0.9431396786155748,
		0.36786724145923144
	]
}