{
	"CornerNorthWest": [
		0.32724719101123595,
		0.23567697182495503
	],
	"CornerNorthEast": [
		0.6264044943820225,
		0.2630812708743684
	],
	"CornerSouthWest": [
		0.35814606741573035,
		0.7505130460275579
	],
	"CornerSouthEast": [
		0.6207865168539326,
		0.7505130460275579
	]
}