{
	"EighteenYardNorthForwardEast": [
		0.3960674157303371,
		0.22247351007245467
	],
	"PenaltyCircleNorthWest": [
		0.1404494382022472,
		0.3913389454286552
	],
	"EighteenYardNorthRearEast": [
		0.08776266996291718,
		0.19283363463588746
	],
	"SixYardNorthForwardEast": [
		0.07303370786516854,
		0.2599991623738326
	]
}