{
	"SixYardNorthRearWest": [
		0.0047817099049154675,
		0.575557236827341
	],
	"EighteenYardNorthRearEast": [
		0.47635195169205063,
		0.36848518519932566
	]
}