{
	"PenaltySpotNorth": [
		0.08875,
		0.32930051453205395
	],
	"SixYardNorthForwardEast": [
		0.074375,
		0.2581004032818801
	],
	"EighteenYardNorthRearEast": [
		0.09,
		0.19283363463588746
	],
	"EighteenYardNorthForwardEast": [
		0.39625,
		0.21656700505261206
	],
	"PenaltyCircleNorthEast": [
		0.293125,
		0.2848004450006953
	]
}