{
	"0": [
		0.7564453125,
		0.08680555555555555
	],
	"1": [
		0.4345703125,
		0.10381944444444445
	],
	"2": [
		0.7923828125,
		0.07916666666666666
	],
	"3": [
		0.678125,
		0.06736111111111111
	],
	"4": [
		0.521875,
		0.05520833333333333
	],
	"5": [
		0.756640625,
		0.09583333333333334
	],
	"6": [
		0.4404296875,
		0.09513888888888888
	],
	"7": [
		0.7515625,
		0.11006944444444444
	],
	"8": [
		0.2220703125,
		0.16909722222222223
	],
	"9": [
		0.6294921875,
		0.04513888888888889
	],
	"10": [
		0.1654296875,
		0.19409722222222223
	],
	"11": [
		0.3513671875,
		0.1232638888888889
	],
	"12": [
		0.312109375,
		0.13819444444444445
	],
	"13": [
		0.3447265625,
		0.13368055555555555
	],
	"14": [
		0.142578125,
		0.171875
	],
	"15": [
		0.8380859375,
		0.06180555555555556
	],
	"16": [
		0.8025390625,
		0.05659722222222222
	],
	"17": [
		0.3068359375,
		0.14930555555555555
	],
	"18": [
		0.2890625,
		0.16145833333333334
	],
	"19": [
		0.17578125,
		0.18263888888888888
	],
	"20": [
		0.2869140625,
		0.13055555555555556
	],
	"21": [
		0.2904296875,
		0.14965277777777777
	],
	"22": [
		0.9109375,
		0.07118055555555555
	],
	"23": [
		0.148046875,
		0.9302083333333333
	],
	"24": [
		0.73828125,
		0.10138888888888889
	],
	"25": [
		0.143359375,
		0.21180555555555555
	],
	"26": [
		0.169140625,
		0.9350694444444444
	],
	"27": [
		0.4130859375,
		0.12118055555555556
	],
	"28": [
		0.7509765625,
		0.09444444444444444
	],
	"29": [
		0.2080078125,
		0.17847222222222223
	],
	"30": [
		0.4634765625,
		0.09097222222222222
	],
	"31": [
		0.911328125,
		0.06319444444444444
	],
	"32": [
		0.9111328125,
		0.07673611111111112
	],
	"33": [
		0.415625,
		0.103125
	],
	"34": [
		0.2955078125,
		0.11527777777777778
	],
	"35": [
		0.65859375,
		0.04756944444444444
	],
	"36": [
		0.1470703125,
		0.9302083333333333
	],
	"37": [
		0.1607421875,
		0.16701388888888888
	],
	"38": [
		0.6703125,
		0.3375
	],
	"39": [
		0.801953125,
		0.06527777777777778
	],
	"40": [
		0.324609375,
		0.14201388888888888
	],
	"41": [
		0.1916015625,
		0.18715277777777778
	],
	"42": [
		0.2283203125,
		0.17604166666666668
	],
	"43": [
		0.745703125,
		0.07881944444444444
	],
	"44": [
		0.786328125,
		0.1076388888888889
	],
	"45": [
		0.2904296875,
		0.13576388888888888
	],
	"46": [
		0.6701171875,
		0.36319444444444443
	],
	"47": [
		0.9779296875,
		0.13090277777777778
	],
	"48": [
		0.315625,
		0.9670138888888888
	],
	"49": [
		0.1873046875,
		0.5819444444444445
	],
	"50": [
		0.0220703125,
		0.9076388888888889
	],
	"51": [
		0.6703125,
		0.3375
	],
	"52": [
		0.4783203125,
		0.08055555555555556
	],
	"53": [
		0.196875,
		0.18958333333333333
	],
	"54": [
		0.2943359375,
		0.12777777777777777
	],
	"55": [
		0.6701171875,
		0.3385416666666667
	],
	"56": [
		0.0265625,
		0.9069444444444444
	],
	"57": [
		0.7037109375,
		0.0642361111111111
	],
	"58": [
		0.77421875,
		0.22152777777777777
	],
	"59": [
		0.2234375,
		0.18541666666666667
	],
	"60": [
		0.1529296875,
		0.17083333333333334
	],
	"61": [
		0.7552734375,
		0.08298611111111111
	],
	"62": [
		0.4189453125,
		0.1125
	],
	"63": [
		0.1474609375,
		0.19479166666666667
	],
	"64": [
		0.2296875,
		0.18125
	],
	"65": [
		0.2,
		0.1753472222222222
	],
	"66": [
		0.2947265625,
		0.15590277777777778
	],
	"67": [
		0.483984375,
		0.09479166666666666
	],
	"68": [
		0.1529296875,
		0.20625
	],
	"69": [
		0.6736328125,
		0.35694444444444445
	],
	"70": [
		0.33515625,
		0.13159722222222223
	],
	"71": [
		0.7326171875,
		0.08541666666666667
	],
	"72": [
		0.20703125,
		0.1857638888888889
	],
	"73": [
		0.1828125,
		0.5861111111111111
	],
	"74": [
		0.1486328125,
		0.18055555555555555
	],
	"75": [
		0.2298828125,
		0.16770833333333332
	],
	"76": [
		0.4462890625,
		0.09861111111111111
	],
	"77": [
		0.7599609375,
		0.10069444444444445
	],
	"78": [
		0.658203125,
		0.05590277777777778
	],
	"79": [
		0.2841796875,
		0.9597222222222223
	],
	"80": [
		0.7267578125,
		0.05381944444444445
	],
	"81": [
		0.7419921875,
		0.08819444444444445
	],
	"82": [
		0.8373046875,
		0.06805555555555555
	],
	"83": [
		0.7412109375,
		0.08402777777777778
	],
	"84": [
		0.3322265625,
		0.14305555555555555
	],
	"85": [
		0.7369140625,
		0.07291666666666667
	],
	"86": [
		0.4578125,
		0.08819444444444445
	],
	"87": [
		0.6734375,
		0.35104166666666664
	],
	"88": [
		0.5466796875,
		0.060069444444444446
	],
	"89": [
		0.459765625,
		0.09826388888888889
	],
	"90": [
		0.7865234375,
		0.10243055555555555
	],
	"91": [
		0.6443359375,
		0.3079861111111111
	],
	"92": [
		0.478515625,
		0.09479166666666666
	],
	"93": [
		0.1841796875,
		0.19652777777777777
	],
	"94": [
		0.340234375,
		0.13993055555555556
	],
	"95": [
		0.4841796875,
		0.08090277777777778
	],
	"96": [
		0.301171875,
		0.12534722222222222
	],
	"97": [
		0.123828125,
		0.27743055555555557
	],
	"98": [
		0.4494140625,
		0.10138888888888889
	],
	"99": [
		0.221875,
		0.18159722222222222
	],
	"100": [
		0.78046875,
		0.11006944444444444
	],
	"101": [
		0.1837890625,
		0.1795138888888889
	],
	"102": [
		0.1810546875,
		0.19930555555555557
	],
	"103": [
		0.76484375,
		0.07326388888888889
	],
	"104": [
		0.6291015625,
		0.05
	],
	"105": [
		0.6943359375,
		0.058333333333333334
	],
	"106": [
		0.36015625,
		0.13472222222222222
	],
	"107": [
		0.2302734375,
		0.13368055555555555
	],
	"108": [
		0.1765625,
		0.19791666666666666
	],
	"109": [
		0.2240234375,
		0.18159722222222222
	],
	"110": [
		0.2154296875,
		0.18645833333333334
	],
	"111": [
		0.323828125,
		0.14756944444444445
	],
	"112": [
		0.7517578125,
		0.0920138888888889
	],
	"113": [
		0.7361328125,
		0.10486111111111111
	],
	"114": [
		0.347265625,
		0.2642361111111111
	],
	"115": [
		0.47734375,
		0.0763888888888889
	],
	"116": [
		0.1689453125,
		0.2
	],
	"117": [
		0.361328125,
		0.121875
	],
	"118": [
		0.44375,
		0.4236111111111111
	],
	"119": [
		0.978125,
		0.1111111111111111
	],
	"120": [
		0.186328125,
		0.17048611111111112
	],
	"121": [
		0.027734375,
		0.5690972222222223
	],
	"122": [
		0.9779296875,
		0.10590277777777778
	],
	"123": [
		0.78359375,
		0.10555555555555556
	],
	"124": [
		0.5708984375,
		0.09340277777777778
	],
	"125": [
		0.7857421875,
		0.09756944444444444
	],
	"126": [
		0.219140625,
		0.1597222222222222
	],
	"127": [
		0.438671875,
		0.10659722222222222
	],
	"128": [
		0.1748046875,
		0.17291666666666666
	],
	"129": [
		0.7603515625,
		0.11006944444444444
	],
	"130": [
		0.2330078125,
		0.553125
	],
	"131": [
		0.6501953125,
		0.04583333333333333
	],
	"132": [
		0.308203125,
		0.15416666666666667
	],
	"133": [
		0.3482421875,
		0.11701388888888889
	],
	"134": [
		0.603125,
		0.050347222222222224
	],
	"135": [
		0.43671875,
		0.10972222222222222
	],
	"136": [
		0.2267578125,
		0.15555555555555556
	],
	"137": [
		0.8380859375,
		0.06597222222222222
	],
	"138": [
		0.4384765625,
		0.08680555555555555
	],
	"139": [
		0.0580078125,
		0.39826388888888886
	],
	"140": [
		0.35625,
		0.13784722222222223
	],
	"141": [
		0.9443359375,
		0.07534722222222222
	],
	"142": [
		0.2265625,
		0.16284722222222223
	],
	"143": [
		0.1916015625,
		0.17083333333333334
	],
	"144": [
		0.309375,
		0.1326388888888889
	],
	"145": [
		0.7736328125,
		0.10451388888888889
	],
	"146": [
		0.3541015625,
		0.1371527777777778
	],
	"147": [
		0.6291015625,
		0.051041666666666666
	],
	"148": [
		0.5298828125,
		0.06215277777777778
	],
	"149": [
		0.4298828125,
		0.43472222222222223
	],
	"150": [
		0.7509765625,
		0.09027777777777778
	],
	"151": [
		0.748046875,
		0.07152777777777777
	],
	"152": [
		0.3564453125,
		0.115625
	],
	"153": [
		0.5744140625,
		0.05451388888888889
	],
	"154": [
		0.319921875,
		0.13090277777777778
	],
	"155": [
		0.4841796875,
		0.07222222222222222
	],
	"156": [
		0.97890625,
		0.11875
	],
	"157": [
		0.076953125,
		0.3902777777777778
	],
	"158": [
		0.86640625,
		0.05416666666666667
	],
	"159": [
		0.304296875,
		0.11701388888888889
	],
	"160": [
		0.75703125,
		0.10416666666666667
	],
	"161": [
		0.3119140625,
		0.11041666666666666
	],