{
	"0": [
		0.6125,
		0.20555555555555555
	],
	"1": [
		0.5828125,
		0.3
	],
	"2": [
		0.446875,
		0.45555555555555555
	],
	"3": [
		0.3890625,
		0.42777777777777776
	],
	"4": [
		0.7265625,
		0.45555555555555555
	],
	"5": [
		0.6671875,
		0.46944444444444444
	],
	"6": [
		0.446875,
		0.3472222222222222
	],
	"7": [
		0.3890625,
		0.36944444444444446
	],
	"8": [
		0.725,
		0.3527777777777778
	],
	"9": [
		0.6671875,
		0.3388888888888889
	],
	"10": [
		0.7796875,
		0.43333333333333335
	],
	"11": [
		0.7234375,
		0.4583333333333333
	],
	"12": [
		0.5859375,
		0.5
	],
	"13": [
		0.5828125,
		0.6027777777777777
	],
	"14": [
		0.5859375,
		0.6
	],
	"15": [
		0.5828125,
		0.7027777777777777
	],
	"16": [
		0.5859375,
		0.7
	],
	"17": [
		0.5828125,
		0.8027777777777778
	],
	"18": [
		0.725,
		0.85
	],
	"19": [
		0.6671875,
		0.8444444444444444
	],
	"20": [
		0.946875,
		0.8611111111111112
	],
	"21": [
		0.8890625,
		0.8555555555555555
	],
	"22": [
		0.5578125,
		0.46944444444444444
	],
	"23": [
		0.5,
		0.4666666666666667
	],
	"24": [
		0.5828125,
		0.3
	],
	"25": [
		0.5828125,
		0.4027777777777778
	],
	"26": [
		0.7796875,
		0.37222222222222223
	],
	"27": [
		0.7234375,
		0.35
	],
	"28": [
		0.5625,
		0.1361111111111111
	],
	"29": [
		0.6046875,
		0.20555555555555555
	],
	"30": [
		0.5015625,
		0.4666666666666667
	],
	"31": [
		0.4453125,
		0.4527777777777778
	],
	"32": [
		0.16875,
		0.21944444444444444
	],
	"33": [
		0.1125,
		0.225
	],
	"34": [
		0.66875,
		0.4666666666666667
	],
	"35": [
		0.6125,
		0.4722222222222222
	],
	"36": [
		0.390625,
		0.8388888888888889
	],
	"37": [
		0.334375,
		0.8361111111111111
	],
	"38": [
		0.7796875,
		0.85
	],
	"39": [
		0.7234375,
		0.8472222222222222
	],
	"40": [
		0.890625,
		0.8555555555555555
	],
	"41": [
		0.834375,
		0.8527777777777777
	],
	"42": [
		0.66875,
		0.20555555555555555
	],
	"43": [
		0.6125,
		0.20555555555555555
	],
	"44": [
		0.7796875,
		0.23333333333333334
	],
	"45": [
		0.7234375,
		0.23333333333333334
	],
	"46": [
		0.834375,
		0.23333333333333334
	],
	"47": [
		0.778125,
		0.23333333333333334
	],
	"48": [
		0.596875,
		0.20555555555555555
	],
	"49": [
		0.5828125,
		0.3
	],
	"50": [
		1,
		0.8638888888888889
	],
	"51": [
		0.9453125,
		0.8611111111111112
	],
	"52": [
		0.3359375,
		0.7166666666666667
	],
	"53": [
		0.3609375,
		0.8027777777777778
	],
	"54": [
		0.5921875,
		0.20555555555555555
	],
	"55": [
		0.609375,
		0.2972222222222222
	],
	"56": [
		0.609375,
		0.18888888888888888
	],
	"57": [
		0.55625,
		0.18888888888888888
	],
	"58": [
		0.09375,
		0.41388888888888886
	],
	"59": [
		0.0609375,
		0.4861111111111111
	],
	"60": [
		0.496875,
		0.3388888888888889
	],
	"61": [
		0.4453125,
		0.35
	],
	"62": [
		0.496875,
		0.16111111111111112
	],
	"63": [
		0.4484375,
		0.1527777777777778
	],
	"64": [
		0.578125,
		0.22777777777777777
	],
	"65": [
		0.6109375,
		0.2916666666666667
	],
	"66": [
		0.09375,
		0.4
	],
	"67": [
		0.0609375,
		0.4638888888888889
	],
	"68": [
		0.334375,
		0.7166666666666667
	],
	"69": [
		0.3671875,
		0.7805555555555556
	],
	"70": [
		0.6125,
		0.20833333333333334
	],
	"71": [
		0.578125,
		0.26666666666666666
	],
	"72": [
		0.45625,
		0.2
	],
	"73": [
		0.5015625,
		0.2222222222222222
	],
	"74": [
		0.109375,
		0.1527777777777778
	],
	"75": [
		0.0625,
		0.14722222222222223
	],
	"76": [
		0.0734375,
		0.4305555555555556
	],
	"77": [
		0.0953125,
		0.5027777777777778
	],
	"78": [
		0.3359375,
		0.8361111111111111
	],
	"79": [
		0.290625,
		0.8361111111111111
	],
	"80": [
		0.16875,
		0.1638888888888889
	],
	"81": [
		0.125,
		0.14722222222222223
	],
	"82": [
		0.0703125,
		0.4305555555555556
	],
	"83": [
		0.059375,
		0.5055555555555555
	],
	"84": [
		0.3875,
		0.3055555555555556
	],
	"85": [
		0.4203125,
		0.35555555555555557
	],
	"86": [
		0.6109375,
		0.5388888888888889
	],
	"87": [
		0.5828125,
		0.5972222222222222
	],
	"88": [
		0.34375,
		0.7166666666666667
	],
	"89": [
		0.35,
		0.7916666666666666
	],
	"90": [
		0.3890625,
		0.33055555555555555
	],
	"91": [
		0.4296875,
		0.3527777777777778
	],
	"92": [
		0.3859375,
		0.1527777777777778
	],
	"93": [
		0.3453125,
		0.16666666666666666
	],
	"94": [
		0.5921875,
		0.1527777777777778
	],
	"95": [
		0.55625,
		0.18888888888888888
	],
	"96": [
		0.575,
		0.25555555555555554
	],
	"97": [
		0.6109375,
		0.2916666666666667
	],
	"98": [
		0.578125,
		0.22777777777777777
	],
	"99": [
		0.584375,
		0.3
	],
	"100": [
		0.0953125,
		0.45
	],
	"101": [
		0.0640625,
		0.49722222222222223
	],
	"102": [
		0.0609375,
		0.49722222222222223
	],
	"103": [
		0.090625,
		0.5472222222222223
	],
	"104": [
		0.3875,
		0.7222222222222222
	],
	"105": [
		0.40625,
		0.7861111111111111
	],
	"106": [
		0.0953125,
		0.5027777777777778
	],
	"107": [
		0.059375,
		0.5333333333333333
	],
	"108": [
		0.81875,
		0.8833333333333333
	],
	"109": [
		0.7796875,
		0.8777777777777778
	],
	"110": [
		0.66875,
		0.3388888888888889
	],
	"111": [
		0.6296875,
		0.33611111111111114
	],
	"112": [
		0.40625,
		0.3
	],
	"113": [
		0.3953125,
		0.36666666666666664
	],
	"114": [
		0.5828125,
		0.4527777777777778
	],
	"115": [
		0.6125,
		0.49722222222222223
	],
	"116": [
		0.396875,
		0.3
	],
	"117": [
		0.4109375,
		0.3611111111111111
	],
	"118": [
		0.7078125,
		0.6972222222222222
	],
	"119": [
		0.7203125,
		0.7583333333333333
	],
	"120": [
		0.584375,
		0.225
	],
	"121": [
		0.6109375,
		0.26944444444444443
	],
	"122": [
		0.0640625,
		0.12777777777777777
	],
	"123": [
		0.0828125,
		0.18333333333333332
	],
	"124": [
		0.078125,
		0.125
	],
	"125": [
		0.0625,
		0.18333333333333332
	],
	"126": [
		0.09375,
		0.5305555555555556
	],
	"127": [
		0.059375,
		0.5111111111111111
	],
	"128": [
		0.7796875,
		0.85
	],
	"129": [
		0.809375,
		0.8861111111111111
	],
	"130": [
		0.06875,
		0.125
	],
	"131": [
		0.096875,
		0.1638888888888889
	],
	"132": [
		0.6125,
		0.15555555555555556
	],
	"133": [
		0.590625,
		0.20555555555555555
	],
	"134": [
		0.5546875,
		0.1527777777777778
	],
	"135": [
		0.528125,
		0.19444444444444445
	],
	"136": [
		0.7140625,
		0.6972222222222222
	],
	"137": [
		0.7078125,
		0.7583333333333333
	],
	"138": [
		0.6125,
		0.21944444444444444
	],
	"139": [
		0.578125,
		0.22777777777777777
	],
	"140": [
		0.0671875,
		0.4361111111111111
	],
	"141": [
		0.0953125,
		0.4722222222222222
	],
	"142": [
		0.7,
		0.5416666666666666
	],
	"143": [
		0.703125,
		0.6027777777777777
	],
	"144": [
		0.984375,
		0.8944444444444445
	],
	"145": [
		0.95,
		0.8888888888888888
	],
	"146": [
		0.609375,
		0.46111111111111114
	],
	"147": [
		0.5828125,
		0.5
	],
	"148": [
		0.59375,
		0.8444444444444444
	],
	"149": [
		0.559375,
		0.8416666666666667
	],
	"150": [
		0.3609375,
		0.7277777777777777
	],
	"151": [
		0.346875,
		0.7833333333333333
	],
	"152": [
		0.8046875,
		0.40555555555555556
	],
	"153": [
		0.7765625,
		0.37222222222222223
	],
	"154": [
		0.296875,
		0.4305555555555556
	],
	"155": [
		0.3265625,
		0.4583333333333333
	],
	"156": [
		0.365625,
		0.7333333333333333
	],
	"157": [
		0.3390625,
		0.7694444444444445
	],
	"158": [
		0.8015625,
		0.4
	],
	"159": [
		0.7765625,
		0.4388888888888889
	],
	"160": [
		0.5015625,
		0.2222222222222222
	],
	"161": [
		0.46875,
		0.23055555555555557
	],
	"162": [
		0.8375,
		0.3972222222222222
	],
	"163": [
		0.840625,
		0.45555555555555555
	],
	"164": [
		0.021875,
		0.6472222222222223
	],
	"165": [
		0.021875,
		0.7055555555555556
	],
	"166": [
		0.48125,
		0.13333333333333333
	],
	"167": [
		0.5015625,
		0.17777777777777778
	],
	"168": [
		0.390625,
		0.3611111111111111
	],
	"169": [
		0.3671875,
		0.4
	],
	"170": [
		0.66875,
		0.8472222222222222
	],
	"171": [
		0.6375,
		0.8444444444444444
	],
	"172": [
		0.596875,
		0.15833333333333333
	],
	"173": [
		0.571875,
		0.19166666666666668
	],
	"174": [
		0.315625,
		0.8666666666666667
	],
	"175": [
		0.284375,
		0.8666666666666667
	],
	"176": [
		0.571875,
		0.1388888888888889
	],
	"177": [
		0.5625,
		0.19166666666666668
	],