{
	"PenaltySpotNorth": [
		0.3356741573033708,
		0.4251314696927761
	],
	"SixYardNorthForwardEast": [
		0.31179775280898875,
		0.33656241350678107
	],
	"SixYardNorthRearEast": [
		0.16713483146067415,
		0.31884860226958206
	]
}