{
	"EighteenYardNorthRearEast": [
		0.3678038295236032,
		0.31783024589266123
	],
	"EighteenYardNorthForwardWest": [
		0.5087299205713552,
		0.5486988854300314
	],
	"EighteenYardNorthRearWest": [
		0.37154523017088864,
		0.551078974497427
	],
	"EighteenYardNorthForwardEast": [
		0.514965588316831,
		0.32259042402745236
	]
}