{
	"0": [
		0.7421875,
		0.07222222222222222
	],
	"1": [
		0.39375,
		0.09131944444444444
	],
	"2": [
		0.7822265625,
		0.06284722222222222
	],
	"3": [
		0.653125,
		0.050694444444444445
	],
	"4": [
		0.48828125,
		0.03611111111111111
	],
	"5": [
		0.7427734375,
		0.07916666666666666
	],
	"6": [
		0.3994140625,
		0.08159722222222222
	],
	"7": [
		0.7359375,
		0.09409722222222222
	],
	"8": [
		0.1578125,
		0.1625
	],
	"9": [
		0.098046875,
		0.18680555555555556
	],
	"10": [
		0.309765625,
		0.11145833333333334
	],
	"11": [
		0.2671875,
		0.1267361111111111
	],
	"12": [
		0.303125,
		0.12256944444444444
	],
	"13": [
		0.068359375,
		0.16770833333333332
	],
	"14": [
		0.8267578125,
		0.04583333333333333
	],
	"15": [
		0.7916015625,
		0.03923611111111111
	],
	"16": [
		0.2462890625,
		0.13993055555555556
	],
	"17": [
		0.23515625,
		0.15347222222222223
	],
	"18": [
		0.108203125,
		0.17673611111111112
	],
	"19": [
		0.2380859375,
		0.11840277777777777
	],
	"20": [
		0.237890625,
		0.13923611111111112
	],
	"21": [
		0.9076171875,
		0.05416666666666667
	],
	"22": [
		0.723046875,
		0.08611111111111111
	],
	"23": [
		0.0689453125,
		0.20520833333333333
	],
	"24": [
		0.369921875,
		0.10833333333333334
	],
	"25": [
		0.7353515625,
		0.07881944444444444
	],
	"26": [
		0.1466796875,
		0.17152777777777778
	],
	"27": [
		0.422265625,
		0.07569444444444444
	],
	"28": [
		0.9076171875,
		0.04618055555555556
	],
	"29": [
		0.9091796875,
		0.059375
	],
	"30": [
		0.3716796875,
		0.090625
	],
	"31": [
		0.2630859375,
		0.10381944444444445
	],
	"32": [
		0.08828125,
		0.15625
	],
	"33": [
		0.6513671875,
		0.3482638888888889
	],
	"34": [
		0.791796875,
		0.04548611111111111
	],
	"35": [
		0.2880859375,
		0.12986111111111112
	],
	"36": [
		0.1287109375,
		0.1795138888888889
	],
	"37": [
		0.1662109375,
		0.1684027777777778
	],
	"38": [
		0.7294921875,
		0.0642361111111111
	],
	"39": [
		0.7759765625,
		0.09236111111111112
	],
	"40": [
		0.2400390625,
		0.1232638888888889
	],
	"41": [
		0.6494140625,
		0.36666666666666664
	],
	"42": [
		0.1279296875,
		0.6038194444444445
	],
	"43": [
		0.6513671875,
		0.3482638888888889
	],
	"44": [
		0.4396484375,
		0.06597222222222222
	],
	"45": [
		0.1326171875,
		0.18090277777777777
	],
	"46": [
		0.2486328125,
		0.11493055555555555
	],
	"47": [
		0.6513671875,
		0.3489583333333333
	],
	"48": [
		0.6806640625,
		0.04479166666666667
	],
	"49": [
		0.7580078125,
		0.21770833333333334
	],
	"50": [
		0.159375,
		0.17604166666666668
	],
	"51": [
		0.08046875,
		0.1642361111111111
	],
	"52": [
		0.740625,
		0.06736111111111111
	],
	"53": [
		0.373828125,
		0.1
	],
	"54": [
		0.0728515625,
		0.1951388888888889
	],
	"55": [
		0.1677734375,
		0.17465277777777777
	],
	"56": [
		0.1330078125,
		0.16805555555555557
	],
	"57": [
		0.2390625,
		0.146875
	],
	"58": [
		0.4462890625,
		0.0798611111111111
	],
	"59": [
		0.080078125,
		0.19583333333333333
	],
	"60": [
		0.65234375,
		0.36006944444444444
	],
	"61": [
		0.3046875,
		0.11631944444444445
	],
	"62": [
		0.7177734375,
		0.06840277777777778
	],
	"63": [
		0.14453125,
		0.17847222222222223
	],
	"64": [
		0.1203125,
		0.6097222222222223
	],
	"65": [
		0.075390625,
		0.17083333333333334
	],
	"66": [
		0.16953125,
		0.15902777777777777
	],
	"67": [
		0.4017578125,
		0.08645833333333333
	],
	"68": [
		0.7443359375,
		0.08472222222222223
	],
	"69": [
		0.635546875,
		0.03854166666666667
	],
	"70": [
		0.713671875,
		0.03715277777777778
	],
	"71": [
		0.7263671875,
		0.07256944444444445
	],
	"72": [
		0.826953125,
		0.05277777777777778
	],
	"73": [
		0.7251953125,
		0.06840277777777778
	],
	"74": [
		0.3005859375,
		0.12986111111111112
	],
	"75": [
		0.7197265625,
		0.05590277777777778
	],
	"76": [
		0.41953125,
		0.07361111111111111
	],
	"77": [
		0.6521484375,
		0.3572916666666667
	],
	"78": [
		0.5111328125,
		0.04097222222222222
	],
	"79": [
		0.41953125,
		0.08402777777777778
	],
	"80": [
		0.7765625,
		0.08611111111111111
	],
	"81": [
		0.616796875,
		0.3125
	],
	"82": [
		0.439453125,
		0.07916666666666666
	],
	"83": [
		0.11796875,
		0.18888888888888888
	],
	"84": [
		0.30390625,
		0.12708333333333333
	],
	"85": [
		0.4482421875,
		0.065625
	],
	"86": [
		0.262109375,
		0.11319444444444444
	],
	"87": [
		0.0521484375,
		0.2767361111111111
	],
	"88": [
		0.4072265625,
		0.08888888888888889
	],
	"89": [
		0.1560546875,
		0.17465277777777777
	],
	"90": [
		0.7673828125,
		0.09618055555555556
	],
	"91": [
		0.11484375,
		0.17430555555555555
	],
	"92": [
		0.1119140625,
		0.1920138888888889
	],
	"93": [
		0.750390625,
		0.05763888888888889
	],
	"94": [
		0.60234375,
		0.034027777777777775
	],
	"95": [
		0.67265625,
		0.04201388888888889
	],
	"96": [
		0.3142578125,
		0.12222222222222222
	],
	"97": [
		0.184765625,
		0.121875
	],
	"98": [
		0.1080078125,
		0.1920138888888889
	],
	"99": [
		0.1599609375,
		0.17291666666666666
	],
	"100": [
		0.15,
		0.17881944444444445
	],
	"101": [
		0.28125,
		0.13576388888888888
	],
	"102": [
		0.7357421875,
		0.07604166666666666
	],
	"103": [
		0.7220703125,
		0.09131944444444444
	],
	"104": [
		0.293359375,
		0.2642361111111111
	],
	"105": [
		0.43984375,
		0.06076388888888889
	],
	"106": [
		0.1009765625,
		0.19479166666666667
	],
	"107": [
		0.3171875,
		0.10902777777777778
	],
	"108": [
		0.3984375,
		0.43159722222222224
	],
	"109": [
		0.121484375,
		0.16284722222222223
	],
	"110": [
		0.7712890625,
		0.09236111111111112
	],
	"111": [
		0.54140625,
		0.07916666666666666
	],
	"112": [
		0.7763671875,
		0.08090277777777778
	],
	"113": [
		0.155859375,
		0.15138888888888888
	],
	"114": [
		0.3990234375,
		0.09513888888888888
	],
	"115": [
		0.1060546875,
		0.16631944444444444
	],
	"116": [
		0.744140625,
		0.09444444444444444
	],
	"117": [
		0.165234375,
		0.5809027777777778
	],
	"118": [
		0.2541015625,
		0.14756944444444445
	],
	"119": [
		0.3109375,
		0.10590277777777778
	],
	"120": [
		0.57578125,
		0.034375
	],
	"121": [
		0.3931640625,
		0.09861111111111111
	],
	"122": [
		0.167578125,
		0.14583333333333334
	],
	"123": [
		0.826953125,
		0.05
	],
	"124": [
		0.39765625,
		0.07430555555555556
	],
	"125": [
		0.3119140625,
		0.12430555555555556
	],
	"126": [
		0.944140625,
		0.053125
	],
	"127": [
		0.1662109375,
		0.1545138888888889
	],
	"128": [
		0.1294921875,
		0.16145833333333334
	],
	"129": [
		0.2654296875,
		0.12152777777777778
	],
	"130": [
		0.7607421875,
		0.09097222222222222
	],
	"131": [
		0.31015625,
		0.12465277777777778
	],
	"132": [
		0.6021484375,
		0.035069444444444445
	],
	"133": [
		0.4962890625,
		0.04722222222222222
	],
	"134": [
		0.3859375,
		0.440625
	],
	"135": [
		0.7357421875,
		0.07395833333333333
	],
	"136": [
		0.7310546875,
		0.05520833333333333
	],
	"137": [
		0.3138671875,
		0.10347222222222222
	],
	"138": [
		0.5453125,
		0.03819444444444445
	],
	"139": [
		0.2798828125,
		0.12013888888888889
	],
	"140": [
		0.4474609375,
		0.05520833333333333
	],
	"141": [
		0.863671875,
		0.03611111111111111
	],
	"142": [
		0.284375,
		0.10451388888888889
	],
	"143": [
		0.7427734375,
		0.08611111111111111
	],
	"144": [
		0.3,
		0.10034722222222223
	],
	"145": [
		0.2431640625,
		0.11076388888888888
	],
	"146": [
		0.1353515625,
		0.15868055555555555
	],
	"147": [
		0.1693359375,
		0.12430555555555556
	],
	"148": [
		0.40078125,
		0.09097222222222222
	],
	"149": [
		0.4193359375,
		0.0642361111111111
	],
	"150": [
		0.404296875,
		0.07118055555555555
	],
	"151": [
		0.1486328125,
		0.2423611111111111
	],
	"152": [
		0.1453125,
		0.1326388888888889
	],
	"153": [
		0.4197265625,
		0.06631944444444444
	],
	"154": [
		0.314453125,
		0.11701388888888889
	],
	"155": [
		0.51328125,
		0.05
	],
	"156": [
		0.30859375,
		0.109375
	],
	"157": [
		0.7265625,
		0.084375
	],
	"158": [
		0.1373046875,
		0.1597222222222222
	],
	"159": [
		0.63515625,
		0.04201388888888889
	],
	"160": [
		0.0525390625,
		0.20972222222222223
	],
	"161": [
		0.17890625,
		0.12291666666666666
	],
	"162": [
		0.151171875,
		0.12881944444444443
	],