{
	"0": [
		0.115625,
		0.4027777777777778
	],
	"1": [
		0.05625,
		0.44166666666666665
	],
	"2": [
		0.3359375,
		0.2611111111111111
	],
	"3": [
		0.278125,
		0.3
	],
	"4": [
		0.225,
		0.3333333333333333
	],
	"5": [
		0.1671875,
		0.36944444444444446
	],
	"6": [
		0.059375,
		0.2638888888888889
	],
	"7": [
		0.0015625,
		0.2916666666666667
	],
	"8": [
		0.946875,
		0.9611111111111111
	],
	"9": [
		0.8875,
		0.9472222222222222
	],
	"10": [
		0.2234375,
		0.125
	],
	"11": [
		0.1671875,
		0.16111111111111112
	],
	"12": [
		0.390625,
		0.225
	],
	"13": [
		0.334375,
		0.2611111111111111
	],
	"14": [
		0.16875,
		0.36944444444444446
	],
	"15": [
		0.1125,
		0.40555555555555556
	],
	"16": [
		0.0578125,
		0.4388888888888889
	],
	"17": [
		0.0015625,
		0.475
	],
	"18": [
		0.059375,
		0.20555555555555555
	],
	"19": [
		0.0015625,
		0.23055555555555557
	],
	"20": [
		0.2796875,
		0.13055555555555556
	],
	"21": [
		0.2234375,
		0.16111111111111112
	],
	"22": [
		0.225,
		0.15
	],
	"23": [
		0.1671875,
		0.16111111111111112
	],
	"24": [
		0.446875,
		0.17222222222222222
	],
	"25": [
		0.3890625,
		0.16111111111111112
	],
	"26": [
		0.2796875,
		0.8388888888888889
	],
	"27": [
		0.221875,
		0.8277777777777777
	],
	"28": [
		0.3359375,
		0.8472222222222222
	],
	"29": [
		0.278125,
		0.8361111111111111
	],
	"30": [
		0.446875,
		0.8638888888888889
	],
	"31": [
		0.3890625,
		0.8527777777777777
	],
	"32": [
		0.5578125,
		0.8833333333333333
	],
	"33": [
		0.5,
		0.8722222222222222
	],
	"34": [
		0.6140625,
		0.8944444444444445
	],
	"35": [
		0.55625,
		0.8833333333333333
	],
	"36": [
		0.725,
		0.9138888888888889
	],
	"37": [
		0.6671875,
		0.9027777777777778
	],
	"38": [
		0.8359375,
		0.9361111111111111
	],
	"39": [
		0.778125,
		0.925
	],
	"40": [
		0.1140625,
		0.8138888888888889
	],
	"41": [
		0.05625,
		0.8055555555555556
	],
	"42": [
		0.225,
		0.8277777777777777
	],
	"43": [
		0.1671875,
		0.8194444444444444
	],
	"44": [
		0.16875,
		0.16111111111111112
	],
	"45": [
		0.1125,
		0.18611111111111112
	],
	"46": [
		0.3359375,
		0.15833333333333333
	],
	"47": [
		0.278125,
		0.15555555555555556
	],
	"48": [
		0.44375,
		0.09444444444444444
	],
	"49": [
		0.3875,
		0.07222222222222222
	],
	"50": [
		1,
		0.48055555555555557
	],
	"51": [
		0.9453125,
		0.45
	],
	"52": [
		0.2796875,
		0.3611111111111111
	],
	"53": [
		0.2234375,
		0.37777777777777777
	],
	"54": [
		0.2765625,
		0.3
	],
	"55": [
		0.2234375,
		0.33611111111111114
	],
	"56": [
		0.390625,
		0.175
	],
	"57": [
		0.334375,
		0.16111111111111112
	],
	"58": [
		0.328125,
		0.32222222222222224
	],
	"59": [
		0.2765625,
		0.3638888888888889
	],
	"60": [
		0.16875,
		0.8222222222222222
	],
	"61": [
		0.1125,
		0.8111111111111111
	],
	"62": [
		0.390625,
		0.8555555555555555
	],
	"63": [
		0.334375,
		0.8444444444444444
	],
	"64": [
		0.7796875,
		0.925
	],
	"65": [
		0.7234375,
		0.9138888888888889
	],
	"66": [
		0.890625,
		0.9472222222222222
	],
	"67": [
		0.834375,
		0.9361111111111111
	],
	"68": [
		0.66875,
		0.18611111111111112
	],
	"69": [
		0.6125,
		0.17777777777777778
	],
	"70": [
		0.5015625,
		0.8722222222222222
	],
	"71": [
		0.4453125,
		0.8638888888888889
	],
	"72": [
		0.66875,
		0.9027777777777778
	],
	"73": [
		0.6125,
		0.8944444444444445
	],
	"74": [
		0.2796875,
		0.15555555555555556
	],
	"75": [
		0.2234375,
		0.15
	],
	"76": [
		0.0578125,
		0.25555555555555554
	],
	"77": [
		0.0015625,
		0.25
	],
	"78": [
		0.0578125,
		0.8055555555555556
	],
	"79": [
		0.0015625,
		0.8
	],
	"80": [
		1,
		0.35555555555555557
	],
	"81": [
		0.9453125,
		0.36944444444444446
	],
	"82": [
		0.9453125,
		0.9583333333333334
	],
	"83": [
		1,
		0.9722222222222222
	],
	"84": [
		0.1140625,
		0.19722222222222222
	],
	"85": [
		0.059375,
		0.20555555555555555
	],
	"86": [
		0.603125,
		0.4
	],
	"87": [
		0.5921875,
		0.49444444444444446
	],
	"88": [
		0.33125,
		0.21388888888888888
	],
	"89": [
		0.278125,
		0.2222222222222222
	],
	"90": [
		0.59375,
		0.40555555555555556
	],
	"91": [
		0.6078125,
		0.49444444444444446
	],
	"92": [
		0.2171875,
		0.1
	],
	"93": [
		0.1796875,
		0.15833333333333333
	],
	"94": [
		0.8296875,
		0.6222222222222222
	],
	"95": [
		0.821875,
		0.7027777777777777
	],
	"96": [
		0.9390625,
		0.9972222222222222
	],
	"97": [
		0.89375,
		0.9833333333333333
	],
	"98": [
		0.9125,
		0.40555555555555556
	],
	"99": [
		0.946875,
		0.4527777777777778
	],
	"100": [
		0.225,
		0.8583333333333333
	],
	"101": [
		0.184375,
		0.8666666666666667
	],
	"102": [
		0.6125,
		0.4
	],
	"103": [
		0.590625,
		0.46111111111111114
	],
	"104": [
		0.8640625,
		0.2388888888888889
	],
	"105": [
		0.890625,
		0.2916666666666667
	],
	"106": [
		0.834375,
		0.9694444444444444
	],
	"107": [
		0.7953125,
		0.9638888888888889
	],
	"108": [
		0.946875,
		0.36944444444444446
	],
	"109": [
		0.9125,
		0.4027777777777778
	],
	"110": [
		0.8203125,
		0.6166666666666667
	],
	"111": [
		0.8375,
		0.6777777777777778
	],
	"112": [
		0.225,
		0.37777777777777777
	],
	"113": [
		0.1875,
		0.3861111111111111
	],
	"114": [
		0.3890625,
		0.8861111111111111
	],
	"115": [
		0.3515625,
		0.8805555555555555
	],
	"116": [
		0.590625,
		0.4222222222222222
	],
	"117": [
		0.6140625,
		0.4722222222222222
	],
	"118": [
		0.284375,
		0.13055555555555556
	],
	"119": [
		0.3140625,
		0.16666666666666666
	],
	"120": [
		0.48125,
		0.16944444444444445
	],
	"121": [
		0.4453125,
		0.16666666666666666
	],
	"122": [
		0.396875,
		0.058333333333333334
	],
	"123": [
		0.425,
		0.09722222222222222
	],
	"124": [
		0.215625,
		0.1
	],
	"125": [
		0.225,
		0.16111111111111112
	],
	"126": [
		0.8015625,
		0.7027777777777777
	],
	"127": [
		0.7765625,
		0.7472222222222222
	],
	"128": [
		0.3234375,
		0.3055555555555556
	],
	"129": [
		0.2890625,
		0.2916666666666667
	],
	"130": [
		0.3015625,
		0.6083333333333333
	],
	"131": [
		0.3078125,
		0.6694444444444444
	],
	"132": [
		0.5421875,
		0.2222222222222222
	],
	"133": [
		0.53125,
		0.28055555555555556
	],
	"134": [
		0.590625,
		0.4444444444444444
	],
	"135": [
		0.6140625,
		0.4888888888888889
	],
	"136": [
		0.20625,
		0.1
	],
	"137": [
		0.2140625,
		0.15833333333333333
	],
	"138": [
		0.3296875,
		0.14444444444444443
	],
	"139": [
		0.2984375,
		0.16666666666666666
	],
	"140": [
		0.6453125,
		0.9333333333333333
	],
	"141": [
		0.6125,
		0.925
	],
	"142": [
		0.203125,
		0.18611111111111112
	],
	"143": [
		0.171875,
		0.20555555555555555
	],
	"144": [
		0.4421875,
		0.14166666666666666
	],
	"145": [
		0.415625,
		0.175
	],
	"146": [
		0.6125,
		0.4444444444444444
	],
	"147": [
		0.5921875,
		0.4888888888888889
	],
	"148": [
		0.309375,
		0.8722222222222222
	],
	"149": [
		0.278125,
		0.8666666666666667
	],
	"150": [
		0.7109375,
		0.3972222222222222
	],
	"151": [
		0.7125,
		0.4527777777777778
	],
	"152": [
		0.44375,
		0.14166666666666666
	],
	"153": [
		0.4125,
		0.14166666666666666
	],
	"154": [
		0.3140625,
		0.6083333333333333
	],
	"155": [
		0.30625,
		0.6611111111111111
	],
	"156": [
		0.890625,
		0.29444444444444445
	],
	"157": [
		0.8609375,
		0.2833333333333333
	],
	"158": [
		0.7640625,
		0.1
	],
	"159": [
		0.740625,
		0.13333333333333333
	],
	"160": [
		0.5578125,
		0.9166666666666666
	],
	"161": [
		0.528125,
		0.9111111111111111
	],
	"162": [
		0.3078125,
		0.13055555555555556
	],
	"163": [
		0.278125,
		0.13333333333333333
	],
	"164": [
		0.6484375,
		0.6111111111111112
	],
	"165": [
		0.6578125,
		0.6611111111111111
	],
	"166": [
		0.359375,
		0.4888888888888889
	],
	"167": [
		0.3359375,
		0.4583333333333333
	],
	"168": [
		0.8640625,
		0.2222222222222222
	],
	"169": [
		0.8859375,
		0.25555555555555554
	],
	"170": [
		0.390625,
		0.06944444444444445
	],
	"171": [
		0.365625,
		0.09444444444444444
	],
	"172": [
		0.8890625,
		0.275
	],
	"173": [
		0.8640625,
		0.3
	],
	"174": [
		0.0203125,
		0.06944444444444445
	],
	"175": [
		0.0421875,
		0.1
	],
	"176": [
		0.8015625,
		0.7027777777777777
	],
	"177": [
		0.79375,
		0.75
	],