{
	"CornerNorthWest": [
		0.13342696629213482,
		0.8336055618377518
	],
	"CornerNorthEast": [
		0.1306179775280899,
		0.17154583909201324
	],
	"CornerSouthEast": [
		0.8426966292134831,
		0.1179377643757591
	],
	"CornerSouthWest": [
		0.8300561797752809,
		0.84164677304519
	]
}