{
	"PenaltyCircleNorthEast": [
		0.29913473423980225,
		0.28183377369860474
	],
	"PenaltyCircleNorthWest": [
		0.14091470951792337,
		0.37973392666759376
	],
	"PenaltySpotNorth": [
		0.09888751545117429,
		0.32040050062578224
	],
	"SixYardNorthForwardEast": [
		0.0754017305315204,
		0.2492003893756084
	]
}