{
	"0": [
		0.3703125,
		0.03888888888888889
	],
	"1": [
		0.3015625,
		0.04722222222222222
	],
	"2": [
		0.534375,
		0.05
	],
	"3": [
		0.709375,
		0.058333333333333334
	],
	"4": [
		0.0265625,
		0.06111111111111111
	],
	"5": [
		0.68125,
		0.06111111111111111
	],
	"6": [
		0.915625,
		0.06388888888888888
	],
	"7": [
		0.934375,
		0.06388888888888888
	],
	"8": [
		0.059375,
		0.07222222222222222
	],
	"9": [
		0.771875,
		0.075
	],
	"10": [
		0.3015625,
		0.08055555555555556
	],
	"11": [
		0.534375,
		0.08611111111111111
	],
	"12": [
		0.2125,
		0.09722222222222222
	],
	"13": [
		0.7,
		0.11666666666666667
	],
	"14": [
		0.04375,
		0.12222222222222222
	],
	"15": [
		0.68125,
		0.13055555555555556
	],
	"16": [
		0.2109375,
		0.13333333333333333
	],
	"17": [
		0.1546875,
		0.15833333333333333
	],
	"18": [
		0.8734375,
		0.15833333333333333
	],
	"19": [
		0.90625,
		0.15833333333333333
	],
	"20": [
		0.946875,
		0.16111111111111112
	],
	"21": [
		0.9875,
		0.16111111111111112
	],
	"22": [
		0.421875,
		0.175
	],
	"23": [
		0.4703125,
		0.175
	],
	"24": [
		0.609375,
		0.18611111111111112
	],
	"25": [
		0.6546875,
		0.18611111111111112
	],
	"26": [
		0.078125,
		0.18888888888888888
	],
	"27": [
		0.1265625,
		0.19166666666666668
	],
	"28": [
		0.0484375,
		0.20555555555555555
	],
	"29": [
		0.353125,
		0.2111111111111111
	],
	"30": [
		0.3859375,
		0.2111111111111111
	],
	"31": [
		0.028125,
		0.21388888888888888
	],
	"32": [
		0.0796875,
		0.25
	],
	"33": [
		0.0078125,
		0.2861111111111111
	],
	"34": [
		0.5359375,
		0.28888888888888886
	],
	"35": [
		0.5625,
		0.28888888888888886
	],
	"36": [
		0.2796875,
		0.29444444444444445
	],
	"37": [
		0.9859375,
		0.3527777777777778
	],
	"38": [
		0.940625,
		0.37222222222222223
	],
	"39": [
		0.584375,
		0.38055555555555554
	],
	"40": [
		0.1328125,
		0.3861111111111111
	],
	"41": [
		0.165625,
		0.3861111111111111
	],
	"42": [
		0.3796875,
		0.40555555555555556
	],
	"43": [
		0.9234375,
		0.4083333333333333
	],
	"44": [
		0.0796875,
		0.4222222222222222
	],
	"45": [
		0.3375,
		0.4361111111111111
	],
	"46": [
		0.053125,
		0.4388888888888889
	],
	"47": [
		0.95,
		0.44166666666666665
	],
	"48": [
		0.0296875,
		0.4527777777777778
	],
	"49": [
		0.3828125,
		0.4527777777777778
	],
	"50": [
		0.9890625,
		0.4666666666666667
	],
	"51": [
		0.0078125,
		0.46944444444444444
	],
	"52": [
		0.5921875,
		0.48333333333333334
	],
	"53": [
		0.6296875,
		0.48333333333333334
	],
	"54": [
		0.390625,
		0.4861111111111111
	],
	"55": [
		0.3375,
		0.5
	],
	"56": [
		0.753125,
		0.6138888888888889
	],
	"57": [
		0.7875,
		0.6138888888888889
	],
	"58": [
		0.484375,
		0.6472222222222223
	],
	"59": [
		0.5125,
		0.6583333333333333
	],
	"60": [
		0.753125,
		0.6611111111111111
	],
	"61": [
		0.7875,
		0.6611111111111111
	],
	"62": [
		0.3234375,
		0.6666666666666666
	],
	"63": [
		0.48125,
		0.7138888888888889
	],
	"64": [
		0.51875,
		0.7166666666666667
	],
	"65": [
		0.0375,
		0.8027777777777778
	],
	"66": [
		0.11875,
		0.8111111111111111
	],
	"67": [
		0.1546875,
		0.8138888888888889
	],
	"68": [
		0.1734375,
		0.8166666666666667
	],
	"69": [
		0.1921875,
		0.8194444444444444
	],
	"70": [
		0.2484375,
		0.8305555555555556
	],
	"71": [
		0.284375,
		0.8333333333333334
	],
	"72": [
		0.3015625,
		0.8361111111111111
	],
	"73": [
		0.3359375,
		0.8416666666666667
	],
	"74": [
		0.5015625,
		0.8694444444444445
	],
	"75": [
		0.5234375,
		0.875
	],
	"76": [
		0.359375,
		0.8777777777777778
	],
	"77": [
		0.5625,
		0.8833333333333333
	],
	"78": [
		0.39375,
		0.8861111111111111
	],
	"79": [
		0.5953125,
		0.8916666666666667
	],
	"80": [
		0.446875,
		0.8944444444444445
	],
	"81": [
		0.48125,
		0.9
	],
	"82": [
		0.1578125,
		0.9027777777777778
	],
	"83": [
		0.6703125,
		0.9027777777777778
	],
	"84": [
		0.3015625,
		0.9111111111111111
	],
	"85": [
		0.534375,
		0.9111111111111111
	],
	"86": [
		0.7296875,
		0.9138888888888889
	],
	"87": [
		0.56875,
		0.9166666666666666
	],
	"88": [
		0.76875,
		0.9222222222222223
	],
	"89": [
		0.25,
		0.925
	],
	"90": [
		0.621875,
		0.9277777777777778
	],
	"91": [
		0.8015625,
		0.9277777777777778
	],
	"92": [
		0.6546875,
		0.9333333333333333
	],
	"93": [
		0.8375,
		0.9361111111111111
	],
	"94": [
		0.1625,
		0.9388888888888889
	],
	"95": [
		0.8546875,
		0.9388888888888889
	],
	"96": [
		0.7125,
		0.9444444444444444
	],
	"97": [
		0.9046875,
		0.95
	],
	"98": [
		0.746875,
		0.9527777777777777
	],
	"99": [
		0.9328125,
		0.9555555555555556
	],
	"100": [
		0.9828125,
		0.9694444444444444
	],
	"101": [
		0.840625,
		0.9722222222222222
	],
	"102": [
		0.915625,
		0.9888888888888889
	],
	"103": [
		0.946875,
		0.9916666666666667
	]
}