{
	"CornerNorthWest": [
		0.12078651685393259,
		0.9207844480602895
	],
	"CornerNorthEast": [
		0.12219101123595505,
		0.11783848591247752
	],
	"CornerSouthEast": [
		0.7058823529411765,
		0.16990665410636294
	],
	"CornerSouthWest": [
		0.7073170731707317,
		0.8796779994861694
	]
}