{
	"SixYardNorthRearWest": [
		0.0047817099049154675,
		0.575557236827341
	],
	"GoalPostNorthWest": [
		0.15362541453979292,
		0.5198070690813369
	],
	"GoalPostNorthEast": [
		0.34420099897884165,
		0.42689012283799666
	]
}