{
	"CornerNorthWest": [
		0.20084269662921347,
		0.1983498764501403
	],
	"CornerNorthEast": [
		0.848314606741573,
		0.21649396249036568
	],
	"CornerSouthWest": [
		0.16713483146067415,
		0.8413119808169907
	],
	"CornerSouthEast": [
		0.8314606741573034,
		0.8845332328181933
	]
}