{
	"0": [
		0.60625,
		0.2
	],
	"1": [
		0.5546875,
		0.28888888888888886
	],
	"2": [
		0.6140625,
		0.2638888888888889
	],
	"3": [
		0.55625,
		0.21666666666666667
	],
	"4": [
		0.565625,
		0.20277777777777778
	],
	"5": [
		0.6125,
		0.2777777777777778
	],
	"6": [
		0.55625,
		0.21944444444444444
	],
	"7": [
		0.6015625,
		0.2972222222222222
	],
	"8": [
		0.728125,
		0.4777777777777778
	],
	"9": [
		0.6671875,
		0.4888888888888889
	],
	"10": [
		0.5890625,
		0.2972222222222222
	],
	"11": [
		0.584375,
		0.40555555555555556
	],
	"12": [
		0.559375,
		0.49166666666666664
	],
	"13": [
		0.4984375,
		0.4861111111111111
	],
	"14": [
		0.83125,
		0.41944444444444445
	],
	"15": [
		0.7765625,
		0.4666666666666667
	],
	"16": [
		0.446875,
		0.475
	],
	"17": [
		0.3875,
		0.4527777777777778
	],
	"18": [
		0.55625,
		0.2
	],
	"19": [
		0.6015625,
		0.26944444444444443
	],
	"20": [
		0.446875,
		0.3527777777777778
	],
	"21": [
		0.3890625,
		0.36944444444444446
	],
	"22": [
		0.8234375,
		0.3
	],
	"23": [
		0.78125,
		0.37222222222222223
	],
	"24": [
		0.6140625,
		0.25555555555555554
	],
	"25": [
		0.55625,
		0.26944444444444443
	],
	"26": [
		0.725,
		0.35555555555555557
	],
	"27": [
		0.6671875,
		0.34444444444444444
	],
	"28": [
		0.8359375,
		0.2222222222222222
	],
	"29": [
		0.778125,
		0.22777777777777777
	],
	"30": [
		0.5875,
		0.7
	],
	"31": [
		0.590625,
		0.8027777777777778
	],
	"32": [
		0.446875,
		0.9
	],
	"33": [
		0.3890625,
		0.8972222222222223
	],
	"34": [
		0.6140625,
		0.20277777777777778
	],
	"35": [
		0.55625,
		0.20277777777777778
	],
	"36": [
		0.5875,
		0.5
	],
	"37": [
		0.5875,
		0.6027777777777777
	],
	"38": [
		0.575,
		0.2
	],
	"39": [
		0.5578125,
		0.2972222222222222
	],
	"40": [
		0.5015625,
		0.20555555555555555
	],
	"41": [
		0.4453125,
		0.225
	],
	"42": [
		0.7796875,
		0.4638888888888889
	],
	"43": [
		0.7234375,
		0.48055555555555557
	],
	"44": [
		0.7796875,
		0.36944444444444446
	],
	"45": [
		0.7234375,
		0.35555555555555557
	],
	"46": [
		0.5015625,
		0.4861111111111111
	],
	"47": [
		0.4453125,
		0.475
	],
	"48": [
		0.66875,
		0.20277777777777778
	],
	"49": [
		0.6125,
		0.2
	],
	"50": [
		0.834375,
		0.9138888888888889
	],
	"51": [
		0.778125,
		0.9111111111111111
	],
	"52": [
		0.9453125,
		0.9194444444444444
	],
	"53": [
		0.8890625,
		0.9166666666666666
	],
	"54": [
		0.8296875,
		0.40555555555555556
	],
	"55": [
		0.778125,
		0.36944444444444446
	],
	"56": [
		0.55625,
		0.2
	],
	"57": [
		0.5515625,
		0.2972222222222222
	],
	"58": [
		0.5875,
		0.20277777777777778
	],
	"59": [
		0.590625,
		0.3
	],
	"60": [
		0.5640625,
		0.2
	],
	"61": [
		0.5671875,
		0.2972222222222222
	],
	"62": [
		0.05625,
		0.8972222222222223
	],
	"63": [
		0.0015625,
		0.9
	],
	"64": [
		0.5953125,
		0.20277777777777778
	],
	"65": [
		0.55625,
		0.26944444444444443
	],
	"66": [
		0.496875,
		0.34444444444444444
	],
	"67": [
		0.4453125,
		0.3527777777777778
	],
	"68": [
		0.996875,
		0.925
	],
	"69": [
		0.9453125,
		0.9194444444444444
	],
	"70": [
		0.10625,
		0.8972222222222223
	],
	"71": [
		0.05625,
		0.8972222222222223
	],
	"72": [
		0.5015625,
		0.1638888888888889
	],
	"73": [
		0.55,
		0.17777777777777778
	],
	"74": [
		0.390625,
		0.45555555555555555
	],
	"75": [
		0.3484375,
		0.4111111111111111
	],
	"76": [
		0.825,
		0.31666666666666665
	],
	"77": [
		0.790625,
		0.37777777777777777
	],
	"78": [
		0.0578125,
		0.1388888888888889
	],
	"79": [
		0.009375,
		0.1388888888888889
	],
	"80": [
		0.39375,
		0.36666666666666664
	],
	"81": [
		0.35,
		0.4027777777777778
	],
	"82": [
		0.1140625,
		0.21388888888888888
	],
	"83": [
		0.0671875,
		0.21666666666666667
	],
	"84": [
		0.603125,
		0.9027777777777778
	],
	"85": [
		0.55625,
		0.9
	],
	"86": [
		0.5578125,
		0.9
	],
	"87": [
		0.5109375,
		0.9
	],
	"88": [
		0.54375,
		0.17777777777777778
	],
	"89": [
		0.5,
		0.2
	],
	"90": [
		0.7234375,
		0.9083333333333333
	],
	"91": [
		0.678125,
		0.9055555555555556
	],
	"92": [
		0.5375,
		0.14444444444444443
	],
	"93": [
		0.5046875,
		0.2
	],
	"94": [
		0.7953125,
		0.2972222222222222
	],
	"95": [
		0.8234375,
		0.35555555555555557
	],
	"96": [
		0.940625,
		0.9527777777777777
	],
	"97": [
		0.8984375,
		0.9472222222222222
	],
	"98": [
		0.0296875,
		0.1111111111111111
	],
	"99": [
		0.003125,
		0.16944444444444445
	],
	"100": [
		0.0390625,
		0.11944444444444445
	],
	"101": [
		0.0078125,
		0.16944444444444445
	],
	"102": [
		0.6015625,
		0.3388888888888889
	],
	"103": [
		0.5828125,
		0.40555555555555556
	],
	"104": [
		0.1390625,
		0.44166666666666665
	],
	"105": [
		0.1109375,
		0.49444444444444446
	],
	"106": [
		0.1390625,
		0.4388888888888889
	],
	"107": [
		0.1234375,
		0.5055555555555555
	],
	"108": [
		0.1140625,
		0.43333333333333335
	],
	"109": [
		0.1296875,
		0.5
	],
	"110": [
		0.015625,
		0.10833333333333334
	],
	"111": [
		0.0484375,
		0.15
	],
	"112": [
		0.1953125,
		0.6972222222222222
	],
	"113": [
		0.1859375,
		0.7666666666666667
	],
	"114": [
		0.1921875,
		0.6972222222222222
	],
	"115": [
		0.1984375,
		0.7666666666666667
	],
	"116": [
		0.378125,
		0.9305555555555556
	],
	"117": [
		0.3390625,
		0.9277777777777778
	],
	"118": [
		0.1140625,
		0.43333333333333335
	],
	"119": [
		0.1046875,
		0.5
	],
	"120": [
		0.584375,
		0.20277777777777778
	],
	"121": [
		0.55625,
		0.24722222222222223
	],
	"122": [
		0.721875,
		0.7194444444444444
	],
	"123": [
		0.746875,
		0.7694444444444445
	],
	"124": [
		0.834375,
		0.9138888888888889
	],
	"125": [
		0.8078125,
		0.9611111111111111
	],
	"126": [
		0.146875,
		0.125
	],
	"127": [
		0.1125,
		0.14444444444444443
	],
	"128": [
		0.66875,
		0.4888888888888889
	],
	"129": [
		0.6328125,
		0.49166666666666664
	],
	"130": [
		0.1109375,
		0.9277777777777778
	],
	"131": [
		0.075,
		0.9277777777777778
	],
	"132": [
		0.3,
		0.11944444444444445
	],
	"133": [
		0.328125,
		0.15833333333333333
	],
	"134": [
		0.7421875,
		0.2
	],
	"135": [
		0.7765625,
		0.21666666666666667
	],
	"136": [
		0.0125,
		0.10833333333333334
	],
	"137": [
		0.0203125,
		0.16944444444444445
	],
	"138": [
		0.7765625,
		0.21666666666666667
	],
	"139": [
		0.7421875,
		0.22777777777777777
	],
	"140": [
		0.2640625,
		0.3
	],
	"141": [
		0.2796875,
		0.35555555555555557
	],
	"142": [
		0.146875,
		0.14166666666666666
	],
	"143": [
		0.1125,
		0.13333333333333333
	],
	"144": [
		0.5734375,
		0.11944444444444445
	],
	"145": [
		0.6,
		0.15833333333333333
	],
	"146": [
		0.7796875,
		0.9111111111111111
	],
	"147": [
		0.7453125,
		0.9083333333333333
	],
	"148": [
		0.1140625,
		0.43333333333333335
	],
	"149": [
		0.1390625,
		0.475
	],
	"150": [
		0.1015625,
		0.44166666666666665
	],
	"151": [
		0.1109375,
		0.5
	],
	"152": [
		0.2484375,
		0.4305555555555556
	],
	"153": [
		0.2515625,
		0.4888888888888889
	],
	"154": [
		0.10625,
		0.19166666666666668
	],
	"155": [
		0.0734375,
		0.18888888888888888
	],
	"156": [
		0.659375,
		0.9055555555555556
	],
	"157": [
		0.6265625,
		0.9055555555555556
	],
	"158": [
		0.5140625,
		0.14444444444444443
	],
	"159": [
		0.50625,
		0.2
	],
	"160": [
		0.709375,
		0.7194444444444444
	],
	"161": [
		0.725,
		0.7694444444444445
	],
	"162": [
		0.5109375,
		0.14444444444444443
	],
	"163": [
		0.534375,
		0.18333333333333332
	],
	"164": [
		0.825,
		0.3055555555555556
	],
	"165": [
		0.7953125,
		0.325
	],
	"166": [
		0.7953125,
		0.2972222222222222
	],
	"167": [
		0.825,
		0.31666666666666665
	],
	"168": [
		0.140625,
		0.4638888888888889
	],
	"169": [
		0.1109375,
		0.48333333333333334
	],
	"170": [
		0.325,
		0.6
	],
	"171": [
		0.3359375,
		0.6527777777777778
	],
	"172": [
		0.2734375,
		0.3
	],
	"173": [
		0.2703125,
		0.35555555555555557
	],
	"174": [
		0.8359375,
		0.9444444444444444
	],
	"175": [
		0.8046875,
		0.95
	],
	"176": [
		0.865625,
		0.22777777777777777
	],
	"177": [
		0.834375,
		0.22777777777777777
	],
	"178": [
		0.33125,
		0.6083333333333333
	],
	"179": [
		0.3078125,
		0.6444444444444445
	],
	"180": [
		0.746875,
		0.7305555555555555
	],