{
	"CornerNorthWest": [
		0.13342696629213482,
		0.18494785777107678
	],
	"CornerNorthEast": [
		0.7092696629213483,
		0.25463835490220715
	],
	"CornerSouthEast": [
		0.7134831460674157,
		0.9032960589688822
	],
	"CornerSouthWest": [
		0.16713483146067415,
		0.8282447543661264
	]
}