{
	"0": [
		0.10625,
		0.4
	],
	"1": [
		0.065625,
		0.49444444444444446
	],
	"2": [
		0.39375,
		0.31666666666666665
	],
	"3": [
		0.334375,
		0.33611111111111114
	],
	"4": [
		0.5578125,
		0.14722222222222223
	],
	"5": [
		0.5,
		0.175
	],
	"6": [
		0.7265625,
		0.4527777777777778
	],
	"7": [
		0.6671875,
		0.4666666666666667
	],
	"8": [
		0.5546875,
		0.7972222222222223
	],
	"9": [
		0.5546875,
		0.9027777777777778
	],
	"10": [
		0.55625,
		0.14722222222222223
	],
	"11": [
		0.6140625,
		0.16111111111111112
	],
	"12": [
		0.446875,
		0.15833333333333333
	],
	"13": [
		0.3890625,
		0.16944444444444445
	],
	"14": [
		0.446875,
		0.30833333333333335
	],
	"15": [
		0.3890625,
		0.3194444444444444
	],
	"16": [
		0.725,
		0.32222222222222224
	],
	"17": [
		0.6671875,
		0.3111111111111111
	],
	"18": [
		0.446875,
		0.4666666666666667
	],
	"19": [
		0.3890625,
		0.45555555555555555
	],
	"20": [
		0.3375,
		0.3333333333333333
	],
	"21": [
		0.284375,
		0.375
	],
	"22": [
		0.0890625,
		0.4
	],
	"23": [
		0.065625,
		0.49444444444444446
	],
	"24": [
		0.8359375,
		0.1638888888888889
	],
	"25": [
		0.778125,
		0.17222222222222222
	],
	"26": [
		0.6125,
		0.14722222222222223
	],
	"27": [
		0.6703125,
		0.1527777777777778
	],
	"28": [
		0.553125,
		0.2
	],
	"29": [
		0.55625,
		0.30277777777777776
	],
	"30": [
		0.55625,
		0.5
	],
	"31": [
		0.553125,
		0.6027777777777777
	],
	"32": [
		0.553125,
		0.6
	],
	"33": [
		0.55625,
		0.7027777777777777
	],
	"34": [
		0.553125,
		0.7
	],
	"35": [
		0.55625,
		0.8027777777777778
	],
	"36": [
		0.5546875,
		0.3
	],
	"37": [
		0.553125,
		0.4027777777777778
	],
	"38": [
		0.1140625,
		0.9361111111111111
	],
	"39": [
		0.05625,
		0.9388888888888889
	],
	"40": [
		0.8359375,
		0.9444444444444444
	],
	"41": [
		0.778125,
		0.9416666666666667
	],
	"42": [
		0.946875,
		0.95
	],
	"43": [
		0.8890625,
		0.9472222222222222
	],
	"44": [
		0.725,
		0.16944444444444445
	],
	"45": [
		0.6671875,
		0.16944444444444445
	],
	"46": [
		0.6140625,
		0.9361111111111111
	],
	"47": [
		0.55625,
		0.9361111111111111
	],
	"48": [
		0.725,
		0.9388888888888889
	],
	"49": [
		0.6671875,
		0.9388888888888889
	],
	"50": [
		0.7796875,
		0.43333333333333335
	],
	"51": [
		0.7234375,
		0.45555555555555555
	],
	"52": [
		0.7796875,
		0.3416666666666667
	],
	"53": [
		0.7234375,
		0.32222222222222224
	],
	"54": [
		0.390625,
		0.45555555555555555
	],
	"55": [
		0.334375,
		0.4361111111111111
	],
	"56": [
		0.3359375,
		0.4361111111111111
	],
	"57": [
		0.284375,
		0.39444444444444443
	],
	"58": [
		0.66875,
		0.3138888888888889
	],
	"59": [
		0.6125,
		0.3055555555555556
	],
	"60": [
		0.5015625,
		0.46944444444444444
	],
	"61": [
		0.4453125,
		0.4666666666666667
	],
	"62": [
		0.66875,
		0.4666666666666667
	],
	"63": [
		0.6125,
		0.46944444444444444
	],
	"64": [
		0.66875,
		0.9388888888888889
	],
	"65": [
		0.6125,
		0.9361111111111111
	],
	"66": [
		0.890625,
		0.9472222222222222
	],
	"67": [
		0.834375,
		0.9444444444444444
	],
	"68": [
		0.390625,
		0.16944444444444445
	],
	"69": [
		0.334375,
		0.16944444444444445
	],
	"70": [
		0.7796875,
		0.16944444444444445
	],
	"71": [
		0.7234375,
		0.16944444444444445
	],
	"72": [
		0.0578125,
		0.9388888888888889
	],
	"73": [
		0.0015625,
		0.9388888888888889
	],
	"74": [
		1,
		0.9527777777777777
	],
	"75": [
		0.9453125,
		0.95
	],
	"76": [
		0.5578125,
		0.14722222222222223
	],
	"77": [
		0.503125,
		0.14722222222222223
	],
	"78": [
		0.09375,
		0.4
	],
	"79": [
		0.08125,
		0.49444444444444446
	],
	"80": [
		0.778125,
		0.3388888888888889
	],
	"81": [
		0.8265625,
		0.38333333333333336
	],
	"82": [
		0.065625,
		0.4083333333333333
	],
	"83": [
		0.10625,
		0.46944444444444444
	],
	"84": [
		0.1,
		0.4
	],
	"85": [
		0.0625,
		0.4666666666666667
	],
	"86": [
		0.3984375,
		0.13333333333333333
	],
	"87": [
		0.446875,
		0.16944444444444445
	],
	"88": [
		0.8234375,
		0.3972222222222222
	],
	"89": [
		0.778125,
		0.4361111111111111
	],
	"90": [
		0.5578125,
		0.9361111111111111
	],
	"91": [
		0.5078125,
		0.9333333333333333
	],
	"92": [
		0.065625,
		0.4083333333333333
	],
	"93": [
		0.075,
		0.49444444444444446
	],
	"94": [
		0.10625,
		0.42777777777777776
	],
	"95": [
		0.0625,
		0.4666666666666667
	],
	"96": [
		0.10625,
		0.4
	],
	"97": [
		0.065625,
		0.4444444444444444
	],
	"98": [
		0.6,
		0.14722222222222223
	],
	"99": [
		0.565625,
		0.20277777777777778
	],
	"100": [
		0.54375,
		0.14722222222222223
	],
	"101": [
		0.509375,
		0.2
	],
	"102": [
		0.084375,
		0.4
	],
	"103": [
		0.10625,
		0.46944444444444444
	],
	"104": [
		0.10625,
		0.44722222222222224
	],
	"105": [
		0.0625,
		0.46111111111111114
	],
	"106": [
		0.834375,
		0.9444444444444444
	],
	"107": [
		0.8015625,
		0.9972222222222222
	],
	"108": [
		0.10625,
		0.4388888888888889
	],
	"109": [
		0.065625,
		0.4083333333333333
	],
	"110": [
		0.5765625,
		0.20277777777777778
	],
	"111": [
		0.5546875,
		0.26944444444444443
	],
	"112": [
		0.5328125,
		0.14722222222222223
	],
	"113": [
		0.5,
		0.19722222222222222
	],
	"114": [
		0.271875,
		0.16666666666666666
	],
	"115": [
		0.2296875,
		0.16666666666666666
	],
	"116": [
		0.31875,
		0.9694444444444444
	],
	"117": [
		0.2765625,
		0.9694444444444444
	],
	"118": [
		0.6953125,
		0.7
	],
	"119": [
		0.725,
		0.7527777777777778
	],
	"120": [
		0.703125,
		0.6972222222222222
	],
	"121": [
		0.721875,
		0.7638888888888888
	],
	"122": [
		0.190625,
		0.7138888888888889
	],
	"123": [
		0.2046875,
		0.7833333333333333
	],
	"124": [
		0.4796875,
		0.6138888888888889
	],
	"125": [
		0.471875,
		0.6861111111111111
	],
	"126": [
		0.10625,
		0.45
	],
	"127": [
		0.065625,
		0.4388888888888889
	],
	"128": [
		0.725,
		0.65
	],
	"129": [
		0.6953125,
		0.7
	],
	"130": [
		0.5953125,
		0.30277777777777776
	],
	"131": [
		0.5546875,
		0.30833333333333335
	],
	"132": [
		0.946875,
		0.9861111111111112
	],
	"133": [
		0.90625,
		0.9805555555555555
	],
	"134": [
		1,
		0.1638888888888889
	],
	"135": [
		0.959375,
		0.1638888888888889
	],
	"136": [
		0.190625,
		0.7138888888888889
	],
	"137": [
		0.175,
		0.7777777777777778
	],
	"138": [
		0.8359375,
		0.9833333333333333
	],
	"139": [
		0.796875,
		0.9777777777777777
	],
	"140": [
		0.2140625,
		0.9694444444444444
	],
	"141": [
		0.175,
		0.9722222222222222
	],
	"142": [
		0.503125,
		0.14722222222222223
	],
	"143": [
		0.53125,
		0.19444444444444445
	],
	"144": [
		0.34375,
		0.03888888888888889
	],
	"145": [
		0.36875,
		0.08888888888888889
	],
	"146": [
		0.66875,
		0.16944444444444445
	],
	"147": [
		0.63125,
		0.175
	],
	"148": [
		0.2015625,
		0.7305555555555555
	],
	"149": [
		0.175,
		0.7777777777777778
	],
	"150": [
		0.15,
		0.9361111111111111
	],
	"151": [
		0.1125,
		0.9361111111111111
	],
	"152": [
		0.0375,
		0.06944444444444445
	],
	"153": [
		0.003125,
		0.08611111111111111
	],
	"154": [
		0.86875,
		0.17222222222222222
	],
	"155": [
		0.834375,
		0.15833333333333333
	],
	"156": [
		0.003125,
		0.06944444444444445
	],
	"157": [
		0.0375,
		0.08055555555555556
	],
	"158": [
		0.6125,
		0.14722222222222223
	],
	"159": [
		0.6390625,
		0.18611111111111112
	],
	"160": [
		0.834375,
		0.25833333333333336
	],
	"161": [
		0.8609375,
		0.2972222222222222
	],
	"162": [
		0.7796875,
		0.9416666666666667
	],
	"163": [
		0.7453125,
		0.9416666666666667
	],
	"164": [
		0.2359375,
		0.4027777777777778
	],
	"165": [
		0.2484375,
		0.4583333333333333
	],
	"166": [
		0.034375,
		0.14722222222222223
	],
	"167": [
		0.0015625,
		0.15833333333333333
	],
	"168": [
		0.4796875,
		0.14722222222222223
	],
	"169": [
		0.446875,
		0.14722222222222223
	],
	"170": [
		0.528125,
		0.14722222222222223
	],
	"171": [
		0.51875,
		0.20277777777777778
	],
	"172": [
		0.41875,
		0.07777777777777778
	],
	"173": [
		0.4484375,
		0.1
	],
	"174": [
		0.4140625,
		0.13333333333333333
	],
	"175": [
		0.3890625,
		0.16944444444444445
	],
	"176": [
		0.5140625,
		0.14722222222222223
	],
	"177": [
		0.50625,
		0.20277777777777778
	],
	"178": [
		0.35,
		0.1527777777777778
	],