{
	"0": [
		0.8328125,
		0.20277777777777778
	],
	"1": [
		0.796875,
		0.29444444444444445
	],
	"2": [
		0.446875,
		0.48333333333333334
	],
	"3": [
		0.3859375,
		0.4638888888888889
	],
	"4": [
		0.5640625,
		0.19444444444444445
	],
	"5": [
		0.5734375,
		0.3
	],
	"6": [
		0.60625,
		0.19722222222222222
	],
	"7": [
		0.565625,
		0.275
	],
	"8": [
		0.390625,
		0.4666666666666667
	],
	"9": [
		0.334375,
		0.43333333333333335
	],
	"10": [
		0.78125,
		0.4527777777777778
	],
	"11": [
		0.7234375,
		0.475
	],
	"12": [
		0.778125,
		0.21944444444444444
	],
	"13": [
		0.81875,
		0.29444444444444445
	],
	"14": [
		0.81875,
		0.3
	],
	"15": [
		0.778125,
		0.375
	],
	"16": [
		0.390625,
		0.35555555555555557
	],
	"17": [
		0.334375,
		0.38333333333333336
	],
	"18": [
		0.446875,
		0.34444444444444444
	],
	"19": [
		0.3890625,
		0.35833333333333334
	],
	"20": [
		0.725,
		0.35555555555555557
	],
	"21": [
		0.6671875,
		0.3416666666666667
	],
	"22": [
		0.725,
		0.475
	],
	"23": [
		0.6671875,
		0.4861111111111111
	],
	"24": [
		0.3359375,
		0.13333333333333333
	],
	"25": [
		0.278125,
		0.12777777777777777
	],
	"26": [
		0.6140625,
		0.19722222222222222
	],
	"27": [
		0.55625,
		0.19166666666666668
	],
	"28": [
		0.565625,
		0.6
	],
	"29": [
		0.56875,
		0.7027777777777777
	],
	"30": [
		0.56875,
		0.7
	],
	"31": [
		0.565625,
		0.8027777777777778
	],
	"32": [
		0.56875,
		0.8
	],
	"33": [
		0.565625,
		0.9027777777777778
	],
	"34": [
		0.446875,
		0.21666666666666667
	],
	"35": [
		0.3890625,
		0.21388888888888888
	],
	"36": [
		0.5671875,
		0.3
	],
	"37": [
		0.565625,
		0.4027777777777778
	],
	"38": [
		0.5671875,
		0.4
	],
	"39": [
		0.565625,
		0.5027777777777778
	],
	"40": [
		0.446875,
		0.9138888888888889
	],
	"41": [
		0.3890625,
		0.9111111111111111
	],
	"42": [
		0.8359375,
		0.925
	],
	"43": [
		0.778125,
		0.9222222222222223
	],
	"44": [
		0.946875,
		0.9305555555555556
	],
	"45": [
		0.8890625,
		0.9277777777777778
	],
	"46": [
		0.8359375,
		0.21944444444444444
	],
	"47": [
		0.778125,
		0.21944444444444444
	],
	"48": [
		0.3359375,
		0.9111111111111111
	],
	"49": [
		0.278125,
		0.9111111111111111
	],
	"50": [
		0.7234375,
		0.3527777777777778
	],
	"51": [
		0.7796875,
		0.375
	],
	"52": [
		0.5015625,
		0.4888888888888889
	],
	"53": [
		0.4453125,
		0.48055555555555557
	],
	"54": [
		0.66875,
		0.4861111111111111
	],
	"55": [
		0.6125,
		0.49166666666666664
	],
	"56": [
		0.66875,
		0.9194444444444444
	],
	"57": [
		0.6125,
		0.9166666666666666
	],
	"58": [
		0.7796875,
		0.9222222222222223
	],
	"59": [
		0.7234375,
		0.9194444444444444
	],
	"60": [
		0.890625,
		0.9277777777777778
	],
	"61": [
		0.834375,
		0.925
	],
	"62": [
		0.7796875,
		0.21944444444444444
	],
	"63": [
		0.7234375,
		0.21944444444444444
	],
	"64": [
		0.2796875,
		0.9111111111111111
	],
	"65": [
		0.2234375,
		0.9111111111111111
	],
	"66": [
		0.390625,
		0.9111111111111111
	],
	"67": [
		0.334375,
		0.9111111111111111
	],
	"68": [
		0.6078125,
		0.31666666666666665
	],
	"69": [
		0.584375,
		0.40555555555555556
	],
	"70": [
		1,
		0.9361111111111111
	],
	"71": [
		0.9453125,
		0.9305555555555556
	],
	"72": [
		0.828125,
		0.2
	],
	"73": [
		0.7921875,
		0.26944444444444443
	],
	"74": [
		0.79375,
		0.21944444444444444
	],
	"75": [
		0.81875,
		0.3
	],
	"76": [
		0.0578125,
		0.21666666666666667
	],
	"77": [
		0.0078125,
		0.19722222222222222
	],
	"78": [
		0.6625,
		0.19722222222222222
	],
	"79": [
		0.6125,
		0.18611111111111112
	],
	"80": [
		0.5546875,
		0.19722222222222222
	],
	"81": [
		0.528125,
		0.2722222222222222
	],
	"82": [
		0.8171875,
		0.41388888888888886
	],
	"83": [
		0.7765625,
		0.4583333333333333
	],
	"84": [
		0.5609375,
		0.19722222222222222
	],
	"85": [
		0.5921875,
		0.2611111111111111
	],
	"86": [
		0.6125,
		0.3388888888888889
	],
	"87": [
		0.565625,
		0.33611111111111114
	],
	"88": [
		0.09375,
		0.4222222222222222
	],
	"89": [
		0.0796875,
		0.5
	],
	"90": [
		0.09375,
		0.4222222222222222
	],
	"91": [
		0.096875,
		0.5027777777777778
	],
	"92": [
		0.490625,
		0.3416666666666667
	],
	"93": [
		0.4453125,
		0.34444444444444444
	],
	"94": [
		0.1109375,
		0.11388888888888889
	],
	"95": [
		0.06875,
		0.1361111111111111
	],
	"96": [
		0.815625,
		0.40555555555555556
	],
	"97": [
		0.7765625,
		0.37222222222222223
	],
	"98": [
		0.540625,
		0.19722222222222222
	],
	"99": [
		0.5484375,
		0.2722222222222222
	],
	"100": [
		0.1109375,
		0.13055555555555556
	],
	"101": [
		0.06875,
		0.125
	],
	"102": [
		0.078125,
		0.44166666666666665
	],
	"103": [
		0.10625,
		0.49722222222222223
	],
	"104": [
		0.5359375,
		0.2
	],
	"105": [
		0.528125,
		0.2722222222222222
	],
	"106": [
		0.096875,
		0.19444444444444445
	],
	"107": [
		0.05625,
		0.20555555555555555
	],
	"108": [
		0.66875,
		0.34444444444444444
	],
	"109": [
		0.628125,
		0.3388888888888889
	],
	"110": [
		0.5578125,
		0.19444444444444445
	],
	"111": [
		0.5265625,
		0.2388888888888889
	],
	"112": [
		0.5265625,
		0.21666666666666667
	],
	"113": [
		0.5515625,
		0.2722222222222222
	],
	"114": [
		0.2703125,
		0.3
	],
	"115": [
		0.2453125,
		0.35555555555555557
	],
	"116": [
		0.1109375,
		0.11388888888888889
	],
	"117": [
		0.140625,
		0.16111111111111112
	],
	"118": [
		0.109375,
		0.44722222222222224
	],
	"119": [
		0.0796875,
		0.49444444444444446
	],
	"120": [
		0.1515625,
		0.9138888888888889
	],
	"121": [
		0.1125,
		0.9138888888888889
	],
	"122": [
		0.225,
		0.9111111111111111
	],
	"123": [
		0.1859375,
		0.9111111111111111
	],
	"124": [
		0.8,
		0.3
	],
	"125": [
		0.8203125,
		0.35833333333333334
	],
	"126": [
		0.246875,
		0.3
	],
	"127": [
		0.271875,
		0.35
	],
	"128": [
		0.1734375,
		0.725
	],
	"129": [
		0.2015625,
		0.7694444444444445
	],
	"130": [
		0.8265625,
		0.9611111111111111
	],
	"131": [
		0.7890625,
		0.9555555555555556
	],
	"132": [
		0.48125,
		0.19722222222222222
	],
	"133": [
		0.4453125,
		0.21666666666666667
	],
	"134": [
		0.3453125,
		0.6
	],
	"135": [
		0.35625,
		0.6638888888888889
	],
	"136": [
		0.18125,
		0.7138888888888889
	],
	"137": [
		0.1671875,
		0.775
	],
	"138": [
		0.18125,
		0.7138888888888889
	],
	"139": [
		0.196875,
		0.7722222222222223
	],
	"140": [
		0.5359375,
		0.49166666666666664
	],
	"141": [
		0.5,
		0.4888888888888889
	],
	"142": [
		0.165625,
		0.9444444444444444
	],
	"143": [
		0.1296875,
		0.9472222222222222
	],
	"144": [
		0.48125,
		0.9111111111111111
	],
	"145": [
		0.4453125,
		0.9138888888888889
	],
	"146": [
		0.5859375,
		0.3333333333333333
	],
	"147": [
		0.5953125,
		0.39444444444444443
	],
	"148": [
		0.078125,
		0.4361111111111111
	],
	"149": [
		0.0875,
		0.49722222222222223
	],
	"150": [
		0.453125,
		0.11388888888888889
	],
	"151": [
		0.4796875,
		0.15555555555555556
	],
	"152": [
		0.5359375,
		0.11944444444444445
	],
	"153": [
		0.5234375,
		0.175
	],
	"154": [
		0.078125,
		0.4361111111111111
	],
	"155": [
		0.109375,
		0.4583333333333333
	],
	"156": [
		0.790625,
		0.325
	],
	"157": [
		0.8203125,
		0.3527777777777778
	],
	"158": [
		0.565625,
		0.5027777777777778
	],
	"159": [
		0.56875,
		0.5611111111111111
	],
	"160": [
		0.80625,
		0.525
	],
	"161": [
		0.834375,
		0.5555555555555556
	],
	"162": [
		0.4203125,
		0.11666666666666667
	],
	"163": [
		0.446875,
		0.15
	],
	"164": [
		0.8125,
		0.5138888888888888
	],
	"165": [
		0.83125,
		0.5611111111111111
	],
	"166": [
		0.265625,
		0.3
	],
	"167": [
		0.2578125,
		0.35555555555555557
	],
	"168": [
		0.253125,
		0.3
	],
	"169": [
		0.2453125,
		0.35555555555555557
	],
	"170": [
		0.096875,
		0.1527777777777778
	],
	"171": [
		0.06875,
		0.125
	],
	"172": [
		0.9171875,
		0.10833333333333334
	],
	"173": [
		0.9109375,
		0.1638888888888889
	],
	"174": [
		0.246875,
		0.3
	],
	"175": [
		0.253125,
		0.35555555555555557
	],
	"176": [
		0.928125,
		0.9638888888888889
	],
	"177": [
		0.896875,
		0.9611111111111111
	],
	"178": [
		0.08125,
		0.10833333333333334
	],
	"179": [
		0.09375,
		0.15833333333333333
	],
	"180": [
		0.109375,
		0.4861111111111111
	],