{
	"0": [
		0.121875,
		0.18090277777777777
	],
	"1": [
		0.2875,
		0.06180555555555556
	],
	"2": [
		0.24296875,
		0.19756944444444444
	],
	"3": [
		0.1935546875,
		0.19756944444444444
	],
	"4": [
		0.20859375,
		0.050694444444444445
	],
	"5": [
		0.291796875,
		0.08715277777777777
	],
	"6": [
		0.39375,
		0.20208333333333334
	],
	"7": [
		0.27265625,
		0.09270833333333334
	],
	"8": [
		0.28984375,
		0.06979166666666667
	],
	"9": [
		0.1673828125,
		0.1909722222222222
	],
	"10": [
		0.142578125,
		0.13541666666666666
	],
	"11": [
		0.1673828125,
		0.19166666666666668
	],
	"12": [
		0.36875,
		0.1986111111111111
	],
	"13": [
		0.121875,
		0.18090277777777777
	],
	"14": [
		0.2400390625,
		0.04513888888888889
	],
	"15": [
		0.2921875,
		0.08680555555555555
	],
	"16": [
		0.1935546875,
		0.19756944444444444
	],
	"17": [
		0.259765625,
		0.19722222222222222
	],
	"18": [
		0.259765625,
		0.19722222222222222
	],
	"19": [
		0.19375,
		0.19756944444444444
	],
	"20": [
		0.327734375,
		0.19791666666666666
	],
	"21": [
		0.327734375,
		0.19791666666666666
	],
	"22": [
		0.36875,
		0.190625
	],
	"23": [
		0.2435546875,
		0.19618055555555555
	],
	"24": [
		0.1150390625,
		0.15555555555555556
	],
	"25": [
		0.253515625,
		0.05138888888888889
	],
	"26": [
		0.125390625,
		0.18263888888888888
	],
	"27": [
		0.1673828125,
		0.1920138888888889
	],
	"28": [
		0.125390625,
		0.184375
	],
	"29": [
		0.259765625,
		0.19722222222222222
	],
	"30": [
		0.2931640625,
		0.08611111111111111
	],
	"31": [
		0.24296875,
		0.19756944444444444
	],
	"32": [
		0.1677734375,
		0.19618055555555555
	],
	"33": [
		0.2359375,
		0.18368055555555557
	],
	"34": [
		0.25,
		0.04895833333333333
	],
	"35": [
		0.327734375,
		0.19791666666666666
	],
	"36": [
		0.0984375,
		0.19166666666666668
	],
	"37": [
		0.38125,
		0.17847222222222223
	],
	"38": [
		0.3029296875,
		0.18958333333333333
	],
	"39": [
		0.1537109375,
		0.1371527777777778
	],
	"40": [
		0.301953125,
		0.196875
	],
	"41": [
		0.20859375,
		0.050347222222222224
	],
	"42": [
		0.0171875,
		0.16631944444444444
	],
	"43": [
		0.2875,
		0.0625
	],
	"44": [
		0.36875,
		0.190625
	],
	"45": [
		0.1646484375,
		0.1267361111111111
	],
	"46": [
		0.1673828125,
		0.19236111111111112
	],
	"47": [
		0.125390625,
		0.18263888888888888
	],
	"48": [
		0.2435546875,
		0.19826388888888888
	],
	"49": [
		0.327734375,
		0.19791666666666666
	],
	"50": [
		0.301953125,
		0.19652777777777777
	],
	"51": [
		0.301953125,
		0.19652777777777777
	],
	"52": [
		0.259765625,
		0.19722222222222222
	],
	"53": [
		0.125390625,
		0.18263888888888888
	],
	"54": [
		0.36875,
		0.19826388888888888
	],
	"55": [
		0.301953125,
		0.19652777777777777
	],
	"56": [
		0.1673828125,
		0.1920138888888889
	],
	"57": [
		0.1935546875,
		0.19756944444444444
	],
	"58": [
		0.2525390625,
		0.05
	],
	"59": [
		0.1671875,
		0.1909722222222222
	],
	"60": [
		0.29453125,
		0.08645833333333333
	],
	"61": [
		0.09921875,
		0.1986111111111111
	],
	"62": [
		0.2931640625,
		0.08680555555555555
	],
	"63": [
		0.301953125,
		0.19791666666666666
	],
	"64": [
		0.327734375,
		0.19791666666666666
	],
	"65": [
		0.38125,
		0.17847222222222223
	],
	"66": [
		0.25625,
		0.8625
	],
	"67": [
		0.1671875,
		0.1909722222222222
	],
	"68": [
		0.334375,
		0.8659722222222223
	],
	"69": [
		0.2435546875,
		0.19826388888888888
	],
	"70": [
		0.2515625,
		0.05277777777777778
	],
	"71": [
		0.259765625,
		0.19722222222222222
	],
	"72": [
		0.2501953125,
		0.04895833333333333
	],
	"73": [
		0.1150390625,
		0.15555555555555556
	],
	"74": [
		0.259765625,
		0.196875
	],
	"75": [
		0.327734375,
		0.19791666666666666
	],
	"76": [
		0.327734375,
		0.19791666666666666
	],
	"77": [
		0.121875,
		0.18090277777777777
	],
	"78": [
		0.290625,
		0.06145833333333333
	],
	"79": [
		0.301953125,
		0.19652777777777777
	],
	"80": [
		0.3318359375,
		0.865625
	],
	"81": [
		0.3318359375,
		0.865625
	],
	"82": [
		0.2873046875,
		0.06875
	],
	"83": [
		0.331640625,
		0.8649305555555555
	],
	"84": [
		0.24296875,
		0.19756944444444444
	],
	"85": [
		0.39375,
		0.20208333333333334
	],
	"86": [
		0.1166015625,
		0.1579861111111111
	],
	"87": [
		0.2873046875,
		0.0625
	],
	"88": [
		0.3994140625,
		0.8670138888888889
	],
	"89": [
		0.074609375,
		0.15347222222222223
	],
	"90": [
		0.2876953125,
		0.06354166666666666
	],
	"91": [
		0.2294921875,
		0.10243055555555555
	],
	"92": [
		0.117578125,
		0.18472222222222223
	],
	"93": [
		0.1935546875,
		0.19756944444444444
	],
	"94": [
		0.1205078125,
		0.18125
	],
	"95": [
		0.36328125,
		0.8663194444444444
	],
	"96": [
		0.1935546875,
		0.19756944444444444
	],
	"97": [
		0.109765625,
		0.1625
	],
	"98": [
		0.117578125,
		0.184375
	],
	"99": [
		0.1935546875,
		0.19756944444444444
	],
	"100": [
		0.24296875,
		0.19756944444444444
	],
	"101": [
		0.2880859375,
		0.06875
	],
	"102": [
		0.27265625,
		0.09270833333333334
	],
	"103": [
		0.262109375,
		0.865625
	],
	"104": [
		0.39375,
		0.20277777777777778
	],
	"105": [
		0.24296875,
		0.19756944444444444
	],
	"106": [
		0.327734375,
		0.19791666666666666
	],
	"107": [
		0.2703125,
		0.052083333333333336
	],
	"108": [
		0.259765625,
		0.19722222222222222
	],
	"109": [
		0.39375,
		0.20277777777777778
	],
	"110": [
		0.116015625,
		0.14930555555555555
	],
	"111": [
		0.2880859375,
		0.0642361111111111
	],
	"112": [
		0.292578125,
		0.08715277777777777
	],
	"113": [
		0.24921875,
		0.04826388888888889
	],
	"114": [
		0.242578125,
		0.09722222222222222
	],
	"115": [
		0.259765625,
		0.19722222222222222
	],
	"116": [
		0.1208984375,
		0.18055555555555555
	],
	"117": [
		0.313671875,
		0.18055555555555555
	],
	"118": [
		0.1111328125,
		0.15659722222222222
	],
	"119": [
		0.290625,
		0.06145833333333333
	],
	"120": [
		0.259765625,
		0.19722222222222222
	],
	"121": [
		0.12734375,
		0.8552083333333333
	],
	"122": [
		0.2435546875,
		0.19305555555555556
	],
	"123": [
		0.1935546875,
		0.19756944444444444
	],
	"124": [
		0.2462890625,
		0.046875
	],
	"125": [
		0.327734375,
		0.19791666666666666
	],
	"126": [
		0.36875,
		0.19756944444444444
	],
	"127": [
		0.125390625,
		0.18506944444444445
	],
	"128": [
		0.259765625,
		0.19722222222222222
	],
	"129": [
		0.327734375,
		0.19791666666666666
	],
	"130": [
		0.2828125,
		0.06041666666666667
	],
	"131": [
		0.1935546875,
		0.19791666666666666
	],
	"132": [
		0.39375,
		0.20277777777777778
	],
	"133": [
		0.125390625,
		0.18263888888888888
	],
	"134": [
		0.125390625,
		0.18715277777777778
	],
	"135": [
		0.2861328125,
		0.06805555555555555
	],
	"136": [
		0.259765625,
		0.19722222222222222
	],
	"137": [
		0.121875,
		0.18090277777777777
	],
	"138": [
		0.259765625,
		0.19722222222222222
	],
	"139": [
		0.301953125,
		0.196875
	],
	"140": [
		0.2080078125,
		0.04895833333333333
	],
	"141": [
		0.327734375,
		0.19791666666666666
	],
	"142": [
		0.248046875,
		0.09513888888888888
	],
	"143": [
		0.193359375,
		0.19756944444444444
	],
	"144": [
		0.24296875,
		0.19756944444444444
	],
	"145": [
		0.2943359375,
		0.08298611111111111
	],
	"146": [
		0.1935546875,
		0.19756944444444444
	],
	"147": [
		0.1935546875,
		0.19756944444444444
	],
	"148": [
		0.207421875,
		0.04895833333333333
	],
	"149": [
		0.244921875,
		0.043402777777777776
	],
	"150": [
		0.2896484375,
		0.06458333333333334
	],
	"151": [
		0.1947265625,
		0.11354166666666667
	],
	"152": [
		0.1935546875,
		0.19756944444444444
	],
	"153": [
		0.2419921875,
		0.18854166666666666
	],
	"154": [
		0.32421875,
		0.18055555555555555
	],
	"155": [
		0.193359375,
		0.19756944444444444
	],
	"156": [
		0.193359375,
		0.19756944444444444
	],
	"157": [
		0.39375,
		0.20208333333333334
	],
	"158": [
		0.2904296875,
		0.07361111111111111
	],
	"159": [
		0.194140625,
		0.18958333333333333
	],
	"160": [
		0.1787109375,
		0.8802083333333334
	],
	"161": [
		0.1779296875,
		0.8850694444444445
	],
	"162": [
		0.259765625,
		0.19722222222222222
	],
	"163": [
		0.193359375,
		0.19756944444444444
	],
	"164": [
		0.327734375,
		0.19791666666666666
	],