{
	"0": [
		0.365625,
		0.03888888888888889
	],
	"1": [
		0.36875,
		0.03888888888888889
	],
	"2": [
		0.39375,
		0.03888888888888889
	],
	"3": [
		0.571875,
		0.06111111111111111
	],
	"4": [
		0.66875,
		0.06111111111111111
	],
	"5": [
		0.896875,
		0.06666666666666667
	],
	"6": [
		0.928125,
		0.06666666666666667
	],
	"7": [
		0.428125,
		0.08333333333333333
	],
	"8": [
		0.203125,
		0.08888888888888889
	],
	"9": [
		0.925,
		0.15
	],
	"10": [
		0.990625,
		0.15555555555555556
	],
	"11": [
		0.840625,
		0.16111111111111112
	],
	"12": [
		0.134375,
		0.16666666666666666
	],
	"13": [
		0.43125,
		0.17777777777777778
	],
	"14": [
		0.003125,
		0.19444444444444445
	],
	"15": [
		0.815625,
		0.2
	],
	"16": [
		0.30625,
		0.2777777777777778
	],
	"17": [
		0.253125,
		0.3111111111111111
	],
	"18": [
		0.20625,
		0.3388888888888889
	],
	"19": [
		0.990625,
		0.35
	],
	"20": [
		0.584375,
		0.37222222222222223
	],
	"21": [
		0.628125,
		0.37222222222222223
	],
	"22": [
		0.1,
		0.40555555555555556
	],
	"23": [
		0.05,
		0.4388888888888889
	],
	"24": [
		0.95,
		0.45555555555555555
	],
	"25": [
		0.00625,
		0.4666666666666667
	],
	"26": [
		0.571875,
		0.4666666666666667
	],
	"27": [
		0.625,
		0.4666666666666667
	],
	"28": [
		0.79375,
		0.7555555555555555
	],
	"29": [
		0,
		0.7944444444444444
	],
	"30": [
		0.1375,
		0.8111111111111111
	],
	"31": [
		0.175,
		0.8166666666666667
	],
	"32": [
		0.196875,
		0.8222222222222222
	],
	"33": [
		0.228125,
		0.8277777777777777
	],
	"34": [
		0.246875,
		0.8277777777777777
	],
	"35": [
		0.35,
		0.8444444444444444
	],
	"36": [
		0.18125,
		0.8555555555555555
	],
	"37": [
		0.4625,
		0.8611111111111112
	],
	"38": [
		0.490625,
		0.8666666666666667
	],
	"39": [
		0.15,
		0.9
	],
	"40": [
		0.665625,
		0.9
	],
	"41": [
		0.83125,
		0.9333333333333333
	],
	"42": [
		0.875,
		0.9388888888888889
	],
	"43": [
		0.953125,
		0.9555555555555556
	],
	"44": [
		0.928125,
		0.9777777777777777
	]
}