{
	"CornerNorthWest": [
		0.12359550561797752,
		0.5146375172760397
	],
	"CornerNorthEast": [
		0.16573033707865167,
		0.1581438204129497
	],
	"CornerSouthEast": [
		0.49165517150829263,
		0.14024238217049617
	],
	"CornerSouthWest": [
		0.46769662921348315,
		0.4851530761820999
	]
}