{
	"0": [
		0.230078125,
		0.10659722222222222
	],
	"1": [
		0.5912109375,
		0.12222222222222222
	],
	"2": [
		0.44375,
		0.11458333333333333
	],
	"3": [
		0.7484375,
		0.13090277777777778
	],
	"4": [
		0.681640625,
		0.12222222222222222
	],
	"5": [
		0.3083984375,
		0.09895833333333333
	],
	"6": [
		0.3728515625,
		0.10729166666666666
	],
	"7": [
		0.518359375,
		0.11979166666666667
	],
	"8": [
		0.916796875,
		0.13784722222222223
	],
	"9": [
		0.500390625,
		0.10381944444444445
	],
	"10": [
		0.4537109375,
		0.10833333333333334
	],
	"11": [
		0.092578125,
		0.12118055555555556
	],
	"12": [
		0.426953125,
		0.09722222222222222
	],
	"13": [
		0.651171875,
		0.1111111111111111
	],
	"14": [
		0.3001953125,
		0.10694444444444444
	],
	"15": [
		0.669921875,
		0.1295138888888889
	],
	"16": [
		0.90234375,
		0.13472222222222222
	],
	"17": [
		0.574609375,
		0.109375
	],
	"18": [
		0.381640625,
		0.103125
	],
	"19": [
		0.5275390625,
		0.11458333333333333
	],
	"20": [
		0.680859375,
		0.11388888888888889
	],
	"21": [
		0.9310546875,
		0.12395833333333334
	],
	"22": [
		0.7611328125,
		0.12534722222222222
	],
	"23": [
		0.7611328125,
		0.12534722222222222
	],
	"24": [
		0.6880859375,
		0.11284722222222222
	],
	"25": [
		0.643359375,
		0.08888888888888889
	],
	"26": [
		0.83125,
		0.13159722222222223
	],
	"27": [
		0.62734375,
		0.08888888888888889
	],
	"28": [
		0.8451171875,
		0.13055555555555556
	],
	"29": [
		0.8935546875,
		0.11979166666666667
	],
	"30": [
		0.459765625,
		0.10034722222222223
	],
	"31": [
		0.7296875,
		0.11354166666666667
	],
	"32": [
		0.2818359375,
		0.10277777777777777
	],
	"33": [
		0.3583984375,
		0.10138888888888889
	],
	"34": [
		0.6095703125,
		0.109375
	],
	"35": [
		0.6548828125,
		0.12013888888888889
	],
	"36": [
		0.9365234375,
		0.11979166666666667
	],
	"37": [
		0.6029296875,
		0.11631944444444445
	],
	"38": [
		0.76640625,
		0.11631944444444445
	],
	"39": [
		0.53359375,
		0.10590277777777778
	],
	"40": [
		0.9328125,
		0.13194444444444445
	],
	"41": [
		0.7328125,
		0.13368055555555555
	],
	"42": [
		0.3876953125,
		0.09479166666666666
	],
	"43": [
		0.1318359375,
		0.11631944444444445
	],
	"44": [
		0.1365234375,
		0.1076388888888889
	],
	"45": [
		0.6544921875,
		0.13229166666666667
	],
	"46": [
		0.7126953125,
		0.1076388888888889
	],
	"47": [
		0.359375,
		0.11076388888888888
	],
	"48": [
		0.7859375,
		0.10347222222222222
	],
	"49": [
		0.850390625,
		0.11701388888888889
	],
	"50": [
		0.5779296875,
		0.12638888888888888
	],
	"51": [
		0.8986328125,
		0.128125
	],
	"52": [
		0.8115234375,
		0.115625
	],
	"53": [
		0.508203125,
		0.11979166666666667
	],
	"54": [
		0.8181640625,
		0.13229166666666667
	],
	"55": [
		0.044921875,
		0.134375
	],
	"56": [
		0.30625,
		0.09583333333333334
	],
	"57": [
		0.2458984375,
		0.10868055555555556
	],
	"58": [
		0.4291015625,
		0.11805555555555555
	],
	"59": [
		0.0873046875,
		0.1295138888888889
	],
	"60": [
		0.96796875,
		0.10069444444444445
	],
	"61": [
		0.3146484375,
		0.09444444444444444
	],
	"62": [
		0.8958984375,
		0.1371527777777778
	],
	"63": [
		0.5033203125,
		0.12013888888888889
	],
	"64": [
		0.6587890625,
		0.1284722222222222
	],
	"65": [
		0.6107421875,
		0.12708333333333333
	],
	"66": [
		0.7373046875,
		0.13055555555555556
	],
	"67": [
		0.8833984375,
		0.10243055555555555
	],
	"68": [
		0.97109375,
		0.09861111111111111
	],
	"69": [
		0.8666015625,
		0.096875
	],
	"70": [
		0.851171875,
		0.13472222222222222
	],
	"71": [
		0.81484375,
		0.12638888888888888
	],
	"72": [
		0.8125,
		0.13680555555555557
	],
	"73": [
		0.938671875,
		0.14097222222222222
	],
	"74": [
		0.804296875,
		0.09305555555555556
	],
	"75": [
		0.540234375,
		0.08402777777777778
	],
	"76": [
		0.7599609375,
		0.11979166666666667
	],
	"77": [
		0.6009765625,
		0.11006944444444444
	],
	"78": [
		0.9056640625,
		0.13784722222222223
	],
	"79": [
		0.8177734375,
		0.12013888888888889
	],
	"80": [
		0.663671875,
		0.13020833333333334
	],
	"81": [
		0.687890625,
		0.13159722222222223
	],
	"82": [
		0.364453125,
		0.1076388888888889
	],
	"83": [
		0.8033203125,
		0.08819444444444445
	],
	"84": [
		0.659765625,
		0.1125
	],
	"85": [
		0.5234375,
		0.10555555555555556
	],
	"86": [
		0.582421875,
		0.1267361111111111
	],
	"87": [
		0.0939453125,
		0.11770833333333333
	],
	"88": [
		0.28828125,
		0.11076388888888888
	],
	"89": [
		0.5349609375,
		0.12083333333333333
	],
	"90": [
		0.8087890625,
		0.10069444444444445
	],
	"91": [
		0.8216796875,
		0.13854166666666667
	],
	"92": [
		0.8443359375,
		0.12256944444444444
	],
	"93": [
		0.9017578125,
		0.12465277777777778
	],
	"94": [
		0.768359375,
		0.9284722222222223
	],
	"95": [
		0.6611328125,
		0.12395833333333334
	],
	"96": [
		0.905859375,
		0.9555555555555556
	],
	"97": [
		0.2265625,
		0.10902777777777778
	],
	"98": [
		0.398828125,
		0.07569444444444444
	],
	"99": [
		0.4384765625,
		0.07951388888888888
	],
	"100": [
		0.21796875,
		0.10833333333333334
	],
	"101": [
		0.7416015625,
		0.13402777777777777
	],
	"102": [
		0.3171875,
		0.10868055555555556
	],
	"103": [
		0.7677734375,
		0.13680555555555557
	],
	"104": [
		0.36875,
		0.10868055555555556
	],
	"105": [
		0.296875,
		0.10833333333333334
	],
	"106": [
		0.7513671875,
		0.13784722222222223
	],
	"107": [
		0.849609375,
		0.13923611111111112
	],
	"108": [
		0.8330078125,
		0.13993055555555556
	],
	"109": [
		0.048828125,
		0.13055555555555556
	],
	"110": [
		0.5126953125,
		0.09513888888888888
	],
	"111": [
		0.584375,
		0.11631944444444445
	],
	"112": [
		0.137890625,
		0.10451388888888889
	],
	"113": [
		0.9361328125,
		0.14097222222222222
	],
	"114": [
		0.4611328125,
		0.11875
	],
	"115": [
		0.8880859375,
		0.10243055555555555
	],
	"116": [
		0.27421875,
		0.8395833333333333
	],
	"117": [
		0.3791015625,
		0.09722222222222222
	],
	"118": [
		0.8203125,
		0.1267361111111111
	],
	"119": [
		0.891796875,
		0.9541666666666667
	],
	"120": [
		0.8162109375,
		0.9395833333333333
	],
	"121": [
		0.439453125,
		0.115625
	],
	"122": [
		0.174609375,
		0.10833333333333334
	],
	"123": [
		0.8412109375,
		0.9458333333333333
	],
	"124": [
		0.9609375,
		0.08506944444444445
	],
	"125": [
		0.733203125,
		0.12465277777777778
	],
	"126": [
		0.783984375,
		0.10069444444444445
	],
	"127": [
		0.91875,
		0.14097222222222222
	],
	"128": [
		0.5115234375,
		0.12222222222222222
	],
	"129": [
		0.962109375,
		0.38784722222222223
	],
	"130": [
		0.431640625,
		0.10347222222222222
	],
	"131": [
		0.906640625,
		0.9579861111111111
	],
	"132": [
		0.2919921875,
		0.11076388888888888
	],
	"133": [
		0.4365234375,
		0.10902777777777778
	],
	"134": [
		0.3892578125,
		0.11284722222222222
	],
	"135": [
		0.5078125,
		0.10659722222222222
	],
	"136": [
		0.579296875,
		0.11180555555555556
	],
	"137": [
		0.6037109375,
		0.096875
	],
	"138": [
		0.040625,
		0.14305555555555555
	],
	"139": [
		0.075,
		0.12152777777777778
	],
	"140": [
		0.191796875,
		0.8711805555555555
	],
	"141": [
		0.687890625,
		0.1329861111111111
	],
	"142": [
		0.581640625,
		0.11041666666666666
	],
	"143": [
		0.918359375,
		0.9600694444444444
	],
	"144": [
		0.0306640625,
		0.15347222222222223
	],
	"145": [
		0.181640625,
		0.1076388888888889
	],
	"146": [
		0.69375,
		0.134375
	],
	"147": [
		0.4482421875,
		0.10138888888888889
	],
	"148": [
		0.9697265625,
		0.4166666666666667
	],
	"149": [
		0.28671875,
		0.10277777777777777
	],
	"150": [
		0.9734375,
		0.42256944444444444
	],
	"151": [
		0.0880859375,
		0.11875
	],
	"152": [
		0.5880859375,
		0.1232638888888889
	],
	"153": [
		0.6716796875,
		0.13333333333333333
	],
	"154": [
		0.2576171875,
		0.8368055555555556
	],
	"155": [
		0.737109375,
		0.11875
	],
	"156": [
		0.4341796875,
		0.11736111111111111
	],
	"157": [
		0.8283203125,
		0.08958333333333333
	],
	"158": [
		0.5177734375,
		0.12430555555555556
	],
	"159": [
		0.809765625,
		0.9375
	],
	"160": [
		0.883203125,
		0.10729166666666666
	],
	"161": [
		0.5130859375,
		0.08715277777777777
	],