{
	"PenaltySpotNorth": [
		0.08521752490205618,
		0.32456140350877194
	],
	"SixYardNorthForwardEast": [
		0.06391314367654213,
		0.2573099415204678
	],
	"EighteenYardNorthRearEast": [
		0.0901339205694825,
		0.19005847953216373
	],
	"EighteenYardNorthForwardEast": [
		0.38839525772667916,
		0.2222222222222222
	],
	"PenaltyCircleNorthWest": [
		0.12946508590889305,
		0.39035087719298245
	],
	"PenaltyCircleNorthEast": [
		0.2933449414897703,
		0.2880116959064328
	],
	"CornerNorthEast": [
		0.2032110209202878,
		0.14181286549707603
	]
}
