{
	"0": [
		0.71875,
		0.20555555555555555
	],
	"1": [
		0.6671875,
		0.28888888888888886
	],
	"2": [
		0.5015625,
		0.45555555555555555
	],
	"3": [
		0.44375,
		0.4166666666666667
	],
	"4": [
		0.559375,
		0.4777777777777778
	],
	"5": [
		0.5,
		0.4527777777777778
	],
	"6": [
		0.559375,
		0.3333333333333333
	],
	"7": [
		0.5,
		0.35555555555555557
	],
	"8": [
		0.8875,
		0.40555555555555556
	],
	"9": [
		0.8359375,
		0.3527777777777778
	],
	"10": [
		0.6140625,
		0.475
	],
	"11": [
		0.5546875,
		0.46944444444444444
	],
	"12": [
		0.725,
		0.2111111111111111
	],
	"13": [
		0.665625,
		0.2111111111111111
	],
	"14": [
		0.8359375,
		0.36944444444444446
	],
	"15": [
		0.778125,
		0.3527777777777778
	],
	"16": [
		0.8359375,
		0.45555555555555555
	],
	"17": [
		0.778125,
		0.4722222222222222
	],
	"18": [
		0.5015625,
		0.35555555555555557
	],
	"19": [
		0.4453125,
		0.38333333333333336
	],
	"20": [
		0.8875,
		0.4166666666666667
	],
	"21": [
		0.834375,
		0.4583333333333333
	],
	"22": [
		0.13125,
		0.3
	],
	"23": [
		0.1171875,
		0.4
	],
	"24": [
		0.659375,
		0.7
	],
	"25": [
		0.65625,
		0.8027777777777778
	],
	"26": [
		0.8359375,
		0.8722222222222222
	],
	"27": [
		0.778125,
		0.8666666666666667
	],
	"28": [
		0.946875,
		0.8805555555555555
	],
	"29": [
		0.8890625,
		0.875
	],
	"30": [
		0.6609375,
		0.3
	],
	"31": [
		0.659375,
		0.4027777777777778
	],
	"32": [
		0.6578125,
		0.5
	],
	"33": [
		0.659375,
		0.6027777777777777
	],
	"34": [
		0.6578125,
		0.6
	],
	"35": [
		0.659375,
		0.7027777777777777
	],
	"36": [
		0.446875,
		0.8472222222222222
	],
	"37": [
		0.3890625,
		0.8444444444444444
	],
	"38": [
		0.725,
		0.8611111111111112
	],
	"39": [
		0.6671875,
		0.8583333333333333
	],
	"40": [
		0.3359375,
		0.8416666666666667
	],
	"41": [
		0.278125,
		0.8416666666666667
	],
	"42": [
		0.3328125,
		0.23055555555555557
	],
	"43": [
		0.375,
		0.3
	],
	"44": [
		0.7796875,
		0.3527777777777778
	],
	"45": [
		0.7234375,
		0.3416666666666667
	],
	"46": [
		1,
		0.8861111111111111
	],
	"47": [
		0.94375,
		0.8777777777777778
	],
	"48": [
		0.890625,
		0.875
	],
	"49": [
		0.834375,
		0.8694444444444445
	],
	"50": [
		0.390625,
		0.8444444444444444
	],
	"51": [
		0.334375,
		0.8416666666666667
	],
	"52": [
		0.890625,
		0.2361111111111111
	],
	"53": [
		0.834375,
		0.2361111111111111
	],
	"54": [
		0.0578125,
		0.8361111111111111
	],
	"55": [
		0.0015625,
		0.8361111111111111
	],
	"56": [
		0.7796875,
		0.46944444444444444
	],
	"57": [
		0.725,
		0.4777777777777778
	],
	"58": [
		0.6578125,
		0.20555555555555555
	],
	"59": [
		0.6609375,
		0.30277777777777776
	],
	"60": [
		0.66875,
		0.8583333333333333
	],
	"61": [
		0.6140625,
		0.8555555555555555
	],
	"62": [
		0.7765625,
		0.6416666666666667
	],
	"63": [
		0.7234375,
		0.6527777777777778
	],
	"64": [
		0.71875,
		0.4777777777777778
	],
	"65": [
		0.665625,
		0.4777777777777778
	],
	"66": [
		0.496875,
		0.8472222222222222
	],
	"67": [
		0.4453125,
		0.8472222222222222
	],
	"68": [
		0.55625,
		0.1361111111111111
	],
	"69": [
		0.5921875,
		0.19722222222222222
	],
	"70": [
		0.2734375,
		0.15
	],
	"71": [
		0.225,
		0.16111111111111112
	],
	"72": [
		0.1921875,
		0.425
	],
	"73": [
		0.203125,
		0.5055555555555555
	],
	"74": [
		0.1765625,
		0.4361111111111111
	],
	"75": [
		0.209375,
		0.49444444444444446
	],
	"76": [
		0.759375,
		0.6416666666666667
	],
	"77": [
		0.721875,
		0.6888888888888889
	],
	"78": [
		0.1609375,
		0.24722222222222223
	],
	"79": [
		0.128125,
		0.30277777777777776
	],
	"80": [
		0.2109375,
		0.8388888888888889
	],
	"81": [
		0.1671875,
		0.8361111111111111
	],
	"82": [
		0.1921875,
		0.425
	],
	"83": [
		0.1765625,
		0.49722222222222223
	],
	"84": [
		0.3671875,
		0.13333333333333333
	],
	"85": [
		0.390625,
		0.19722222222222222
	],
	"86": [
		0.5921875,
		0.19722222222222222
	],
	"87": [
		0.5546875,
		0.23333333333333334
	],
	"88": [
		0.1671875,
		0.28055555555555556
	],
	"89": [
		0.128125,
		0.30277777777777776
	],
	"90": [
		0.1890625,
		0.4305555555555556
	],
	"91": [
		0.2125,
		0.4888888888888889
	],
	"92": [
		0.1765625,
		0.4361111111111111
	],
	"93": [
		0.19375,
		0.5
	],
	"94": [
		0.3140625,
		0.41944444444444445
	],
	"95": [
		0.3078125,
		0.4888888888888889
	],
	"96": [
		0.209375,
		0.4583333333333333
	],
	"97": [
		0.1765625,
		0.49722222222222223
	],
	"98": [
		0.16875,
		0.3
	],
	"99": [
		0.1375,
		0.25833333333333336
	],
	"100": [
		0.6109375,
		0.15
	],
	"101": [
		0.5828125,
		0.19722222222222222
	],
	"102": [
		0.7421875,
		0.475
	],
	"103": [
		0.778125,
		0.5
	],
	"104": [
		0.8,
		0.20833333333333334
	],
	"105": [
		0.8359375,
		0.23055555555555557
	],
	"106": [
		0.59375,
		0.14166666666666666
	],
	"107": [
		0.590625,
		0.20833333333333334
	],
	"108": [
		0.2125,
		0.48333333333333334
	],
	"109": [
		0.1765625,
		0.4638888888888889
	],
	"110": [
		0.484375,
		0.8472222222222222
	],
	"111": [
		0.4578125,
		0.8944444444444445
	],
	"112": [
		0.778125,
		0.2361111111111111
	],
	"113": [
		0.740625,
		0.2361111111111111
	],
	"114": [
		0.5578125,
		0.8527777777777777
	],
	"115": [
		0.5203125,
		0.8527777777777777
	],
	"116": [
		0.1390625,
		0.125
	],
	"117": [
		0.16875,
		0.1638888888888889
	],
	"118": [
		0.8359375,
		0.2222222222222222
	],
	"119": [
		0.8,
		0.2361111111111111
	],
	"120": [
		0.759375,
		0.20833333333333334
	],
	"121": [
		0.7234375,
		0.20555555555555555
	],
	"122": [
		0.66875,
		0.1527777777777778
	],
	"123": [
		0.640625,
		0.19166666666666668
	],
	"124": [
		0.134375,
		0.2722222222222222
	],
	"125": [
		0.16875,
		0.28888888888888886
	],
	"126": [
		0.3125,
		0.41944444444444445
	],
	"127": [
		0.321875,
		0.48055555555555557
	],
	"128": [
		0.6125,
		0.22777777777777777
	],
	"129": [
		0.6359375,
		0.275
	],
	"130": [
		0.740625,
		0.6361111111111111
	],
	"131": [
		0.721875,
		0.6888888888888889
	],
	"132": [
		0.6359375,
		0.22777777777777777
	],
	"133": [
		0.6140625,
		0.275
	],
	"134": [
		0.1765625,
		0.4361111111111111
	],
	"135": [
		0.178125,
		0.49722222222222223
	],
	"136": [
		0.7796875,
		0.8666666666666667
	],
	"137": [
		0.7453125,
		0.8638888888888889
	],
	"138": [
		0.1390625,
		0.125
	],
	"139": [
		0.153125,
		0.18055555555555555
	],
	"140": [
		0.65625,
		0.8
	],
	"141": [
		0.665625,
		0.8583333333333333
	],
	"142": [
		0.65625,
		0.8
	],
	"143": [
		0.65,
		0.8583333333333333
	],
	"144": [
		0.8265625,
		0.16111111111111112
	],
	"145": [
		0.79375,
		0.15555555555555556
	],
	"146": [
		0.15625,
		0.3333333333333333
	],
	"147": [
		0.128125,
		0.30277777777777776
	],
	"148": [
		0.921875,
		0.2361111111111111
	],
	"149": [
		0.8890625,
		0.2361111111111111
	],
	"150": [
		0.1484375,
		0.8666666666666667
	],
	"151": [
		0.115625,
		0.8666666666666667
	],
	"152": [
		0.15625,
		0.125
	],
	"153": [
		0.146875,
		0.18055555555555555
	],
	"154": [
		0.1453125,
		0.24722222222222223
	],
	"155": [
		0.1359375,
		0.30277777777777776
	],
	"156": [
		0.696875,
		0.16111111111111112
	],
	"157": [
		0.6765625,
		0.20555555555555555
	],
	"158": [
		0.1515625,
		0.24722222222222223
	],
	"159": [
		0.1640625,
		0.3
	],
	"160": [
		0.25625,
		0.13333333333333333
	],
	"161": [
		0.234375,
		0.175
	],
	"162": [
		0.890625,
		0.9083333333333333
	],
	"163": [
		0.859375,
		0.9
	],
	"164": [
		0.55,
		0.20833333333333334
	],
	"165": [
		0.51875,
		0.20555555555555555
	],
	"166": [
		0.2796875,
		0.8416666666666667
	],
	"167": [
		0.2484375,
		0.8388888888888889
	],
	"168": [
		0.3765625,
		0.26666666666666666
	],
	"169": [
		0.3515625,
		0.3
	],
	"170": [
		0.4453125,
		0.13333333333333333
	],
	"171": [
		0.46875,
		0.16944444444444445
	],
	"172": [
		0.6265625,
		0.15555555555555556
	],
	"173": [
		0.65,
		0.19166666666666668
	],
	"174": [
		0.85,
		0.3194444444444444
	],
	"175": [
		0.834375,
		0.36666666666666664
	],
	"176": [
		0.571875,
		0.4444444444444444
	],
	"177": [
		0.55625,
		0.49166666666666664
	],
	"178": [
		0.1359375,
		0.14444444444444443
	],
	"179": [
		0.1609375,
		0.175
	],