{
	"CornerNorthWest": [
		0.19662921348314608,
		0.7156677974619927
	],
	"CornerNorthEast": [
		0.19382022471910113,
		0.24927754743058173
	],
	"CornerSouthEast": [
		0.46662073676690247,
		0.1243167484516475
	],
	"CornerSouthWest": [
		0.6882022471910112,
		0.7290698161410563
	]
}