{
	"CornerNorthWest": [
		0.13342696629213482,
		0.18494785777107678
	],
	"CornerNorthEast": [
		0.7092696629213483,
		0.25463835490220715
	],
	"CornerSouthEast": [
		0.6797752808988764,
		0.8711312141391298
	],
	"CornerSouthWest": [
		0.25842696629213485,
		0.7933995058005612
	]
}