{
	"0": [
		0.36875,
		0.03333333333333333
	],
	"1": [
		0.415625,
		0.03888888888888889
	],
	"2": [
		0.021875,
		0.05
	],
	"3": [
		0.66875,
		0.05555555555555555
	],
	"4": [
		0.69375,
		0.05555555555555555
	],
	"5": [
		0.05625,
		0.06111111111111111
	],
	"6": [
		0.934375,
		0.07222222222222222
	],
	"7": [
		0.78125,
		0.1
	],
	"8": [
		0.05625,
		0.11666666666666667
	],
	"9": [
		0.89375,
		0.12777777777777777
	],
	"10": [
		0.0375,
		0.13333333333333333
	],
	"11": [
		0,
		0.14444444444444443
	],
	"12": [
		0.665625,
		0.14444444444444443
	],
	"13": [
		0.84375,
		0.16111111111111112
	],
	"14": [
		0.896875,
		0.16111111111111112
	],
	"15": [
		0.459375,
		0.17777777777777778
	],
	"16": [
		0,
		0.18333333333333332
	],
	"17": [
		0.85,
		0.2
	],
	"18": [
		0.903125,
		0.2
	],
	"19": [
		0.04375,
		0.25
	],
	"20": [
		0.859375,
		0.25
	],
	"21": [
		0.334375,
		0.25555555555555554
	],
	"22": [
		0.51875,
		0.26666666666666666
	],
	"23": [
		0.284375,
		0.28888888888888886
	],
	"24": [
		0.2625,
		0.3055555555555556
	],
	"25": [
		0.215625,
		0.3333333333333333
	],
	"26": [
		0.175,
		0.3611111111111111
	],
	"27": [
		0.11875,
		0.39444444444444443
	],
	"28": [
		0.075,
		0.4222222222222222
	],
	"29": [
		0.58125,
		0.43333333333333335
	],
	"30": [
		0.053125,
		0.4388888888888889
	],
	"31": [
		0.95,
		0.45555555555555555
	],
	"32": [
		0.3875,
		0.4777777777777778
	],
	"33": [
		0.653125,
		0.6111111111111112
	],
	"34": [
		0.653125,
		0.6611111111111111
	],
	"35": [
		0.796875,
		0.7666666666666667
	],
	"36": [
		0.009375,
		0.7944444444444444
	],
	"37": [
		0.053125,
		0.8
	],
	"38": [
		0.075,
		0.8055555555555556
	],
	"39": [
		0.096875,
		0.8055555555555556
	],
	"40": [
		0.115625,
		0.8111111111111111
	],
	"41": [
		0.15625,
		0.8166666666666667
	],
	"42": [
		0.175,
		0.8166666666666667
	],
	"43": [
		0.228125,
		0.8277777777777777
	],
	"44": [
		0.246875,
		0.8277777777777777
	],
	"45": [
		0.265625,
		0.8333333333333334
	],
	"46": [
		0.35,
		0.8444444444444444
	],
	"47": [
		0.415625,
		0.8555555555555555
	],
	"48": [
		0.565625,
		0.8833333333333333
	],
	"49": [
		0.6125,
		0.8888888888888888
	],
	"50": [
		0.8875,
		0.9444444444444444
	]
}