{
	"0": [
		0.728125,
		0.030555555555555555
	],
	"1": [
		0.8546875,
		0.030555555555555555
	],
	"2": [
		0.653125,
		0.03333333333333333
	],
	"3": [
		0.771875,
		0.058333333333333334
	],
	"4": [
		0.5765625,
		0.08611111111111111
	],
	"5": [
		0.9875,
		0.08611111111111111
	],
	"6": [
		0.76875,
		0.09722222222222222
	],
	"7": [
		0.746875,
		0.1111111111111111
	],
	"8": [
		0.45,
		0.12222222222222222
	],
	"9": [
		0.3578125,
		0.1361111111111111
	],
	"10": [
		0.09375,
		0.14166666666666666
	],
	"11": [
		0.065625,
		0.15
	],
	"12": [
		0.115625,
		0.16666666666666666
	],
	"13": [
		0.875,
		0.16666666666666666
	],
	"14": [
		0.9328125,
		0.17222222222222222
	],
	"15": [
		0.9703125,
		0.17222222222222222
	],
	"16": [
		0.159375,
		0.175
	],
	"17": [
		0.8359375,
		0.175
	],
	"18": [
		0.1375,
		0.18333333333333332
	],
	"19": [
		0.5078125,
		0.18611111111111112
	],
	"20": [
		0.4875,
		0.19444444444444445
	],
	"21": [
		0.534375,
		0.19444444444444445
	],
	"22": [
		0.425,
		0.20555555555555555
	],
	"23": [
		0.8578125,
		0.21388888888888888
	],
	"24": [
		0.215625,
		0.23055555555555557
	],
	"25": [
		0.940625,
		0.2388888888888889
	],
	"26": [
		0.246875,
		0.24444444444444444
	],
	"27": [
		0.7875,
		0.24444444444444444
	],
	"28": [
		0.0578125,
		0.25833333333333336
	],
	"29": [
		0.7328125,
		0.26666666666666666
	],
	"30": [
		0.8640625,
		0.2833333333333333
	],
	"31": [
		0.9125,
		0.2833333333333333
	],
	"32": [
		0.0890625,
		0.29444444444444445
	],
	"33": [
		0.6765625,
		0.29444444444444445
	],
	"34": [
		0.5453125,
		0.3
	],
	"35": [
		0.728125,
		0.3
	],
	"36": [
		0.646875,
		0.30277777777777776
	],
	"37": [
		0.746875,
		0.30277777777777776
	],
	"38": [
		0.8234375,
		0.3111111111111111
	],
	"39": [
		0.921875,
		0.31666666666666665
	],
	"40": [
		0.9859375,
		0.325
	],
	"41": [
		0.375,
		0.3333333333333333
	],
	"42": [
		0.571875,
		0.3333333333333333
	],
	"43": [
		0.5171875,
		0.35555555555555557
	],
	"44": [
		0.484375,
		0.38055555555555554
	],
	"45": [
		0.5015625,
		0.3861111111111111
	],
	"46": [
		0.534375,
		0.3861111111111111
	],
	"47": [
		0.5859375,
		0.3972222222222222
	],
	"48": [
		0.6203125,
		0.3972222222222222
	],
	"49": [
		0.3984375,
		0.40555555555555556
	],
	"50": [
		0.284375,
		0.41944444444444445
	],
	"51": [
		0.0859375,
		0.4388888888888889
	],
	"52": [
		0.0015625,
		0.44166666666666665
	],
	"53": [
		0.0515625,
		0.44166666666666665
	],
	"54": [
		0.4890625,
		0.4777777777777778
	],
	"55": [
		0.7828125,
		0.48055555555555557
	],
	"56": [
		0.35625,
		0.4861111111111111
	],
	"57": [
		0.0796875,
		0.49166666666666664
	],
	"58": [
		0.4546875,
		0.49444444444444446
	],
	"59": [
		0.175,
		0.49722222222222223
	],
	"60": [
		0.8234375,
		0.49722222222222223
	],
	"61": [
		0.05,
		0.5083333333333333
	],
	"62": [
		0.4234375,
		0.5083333333333333
	],
	"63": [
		0.9875,
		0.5138888888888888
	],
	"64": [
		0.115625,
		0.5194444444444445
	],
	"65": [
		0.390625,
		0.5222222222222223
	],
	"66": [
		0.6390625,
		0.525
	],
	"67": [
		0.675,
		0.5305555555555556
	],
	"68": [
		0.8234375,
		0.5305555555555556
	],
	"69": [
		0.3625,
		0.5361111111111111
	],
	"70": [
		0.0671875,
		0.5388888888888889
	],
	"71": [
		0.3453125,
		0.5444444444444444
	],
	"72": [
		0.7046875,
		0.55
	],
	"73": [
		0.00625,
		0.5666666666666667
	],
	"74": [
		0.03125,
		0.5694444444444444
	],
	"75": [
		0.0640625,
		0.5694444444444444
	],
	"76": [
		0.084375,
		0.5722222222222222
	],
	"77": [
		0.259375,
		0.5833333333333334
	],
	"78": [
		0.1828125,
		0.5916666666666667
	],
	"79": [
		0.9640625,
		0.5916666666666667
	],
	"80": [
		0.2015625,
		0.5972222222222222
	],
	"81": [
		0.234375,
		0.5972222222222222
	],
	"82": [
		0.621875,
		0.6083333333333333
	],
	"83": [
		0.7828125,
		0.6083333333333333
	],
	"84": [
		0.6703125,
		0.6222222222222222
	],
	"85": [
		0.8828125,
		0.6416666666666667
	],
	"86": [
		0.8640625,
		0.6444444444444445
	],
	"87": [
		0.75625,
		0.65
	],
	"88": [
		0.7015625,
		0.6527777777777778
	],
	"89": [
		0.6640625,
		0.6583333333333333
	],
	"90": [
		0.728125,
		0.6638888888888889
	],
	"91": [
		0.96875,
		0.6638888888888889
	],
	"92": [
		0.921875,
		0.6777777777777778
	],
	"93": [
		0.6921875,
		0.6861111111111111
	],
	"94": [
		0.6078125,
		0.6888888888888889
	],
	"95": [
		0.6625,
		0.7027777777777777
	],
	"96": [
		0.6390625,
		0.7166666666666667
	],
	"97": [
		0.5984375,
		0.7388888888888889
	],
	"98": [
		0.5421875,
		0.7722222222222223
	],
	"99": [
		0.0578125,
		0.7972222222222223
	],
	"100": [
		0.1578125,
		0.8138888888888889
	],
	"101": [
		0.196875,
		0.8222222222222222
	],
	"102": [
		0.4625,
		0.8222222222222222
	],
	"103": [
		0.296875,
		0.8416666666666667
	],
	"104": [
		0.4234375,
		0.8444444444444444
	],
	"105": [
		0.33125,
		0.85
	],
	"106": [
		0.3796875,
		0.8583333333333333
	]
}