{
	"PenaltyCircleNorthEast": [
		0.3061797752808989,
		0.26865947043085153
	],
	"EighteenYardNorthForwardEast": [
		0.41151685393258425,
		0.19485192360918904
	],
	"SixYardNorthForwardEast": [
		0.07443820224719101,
		0.23913645170218656
	]
}