{
	"CornerNorthWest": [
		0.17837078651685392,
		0.18494785777107678
	],
	"CornerNorthEast": [
		0.7865168539325843,
		0.18762826150688947
	],
	"CornerSouthEast": [
		0.8033707865168539,
		0.849687984252628
	],
	"CornerSouthWest": [
		0.175561797752809,
		0.8818528290823805
	]
}