{
	"CornerNorthEast": [
		0.199438202247191,
		0.13938099426226075
	],
	"EighteenYardNorthForwardEast": [
		0.39229533321034243,
		0.22285606299506583
	],
	"PenaltyCircleNorthWest": [
		0.13078599223645246,
		0.3926946013712604
	],
	"PenaltySpotNorth": [
		0.08546334419297989,
		0.31273501745332155
	]
}