{
	"0": [
		0.83125,
		0.31666666666666665
	],
	"1": [
		0.890625,
		0.35555555555555557
	],
	"2": [
		0.63125,
		0.19722222222222222
	],
	"3": [
		0.6171875,
		0.30277777777777776
	],
	"4": [
		0.3328125,
		0.7194444444444444
	],
	"5": [
		0.375,
		0.7972222222222223
	],
	"6": [
		0.8375,
		0.425
	],
	"7": [
		0.778125,
		0.4444444444444444
	],
	"8": [
		0.60625,
		0.12777777777777777
	],
	"9": [
		0.5609375,
		0.19722222222222222
	],
	"10": [
		0.61875,
		0.7972222222222223
	],
	"11": [
		0.61875,
		0.9027777777777778
	],
	"12": [
		0.446875,
		0.4361111111111111
	],
	"13": [
		0.3890625,
		0.41388888888888886
	],
	"14": [
		0.446875,
		0.30277777777777776
	],
	"15": [
		0.3890625,
		0.32222222222222224
	],
	"16": [
		0.8359375,
		0.3194444444444444
	],
	"17": [
		0.778125,
		0.30277777777777776
	],
	"18": [
		0.0015625,
		0.04722222222222222
	],
	"19": [
		0.0578125,
		0.075
	],
	"20": [
		0.6171875,
		0.2
	],
	"21": [
		0.6203125,
		0.30277777777777776
	],
	"22": [
		0.6203125,
		0.4
	],
	"23": [
		0.6171875,
		0.5027777777777778
	],
	"24": [
		0.6171875,
		0.5
	],
	"25": [
		0.6203125,
		0.6027777777777777
	],
	"26": [
		0.6171875,
		0.6
	],
	"27": [
		0.6203125,
		0.7027777777777777
	],
	"28": [
		0.6203125,
		0.7
	],
	"29": [
		0.6171875,
		0.8027777777777778
	],
	"30": [
		0.6140625,
		0.12777777777777777
	],
	"31": [
		0.55625,
		0.13055555555555556
	],
	"32": [
		0.61875,
		0.3
	],
	"33": [
		0.6203125,
		0.4027777777777778
	],
	"34": [
		0.725,
		0.4527777777777778
	],
	"35": [
		0.6671875,
		0.45555555555555555
	],
	"36": [
		0.1140625,
		0.9138888888888889
	],
	"37": [
		0.05625,
		0.9166666666666666
	],
	"38": [
		0.946875,
		0.9416666666666667
	],
	"39": [
		0.8890625,
		0.9388888888888889
	],
	"40": [
		0.5578125,
		0.13055555555555556
	],
	"41": [
		0.5,
		0.13055555555555556
	],
	"42": [
		0.725,
		0.12777777777777777
	],
	"43": [
		0.6671875,
		0.12777777777777777
	],
	"44": [
		0.8890625,
		0.39444444444444443
	],
	"45": [
		0.834375,
		0.42777777777777776
	],
	"46": [
		0.6671875,
		0.12777777777777777
	],
	"47": [
		0.6265625,
		0.2
	],
	"48": [
		0.6140625,
		0.12777777777777777
	],
	"49": [
		0.5609375,
		0.1638888888888889
	],
	"50": [
		0.5015625,
		0.45
	],
	"51": [
		0.4453125,
		0.4361111111111111
	],
	"52": [
		0.5015625,
		0.2916666666666667
	],
	"53": [
		0.4453125,
		0.30277777777777776
	],
	"54": [
		0.0578125,
		0.1388888888888889
	],
	"55": [
		0.0015625,
		0.13055555555555556
	],
	"56": [
		0.7796875,
		0.30277777777777776
	],
	"57": [
		0.7234375,
		0.29444444444444445
	],
	"58": [
		0.7796875,
		0.4444444444444444
	],
	"59": [
		0.7234375,
		0.4527777777777778
	],
	"60": [
		0.7796875,
		0.1527777777777778
	],
	"61": [
		0.7234375,
		0.14722222222222223
	],
	"62": [
		0.890625,
		0.15
	],
	"63": [
		0.834375,
		0.14444444444444443
	],
	"64": [
		0.0578125,
		0.04722222222222222
	],
	"65": [
		0.0015625,
		0.05
	],
	"66": [
		0.5015625,
		0.14722222222222223
	],
	"67": [
		0.4453125,
		0.15
	],
	"68": [
		0.7796875,
		0.9305555555555556
	],
	"69": [
		0.7234375,
		0.9277777777777778
	],
	"70": [
		0.890625,
		0.9388888888888889
	],
	"71": [
		0.834375,
		0.9361111111111111
	],
	"72": [
		0.66875,
		0.12777777777777777
	],
	"73": [
		0.6125,
		0.12777777777777777
	],
	"74": [
		0.6125,
		0.9222222222222223
	],
	"75": [
		0.55625,
		0.9222222222222223
	],
	"76": [
		1,
		0.9472222222222222
	],
	"77": [
		0.9453125,
		0.9416666666666667
	],
	"78": [
		0.446875,
		0.15
	],
	"79": [
		0.3921875,
		0.15
	],
	"80": [
		0.3015625,
		0.7083333333333334
	],
	"81": [
		0.3125,
		0.8027777777777778
	],
	"82": [
		0.9015625,
		0.13333333333333333
	],
	"83": [
		0.940625,
		0.2
	],
	"84": [
		0.553125,
		0.45555555555555555
	],
	"85": [
		0.5,
		0.44722222222222224
	],
	"86": [
		0.65,
		0.20555555555555555
	],
	"87": [
		0.6171875,
		0.2777777777777778
	],
	"88": [
		0.6171875,
		0.45
	],
	"89": [
		0.565625,
		0.45555555555555555
	],
	"90": [
		0.1625,
		0.9138888888888889
	],
	"91": [
		0.1125,
		0.9138888888888889
	],
	"92": [
		0.4953125,
		0.9194444444444444
	],
	"93": [
		0.4453125,
		0.9194444444444444
	],
	"94": [
		0.390625,
		0.3194444444444444
	],
	"95": [
		0.346875,
		0.3611111111111111
	],
	"96": [
		0.3859375,
		0.06111111111111111
	],
	"97": [
		0.3375,
		0.06388888888888888
	],
	"98": [
		0.1046875,
		0.1388888888888889
	],
	"99": [
		0.05625,
		0.1388888888888889
	],
	"100": [
		0.659375,
		0.925
	],
	"101": [
		0.6125,
		0.9222222222222223
	],
	"102": [
		0.725,
		0.9277777777777778
	],
	"103": [
		0.678125,
		0.9277777777777778
	],
	"104": [
		0.540625,
		0.09722222222222222
	],
	"105": [
		0.50625,
		0.1527777777777778
	],
	"106": [
		0.5859375,
		0.12777777777777777
	],
	"107": [
		0.5609375,
		0.19722222222222222
	],
	"108": [
		0.725,
		0.29444444444444445
	],
	"109": [
		0.6796875,
		0.28888888888888886
	],
	"110": [
		0.9234375,
		0.5305555555555556
	],
	"111": [
		0.8890625,
		0.5833333333333334
	],
	"112": [
		0.38125,
		0.9527777777777777
	],
	"113": [
		0.3359375,
		0.95
	],
	"114": [
		0.3359375,
		0.14722222222222223
	],
	"115": [
		0.290625,
		0.14722222222222223
	],
	"116": [
		0.9328125,
		0.14722222222222223
	],
	"117": [
		0.8890625,
		0.15
	],
	"118": [
		0.3328125,
		0.7194444444444444
	],
	"119": [
		0.3421875,
		0.7944444444444444
	],
	"120": [
		0.615625,
		0.12777777777777777
	],
	"121": [
		0.6203125,
		0.20277777777777778
	],
	"122": [
		0.8359375,
		0.15
	],
	"123": [
		0.79375,
		0.15
	],
	"124": [
		0.6578125,
		0.2861111111111111
	],
	"125": [
		0.615625,
		0.2861111111111111
	],
	"126": [
		0.35,
		0.7361111111111112
	],
	"127": [
		0.36875,
		0.8027777777777778
	],
	"128": [
		0.5640625,
		0.125
	],
	"129": [
		0.5734375,
		0.19722222222222222
	],
	"130": [
		0.78125,
		0.5055555555555555
	],
	"131": [
		0.796875,
		0.5722222222222222
	],
	"132": [
		0.375,
		0.9166666666666666
	],
	"133": [
		0.334375,
		0.9166666666666666
	],
	"134": [
		0.5828125,
		0.12777777777777777
	],
	"135": [
		0.5734375,
		0.19722222222222222
	],
	"136": [
		0.4078125,
		0.019444444444444445
	],
	"137": [
		0.4328125,
		0.075
	],
	"138": [
		0.590625,
		0.16666666666666666
	],
	"139": [
		0.55625,
		0.13055555555555556
	],
	"140": [
		0.81875,
		0.058333333333333334
	],
	"141": [
		0.7796875,
		0.06388888888888888
	],
	"142": [
		0.2046875,
		0.4027777777777778
	],
	"143": [
		0.165625,
		0.4
	],
	"144": [
		0.278125,
		0.95
	],
	"145": [
		0.2390625,
		0.95
	],
	"146": [
		0.36875,
		0.03611111111111111
	],
	"147": [
		0.3390625,
		0.07777777777777778
	],
	"148": [
		0.35625,
		0.03611111111111111
	],
	"149": [
		0.3859375,
		0.07777777777777778
	],
	"150": [
		0.9359375,
		0.2
	],
	"151": [
		0.946875,
		0.2638888888888889
	],
	"152": [
		0.6359375,
		0.12777777777777777
	],
	"153": [
		0.66875,
		0.15555555555555556
	],
	"154": [
		0.7875,
		0.5055555555555555
	],
	"155": [
		0.7875,
		0.5694444444444444
	],
	"156": [
		0.9234375,
		0.5472222222222223
	],
	"157": [
		0.8875,
		0.5472222222222223
	],
	"158": [
		0.5390625,
		0.044444444444444446
	],
	"159": [
		0.525,
		0.10277777777777777
	],
	"160": [
		0.09375,
		0.125
	],
	"161": [
		0.0609375,
		0.15
	],
	"162": [
		0.946875,
		0.25277777777777777
	],
	"163": [
		0.915625,
		0.2833333333333333
	],
	"164": [
		0.35625,
		0.7388888888888889
	],
	"165": [
		0.3390625,
		0.7944444444444444
	],
	"166": [
		0.4734375,
		0.11666666666666667
	],
	"167": [
		0.4453125,
		0.15555555555555556
	],
	"168": [
		0.9203125,
		0.5305555555555556
	],
	"169": [
		0.9078125,
		0.5888888888888889
	],
	"170": [
		0.0328125,
		0.044444444444444446
	],
	"171": [
		0.0578125,
		0.08611111111111111
	],
	"172": [
		0.346875,
		0.36944444444444446
	],
	"173": [
		0.375,
		0.4027777777777778
	],
	"174": [
		0.6484375,
		0.17222222222222222
	],
	"175": [
		0.6171875,
		0.19444444444444445
	],
	"176": [
		0.0015625,
		0.11944444444444445
	],
	"177": [
		0.03125,
		0.14722222222222223
	],
	"178": [
		0.8875,
		0.5305555555555556
	],