{
	"CornerNorthEast": [
		0.19662921348314608,
		0.15010260920551158
	],
	"EighteenYardNorthForwardEast": [
		0.40547588005215124,
		0.2839989558861916
	]
}