{
	"CornerNorthEast": [
		0.199438202247191,
		0.13938099426226075
	],
	"EighteenYardNorthForwardEast": [
		0.39229533321034243,
		0.22285606299506583
	],
	"PenaltyCircleNorthWest": [
		0.13764044943820225,
		0.3859781379570298
	],
	"PenaltySpotNorth": [
		0.08426966292134831,
		0.3243288520333375
	]
}