{
	"EighteenYardNorthRearEast": [
		0.5112359550561798,
		0.4288645977300331
	],
	"EighteenYardNorthForwardWest": [
		0.37640449438202245,
		0.6727813376889894
	],
	"EighteenYardNorthRearWest": [
		0.3188202247191011,
		0.49051388365372534
	],
	"EighteenYardNorthForwardEast": [
		0.5603932584269663,
		0.6796266164254517
	]
}