{
	"0": [
		0.3890625,
		0.3111111111111111
	],
	"1": [
		0.3484375,
		0.3972222222222222
	],
	"2": [
		0.7796875,
		0.3861111111111111
	],
	"3": [
		0.7203125,
		0.35
	],
	"4": [
		0.7796875,
		0.4111111111111111
	],
	"5": [
		0.7234375,
		0.44722222222222224
	],
	"6": [
		0.578125,
		0.2
	],
	"7": [
		0.565625,
		0.30277777777777776
	],
	"8": [
		0.446875,
		0.45555555555555555
	],
	"9": [
		0.3890625,
		0.4361111111111111
	],
	"10": [
		0.6140625,
		0.20555555555555555
	],
	"11": [
		0.55625,
		0.2222222222222222
	],
	"12": [
		0.725,
		0.3527777777777778
	],
	"13": [
		0.6671875,
		0.3388888888888889
	],
	"14": [
		0.725,
		0.44722222222222224
	],
	"15": [
		0.6671875,
		0.46111111111111114
	],
	"16": [
		0.446875,
		0.3388888888888889
	],
	"17": [
		0.3890625,
		0.35
	],
	"18": [
		0.5671875,
		0.7
	],
	"19": [
		0.5640625,
		0.8027777777777778
	],
	"20": [
		0.5640625,
		0.6
	],
	"21": [
		0.565625,
		0.7027777777777777
	],
	"22": [
		0.225,
		0.8333333333333334
	],
	"23": [
		0.1671875,
		0.8361111111111111
	],
	"24": [
		0.5578125,
		0.8388888888888889
	],
	"25": [
		0.5,
		0.8361111111111111
	],
	"26": [
		0.946875,
		0.8527777777777777
	],
	"27": [
		0.8890625,
		0.85
	],
	"28": [
		0.3359375,
		0.8333333333333334
	],
	"29": [
		0.278125,
		0.8333333333333334
	],
	"30": [
		0.6140625,
		0.8388888888888889
	],
	"31": [
		0.55625,
		0.8388888888888889
	],
	"32": [
		0.1640625,
		0.13055555555555556
	],
	"33": [
		0.1203125,
		0.19444444444444445
	],
	"34": [
		0.66875,
		0.3388888888888889
	],
	"35": [
		0.6125,
		0.33055555555555555
	],
	"36": [
		0.66875,
		0.46111111111111114
	],
	"37": [
		0.6125,
		0.4666666666666667
	],
	"38": [
		0.390625,
		0.8361111111111111
	],
	"39": [
		0.334375,
		0.8333333333333334
	],
	"40": [
		0.725,
		0.8444444444444444
	],
	"41": [
		0.66875,
		0.8416666666666667
	],
	"42": [
		0.890625,
		0.85
	],
	"43": [
		0.834375,
		0.8472222222222222
	],
	"44": [
		0.7796875,
		0.22777777777777777
	],
	"45": [
		0.7234375,
		0.22777777777777777
	],
	"46": [
		0.2796875,
		0.8333333333333334
	],
	"47": [
		0.2234375,
		0.8333333333333334
	],
	"48": [
		1,
		0.8583333333333333
	],
	"49": [
		0.9453125,
		0.8527777777777777
	],
	"50": [
		0.94375,
		0.225
	],
	"51": [
		0.8890625,
		0.22777777777777777
	],
	"52": [
		0.1671875,
		0.8361111111111111
	],
	"53": [
		0.1125,
		0.8333333333333334
	],
	"54": [
		0.5578125,
		0.20555555555555555
	],
	"55": [
		0.5921875,
		0.28055555555555556
	],
	"56": [
		0.6,
		0.20277777777777778
	],
	"57": [
		0.5625,
		0.2722222222222222
	],
	"58": [
		0.165625,
		0.14722222222222223
	],
	"59": [
		0.1125,
		0.14166666666666666
	],
	"60": [
		0.6828125,
		0.5055555555555555
	],
	"61": [
		0.6859375,
		0.6
	],
	"62": [
		0.1140625,
		0.8333333333333334
	],
	"63": [
		0.0609375,
		0.8361111111111111
	],
	"64": [
		0.6140625,
		0.4666666666666667
	],
	"65": [
		0.5640625,
		0.4861111111111111
	],
	"66": [
		0.55625,
		0.22777777777777777
	],
	"67": [
		0.5921875,
		0.2916666666666667
	],
	"68": [
		0.59375,
		0.20277777777777778
	],
	"69": [
		0.55625,
		0.2611111111111111
	],
	"70": [
		0.5640625,
		0.44722222222222224
	],
	"71": [
		0.609375,
		0.48333333333333334
	],
	"72": [
		0.3890625,
		0.3388888888888889
	],
	"73": [
		0.3484375,
		0.3888888888888889
	],
	"74": [
		0.49375,
		0.4638888888888889
	],
	"75": [
		0.4453125,
		0.45555555555555555
	],
	"76": [
		0.6609375,
		0.8416666666666667
	],
	"77": [
		0.6125,
		0.8388888888888889
	],
	"78": [
		0.390625,
		0.4361111111111111
	],
	"79": [
		0.3484375,
		0.4
	],
	"80": [
		0.5640625,
		0.44722222222222224
	],
	"81": [
		0.5921875,
		0.5055555555555555
	],
	"82": [
		0.053125,
		0.42777777777777776
	],
	"83": [
		0.0390625,
		0.5
	],
	"84": [
		0.2890625,
		0.4083333333333333
	],
	"85": [
		0.2765625,
		0.48055555555555557
	],
	"86": [
		0.4875,
		0.21944444444444444
	],
	"87": [
		0.4453125,
		0.22777777777777777
	],
	"88": [
		0.7765625,
		0.20277777777777778
	],
	"89": [
		0.8125,
		0.2388888888888889
	],
	"90": [
		0.575,
		0.2
	],
	"91": [
		0.6140625,
		0.2222222222222222
	],
	"92": [
		0.4859375,
		0.3333333333333333
	],
	"93": [
		0.4453125,
		0.3416666666666667
	],
	"94": [
		0.3859375,
		0.3
	],
	"95": [
		0.371875,
		0.36666666666666664
	],
	"96": [
		0.5328125,
		0.14722222222222223
	],
	"97": [
		0.5,
		0.18611111111111112
	],
	"98": [
		0.3671875,
		0.3
	],
	"99": [
		0.3890625,
		0.35833333333333334
	],
	"100": [
		0.3046875,
		0.43333333333333335
	],
	"101": [
		0.2765625,
		0.48055555555555557
	],
	"102": [
		0.0546875,
		0.11944444444444445
	],
	"103": [
		0.0359375,
		0.17777777777777778
	],
	"104": [
		0.446875,
		0.22777777777777777
	],
	"105": [
		0.409375,
		0.21944444444444444
	],
	"106": [
		0.88125,
		0.8805555555555555
	],
	"107": [
		0.84375,
		0.875
	],
	"108": [
		0.1640625,
		0.1361111111111111
	],
	"109": [
		0.128125,
		0.15555555555555556
	],
	"110": [
		0.3671875,
		0.3
	],
	"111": [
		0.375,
		0.3638888888888889
	],
	"112": [
		0.834375,
		0.3055555555555556
	],
	"113": [
		0.8578125,
		0.35555555555555557
	],
	"114": [
		0.0453125,
		0.11944444444444445
	],
	"115": [
		0.0578125,
		0.18055555555555555
	],
	"116": [
		0.646875,
		0.20277777777777778
	],
	"117": [
		0.6109375,
		0.2
	],
	"118": [
		0.8140625,
		0.22777777777777777
	],
	"119": [
		0.778125,
		0.23055555555555557
	],
	"120": [
		0.2890625,
		0.4083333333333333
	],
	"121": [
		0.2984375,
		0.46944444444444444
	],
	"122": [
		0.3984375,
		0.11666666666666667
	],
	"123": [
		0.40625,
		0.17777777777777778
	],
	"124": [
		0.3765625,
		0.8638888888888889
	],
	"125": [
		0.3421875,
		0.8611111111111112
	],
	"126": [
		0.084375,
		0.14444444444444443
	],
	"127": [
		0.05625,
		0.17777777777777778
	],
	"128": [
		0.6421875,
		0.2
	],
	"129": [
		0.6109375,
		0.2222222222222222
	],
	"130": [
		0.3828125,
		0.3
	],
	"131": [
		0.3890625,
		0.35833333333333334
	],
	"132": [
		0.0703125,
		0.35
	],
	"133": [
		0.071875,
		0.4083333333333333
	],
	"134": [
		0.215625,
		0.8638888888888889
	],
	"135": [
		0.1828125,
		0.8611111111111112
	],
	"136": [
		0.53125,
		0.15
	],
	"137": [
		0.55625,
		0.18611111111111112
	],
	"138": [
		0.2796875,
		0.425
	],
	"139": [
		0.2859375,
		0.48055555555555557
	],
	"140": [
		0.7765625,
		0.20555555555555555
	],
	"141": [
		0.7453125,
		0.2
	],
	"142": [
		0.8375,
		0.3
	],
	"143": [
		0.8390625,
		0.35555555555555557
	],
	"144": [
		0.1390625,
		0.125
	],
	"145": [
		0.1484375,
		0.17777777777777778
	],
	"146": [
		0.7015625,
		0.7055555555555556
	],
	"147": [
		0.6890625,
		0.7555555555555555
	],
	"148": [
		0.128125,
		0.2972222222222222
	],
	"149": [
		0.1390625,
		0.3472222222222222
	],
	"150": [
		0.603125,
		0.4583333333333333
	],
	"151": [
		0.5796875,
		0.49166666666666664
	],
	"152": [
		0.5859375,
		0.4583333333333333
	],
	"153": [
		0.6046875,
		0.5
	],
	"154": [
		0.565625,
		0.3
	],
	"155": [
		0.5640625,
		0.3527777777777778
	],
	"156": [
		0.3625,
		0.15
	],
	"157": [
		0.3328125,
		0.15
	],
	"158": [
		0.1390625,
		0.125
	],
	"159": [
		0.1640625,
		0.1527777777777778
	],
	"160": [
		0.8140625,
		0.4
	],
	"161": [
		0.8203125,
		0.45
	],
	"162": [
		0.3046875,
		0.43333333333333335
	],
	"163": [
		0.2765625,
		0.44166666666666665
	],
	"164": [
		0.5671875,
		0.5527777777777778
	],
	"165": [
		0.5640625,
		0.6027777777777777
	],
	"166": [
		0.66875,
		0.15
	],
	"167": [
		0.6421875,
		0.16666666666666666
	],
	"168": [
		0.390625,
		0.35
	],
	"169": [
		0.365625,
		0.3277777777777778
	],
	"170": [
		0.7453125,
		0.2
	],
	"171": [
		0.7234375,
		0.23055555555555557
	],
	"172": [
		0.6890625,
		0.7055555555555556
	],
	"173": [
		0.7109375,
		0.7361111111111112
	],
	"174": [
		0.8,
		0.8472222222222222
	],
	"175": [
		0.778125,
		0.8777777777777778
	],
	"176": [
		0.128125,
		0.14444444444444443
	],
	"177": [
		0.1484375,
		0.17777777777777778
	],
	"178": [
		0.81875,
		0.4027777777777778
	],
	"179": [
		0.8046875,
		0.4444444444444444
	],
	"180": [
		0.4984375,
		0.1388888888888889
	],