{
	"0": [
		0.978515625,
		0.09791666666666667
	],
	"1": [
		0.973828125,
		0.11493055555555555
	],
	"2": [
		0.71875,
		0.09756944444444444
	],
	"3": [
		0.412109375,
		0.11354166666666667
	],
	"4": [
		0.7509765625,
		0.09409722222222222
	],
	"5": [
		0.6453125,
		0.0798611111111111
	],
	"6": [
		0.495703125,
		0.07013888888888889
	],
	"7": [
		0.9494140625,
		0.1111111111111111
	],
	"8": [
		0.71796875,
		0.10833333333333334
	],
	"9": [
		0.4177734375,
		0.10486111111111111
	],
	"10": [
		0.941015625,
		0.1375
	],
	"11": [
		0.948828125,
		0.12152777777777778
	],
	"12": [
		0.7126953125,
		0.12291666666666666
	],
	"13": [
		0.2095703125,
		0.175
	],
	"14": [
		0.596484375,
		0.05763888888888889
	],
	"15": [
		0.1564453125,
		0.19895833333333332
	],
	"16": [
		0.3333984375,
		0.13194444444444445
	],
	"17": [
		0.29765625,
		0.1451388888888889
	],
	"18": [
		0.3279296875,
		0.1423611111111111
	],
	"19": [
		0.1337890625,
		0.17847222222222223
	],
	"20": [
		0.7921875,
		0.07430555555555556
	],
	"21": [
		0.7611328125,
		0.07152777777777777
	],
	"22": [
		0.2919921875,
		0.15625
	],
	"23": [
		0.27421875,
		0.16666666666666666
	],
	"24": [
		0.166015625,
		0.18784722222222222
	],
	"25": [
		0.2716796875,
		0.13819444444444445
	],
	"26": [
		0.2763671875,
		0.15729166666666666
	],
	"27": [
		0.8626953125,
		0.08402777777777778
	],
	"28": [
		0.1322265625,
		0.9038194444444444
	],
	"29": [
		0.70078125,
		0.11319444444444444
	],
	"30": [
		0.9380859375,
		0.10625
	],
	"31": [
		0.134765625,
		0.21597222222222223
	],
	"32": [
		0.1662109375,
		0.9128472222222223
	],
	"33": [
		0.3921875,
		0.125
	],
	"34": [
		0.4064453125,
		0.9663194444444444
	],
	"35": [
		0.7111328125,
		0.10868055555555556
	],
	"36": [
		0.1982421875,
		0.184375
	],
	"37": [
		0.4408203125,
		0.10208333333333333
	],
	"38": [
		0.862109375,
		0.07743055555555556
	],
	"39": [
		0.86171875,
		0.09166666666666666
	],
	"40": [
		0.9400390625,
		0.12465277777777778
	],
	"41": [
		0.9662109375,
		0.08715277777777777
	],
	"42": [
		0.3958984375,
		0.11388888888888889
	],
	"43": [
		0.2828125,
		0.12118055555555556
	],
	"44": [
		0.624609375,
		0.06041666666666667
	],
	"45": [
		0.1357421875,
		0.9055555555555556
	],
	"46": [
		0.1513671875,
		0.17291666666666666
	],
	"47": [
		0.635546875,
		0.33576388888888886
	],
	"48": [
		0.7611328125,
		0.08125
	],
	"49": [
		0.308984375,
		0.14930555555555555
	],
	"50": [
		0.180859375,
		0.19305555555555556
	],
	"51": [
		0.980078125,
		0.09131944444444444
	],
	"52": [
		0.2162109375,
		0.18125
	],
	"53": [
		0.7083984375,
		0.09131944444444444
	],
	"54": [
		0.745703125,
		0.11909722222222222
	],
	"55": [
		0.2748046875,
		0.1440972222222222
	],
	"56": [
		0.6353515625,
		0.36215277777777777
	],
	"57": [
		0.9244140625,
		0.13958333333333334
	],
	"58": [
		0.3158203125,
		0.9434027777777778
	],
	"59": [
		0.176953125,
		0.5725694444444445
	],
	"60": [
		0.02265625,
		0.8864583333333333
	],
	"61": [
		0.635546875,
		0.33541666666666664
	],
	"62": [
		0.4533203125,
		0.0920138888888889
	],
	"63": [
		0.1849609375,
		0.1954861111111111
	],
	"64": [
		0.4095703125,
		0.9663194444444444
	],
	"65": [
		0.28046875,
		0.13402777777777777
	],
	"66": [
		0.6353515625,
		0.3368055555555556
	],
	"67": [
		0.0267578125,
		0.8854166666666666
	],
	"68": [
		0.6681640625,
		0.07777777777777778
	],
	"69": [
		0.7341796875,
		0.2263888888888889
	],
	"70": [
		0.9796875,
		0.13645833333333332
	],
	"71": [
		0.211328125,
		0.190625
	],
	"72": [
		0.14453125,
		0.1763888888888889
	],
	"73": [
		0.40625,
		0.9663194444444444
	],
	"74": [
		0.7146484375,
		0.09618055555555556
	],
	"75": [
		0.399609375,
		0.12118055555555556
	],
	"76": [
		0.13984375,
		0.1996527777777778
	],
	"77": [
		0.217578125,
		0.18680555555555556
	],
	"78": [
		0.189453125,
		0.18159722222222222
	],
	"79": [
		0.280078125,
		0.16458333333333333
	],
	"80": [
		0.4595703125,
		0.10555555555555556
	],
	"81": [
		0.1455078125,
		0.21006944444444445
	],
	"82": [
		0.6392578125,
		0.35659722222222223
	],
	"83": [
		0.3177734375,
		0.14027777777777778
	],
	"84": [
		0.6939453125,
		0.09583333333333334
	],
	"85": [
		0.19609375,
		0.19166666666666668
	],
	"86": [
		0.1685546875,
		0.5788194444444444
	],
	"87": [
		0.140234375,
		0.18541666666666667
	],
	"88": [
		0.217578125,
		0.1736111111111111
	],
	"89": [
		0.42421875,
		0.10833333333333334
	],
	"90": [
		0.97890625,
		0.1423611111111111
	],
	"91": [
		0.7228515625,
		0.1111111111111111
	],
	"92": [
		0.9623046875,
		0.1232638888888889
	],
	"93": [
		0.6236328125,
		0.06944444444444445
	],
	"94": [
		0.265234375,
		0.93125
	],
	"95": [
		0.6849609375,
		0.07083333333333333
	],
	"96": [
		0.95234375,
		0.12569444444444444
	],
	"97": [
		0.704296875,
		0.10069444444444445
	],
	"98": [
		0.9728515625,
		0.13368055555555555
	],
	"99": [
		0.7919921875,
		0.08020833333333334
	],
	"100": [
		0.702734375,
		0.09513888888888888
	],
	"101": [
		0.3146484375,
		0.15104166666666666
	],
	"102": [
		0.6990234375,
		0.08645833333333333
	],
	"103": [
		0.433984375,
		0.09965277777777778
	],
	"104": [
		0.9326171875,
		0.10833333333333334
	],
	"105": [
		0.639453125,
		0.34965277777777776
	],
	"106": [
		0.5197265625,
		0.07222222222222222
	],
	"107": [
		0.966796875,
		0.09375
	],
	"108": [
		0.4369140625,
		0.10833333333333334
	],
	"109": [
		0.7455078125,
		0.11354166666666667
	],
	"110": [
		0.6095703125,
		0.30868055555555557
	],
	"111": [
		0.452734375,
		0.10625
	],
	"112": [
		0.175,
		0.20173611111111112
	],
	"113": [
		0.323046875,
		0.14756944444444445
	],
	"114": [
		0.459375,
		0.09166666666666666
	],
	"115": [
		0.286328125,
		0.1326388888888889
	],
	"116": [
		0.1162109375,
		0.2795138888888889
	],
	"117": [
		0.428125,
		0.11145833333333334
	],
	"118": [
		0.2091796875,
		0.18784722222222222
	],
	"119": [
		0.737890625,
		0.12152777777777778
	],
	"120": [
		0.17421875,
		0.18472222222222223
	],
	"121": [
		0.1712890625,
		0.20451388888888888
	],
	"122": [
		0.726171875,
		0.08611111111111111
	],
	"123": [
		0.5974609375,
		0.06284722222222222
	],
	"124": [
		0.6578125,
		0.07118055555555555
	],
	"125": [
		0.3421875,
		0.14270833333333333
	],
	"126": [
		0.2173828125,
		0.14340277777777777
	],
	"127": [
		0.16640625,
		0.20208333333333334
	],
	"128": [
		0.212109375,
		0.18680555555555556
	],
	"129": [
		0.20390625,
		0.1920138888888889
	],
	"130": [
		0.3083984375,
		0.15520833333333334
	],
	"131": [
		0.713671875,
		0.10520833333333333
	],
	"132": [
		0.97109375,
		0.12534722222222222
	],
	"133": [
		0.696875,
		0.11458333333333333
	],
	"134": [
		0.939453125,
		0.09652777777777778
	],
	"135": [
		0.32890625,
		0.2673611111111111
	],
	"136": [
		0.45234375,
		0.08784722222222222
	],
	"137": [
		0.16015625,
		0.20451388888888888
	],
	"138": [
		0.3427734375,
		0.12986111111111112
	],
	"139": [
		0.4201171875,
		0.4197916666666667
	],
	"140": [
		0.9240234375,
		0.11909722222222222
	],
	"141": [
		0.176171875,
		0.1763888888888889
	],
	"142": [
		0.9439453125,
		0.11006944444444444
	],
	"143": [
		0.9634765625,
		0.13923611111111112
	],
	"144": [
		0.041015625,
		0.5635416666666667
	],
	"145": [
		0.923828125,
		0.11284722222222222
	],
	"146": [
		0.9701171875,
		0.13229166666666667
	],
	"147": [
		0.74140625,
		0.11666666666666667
	],
	"148": [
		0.540625,
		0.10451388888888889
	],
	"149": [
		0.74296875,
		0.109375
	],
	"150": [
		0.20625,
		0.16597222222222222
	],
	"151": [
		0.416015625,
		0.115625
	],
	"152": [
		0.1654296875,
		0.17881944444444445
	],
	"153": [
		0.7236328125,
		0.12118055555555556
	],
	"154": [
		0.218359375,
		0.5451388888888888
	],
	"155": [
		0.982421875,
		0.14131944444444444
	],
	"156": [
		0.61640625,
		0.059027777777777776
	],
	"157": [
		0.2931640625,
		0.16180555555555556
	],
	"158": [
		0.330859375,
		0.12569444444444444
	],
	"159": [
		0.571875,
		0.06284722222222222
	],
	"160": [
		0.414453125,
		0.11944444444444445
	],
	"161": [
		0.2146484375,
		0.16319444444444445
	],