{
	"0": [
		0.2703125,
		0.13368055555555555
	],
	"1": [
		0.2875,
		0.06180555555555556
	],
	"2": [
		0.3955078125,
		0.14583333333333334
	],
	"3": [
		0.3609375,
		0.13472222222222222
	],
	"4": [
		0.209375,
		0.049652777777777775
	],
	"5": [
		0.29375,
		0.08645833333333333
	],
	"6": [
		0.5693359375,
		0.146875
	],
	"7": [
		0.2919921875,
		0.08958333333333333
	],
	"8": [
		0.28984375,
		0.06979166666666667
	],
	"9": [
		0.0669921875,
		0.10520833333333333
	],
	"10": [
		0.3259765625,
		0.140625
	],
	"11": [
		0.268359375,
		0.09861111111111111
	],
	"12": [
		0.3259765625,
		0.14131944444444444
	],
	"13": [
		0.533984375,
		0.1527777777777778
	],
	"14": [
		0.2703125,
		0.13368055555555555
	],
	"15": [
		0.24921875,
		0.04097222222222222
	],
	"16": [
		0.2947265625,
		0.08541666666666667
	],
	"17": [
		0.361328125,
		0.13368055555555555
	],
	"18": [
		0.4291015625,
		0.14097222222222222
	],
	"19": [
		0.4291015625,
		0.14097222222222222
	],
	"20": [
		0.36171875,
		0.13368055555555555
	],
	"21": [
		0.5,
		0.14895833333333333
	],
	"22": [
		0.50078125,
		0.14444444444444443
	],
	"23": [
		0.53515625,
		0.14201388888888888
	],
	"24": [
		0.3955078125,
		0.14479166666666668
	],
	"25": [
		0.2609375,
		0.10833333333333334
	],
	"26": [
		0.254296875,
		0.046875
	],
	"27": [
		0.2931640625,
		0.12534722222222222
	],
	"28": [
		0.3259765625,
		0.14479166666666668
	],
	"29": [
		0.2931640625,
		0.13125
	],
	"30": [
		0.4291015625,
		0.14097222222222222
	],
	"31": [
		0.2958984375,
		0.084375
	],
	"32": [
		0.3955078125,
		0.14756944444444445
	],
	"33": [
		0.0888671875,
		0.10868055555555556
	],
	"34": [
		0.09140625,
		0.10590277777777778
	],
	"35": [
		0.326171875,
		0.15208333333333332
	],
	"36": [
		0.3912109375,
		0.12743055555555555
	],
	"37": [
		0.2515625,
		0.044097222222222225
	],
	"38": [
		0.5,
		0.1440972222222222
	],
	"39": [
		0.2607421875,
		0.15
	],
	"40": [
		0.5431640625,
		0.13368055555555555
	],
	"41": [
		0.46640625,
		0.1361111111111111
	],
	"42": [
		0.2859375,
		0.09826388888888889
	],
	"43": [
		0.4640625,
		0.15208333333333332
	],
	"44": [
		0.208984375,
		0.049305555555555554
	],
	"45": [
		0.1666015625,
		0.11979166666666667
	],
	"46": [
		0.2875,
		0.0625
	],
	"47": [
		0.53515625,
		0.14201388888888888
	],
	"48": [
		0.286328125,
		0.09722222222222222
	],
	"49": [
		0.326171875,
		0.14791666666666667
	],
	"50": [
		0.293359375,
		0.12604166666666666
	],
	"51": [
		0.3955078125,
		0.14895833333333333
	],
	"52": [
		0.50078125,
		0.14270833333333333
	],
	"53": [
		0.4642578125,
		0.1482638888888889
	],
	"54": [
		0.4642578125,
		0.1482638888888889
	],
	"55": [
		0.4291015625,
		0.14097222222222222
	],
	"56": [
		0.293359375,
		0.12743055555555555
	],
	"57": [
		0.533984375,
		0.15208333333333332
	],
	"58": [
		0.4642578125,
		0.14895833333333333
	],
	"59": [
		0.3259765625,
		0.14479166666666668
	],
	"60": [
		0.3611328125,
		0.1329861111111111
	],
	"61": [
		0.253515625,
		0.04479166666666667
	],
	"62": [
		0.3263671875,
		0.14131944444444444
	],
	"63": [
		0.296484375,
		0.08541666666666667
	],
	"64": [
		0.261328125,
		0.14791666666666667
	],
	"65": [
		0.0671875,
		0.10555555555555556
	],
	"66": [
		0.2958984375,
		0.08506944444444445
	],
	"67": [
		0.464453125,
		0.15104166666666666
	],
	"68": [
		0.5001953125,
		0.1423611111111111
	],
	"69": [
		0.5431640625,
		0.13368055555555555
	],
	"70": [
		0.415625,
		0.8496527777777778
	],
	"71": [
		0.32578125,
		0.14375
	],
	"72": [
		0.5056640625,
		0.8576388888888888
	],
	"73": [
		0.1623046875,
		0.11284722222222222
	],
	"74": [
		0.3955078125,
		0.14895833333333333
	],
	"75": [
		0.251953125,
		0.04861111111111111
	],
	"76": [
		0.4291015625,
		0.14097222222222222
	],
	"77": [
		0.251953125,
		0.043402777777777776
	],
	"78": [
		0.2609375,
		0.10833333333333334
	],
	"79": [
		0.42890625,
		0.146875
	],
	"80": [
		0.5,
		0.14375
	],
	"81": [
		0.5,
		0.1486111111111111
	],
	"82": [
		0.2703125,
		0.13368055555555555
	],
	"83": [
		0.095703125,
		0.09826388888888889
	],
	"84": [
		0.290625,
		0.06145833333333333
	],
	"85": [
		0.4642578125,
		0.14895833333333333
	],
	"86": [
		0.4857421875,
		0.85625
	],
	"87": [
		0.490234375,
		0.8569444444444444
	],
	"88": [
		0.2873046875,
		0.06875
	],
	"89": [
		0.48828125,
		0.8565972222222222
	],
	"90": [
		0.3955078125,
		0.14583333333333334
	],
	"91": [
		0.56953125,
		0.14791666666666667
	],
	"92": [
		0.27265625,
		0.10798611111111112
	],
	"93": [
		0.2873046875,
		0.0625
	],
	"94": [
		0.5740234375,
		0.8638888888888889
	],
	"95": [
		0.2302734375,
		0.11944444444444445
	],
	"96": [
		0.2876953125,
		0.06354166666666666
	],
	"97": [
		0.2896484375,
		0.09375
	],
	"98": [
		0.26640625,
		0.13506944444444444
	],
	"99": [
		0.361328125,
		0.13368055555555555
	],
	"100": [
		0.2697265625,
		0.13333333333333333
	],
	"101": [
		0.5314453125,
		0.8604166666666667
	],
	"102": [
		0.1048828125,
		0.11180555555555556
	],
	"103": [
		0.361328125,
		0.13368055555555555
	],
	"104": [
		0.2556640625,
		0.11215277777777778
	],
	"105": [
		0.0525390625,
		0.09965277777777778
	],
	"106": [
		0.266015625,
		0.13506944444444444
	],
	"107": [
		0.3587890625,
		0.14131944444444444
	],
	"108": [
		0.395703125,
		0.14652777777777778
	],
	"109": [
		0.2880859375,
		0.06875
	],
	"110": [
		0.2919921875,
		0.08958333333333333
	],
	"111": [
		0.4357421875,
		0.8513888888888889
	],
	"112": [
		0.070703125,
		0.12291666666666666
	],
	"113": [
		0.5703125,
		0.14652777777777778
	],
	"114": [
		0.08671875,
		0.1125
	],
	"115": [
		0.395703125,
		0.14652777777777778
	],
	"116": [
		0.5001953125,
		0.1423611111111111
	],
	"117": [
		0.2708984375,
		0.052083333333333336
	],
	"118": [
		0.4291015625,
		0.14097222222222222
	],
	"119": [
		0.56953125,
		0.14479166666666668
	],
	"120": [
		0.260546875,
		0.10381944444444445
	],
	"121": [
		0.2880859375,
		0.0642361111111111
	],
	"122": [
		0.2955078125,
		0.08506944444444445
	],
	"123": [
		0.2515625,
		0.043402777777777776
	],
	"124": [
		0.290625,
		0.0920138888888889
	],
	"125": [
		0.4291015625,
		0.140625
	],
	"126": [
		0.088671875,
		0.10868055555555556
	],
	"127": [
		0.26953125,
		0.13333333333333333
	],
	"128": [
		0.4736328125,
		0.1329861111111111
	],
	"129": [
		0.2572265625,
		0.10833333333333334
	],
	"130": [
		0.290625,
		0.06145833333333333
	],
	"131": [
		0.095703125,
		0.09826388888888889
	],
	"132": [
		0.158984375,
		0.11736111111111111
	],
	"133": [
		0.429296875,
		0.14166666666666666
	],
	"134": [
		0.0900390625,
		0.10625
	],
	"135": [
		0.2638671875,
		0.834375
	],
	"136": [
		0.1349609375,
		0.8274305555555556
	],
	"137": [
		0.037109375,
		0.3003472222222222
	],
	"138": [
		0.3955078125,
		0.14131944444444444
	],
	"139": [
		0.3611328125,
		0.13090277777777778
	],
	"140": [
		0.2517578125,
		0.04097222222222222
	],
	"141": [
		0.4998046875,
		0.1451388888888889
	],
	"142": [
		0.5337890625,
		0.15208333333333332
	],
	"143": [
		0.294140625,
		0.13333333333333333
	],
	"144": [
		0.4291015625,
		0.140625
	],
	"145": [
		0.4998046875,
		0.1451388888888889
	],
	"146": [
		0.2828125,
		0.06041666666666667
	],
	"147": [
		0.360546875,
		0.13472222222222222
	],
	"148": [
		0.0708984375,
		0.8479166666666667
	],
	"149": [
		0.56953125,
		0.14479166666666668
	],
	"150": [
		0.2931640625,
		0.12569444444444444
	],
	"151": [
		0.2728515625,
		0.13368055555555555
	],
	"152": [
		0.2861328125,
		0.06805555555555555
	],
	"153": [
		0.15546875,
		0.8513888888888889
	],
	"154": [
		0.1556640625,
		0.18229166666666666
	],
	"155": [
		0.4291015625,
		0.140625
	],
	"156": [
		0.2705078125,
		0.1326388888888889
	],
	"157": [
		0.4291015625,
		0.14097222222222222
	],
	"158": [
		0.4640625,
		0.153125
	],
	"159": [
		0.2080078125,
		0.04895833333333333
	],
	"160": [
		0.0884765625,
		0.109375
	],
	"161": [
		0.0865234375,
		0.11423611111111111
	],
	"162": [
		0.4998046875,
		0.14479166666666668
	],
	"163": [
		0.284765625,
		0.09270833333333334
	],
	"164": [
		0.361328125,
		0.1329861111111111
	],