{
	"CornerNorthWest": [
		0.1306179775280899,
		0.35649369686309
	],
	"CornerNorthEast": [
		0.35674157303370785,
		0.08845332328181932
	],
	"CornerSouthEast": [
		0.7921348314606742,
		0.8362859655735645
	],
	"CornerSouthWest": [
		0.5168539325842697,
		0.8657704066675043
	]
}