{
	"0": [
		0.13671875,
		0.18090277777777777
	],
	"1": [
		0.2875,
		0.06180555555555556
	],
	"2": [
		0.255078125,
		0.19756944444444444
	],
	"3": [
		0.2083984375,
		0.19895833333333332
	],
	"4": [
		0.20859375,
		0.050694444444444445
	],
	"5": [
		0.291796875,
		0.08715277777777777
	],
	"6": [
		0.406640625,
		0.20173611111111112
	],
	"7": [
		0.2728515625,
		0.09270833333333334
	],
	"8": [
		0.28984375,
		0.06979166666666667
	],
	"9": [
		0.18203125,
		0.19166666666666668
	],
	"10": [
		0.1568359375,
		0.13506944444444444
	],
	"11": [
		0.18203125,
		0.19236111111111112
	],
	"12": [
		0.38046875,
		0.1986111111111111
	],
	"13": [
		0.13671875,
		0.18090277777777777
	],
	"14": [
		0.2431640625,
		0.04861111111111111
	],
	"15": [
		0.2921875,
		0.08680555555555555
	],
	"16": [
		0.2083984375,
		0.19895833333333332
	],
	"17": [
		0.2740234375,
		0.19722222222222222
	],
	"18": [
		0.2740234375,
		0.19722222222222222
	],
	"19": [
		0.207421875,
		0.19583333333333333
	],
	"20": [
		0.3404296875,
		0.19826388888888888
	],
	"21": [
		0.3404296875,
		0.19826388888888888
	],
	"22": [
		0.3810546875,
		0.19131944444444443
	],
	"23": [
		0.255859375,
		0.19618055555555555
	],
	"24": [
		0.129296875,
		0.15486111111111112
	],
	"25": [
		0.253515625,
		0.05173611111111111
	],
	"26": [
		0.1408203125,
		0.18055555555555555
	],
	"27": [
		0.18203125,
		0.19270833333333334
	],
	"28": [
		0.1408203125,
		0.18159722222222222
	],
	"29": [
		0.2740234375,
		0.19722222222222222
	],
	"30": [
		0.2931640625,
		0.08611111111111111
	],
	"31": [
		0.255078125,
		0.19756944444444444
	],
	"32": [
		0.182421875,
		0.196875
	],
	"33": [
		0.2482421875,
		0.1840277777777778
	],
	"34": [
		0.25,
		0.04895833333333333
	],
	"35": [
		0.3404296875,
		0.19826388888888888
	],
	"36": [
		0.114453125,
		0.19340277777777778
	],
	"37": [
		0.39140625,
		0.17881944444444445
	],
	"38": [
		0.31484375,
		0.190625
	],
	"39": [
		0.166015625,
		0.13680555555555557
	],
	"40": [
		0.3146484375,
		0.19791666666666666
	],
	"41": [
		0.20859375,
		0.050347222222222224
	],
	"42": [
		0.0326171875,
		0.16666666666666666
	],
	"43": [
		0.2875,
		0.0625
	],
	"44": [
		0.3810546875,
		0.19131944444444443
	],
	"45": [
		0.177734375,
		0.12743055555555555
	],
	"46": [
		0.18203125,
		0.19305555555555556
	],
	"47": [
		0.1408203125,
		0.18055555555555555
	],
	"48": [
		0.255859375,
		0.19826388888888888
	],
	"49": [
		0.3404296875,
		0.19826388888888888
	],
	"50": [
		0.3146484375,
		0.19756944444444444
	],
	"51": [
		0.3146484375,
		0.19756944444444444
	],
	"52": [
		0.2740234375,
		0.19722222222222222
	],
	"53": [
		0.1408203125,
		0.18055555555555555
	],
	"54": [
		0.38046875,
		0.19826388888888888
	],
	"55": [
		0.3146484375,
		0.19756944444444444
	],
	"56": [
		0.18203125,
		0.19270833333333334
	],
	"57": [
		0.2083984375,
		0.19895833333333332
	],
	"58": [
		0.2525390625,
		0.05
	],
	"59": [
		0.1818359375,
		0.19166666666666668
	],
	"60": [
		0.29453125,
		0.08645833333333333
	],
	"61": [
		0.1166015625,
		0.19930555555555557
	],
	"62": [
		0.2931640625,
		0.08680555555555555
	],
	"63": [
		0.314453125,
		0.1986111111111111
	],
	"64": [
		0.3404296875,
		0.19826388888888888
	],
	"65": [
		0.39140625,
		0.17881944444444445
	],
	"66": [
		0.2701171875,
		0.8545138888888889
	],
	"67": [
		0.1818359375,
		0.19166666666666668
	],
	"68": [
		0.34765625,
		0.8583333333333333
	],
	"69": [
		0.031640625,
		0.15555555555555556
	],
	"70": [
		0.255859375,
		0.19826388888888888
	],
	"71": [
		0.2515625,
		0.05277777777777778
	],
	"72": [
		0.2740234375,
		0.19722222222222222
	],
	"73": [
		0.2501953125,
		0.04895833333333333
	],
	"74": [
		0.129296875,
		0.15486111111111112
	],
	"75": [
		0.2740234375,
		0.19756944444444444
	],
	"76": [
		0.3404296875,
		0.19826388888888888
	],
	"77": [
		0.3404296875,
		0.19826388888888888
	],
	"78": [
		0.13671875,
		0.18090277777777777
	],
	"79": [
		0.290625,
		0.06145833333333333
	],
	"80": [
		0.3146484375,
		0.19756944444444444
	],
	"81": [
		0.344140625,
		0.8583333333333333
	],
	"82": [
		0.344140625,
		0.8583333333333333
	],
	"83": [
		0.2873046875,
		0.06875
	],
	"84": [
		0.3435546875,
		0.8576388888888888
	],
	"85": [
		0.255078125,
		0.19756944444444444
	],
	"86": [
		0.406640625,
		0.20173611111111112
	],
	"87": [
		0.1314453125,
		0.15763888888888888
	],
	"88": [
		0.2873046875,
		0.0625
	],
	"89": [
		0.4115234375,
		0.8607638888888889
	],
	"90": [
		0.0900390625,
		0.15347222222222223
	],
	"91": [
		0.2876953125,
		0.06354166666666666
	],
	"92": [
		0.2359375,
		0.10208333333333333
	],
	"93": [
		0.1314453125,
		0.18472222222222223
	],
	"94": [
		0.2083984375,
		0.19895833333333332
	],
	"95": [
		0.13515625,
		0.18194444444444444
	],
	"96": [
		0.3748046875,
		0.8597222222222223
	],
	"97": [
		0.2083984375,
		0.19895833333333332
	],
	"98": [
		0.1248046875,
		0.16354166666666667
	],
	"99": [
		0.1314453125,
		0.184375
	],
	"100": [
		0.2083984375,
		0.19895833333333332
	],
	"101": [
		0.255078125,
		0.19756944444444444
	],
	"102": [
		0.2880859375,
		0.06875
	],
	"103": [
		0.2728515625,
		0.09270833333333334
	],
	"104": [
		0.2755859375,
		0.8576388888888888
	],
	"105": [
		0.406640625,
		0.20243055555555556
	],
	"106": [
		0.255078125,
		0.19756944444444444
	],
	"107": [
		0.3404296875,
		0.19826388888888888
	],
	"108": [
		0.2703125,
		0.052083333333333336
	],
	"109": [
		0.2740234375,
		0.19722222222222222
	],
	"110": [
		0.406640625,
		0.20243055555555556
	],
	"111": [
		0.1314453125,
		0.14930555555555555
	],
	"112": [
		0.2880859375,
		0.0642361111111111
	],
	"113": [
		0.292578125,
		0.08715277777777777
	],
	"114": [
		0.24921875,
		0.04826388888888889
	],
	"115": [
		0.2466796875,
		0.09895833333333333
	],
	"116": [
		0.2740234375,
		0.19722222222222222
	],
	"117": [
		0.1353515625,
		0.18125
	],
	"118": [
		0.3251953125,
		0.18055555555555555
	],
	"119": [
		0.1267578125,
		0.15729166666666666
	],
	"120": [
		0.290625,
		0.06145833333333333
	],
	"121": [
		0.0279296875,
		0.16284722222222223
	],
	"122": [
		0.2740234375,
		0.19722222222222222
	],
	"123": [
		0.1421875,
		0.8475694444444445
	],
	"124": [
		0.255859375,
		0.19270833333333334
	],
	"125": [
		0.2083984375,
		0.19895833333333332
	],
	"126": [
		0.2466796875,
		0.04791666666666667
	],
	"127": [
		0.3404296875,
		0.19826388888888888
	],
	"128": [
		0.3802734375,
		0.19826388888888888
	],
	"129": [
		0.141015625,
		0.1829861111111111
	],
	"130": [
		0.2740234375,
		0.19722222222222222
	],
	"131": [
		0.3404296875,
		0.19826388888888888
	],
	"132": [
		0.2828125,
		0.06041666666666667
	],
	"133": [
		0.207421875,
		0.196875
	],
	"134": [
		0.406640625,
		0.20243055555555556
	],
	"135": [
		0.1408203125,
		0.18055555555555555
	],
	"136": [
		0.1404296875,
		0.18506944444444445
	],
	"137": [
		0.2861328125,
		0.06805555555555555
	],
	"138": [
		0.2740234375,
		0.19722222222222222
	],
	"139": [
		0.13671875,
		0.18090277777777777
	],
	"140": [
		0.2740234375,
		0.19722222222222222
	],
	"141": [
		0.3146484375,
		0.19791666666666666
	],
	"142": [
		0.2080078125,
		0.04895833333333333
	],
	"143": [
		0.3404296875,
		0.19826388888888888
	],
	"144": [
		0.251171875,
		0.09652777777777778
	],
	"145": [
		0.208203125,
		0.19895833333333332
	],
	"146": [
		0.255078125,
		0.19756944444444444
	],
	"147": [
		0.2943359375,
		0.08298611111111111
	],
	"148": [
		0.2083984375,
		0.19895833333333332
	],
	"149": [
		0.2083984375,
		0.19895833333333332
	],
	"150": [
		0.207421875,
		0.04895833333333333
	],
	"151": [
		0.2455078125,
		0.04722222222222222
	],
	"152": [
		0.0275390625,
		0.16215277777777778
	],
	"153": [
		0.0185546875,
		0.8788194444444445
	],
	"154": [
		0.2896484375,
		0.06458333333333334
	],
	"155": [
		0.2021484375,
		0.11354166666666667
	],
	"156": [
		0.2083984375,
		0.19895833333333332
	],
	"157": [
		0.254296875,
		0.18888888888888888
	],
	"158": [
		0.3357421875,
		0.18055555555555555
	],
	"159": [
		0.208203125,
		0.19895833333333332
	],