{
	"0": [
		0.3421875,
		0.9972222222222222
	],
	"1": [
		0.0015625,
		0.95
	],
	"2": [
		0.7515625,
		0.9416666666666667
	],
	"3": [
		0.5,
		0.8944444444444445
	],
	"4": [
		0.5,
		0.8944444444444445
	],
	"5": [
		0.25,
		0.8527777777777777
	],
	"6": [
		1,
		0.9916666666666667
	],
	"7": [
		0.7515625,
		0.9416666666666667
	],
	"8": [
		0.25,
		0.8527777777777777
	],
	"9": [
		0.0015625,
		0.8194444444444444
	],
	"10": [
		0.21875,
		0.25277777777777777
	],
	"11": [
		0.0015625,
		0.3888888888888889
	],
	"12": [
		0.3296875,
		0.6222222222222222
	],
	"13": [
		0.3328125,
		0.7416666666666667
	],
	"14": [
		0.3390625,
		0.5972222222222222
	],
	"15": [
		0.3265625,
		0.7138888888888889
	],
	"16": [
		0.1046875,
		0.09166666666666666
	],
	"17": [
		0.05,
		0.07777777777777778
	],
	"18": [
		0.040625,
		0.06388888888888888
	],
	"19": [
		0.078125,
		0.1111111111111111
	],
	"20": [
		0.7921875,
		0.9916666666666667
	],
	"21": [
		0.753125,
		0.9833333333333333
	],
	"22": [
		0.6828125,
		0.9666666666666667
	],
	"23": [
		0.64375,
		0.9611111111111111
	],
	"24": [
		0.3375,
		0.6583333333333333
	],
	"25": [
		0.309375,
		0.6972222222222222
	],
	"26": [
		0.6484375,
		0.7138888888888889
	],
	"27": [
		0.6234375,
		0.7527777777777778
	],
	"28": [
		0.25,
		0.23333333333333334
	],
	"29": [
		0.21875,
		0.25277777777777777
	],
	"30": [
		0.5578125,
		0.35833333333333334
	],
	"31": [
		0.5671875,
		0.4083333333333333
	],
	"32": [
		0.315625,
		0.6361111111111111
	],
	"33": [
		0.3328125,
		0.6777777777777778
	],
	"34": [
		0.334375,
		0.37222222222222223
	],
	"35": [
		0.3203125,
		0.4166666666666667
	],
	"36": [
		0.9328125,
		0.002777777777777778
	],
	"37": [
		0.9109375,
		0.03333333333333333
	],
	"38": [
		0.6953125,
		0.3972222222222222
	],
	"39": [
		0.68125,
		0.4388888888888889
	],
	"40": [
		0.6140625,
		0.6166666666666667
	],
	"41": [
		0.596875,
		0.6527777777777778
	],
	"42": [
		0.315625,
		0.6361111111111111
	],
	"43": [
		0.3375,
		0.6583333333333333
	],
	"44": [
		0.0765625,
		0.08888888888888889
	],
	"45": [
		0.0984375,
		0.1111111111111111
	],
	"46": [
		0.703125,
		0.06388888888888888
	],
	"47": [
		0.7234375,
		0.08611111111111111
	],
	"48": [
		0.5,
		0.6805555555555556
	],
	"49": [
		0.4921875,
		0.7194444444444444
	],
	"50": [
		0.721875,
		0.06388888888888888
	],
	"51": [
		0.703125,
		0.08611111111111111
	],
	"52": [
		0.5578125,
		0.35833333333333334
	],
	"53": [
		0.575,
		0.38333333333333336
	],
	"54": [
		0.5515625,
		0.17777777777777778
	],
	"55": [
		0.565625,
		0.20833333333333334
	],
	"56": [
		0.5578125,
		0.13055555555555556
	],
	"57": [
		0.5734375,
		0.1527777777777778
	],
	"58": [
		0.3765625,
		0.1527777777777778
	],
	"59": [
		0.25,
		0.23333333333333334
	],
	"60": [
		0.2515625,
		0.30277777777777776
	],
	"61": [
		0.125,
		0.3333333333333333
	],
	"62": [
		0.5015625,
		0.07222222222222222
	],
	"63": [
		0.378125,
		0.06388888888888888
	],
	"64": [
		0.26875,
		0.125
	],
	"65": [
		0.375,
		0.13333333333333333
	],
	"66": [
		0.1265625,
		0.11388888888888889
	],
	"67": [
		0.025,
		0.07222222222222222
	],
	"68": [
		0.1046875,
		0.09166666666666666
	],
	"69": [
		0.0015625,
		0.11666666666666667
	],
	"70": [
		0.7234375,
		0.08611111111111111
	],
	"71": [
		0.640625,
		0.08055555555555556
	],
	"72": [
		0.06875,
		0.15
	],
	"73": [
		0.0015625,
		0.18611111111111112
	],
	"74": [
		0.3390625,
		0.625
	],
	"75": [
		0.3328125,
		0.7416666666666667
	],
	"76": [
		0.234375,
		0.03888888888888889
	],
	"77": [
		0.1875,
		0.05555555555555555
	],
	"78": [
		0.334375,
		0.37222222222222223
	],
	"79": [
		0.328125,
		0.45
	],
	"80": [
		0.4390625,
		0.9222222222222223
	],
	"81": [
		0.4828125,
		0.9277777777777778
	],
	"82": [
		0.6953125,
		0.375
	],
	"83": [
		0.68125,
		0.4388888888888889
	],
	"84": [
		0.290625,
		0.8972222222222223
	],
	"85": [
		0.25,
		0.8888888888888888
	],
	"86": [
		0.584375,
		0.9472222222222222
	],
	"87": [
		0.54375,
		0.9416666666666667
	],
	"88": [
		0.1875,
		0.05555555555555555
	],
	"89": [
		0.146875,
		0.05
	],
	"90": [
		0.109375,
		0.9361111111111111
	],
	"91": [
		0.0796875,
		0.9638888888888889
	],
	"92": [
		0.834375,
		0.07777777777777778
	],
	"93": [
		0.8015625,
		0.075
	],
	"94": [
		0.559375,
		0.625
	],
	"95": [
		0.54375,
		0.675
	],
	"96": [
		0.1734375,
		0.8777777777777778
	],
	"97": [
		0.203125,
		0.8833333333333333
	],
	"98": [
		0.3390625,
		0.625
	],
	"99": [
		0.31875,
		0.6527777777777778
	],
	"100": [
		0.3171875,
		0.25
	],
	"101": [
		0.2953125,
		0.2833333333333333
	],
	"102": [
		0.6375,
		0.75
	],
	"103": [
		0.625,
		0.7944444444444444
	],
	"104": [
		0.165625,
		0.875
	],
	"105": [
		0.140625,
		0.8972222222222223
	],
	"106": [
		0.375,
		0.33055555555555555
	],
	"107": [
		0.3828125,
		0.37777777777777777
	],
	"108": [
		0.6046875,
		0.6777777777777778
	],
	"109": [
		0.625,
		0.7111111111111111
	],
	"110": [
		0.125,
		0.1
	],
	"111": [
		0.0984375,
		0.1111111111111111
	],
	"112": [
		0.05,
		0.07777777777777778
	],
	"113": [
		0.0609375,
		0.10833333333333334
	],
	"114": [
		0.4,
		0.1361111111111111
	],
	"115": [
		0.3765625,
		0.1527777777777778
	],
	"116": [
		0.5703125,
		0.06388888888888888
	],
	"117": [
		0.54375,
		0.06111111111111111
	],
	"118": [
		0.5140625,
		0.7527777777777778
	],
	"119": [
		0.5,
		0.7916666666666666
	],
	"120": [
		0.721875,
		0.005555555555555556
	],
	"121": [
		0.696875,
		0.008333333333333333
	],
	"122": [
		0.934375,
		0.15833333333333333
	],
	"123": [
		0.91875,
		0.19166666666666668
	],
	"124": [
		0.934375,
		0.17777777777777778
	],
	"125": [
		0.921875,
		0.21388888888888888
	],
	"126": [
		0.0546875,
		0.06388888888888888
	],
	"127": [
		0.0515625,
		0.10555555555555556
	],
	"128": [
		0.91875,
		0.08055555555555556
	],
	"129": [
		0.8953125,
		0.08333333333333333
	],
	"130": [
		0.5671875,
		0.5861111111111111
	],
	"131": [
		0.559375,
		0.625
	],
	"132": [
		0.375,
		0.33055555555555555
	],
	"133": [
		0.3640625,
		0.36666666666666664
	],
	"134": [
		0.6953125,
		0.3388888888888889
	],
	"135": [
		0.6859375,
		0.375
	],
	"136": [
		0.6953125,
		0.3388888888888889
	],
	"137": [
		0.6953125,
		0.375
	],
	"138": [
		0.91875,
		0.002777777777777778
	],
	"139": [
		0.9296875,
		0.03611111111111111
	],
	"140": [
		0.6140625,
		0.6166666666666667
	],
	"141": [
		0.615625,
		0.6611111111111111
	],
	"142": [
		0.575,
		0.38333333333333336
	],
	"143": [
		0.553125,
		0.38333333333333336
	],
	"144": [
		0.5671875,
		0.13055555555555556
	],
	"145": [
		0.56875,
		0.16666666666666666
	],
	"146": [
		0.9234375,
		0.15833333333333333
	],
	"147": [
		0.934375,
		0.17777777777777778
	],
	"148": [
		0.903125,
		0.002777777777777778
	],
	"149": [
		0.8953125,
		0.03611111111111111
	],
	"150": [
		0.3296875,
		0.4166666666666667
	],
	"151": [
		0.3171875,
		0.4444444444444444
	],
	"152": [
		0.6015625,
		0.6277777777777778
	],
	"153": [
		0.615625,
		0.6611111111111111
	],
	"154": [
		0.4625,
		0.22777777777777777
	],
	"155": [
		0.4765625,
		0.25277777777777777
	],
	"156": [
		0.284375,
		0.05555555555555555
	],
	"157": [
		0.303125,
		0.06666666666666667
	],
	"158": [
		0.6234375,
		0.7527777777777778
	],
	"159": [
		0.625,
		0.7944444444444444
	],
	"160": [
		0.125,
		0.1
	],
	"161": [
		0.146875,
		0.11666666666666667
	],
	"162": [
		0.31875,
		0.4027777777777778
	],
	"163": [
		0.3296875,
		0.4166666666666667
	],
	"164": [
		1,
		0.08333333333333333
	],
	"165": [
		0.98125,
		0.08888888888888889
	],
	"166": [
		0.6859375,
		0.375
	],
	"167": [
		0.6953125,
		0.3972222222222222
	],
	"168": [
		0.328125,
		0.45
	],
	"169": [
		0.3203125,
		0.4166666666666667
	],
	"170": [
		0.3640625,
		0.34444444444444444
	],
	"171": [
		0.3640625,
		0.36666666666666664
	],
	"172": [
		0.321875,
		0.37777777777777777
	],
	"173": [
		0.3328125,
		0.4027777777777778
	],
	"174": [
		0.575,
		0.38333333333333336
	],
	"175": [
		0.5609375,
		0.39444444444444443
	],
	"176": [
		0.55,
		0.6027777777777777
	],
	"177": [
		0.559375,
		0.625
	],