{
	"0": [
		0.18125,
		0.7111111111111111
	],
	"1": [
		0.225,
		0.7916666666666666
	],
	"2": [
		0.559375,
		0.15
	],
	"3": [
		0.5,
		0.175
	],
	"4": [
		0.946875,
		0.95
	],
	"5": [
		0.8859375,
		0.9444444444444444
	],
	"6": [
		0.28125,
		0.39444444444444443
	],
	"7": [
		0.3359375,
		0.44166666666666665
	],
	"8": [
		0.39375,
		0.3194444444444444
	],
	"9": [
		0.334375,
		0.3388888888888889
	],
	"10": [
		0.3359375,
		0.33611111111111114
	],
	"11": [
		0.28125,
		0.38055555555555554
	],
	"12": [
		0.5546875,
		0.15
	],
	"13": [
		0.6140625,
		0.16666666666666666
	],
	"14": [
		0.725,
		0.3277777777777778
	],
	"15": [
		0.665625,
		0.3138888888888889
	],
	"16": [
		0.66875,
		0.175
	],
	"17": [
		0.6109375,
		0.15
	],
	"18": [
		0.5484375,
		0.19722222222222222
	],
	"19": [
		0.5515625,
		0.30277777777777776
	],
	"20": [
		0.78125,
		0.43333333333333335
	],
	"21": [
		0.7234375,
		0.45555555555555555
	],
	"22": [
		0.390625,
		0.4583333333333333
	],
	"23": [
		0.3328125,
		0.4388888888888889
	],
	"24": [
		0.3890625,
		0.15
	],
	"25": [
		0.446875,
		0.16111111111111112
	],
	"26": [
		0.446875,
		0.3111111111111111
	],
	"27": [
		0.3890625,
		0.32222222222222224
	],
	"28": [
		0.446875,
		0.46944444444444444
	],
	"29": [
		0.3890625,
		0.4583333333333333
	],
	"30": [
		0.446875,
		0.16666666666666666
	],
	"31": [
		0.3890625,
		0.175
	],
	"32": [
		0.725,
		0.175
	],
	"33": [
		0.6671875,
		0.16944444444444445
	],
	"34": [
		0.553125,
		0.7
	],
	"35": [
		0.55,
		0.8027777777777778
	],
	"36": [
		0.553125,
		0.8
	],
	"37": [
		0.55,
		0.9027777777777778
	],
	"38": [
		0.55,
		0.3
	],
	"39": [
		0.5515625,
		0.4027777777777778
	],
	"40": [
		0.55,
		0.4
	],
	"41": [
		0.5515625,
		0.5027777777777778
	],
	"42": [
		0.1140625,
		0.9361111111111111
	],
	"43": [
		0.05625,
		0.9388888888888889
	],
	"44": [
		0.8359375,
		0.9444444444444444
	],
	"45": [
		0.778125,
		0.9416666666666667
	],
	"46": [
		0.5578125,
		0.1527777777777778
	],
	"47": [
		0.5,
		0.1527777777777778
	],
	"48": [
		0.6140625,
		0.9361111111111111
	],
	"49": [
		0.55625,
		0.9361111111111111
	],
	"50": [
		0.725,
		0.9388888888888889
	],
	"51": [
		0.6671875,
		0.9388888888888889
	],
	"52": [
		0.7796875,
		0.3472222222222222
	],
	"53": [
		0.7234375,
		0.325
	],
	"54": [
		0.446875,
		0.175
	],
	"55": [
		0.39375,
		0.1388888888888889
	],
	"56": [
		0.66875,
		0.31666666666666665
	],
	"57": [
		0.6125,
		0.30833333333333335
	],
	"58": [
		0.178125,
		0.7277777777777777
	],
	"59": [
		0.21875,
		0.7972222222222223
	],
	"60": [
		0.5015625,
		0.475
	],
	"61": [
		0.4453125,
		0.46944444444444444
	],
	"62": [
		0.5015625,
		0.15
	],
	"63": [
		0.4453125,
		0.14722222222222223
	],
	"64": [
		0.66875,
		0.9388888888888889
	],
	"65": [
		0.6125,
		0.9361111111111111
	],
	"66": [
		0.16875,
		0.9361111111111111
	],
	"67": [
		0.1125,
		0.9361111111111111
	],
	"68": [
		1,
		0.16111111111111112
	],
	"69": [
		0.9453125,
		0.16944444444444445
	],
	"70": [
		0.390625,
		0.175
	],
	"71": [
		0.3359375,
		0.17222222222222222
	],
	"72": [
		1,
		0.9527777777777777
	],
	"73": [
		0.9453125,
		0.95
	],
	"74": [
		0.6671875,
		0.1527777777777778
	],
	"75": [
		0.6125,
		0.1527777777777778
	],
	"76": [
		0.55625,
		0.9333333333333333
	],
	"77": [
		0.5015625,
		0.9333333333333333
	],
	"78": [
		0.55,
		0.6055555555555555
	],
	"79": [
		0.553125,
		0.7
	],
	"80": [
		0.6671875,
		0.31666666666666665
	],
	"81": [
		0.653125,
		0.4027777777777778
	],
	"82": [
		0.8484375,
		0.2111111111111111
	],
	"83": [
		0.8453125,
		0.3
	],
	"84": [
		0.6625,
		0.46944444444444444
	],
	"85": [
		0.6125,
		0.475
	],
	"86": [
		0.465625,
		0.5972222222222222
	],
	"87": [
		0.478125,
		0.6833333333333333
	],
	"88": [
		0.1,
		0.4
	],
	"89": [
		0.065625,
		0.4638888888888889
	],
	"90": [
		0.7765625,
		0.34444444444444444
	],
	"91": [
		0.8203125,
		0.3861111111111111
	],
	"92": [
		0.565625,
		0.19722222222222222
	],
	"93": [
		0.5578125,
		0.28055555555555556
	],
	"94": [
		0.1828125,
		0.7055555555555556
	],
	"95": [
		0.2,
		0.7833333333333333
	],
	"96": [
		0.078125,
		0.4
	],
	"97": [
		0.1015625,
		0.4722222222222222
	],
	"98": [
		0.0984375,
		0.3972222222222222
	],
	"99": [
		0.0796875,
		0.4722222222222222
	],
	"100": [
		0.81875,
		0.4
	],
	"101": [
		0.778125,
		0.4361111111111111
	],
	"102": [
		0.721875,
		0.7083333333333334
	],
	"103": [
		0.6875,
		0.7611111111111111
	],
	"104": [
		0.2203125,
		0.11944444444444445
	],
	"105": [
		0.1859375,
		0.16944444444444445
	],
	"106": [
		0.8296875,
		0.9444444444444444
	],
	"107": [
		0.796875,
		0.9972222222222222
	],
	"108": [
		0.1859375,
		0.7055555555555556
	],
	"109": [
		0.1734375,
		0.7805555555555556
	],
	"110": [
		0.8359375,
		0.9805555555555555
	],
	"111": [
		0.7921875,
		0.975
	],
	"112": [
		0.9421875,
		0.9833333333333333
	],
	"113": [
		0.8984375,
		0.9805555555555555
	],
	"114": [
		0.7234375,
		0.15
	],
	"115": [
		0.7640625,
		0.175
	],
	"116": [
		0.1015625,
		0.4722222222222222
	],
	"117": [
		0.065625,
		0.4305555555555556
	],
	"118": [
		0.0828125,
		0.4
	],
	"119": [
		0.065625,
		0.46944444444444444
	],
	"120": [
		0.6984375,
		0.7
	],
	"121": [
		0.715625,
		0.7694444444444445
	],
	"122": [
		0.0984375,
		0.3972222222222222
	],
	"123": [
		0.0953125,
		0.4722222222222222
	],
	"124": [
		0.5484375,
		0.15
	],
	"125": [
		0.5171875,
		0.2
	],
	"126": [
		0.46875,
		0.5972222222222222
	],
	"127": [
		0.45,
		0.6638888888888889
	],
	"128": [
		0.875,
		0.17222222222222222
	],
	"129": [
		0.834375,
		0.15833333333333333
	],
	"130": [
		0.1015625,
		0.43333333333333335
	],
	"131": [
		0.065625,
		0.46944444444444444
	],
	"132": [
		0.7125,
		0.6972222222222222
	],
	"133": [
		0.71875,
		0.7694444444444445
	],
	"134": [
		0.5359375,
		0.1527777777777778
	],
	"135": [
		0.5046875,
		0.2
	],
	"136": [
		0.725,
		0.45555555555555555
	],
	"137": [
		0.684375,
		0.4638888888888889
	],
	"138": [
		0.725,
		0.7027777777777777
	],
	"139": [
		0.703125,
		0.7638888888888888
	],
	"140": [
		0.2140625,
		0.9694444444444444
	],
	"141": [
		0.1734375,
		0.9722222222222222
	],
	"142": [
		0.7640625,
		0.175
	],
	"143": [
		0.7234375,
		0.175
	],
	"144": [
		0.1125,
		0.9722222222222222
	],
	"145": [
		0.071875,
		0.9722222222222222
	],
	"146": [
		0.315625,
		0.975
	],
	"147": [
		0.2765625,
		0.9666666666666667
	],
	"148": [
		0.0859375,
		0.4027777777777778
	],
	"149": [
		0.0828125,
		0.4722222222222222
	],
	"150": [
		0.3421875,
		0.04722222222222222
	],
	"151": [
		0.3671875,
		0.1
	],
	"152": [
		0.209375,
		0.1
	],
	"153": [
		0.171875,
		0.08333333333333333
	],
	"154": [
		0.1,
		0.4
	],
	"155": [
		0.065625,
		0.4305555555555556
	],
	"156": [
		0.0359375,
		0.06388888888888888
	],
	"157": [
		0.0015625,
		0.09166666666666666
	],
	"158": [
		0.0671875,
		0.4166666666666667
	],
	"159": [
		0.1015625,
		0.4444444444444444
	],
	"160": [
		0.8359375,
		0.15833333333333333
	],
	"161": [
		0.8,
		0.175
	],
	"162": [
		0.503125,
		0.14722222222222223
	],
	"163": [
		0.525,
		0.2
	],
	"164": [
		0.225,
		0.3972222222222222
	],
	"165": [
		0.2375,
		0.4583333333333333
	],
	"166": [
		0.2,
		0.1
	],
	"167": [
		0.225,
		0.14722222222222223
	],
	"168": [
		0.0671875,
		0.4166666666666667
	],
	"169": [
		0.0859375,
		0.4722222222222222
	],
	"170": [
		0.1015625,
		0.45555555555555555
	],
	"171": [
		0.065625,
		0.44722222222222224
	],
	"172": [
		0.0375,
		0.15833333333333333
	],
	"173": [
		0.0015625,
		0.1638888888888889
	],
	"174": [
		0.721875,
		0.7138888888888889
	],
	"175": [
		0.6875,
		0.7333333333333333
	],
	"176": [
		0.675,
		0.5111111111111111
	],
	"177": [
		0.6953125,
		0.5638888888888889
	],
	"178": [
		0.1015625,
		0.4305555555555556
	],
	"179": [
		0.065625,
		0.4305555555555556
	],
	"180": [
		0.7109375,
		0.6527777777777778
	],
	"181": [
		0.69375,
		0.7083333333333334
	],
	"182": [
		0.6921875,
		0.7277777777777777
	],
	"183": [
		0.71875,
		0.7694444444444445
	],
	"184": [
		0.0359375,
		0.08611111111111111
	],