{
	"CornerNorthWest": [
		0.32865168539325845,
		0.8550141303416974
	],
	"CornerNorthEast": [
		0.33286516853932585,
		0.2466386914447204
	],
	"CornerSouthWest": [
		0.6980337078651685,
		0.8851588592960521
	],
	"CornerSouthEast": [
		0.672752808988764,
		0.25211955125460306
	]
}