{
	"PenaltyCircleNorthEast": [
		0.29913473423980225,
		0.28183377369860474
	],
	"PenaltyCircleNorthWest": [
		0.14091470951792337,
		0.37973392666759376
	]
}