{
	"0": [
		0.758984375,
		0.18888888888888888
	],
	"1": [
		0.7458984375,
		0.196875
	],
	"2": [
		0.822265625,
		0.1954861111111111
	],
	"3": [
		0.19609375,
		0.18020833333333333
	],
	"4": [
		0.0173828125,
		0.1798611111111111
	],
	"5": [
		0.3115234375,
		0.18125
	],
	"6": [
		0.267578125,
		0.18055555555555555
	],
	"7": [
		0.2078125,
		0.15208333333333332
	],
	"8": [
		0.3384765625,
		0.18680555555555556
	],
	"9": [
		0.4798828125,
		0.18611111111111112
	],
	"10": [
		0.4748046875,
		0.18854166666666666
	],
	"11": [
		0.8322265625,
		0.18784722222222222
	],
	"12": [
		0.403125,
		0.18993055555555555
	],
	"13": [
		0.122265625,
		0.17222222222222222
	],
	"14": [
		0.38203125,
		0.1875
	],
	"15": [
		0.7337890625,
		0.1892361111111111
	],
	"16": [
		0.805078125,
		0.18854166666666666
	],
	"17": [
		0.184375,
		0.1829861111111111
	],
	"18": [
		0.0927734375,
		0.17916666666666667
	],
	"19": [
		0.3330078125,
		0.1857638888888889
	],
	"20": [
		0.2962890625,
		0.16805555555555557
	],
	"21": [
		0.04375,
		0.17847222222222223
	],
	"22": [
		0.1798828125,
		0.1753472222222222
	],
	"23": [
		0.4095703125,
		0.19166666666666668
	],
	"24": [
		0.11015625,
		0.18263888888888888
	],
	"25": [
		0.3384765625,
		0.18368055555555557
	],
	"26": [
		0.878515625,
		0.19236111111111112
	],
	"27": [
		0.262890625,
		0.1857638888888889
	],
	"28": [
		0.12421875,
		0.18125
	],
	"29": [
		0.240625,
		0.1798611111111111
	],
	"30": [
		0.760546875,
		0.18368055555555557
	],
	"31": [
		0.2677734375,
		0.18819444444444444
	],
	"32": [
		0.1833984375,
		0.19131944444444443
	],
	"33": [
		0.11875,
		0.165625
	],
	"34": [
		0.409765625,
		0.18645833333333334
	],
	"35": [
		0.1966796875,
		0.1795138888888889
	],
	"36": [
		0.0943359375,
		0.17743055555555556
	],
	"37": [
		0.3119140625,
		0.18819444444444444
	],
	"38": [
		0.050390625,
		0.1840277777777778
	],
	"39": [
		0.0205078125,
		0.17708333333333334
	],
	"40": [
		0.240234375,
		0.18680555555555556
	],
	"41": [
		0.0462890625,
		0.16041666666666668
	],
	"42": [
		0.1912109375,
		0.16805555555555557
	],
	"43": [
		0.4798828125,
		0.18680555555555556
	],
	"44": [
		0.4541015625,
		0.19375
	],
	"45": [
		0.73515625,
		0.2
	],
	"46": [
		0.0498046875,
		0.17847222222222223
	],
	"47": [
		0.173828125,
		0.190625
	],
	"48": [
		0.637109375,
		0.16006944444444443
	],
	"49": [
		0.834375,
		0.1875
	],
	"50": [
		0.1958984375,
		0.19166666666666668
	],
	"51": [
		0.40703125,
		0.1753472222222222
	],
	"52": [
		0.383984375,
		0.19270833333333334
	],
	"53": [
		0.71796875,
		0.16215277777777778
	],
	"54": [
		0.80703125,
		0.203125
	],
	"55": [
		0.0501953125,
		0.18680555555555556
	],
	"56": [
		0.4537109375,
		0.18715277777777778
	],
	"57": [
		0.33359375,
		0.17604166666666668
	],
	"58": [
		0.2677734375,
		0.18819444444444444
	],
	"59": [
		0.1236328125,
		0.19027777777777777
	],
	"60": [
		0.4775390625,
		0.178125
	],
	"61": [
		0.75625,
		0.18125
	],
	"62": [
		0.3380859375,
		0.1951388888888889
	],
	"63": [
		0.7603515625,
		0.19826388888888888
	],
	"64": [
		0.5498046875,
		0.1736111111111111
	],
	"65": [
		0.2078125,
		0.15208333333333332
	],
	"66": [
		0.812109375,
		0.19479166666666667
	],
	"67": [
		0.267578125,
		0.19479166666666667
	],
	"68": [
		0.09921875,
		0.16770833333333332
	],
	"69": [
		0.737890625,
		0.19375
	],
	"70": [
		0.833984375,
		0.19895833333333332
	],
	"71": [
		0.1830078125,
		0.18506944444444445
	],
	"72": [
		0.83203125,
		0.18020833333333333
	],
	"73": [
		0.833984375,
		0.19791666666666666
	],
	"74": [
		0.809375,
		0.19583333333333333
	],
	"75": [
		0.2482421875,
		0.1798611111111111
	],
	"76": [
		0.251953125,
		0.19236111111111112
	],
	"77": [
		0.7369140625,
		0.19826388888888888
	],
	"78": [
		0.4798828125,
		0.19722222222222222
	],
	"79": [
		0.4095703125,
		0.19583333333333333
	],
	"80": [
		0.0201171875,
		0.17673611111111112
	],
	"81": [
		0.8078125,
		0.1986111111111111
	],
	"82": [
		0.4798828125,
		0.19756944444444444
	],
	"83": [
		0.094921875,
		0.175
	],
	"84": [
		0.7603515625,
		0.19895833333333332
	],
	"85": [
		0.8736328125,
		0.1795138888888889
	],
	"86": [
		0.3171875,
		0.1798611111111111
	],
	"87": [
		0.74140625,
		0.18194444444444444
	],
	"88": [
		0.2671875,
		0.19444444444444445
	],
	"89": [
		0.4576171875,
		0.19444444444444445
	],
	"90": [
		0.31171875,
		0.18611111111111112
	],
	"91": [
		0.0943359375,
		0.17604166666666668
	],
	"92": [
		0.31171875,
		0.18680555555555556
	],
	"93": [
		0.5298828125,
		0.16493055555555555
	],
	"94": [
		0.7474609375,
		0.2013888888888889
	],
	"95": [
		0.8138671875,
		0.18368055555555557
	],
	"96": [
		0.034375,
		0.17708333333333334
	],
	"97": [
		0.4568359375,
		0.18680555555555556
	],
	"98": [
		0.8408203125,
		0.4170138888888889
	],
	"99": [
		0.3837890625,
		0.19166666666666668
	],
	"100": [
		0.81015625,
		0.18854166666666666
	],
	"101": [
		0.36484375,
		0.4045138888888889
	],
	"102": [
		0.0361328125,
		0.16770833333333332
	],
	"103": [
		0.8263671875,
		0.2013888888888889
	],
	"104": [
		0.23984375,
		0.18263888888888888
	],
	"105": [
		0.2625,
		0.18784722222222222
	],
	"106": [
		0.3935546875,
		0.1875
	],
	"107": [
		0.3380859375,
		0.1951388888888889
	],
	"108": [
		0.8390625,
		0.41006944444444443
	],
	"109": [
		0.365234375,
		0.4107638888888889
	],
	"110": [
		0.169921875,
		0.1638888888888889
	],
	"111": [
		0.0451171875,
		0.1798611111111111
	],
	"112": [
		0.8388671875,
		0.4239583333333333
	],
	"113": [
		0.1908203125,
		0.18645833333333334
	],
	"114": [
		0.384765625,
		0.18333333333333332
	],
	"115": [
		0.7552734375,
		0.18993055555555555
	],
	"116": [
		0.7033203125,
		0.18055555555555555
	],
	"117": [
		0.1837890625,
		0.17708333333333334
	],
	"118": [
		0.1345703125,
		0.4392361111111111
	],
	"119": [
		0.8267578125,
		0.18993055555555555
	],
	"120": [
		0.3125,
		0.18055555555555555
	],
	"121": [
		0.1830078125,
		0.18506944444444445
	],
	"122": [
		0.3654296875,
		0.4152777777777778
	],
	"123": [
		0.3646484375,
		0.41354166666666664
	],
	"124": [
		0.2517578125,
		0.15555555555555556
	],
	"125": [
		0.8400390625,
		0.41909722222222223
	],
	"126": [
		0.475,
		0.1920138888888889
	],
	"127": [
		0.4072265625,
		0.17604166666666668
	],
	"128": [
		0.738671875,
		0.18680555555555556
	],
	"129": [
		0.841015625,
		0.4114583333333333
	],
	"130": [
		0.463671875,
		0.18368055555555557
	],
	"131": [
		0.33359375,
		0.190625
	],
	"132": [
		0.6771484375,
		0.16284722222222223
	],
	"133": [
		0.39765625,
		0.18055555555555555
	],
	"134": [
		0.4662109375,
		0.19618055555555555
	],
	"135": [
		0.1724609375,
		0.16875
	],
	"136": [
		0.5966796875,
		0.7350694444444444
	],
	"137": [
		0.5640625,
		0.16909722222222223
	],
	"138": [
		0.36484375,
		0.4152777777777778
	],
	"139": [
		0.5982421875,
		0.23229166666666667
	],
	"140": [
		0.1234375,
		0.19027777777777777
	],
	"141": [
		0.365234375,
		0.4083333333333333
	],
	"142": [
		0.2626953125,
		0.171875
	],
	"143": [
		0.2408203125,
		0.17743055555555556
	],
	"144": [
		0.6044921875,
		0.17604166666666668
	],
	"145": [
		0.4763671875,
		0.18472222222222223
	],
	"146": [
		0.05,
		0.18680555555555556
	],
	"147": [
		0.27890625,
		0.15520833333333334
	],
	"148": [
		0.1814453125,
		0.17881944444444445
	],
	"149": [
		0.298828125,
		0.16215277777777778
	],
	"150": [
		0.8390625,
		0.4107638888888889
	],
	"151": [
		0.0953125,
		0.17152777777777778
	],
	"152": [
		0.676953125,
		0.16631944444444444
	],
	"153": [
		0.04375,
		0.1638888888888889
	],
	"154": [
		0.11875,
		0.18263888888888888
	],
	"155": [
		0.3650390625,
		0.4010416666666667
	],
	"156": [
		0.5966796875,
		0.7364583333333333
	],
	"157": [
		0.2275390625,
		0.14965277777777777
	],
	"158": [
		0.2052734375,
		0.1625
	],
	"159": [
		0.198828125,
		0.8802083333333334
	],
	"160": [
		0.3337890625,
		0.17048611111111112
	],
	"161": [
		0.3650390625,
		0.41631944444444446
	],
	"162": [
		0.1765625,
		0.16145833333333334
	],
	"163": [
		0.8388671875,
		0.41388888888888886
	],