{
	"PenaltySpotNorth": [
		0.08426966292134831,
		0.2868031997319596
	],
	"SixYardNorthForwardEast": [
		0.06320224719101124,
		0.24391673995895632
	],
	"EighteenYardNorthRearEast": [
		0.08567415730337079,
		0.17154583909201324
	],
	"EighteenYardNorthForwardEast": [
		0.3960674157303371,
		0.1983498764501403
	],
	"PenaltyCircleNorthEast": [
		0.29375,
		0.2877671163027859
	],
	"PenaltyCircleNorthWest": [
		0.134375,
		0.38863394057386547
	]
}