{
	"CornerNorthWest": [
		0.476123595505618,
		0.5494827658416049
	],
	"CornerNorthEast": [
		0.6154949784791965,
		0.5508264108932088
	],
	"CornerSouthWest": [
		0.4606741573033708,
		0.7531934497633707
	],
	"CornerSouthEast": [
		0.6207865168539326,
		0.7505130460275579
	]
}