{
	"CornerNorthWest": [
		0.1348314606741573,
		0.8175231394228756
	],
	"CornerNorthEast": [
		0.13764044943820225,
		0.13402018679063535
	],
	"CornerSouthEast": [
		0.8553370786516854,
		0.18226745403526406
	],
	"CornerSouthWest": [
		0.8595505617977528,
		0.8389663693093772
	]
}