{
	"0": [
		0.621484375,
		0.0798611111111111
	],
	"1": [
		0.4634765625,
		0.07291666666666667
	],
	"2": [
		0.7896484375,
		0.08784722222222222
	],
	"3": [
		0.7220703125,
		0.08263888888888889
	],
	"4": [
		0.317578125,
		0.06180555555555556
	],
	"5": [
		0.38828125,
		0.06770833333333333
	],
	"6": [
		0.542578125,
		0.07881944444444444
	],
	"7": [
		0.9728515625,
		0.09409722222222222
	],
	"8": [
		0.526171875,
		0.06076388888888889
	],
	"9": [
		0.476171875,
		0.07083333333333333
	],
	"10": [
		0.0947265625,
		0.09791666666666667
	],
	"11": [
		0.44765625,
		0.05486111111111111
	],
	"12": [
		0.6859375,
		0.06805555555555555
	],
	"13": [
		0.30625,
		0.09722222222222222
	],
	"14": [
		0.7056640625,
		0.08888888888888889
	],
	"15": [
		0.957421875,
		0.09791666666666667
	],
	"16": [
		0.6041015625,
		0.06597222222222222
	],
	"17": [
		0.398828125,
		0.06597222222222222
	],
	"18": [
		0.555078125,
		0.07569444444444444
	],
	"19": [
		0.7216796875,
		0.07465277777777778
	],
	"20": [
		0.8083984375,
		0.08159722222222222
	],
	"21": [
		0.8083984375,
		0.08159722222222222
	],
	"22": [
		0.726171875,
		0.06875
	],
	"23": [
		0.6806640625,
		0.04722222222222222
	],
	"24": [
		0.88046875,
		0.09027777777777778
	],
	"25": [
		0.6619140625,
		0.04861111111111111
	],
	"26": [
		0.898046875,
		0.08958333333333333
	],
	"27": [
		0.9509765625,
		0.07951388888888888
	],
	"28": [
		0.481640625,
		0.05798611111111111
	],
	"29": [
		0.7703125,
		0.06979166666666667
	],
	"30": [
		0.2947265625,
		0.10138888888888889
	],
	"31": [
		0.3732421875,
		0.06458333333333334
	],
	"32": [
		0.6427734375,
		0.06631944444444444
	],
	"33": [
		0.6919921875,
		0.084375
	],
	"34": [
		0.6373046875,
		0.078125
	],
	"35": [
		0.8109375,
		0.07430555555555556
	],
	"36": [
		0.5607421875,
		0.06458333333333334
	],
	"37": [
		0.7732421875,
		0.08715277777777777
	],
	"38": [
		0.4048828125,
		0.05381944444444445
	],
	"39": [
		0.122265625,
		0.10555555555555556
	],
	"40": [
		0.1201171875,
		0.10381944444444445
	],
	"41": [
		0.6919921875,
		0.09479166666666666
	],
	"42": [
		0.7509765625,
		0.06527777777777778
	],
	"43": [
		0.3751953125,
		0.07152777777777777
	],
	"44": [
		0.8333984375,
		0.059375
	],
	"45": [
		0.9025390625,
		0.07118055555555555
	],
	"46": [
		0.608984375,
		0.08784722222222222
	],
	"47": [
		0.953125,
		0.08090277777777778
	],
	"48": [
		0.858984375,
		0.06909722222222223
	],
	"49": [
		0.5322265625,
		0.07916666666666666
	],
	"50": [
		0.865234375,
		0.09618055555555556
	],
	"51": [
		0.040625,
		0.09895833333333333
	],
	"52": [
		0.3142578125,
		0.06180555555555556
	],
	"53": [
		0.2423828125,
		0.1076388888888889
	],
	"54": [
		0.4478515625,
		0.07326388888888889
	],
	"55": [
		0.0857421875,
		0.10381944444444445
	],
	"56": [
		0.324609375,
		0.053125
	],
	"57": [
		0.951171875,
		0.08263888888888889
	],
	"58": [
		0.5271484375,
		0.08020833333333334
	],
	"59": [
		0.6927734375,
		0.08958333333333333
	],
	"60": [
		0.64375,
		0.08472222222222223
	],
	"61": [
		0.7775390625,
		0.08993055555555556
	],
	"62": [
		0.9412109375,
		0.06111111111111111
	],
	"63": [
		0.9208984375,
		0.05381944444444445
	],
	"64": [
		0.903515625,
		0.09027777777777778
	],
	"65": [
		0.8611328125,
		0.07569444444444444
	],
	"66": [
		0.8609375,
		0.08090277777777778
	],
	"67": [
		0.85390625,
		0.052083333333333336
	],
	"68": [
		0.56875,
		0.04375
	],
	"69": [
		0.8072265625,
		0.0798611111111111
	],
	"70": [
		0.6341796875,
		0.07013888888888889
	],
	"71": [
		0.9595703125,
		0.09618055555555556
	],
	"72": [
		0.8658203125,
		0.08541666666666667
	],
	"73": [
		0.698828125,
		0.08958333333333333
	],
	"74": [
		0.726953125,
		0.08819444444444445
	],
	"75": [
		0.3796875,
		0.06597222222222222
	],
	"76": [
		0.853125,
		0.04826388888888889
	],
	"77": [
		0.6935546875,
		0.07465277777777778
	],
	"78": [
		0.5490234375,
		0.065625
	],
	"79": [
		0.613671875,
		0.08263888888888889
	],
	"80": [
		0.0955078125,
		0.09722222222222222
	],
	"81": [
		0.293359375,
		0.10451388888888889
	],
	"82": [
		0.5630859375,
		0.07951388888888888
	],
	"83": [
		0.857421875,
		0.05347222222222222
	],
	"84": [
		0.8677734375,
		0.09409722222222222
	],
	"85": [
		0.8984375,
		0.08333333333333333
	],
	"86": [
		0.954296875,
		0.0798611111111111
	],
	"87": [
		0.80234375,
		0.9395833333333333
	],
	"88": [
		0.695703125,
		0.08263888888888889
	],
	"89": [
		0.9099609375,
		0.9597222222222223
	],
	"90": [
		0.41484375,
		0.034027777777777775
	],
	"91": [
		0.4578125,
		0.03923611111111111
	],
	"92": [
		0.21171875,
		0.10520833333333333
	],
	"93": [
		0.7822265625,
		0.09097222222222222
	],
	"94": [
		0.330078125,
		0.06736111111111111
	],
	"95": [
		0.81328125,
		0.09340277777777778
	],
	"96": [
		0.38359375,
		0.06840277777777778
	],
	"97": [
		0.301953125,
		0.10173611111111111
	],
	"98": [
		0.796875,
		0.09444444444444444
	],
	"99": [
		0.90234375,
		0.09444444444444444
	],
	"100": [
		0.8833984375,
		0.09861111111111111
	],
	"101": [
		0.0455078125,
		0.0954861111111111
	],
	"102": [
		0.536328125,
		0.05625
	],
	"103": [
		0.6142578125,
		0.06944444444444445
	],
	"104": [
		0.119921875,
		0.10138888888888889
	],
	"105": [
		0.483984375,
		0.0763888888888889
	],
	"106": [
		0.942578125,
		0.06388888888888888
	],
	"107": [
		0.2748046875,
		0.8409722222222222
	],
	"108": [
		0.3974609375,
		0.05694444444444444
	],
	"109": [
		0.8669921875,
		0.08784722222222222
	],
	"110": [
		0.9173828125,
		0.9635416666666666
	],
	"111": [
		0.8541015625,
		0.9510416666666667
	],
	"112": [
		0.4576171875,
		0.07430555555555556
	],
	"113": [
		0.147265625,
		0.10520833333333333
	],
	"114": [
		0.87734375,
		0.9572916666666667
	],
	"115": [
		0.773828125,
		0.07708333333333334
	],
	"116": [
		0.830078125,
		0.057291666666666664
	],
	"117": [
		0.9810546875,
		0.09791666666666667
	],
	"118": [
		0.5357421875,
		0.0798611111111111
	],
	"119": [
		0.4509765625,
		0.06875
	],
	"120": [
		0.9373046875,
		0.96875
	],
	"121": [
		0.2974609375,
		0.10347222222222222
	],
	"122": [
		0.45546875,
		0.06909722222222223
	],
	"123": [
		0.4068359375,
		0.07048611111111111
	],
	"124": [
		0.53125,
		0.06944444444444445
	],
	"125": [
		0.6099609375,
		0.07291666666666667
	],
	"126": [
		0.6365234375,
		0.05277777777777778
	],
	"127": [
		0.03671875,
		0.10590277777777778
	],
	"128": [
		0.0736328125,
		0.10625
	],
	"129": [
		0.1955078125,
		0.8743055555555556
	],
	"130": [
		0.7271484375,
		0.08958333333333333
	],
	"131": [
		0.6107421875,
		0.07152777777777777
	],
	"132": [
		0.9291015625,
		0.9670138888888888
	],
	"133": [
		0.026171875,
		0.11770833333333333
	],
	"134": [
		0.1501953125,
		0.10555555555555556
	],
	"135": [
		0.7296875,
		0.09236111111111112
	],
	"136": [
		0.4681640625,
		0.06076388888888889
	],
	"137": [
		0.2966796875,
		0.10138888888888889
	],
	"138": [
		0.08984375,
		0.09861111111111111
	],
	"139": [
		0.6169921875,
		0.08263888888888889
	],
	"140": [
		0.709375,
		0.09027777777777778
	],
	"141": [
		0.2599609375,
		0.8388888888888889
	],
	"142": [
		0.7779296875,
		0.08263888888888889
	],
	"143": [
		0.4529296875,
		0.07465277777777778
	],
	"144": [
		0.879296875,
		0.04583333333333333
	],
	"145": [
		0.5427734375,
		0.08020833333333334
	],
	"146": [
		0.834375,
		0.946875
	],
	"147": [
		0.941796875,
		0.06458333333333334
	],
	"148": [
		0.5392578125,
		0.04652777777777778
	],
	"149": [
		0.0970703125,
		0.10381944444444445
	],
	"150": [
		0.965234375,
		0.08368055555555555
	],
	"151": [
		0.1115234375,
		0.10833333333333334
	],
	"152": [
		0.1384765625,
		0.10694444444444444
	],
	"153": [
		0.779296875,
		0.08125
	],
	"154": [
		0.3791015625,
		0.05347222222222222
	],
	"155": [
		0.454296875,
		0.058333333333333334
	],
	"156": [
		0.8857421875,
		0.08263888888888889
	],
	"157": [
		0.330078125,
		0.07083333333333333
	],
	"158": [
		0.45546875,
		0.041666666666666664
	],
	"159": [
		0.8134765625,
		0.09409722222222222
	],
	"160": [
		0.9810546875,
		0.08472222222222223
	],