{
	"0": [
		0.2779296875,
		0.1295138888888889
	],
	"1": [
		0.2876953125,
		0.06180555555555556
	],
	"2": [
		0.4044921875,
		0.14131944444444444
	],
	"3": [
		0.3697265625,
		0.1295138888888889
	],
	"4": [
		0.209765625,
		0.049305555555555554
	],
	"5": [
		0.294921875,
		0.08645833333333333
	],
	"6": [
		0.581640625,
		0.14201388888888888
	],
	"7": [
		0.294140625,
		0.08923611111111111
	],
	"8": [
		0.2900390625,
		0.06979166666666667
	],
	"9": [
		0.0705078125,
		0.10208333333333333
	],
	"10": [
		0.334375,
		0.13645833333333332
	],
	"11": [
		0.2712890625,
		0.09826388888888889
	],
	"12": [
		0.334375,
		0.1371527777777778
	],
	"13": [
		0.5443359375,
		0.1486111111111111
	],
	"14": [
		0.2779296875,
		0.12916666666666668
	],
	"15": [
		0.25,
		0.040625
	],
	"16": [
		0.29609375,
		0.08541666666666667
	],
	"17": [
		0.3701171875,
		0.12881944444444443
	],
	"18": [
		0.4404296875,
		0.13541666666666666
	],
	"19": [
		0.4404296875,
		0.13541666666666666
	],
	"20": [
		0.3705078125,
		0.12916666666666668
	],
	"21": [
		0.509765625,
		0.14375
	],
	"22": [
		0.5103515625,
		0.13958333333333334
	],
	"23": [
		0.5466796875,
		0.13680555555555557
	],
	"24": [
		0.4044921875,
		0.14027777777777778
	],
	"25": [
		0.2638671875,
		0.10486111111111111
	],
	"26": [
		0.254296875,
		0.046875
	],
	"27": [
		0.3025390625,
		0.12291666666666666
	],
	"28": [
		0.3345703125,
		0.140625
	],
	"29": [
		0.3015625,
		0.1267361111111111
	],
	"30": [
		0.4404296875,
		0.13541666666666666
	],
	"31": [
		0.296875,
		0.08402777777777778
	],
	"32": [
		0.4044921875,
		0.14340277777777777
	],
	"33": [
		0.094140625,
		0.1076388888888889
	],
	"34": [
		0.09609375,
		0.10520833333333333
	],
	"35": [
		0.3349609375,
		0.14791666666666667
	],
	"36": [
		0.400390625,
		0.12291666666666666
	],
	"37": [
		0.2517578125,
		0.044097222222222225
	],
	"38": [
		0.509765625,
		0.13819444444444445
	],
	"39": [
		0.2689453125,
		0.14618055555555556
	],
	"40": [
		0.554296875,
		0.1295138888888889
	],
	"41": [
		0.4771484375,
		0.13055555555555556
	],
	"42": [
		0.2900390625,
		0.09756944444444444
	],
	"43": [
		0.4744140625,
		0.14756944444444445
	],
	"44": [
		0.209375,
		0.04895833333333333
	],
	"45": [
		0.173046875,
		0.11770833333333333
	],
	"46": [
		0.2876953125,
		0.0625
	],
	"47": [
		0.5466796875,
		0.13680555555555557
	],
	"48": [
		0.2904296875,
		0.09652777777777778
	],
	"49": [
		0.334765625,
		0.14340277777777777
	],
	"50": [
		0.302734375,
		0.12361111111111112
	],
	"51": [
		0.4044921875,
		0.1451388888888889
	],
	"52": [
		0.5103515625,
		0.13784722222222223
	],
	"53": [
		0.47421875,
		0.1440972222222222
	],
	"54": [
		0.47421875,
		0.1440972222222222
	],
	"55": [
		0.4404296875,
		0.13541666666666666
	],
	"56": [
		0.30234375,
		0.12361111111111112
	],
	"57": [
		0.5443359375,
		0.14791666666666667
	],
	"58": [
		0.47421875,
		0.14479166666666668
	],
	"59": [
		0.3345703125,
		0.140625
	],
	"60": [
		0.369921875,
		0.128125
	],
	"61": [
		0.253515625,
		0.04479166666666667
	],
	"62": [
		0.3349609375,
		0.13680555555555557
	],
	"63": [
		0.29765625,
		0.08541666666666667
	],
	"64": [
		0.269921875,
		0.14340277777777777
	],
	"65": [
		0.070703125,
		0.10243055555555555
	],
	"66": [
		0.296875,
		0.08472222222222223
	],
	"67": [
		0.47421875,
		0.14722222222222223
	],
	"68": [
		0.510546875,
		0.13784722222222223
	],
	"69": [
		0.554296875,
		0.1295138888888889
	],
	"70": [
		0.424609375,
		0.853125
	],
	"71": [
		0.334375,
		0.13958333333333334
	],
	"72": [
		0.5201171875,
		0.8618055555555556
	],
	"73": [
		0.1677734375,
		0.11180555555555556
	],
	"74": [
		0.4044921875,
		0.1451388888888889
	],
	"75": [
		0.251953125,
		0.04861111111111111
	],
	"76": [
		0.4404296875,
		0.13541666666666666
	],
	"77": [
		0.2521484375,
		0.043402777777777776
	],
	"78": [
		0.2638671875,
		0.10486111111111111
	],
	"79": [
		0.440625,
		0.14270833333333333
	],
	"80": [
		0.509765625,
		0.13784722222222223
	],
	"81": [
		0.509765625,
		0.14340277777777777
	],
	"82": [
		0.2779296875,
		0.1295138888888889
	],
	"83": [
		0.0966796875,
		0.09826388888888889
	],
	"84": [
		0.2908203125,
		0.06145833333333333
	],
	"85": [
		0.47421875,
		0.14479166666666668
	],
	"86": [
		0.494921875,
		0.859375
	],
	"87": [
		0.4978515625,
		0.8600694444444444
	],
	"88": [
		0.2875,
		0.06875
	],
	"89": [
		0.49609375,
		0.8597222222222223
	],
	"90": [
		0.4044921875,
		0.14131944444444444
	],
	"91": [
		0.5818359375,
		0.14305555555555555
	],
	"92": [
		0.2794921875,
		0.10416666666666667
	],
	"93": [
		0.2875,
		0.0625
	],
	"94": [
		0.5875,
		0.8684027777777777
	],
	"95": [
		0.2376953125,
		0.11736111111111111
	],
	"96": [
		0.287890625,
		0.06354166666666666
	],
	"97": [
		0.29296875,
		0.09305555555555556
	],
	"98": [
		0.27421875,
		0.13194444444444445
	],
	"99": [
		0.3701171875,
		0.12881944444444443
	],
	"100": [
		0.2775390625,
		0.12881944444444443
	],
	"101": [
		0.5419921875,
		0.8642361111111111
	],
	"102": [
		0.1095703125,
		0.109375
	],
	"103": [
		0.3701171875,
		0.12881944444444443
	],
	"104": [
		0.2609375,
		0.11006944444444444
	],
	"105": [
		0.0552734375,
		0.09791666666666667
	],
	"106": [
		0.2740234375,
		0.13194444444444445
	],
	"107": [
		0.36796875,
		0.13784722222222223
	],
	"108": [
		0.4046875,
		0.1423611111111111
	],
	"109": [
		0.28828125,
		0.06875
	],
	"110": [
		0.294140625,
		0.08923611111111111
	],
	"111": [
		0.4501953125,
		0.8559027777777778
	],
	"112": [
		0.076171875,
		0.11875
	],
	"113": [
		0.58125,
		0.14131944444444444
	],
	"114": [
		0.0921875,
		0.11006944444444444
	],
	"115": [
		0.4046875,
		0.1423611111111111
	],
	"116": [
		0.510546875,
		0.13784722222222223
	],
	"117": [
		0.2708984375,
		0.052083333333333336
	],
	"118": [
		0.4404296875,
		0.13541666666666666
	],
	"119": [
		0.5818359375,
		0.1388888888888889
	],
	"120": [
		0.26171875,
		0.10347222222222222
	],
	"121": [
		0.28828125,
		0.0642361111111111
	],
	"122": [
		0.296484375,
		0.08472222222222223
	],
	"123": [
		0.2517578125,
		0.043402777777777776
	],
	"124": [
		0.293359375,
		0.09131944444444444
	],
	"125": [
		0.4404296875,
		0.13506944444444444
	],
	"126": [
		0.0939453125,
		0.1076388888888889
	],
	"127": [
		0.2771484375,
		0.12916666666666668
	],
	"128": [
		0.484375,
		0.12916666666666668
	],
	"129": [
		0.259765625,
		0.10659722222222222
	],
	"130": [
		0.2908203125,
		0.06145833333333333
	],
	"131": [
		0.0966796875,
		0.09826388888888889
	],
	"132": [
		0.165234375,
		0.11423611111111111
	],
	"133": [
		0.4404296875,
		0.13576388888888888
	],
	"134": [
		0.0951171875,
		0.10555555555555556
	],
	"135": [
		0.2705078125,
		0.8371527777777777
	],
	"136": [
		0.14296875,
		0.8295138888888889
	],
	"137": [
		0.04296875,
		0.2965277777777778
	],
	"138": [
		0.4044921875,
		0.1361111111111111
	],
	"139": [
		0.369921875,
		0.12534722222222222
	],
	"140": [
		0.2525390625,
		0.04097222222222222
	],
	"141": [
		0.5095703125,
		0.13923611111111112
	],
	"142": [
		0.544140625,
		0.14791666666666667
	],
	"143": [
		0.301953125,
		0.1284722222222222
	],
	"144": [
		0.4404296875,
		0.13506944444444444
	],
	"145": [
		0.5095703125,
		0.13923611111111112
	],
	"146": [
		0.2828125,
		0.06041666666666667
	],
	"147": [
		0.3693359375,
		0.13020833333333334
	],
	"148": [
		0.0763671875,
		0.85
	],
	"149": [
		0.5818359375,
		0.1388888888888889
	],
	"150": [
		0.3025390625,
		0.1232638888888889
	],
	"151": [
		0.2802734375,
		0.1295138888888889
	],
	"152": [
		0.2861328125,
		0.06805555555555555
	],
	"153": [
		0.1625,
		0.8534722222222222
	],
	"154": [
		0.1638671875,
		0.17847222222222223
	],
	"155": [
		0.4404296875,
		0.13506944444444444
	],
	"156": [
		0.2783203125,
		0.128125
	],
	"157": [
		0.4404296875,
		0.13541666666666666
	],
	"158": [
		0.4744140625,
		0.1486111111111111
	],
	"159": [
		0.2087890625,
		0.04791666666666667
	],
	"160": [
		0.09375,
		0.10833333333333334
	],
	"161": [
		0.0916015625,
		0.11041666666666666
	],
	"162": [
		0.5095703125,
		0.13958333333333334
	],