{
	"CornerNorthEast": [
		0.199438202247191,
		0.13938099426226075
	],
	"EighteenYardNorthForwardEast": [
		0.39010606676343,
		0.22512761099531511
	],
	"PenaltyCircleNorthWest": [
		0.13078599223645246,
		0.3926946013712604
	],
	"PenaltySpotNorth": [
		0.08129015621256276,
		0.32600886691665587
	]
}