{
	"CornerNorthWest": [
		0.18679775280898878,
		0.18762826150688947
	],
	"CornerNorthEast": [
		0.7865168539325843,
		0.18762826150688947
	],
	"CornerSouthEast": [
		0.8230337078651685,
		0.8657704066675043
	],
	"CornerSouthWest": [
		0.175561797752809,
		0.8818528290823805
	]
}