{
	"0": [
		0.4896484375,
		0.051041666666666666
	],
	"1": [
		0.33046875,
		0.04756944444444444
	],
	"2": [
		0.6576171875,
		0.0625
	],
	"3": [
		0.6068359375,
		0.06111111111111111
	],
	"4": [
		0.2447265625,
		0.04027777777777778
	],
	"5": [
		0.4103515625,
		0.051041666666666666
	],
	"6": [
		0.856640625,
		0.07326388888888889
	],
	"7": [
		0.4072265625,
		0.04618055555555556
	],
	"8": [
		0.357421875,
		0.04618055555555556
	],
	"9": [
		0.091796875,
		0.09513888888888888
	],
	"10": [
		0.56796875,
		0.051041666666666666
	],
	"11": [
		0.3005859375,
		0.09444444444444444
	],
	"12": [
		0.5701171875,
		0.06041666666666667
	],
	"13": [
		0.8318359375,
		0.07708333333333334
	],
	"14": [
		0.484375,
		0.04652777777777778
	],
	"15": [
		0.28828125,
		0.03715277777777778
	],
	"16": [
		0.43828125,
		0.05347222222222222
	],
	"17": [
		0.6078125,
		0.053125
	],
	"18": [
		0.6939453125,
		0.06180555555555556
	],
	"19": [
		0.6939453125,
		0.06180555555555556
	],
	"20": [
		0.609765625,
		0.04895833333333333
	],
	"21": [
		0.764453125,
		0.07152777777777777
	],
	"22": [
		0.7818359375,
		0.06875
	],
	"23": [
		0.8314453125,
		0.059722222222222225
	],
	"24": [
		0.653125,
		0.053125
	],
	"25": [
		0.293359375,
		0.10104166666666667
	],
	"26": [
		0.272265625,
		0.03923611111111111
	],
	"27": [
		0.5275390625,
		0.04861111111111111
	],
	"28": [
		0.568359375,
		0.06701388888888889
	],
	"29": [
		0.5212890625,
		0.05763888888888889
	],
	"30": [
		0.69609375,
		0.058680555555555555
	],
	"31": [
		0.4451171875,
		0.04583333333333333
	],
	"32": [
		0.653125,
		0.06875
	],
	"33": [
		0.1095703125,
		0.10243055555555555
	],
	"34": [
		0.11015625,
		0.10034722222222223
	],
	"35": [
		0.5693359375,
		0.07291666666666667
	],
	"36": [
		0.63671875,
		0.04131944444444444
	],
	"37": [
		0.2837890625,
		0.040625
	],
	"38": [
		0.7853515625,
		0.06041666666666667
	],
	"39": [
		0.4865234375,
		0.06770833333333333
	],
	"40": [
		0.833984375,
		0.06111111111111111
	],
	"41": [
		0.7439453125,
		0.05173611111111111
	],
	"42": [
		0.4076171875,
		0.058333333333333334
	],
	"43": [
		0.741015625,
		0.07743055555555556
	],
	"44": [
		0.246875,
		0.03958333333333333
	],
	"45": [
		0.228515625,
		0.10798611111111112
	],
	"46": [
		0.326171875,
		0.04826388888888889
	],
	"47": [
		0.0466796875,
		0.08888888888888889
	],
	"48": [
		0.8314453125,
		0.059722222222222225
	],
	"49": [
		0.4056640625,
		0.05798611111111111
	],
	"50": [
		0.5681640625,
		0.06875
	],
	"51": [
		0.5275390625,
		0.05347222222222222
	],
	"52": [
		0.65390625,
		0.07152777777777777
	],
	"53": [
		0.7853515625,
		0.06388888888888888
	],
	"54": [
		0.741015625,
		0.06076388888888889
	],
	"55": [
		0.7408203125,
		0.0642361111111111
	],
	"56": [
		0.6935546875,
		0.06180555555555556
	],
	"57": [
		0.5201171875,
		0.05138888888888889
	],
	"58": [
		0.8322265625,
		0.07673611111111112
	],
	"59": [
		0.740625,
		0.06944444444444445
	],
	"60": [
		0.5701171875,
		0.065625
	],
	"61": [
		0.6109375,
		0.058333333333333334
	],
	"62": [
		0.2767578125,
		0.04027777777777778
	],
	"63": [
		0.5705078125,
		0.05659722222222222
	],
	"64": [
		0.4314453125,
		0.043055555555555555
	],
	"65": [
		0.487890625,
		0.06458333333333334
	],
	"66": [
		0.0931640625,
		0.09513888888888888
	],
	"67": [
		0.291796875,
		0.10381944444444445
	],
	"68": [
		0.4455078125,
		0.04861111111111111
	],
	"69": [
		0.741015625,
		0.07708333333333334
	],
	"70": [
		0.78359375,
		0.06458333333333334
	],
	"71": [
		0.833984375,
		0.06111111111111111
	],
	"72": [
		0.6689453125,
		0.9211805555555556
	],
	"73": [
		0.5689453125,
		0.06458333333333334
	],
	"74": [
		0.7822265625,
		0.9395833333333333
	],
	"75": [
		0.2091796875,
		0.10520833333333333
	],
	"76": [
		0.6541015625,
		0.07291666666666667
	],
	"77": [
		0.261328125,
		0.044444444444444446
	],
	"78": [
		0.69609375,
		0.0625
	],
	"79": [
		0.2828125,
		0.03958333333333333
	],
	"80": [
		0.3005859375,
		0.10069444444444445
	],
	"81": [
		0.6791015625,
		0.07152777777777777
	],
	"82": [
		0.784375,
		0.06597222222222222
	],
	"83": [
		0.7671875,
		0.07569444444444444
	],
	"84": [
		0.490234375,
		0.049305555555555554
	],
	"85": [
		0.1095703125,
		0.096875
	],
	"86": [
		0.3650390625,
		0.044097222222222225
	],
	"87": [
		0.13515625,
		0.8420138888888888
	],
	"88": [
		0.740625,
		0.06944444444444445
	],
	"89": [
		0.7798828125,
		0.9427083333333334
	],
	"90": [
		0.7482421875,
		0.9357638888888888
	],
	"91": [
		0.3291015625,
		0.05173611111111111
	],
	"92": [
		0.75546875,
		0.9388888888888889
	],
	"93": [
		0.6541015625,
		0.06145833333333333
	],
	"94": [
		0.8595703125,
		0.07395833333333333
	],
	"95": [
		0.4078125,
		0.059375
	],
	"96": [
		0.327734375,
		0.04722222222222222
	],
	"97": [
		0.857421875,
		0.9527777777777777
	],
	"98": [
		0.296484375,
		0.10277777777777777
	],
	"99": [
		0.3291015625,
		0.049305555555555554
	],
	"100": [
		0.40703125,
		0.05277777777777778
	],
	"101": [
		0.4869140625,
		0.058333333333333334
	],
	"102": [
		0.0404296875,
		0.08611111111111111
	],
	"103": [
		0.0576171875,
		0.8840277777777777
	],
	"104": [
		0.6103515625,
		0.058680555555555555
	],
	"105": [
		0.4873046875,
		0.05347222222222222
	],
	"106": [
		0.8294921875,
		0.95
	],
	"107": [
		0.1431640625,
		0.10416666666666667
	],
	"108": [
		0.6115234375,
		0.05798611111111111
	],
	"109": [
		0.295703125,
		0.10104166666666667
	],
	"110": [
		0.0830078125,
		0.09513888888888888
	],
	"111": [
		0.4896484375,
		0.059027777777777776
	],
	"112": [
		0.59453125,
		0.06631944444444444
	],
	"113": [
		0.1333984375,
		0.8402777777777778
	],
	"114": [
		0.6537109375,
		0.06493055555555556
	],
	"115": [
		0.3283203125,
		0.051041666666666666
	],
	"116": [
		0.4095703125,
		0.05173611111111111
	],
	"117": [
		0.691796875,
		0.9267361111111111
	],
	"118": [
		0.0962890625,
		0.10173611111111111
	],
	"119": [
		0.8400390625,
		0.060069444444444446
	],
	"120": [
		0.1087890625,
		0.10347222222222222
	],
	"121": [
		0.1296875,
		0.10520833333333333
	],
	"122": [
		0.6537109375,
		0.06527777777777778
	],
	"123": [
		0.7685546875,
		0.059722222222222225
	],
	"124": [
		0.2859375,
		0.05
	],
	"125": [
		0.6953125,
		0.06215277777777778
	],
	"126": [
		0.8646484375,
		0.06388888888888888
	],
	"127": [
		0.298046875,
		0.10208333333333333
	],
	"128": [
		0.3294921875,
		0.049305555555555554
	],
	"129": [
		0.4453125,
		0.053125
	],
	"130": [
		0.2810546875,
		0.03923611111111111
	],
	"131": [
		0.407421875,
		0.05277777777777778
	],
	"132": [
		0.6931640625,
		0.06805555555555555
	],
	"133": [
		0.1134765625,
		0.8371527777777777
	],
	"134": [
		0.109765625,
		0.103125
	],
	"135": [
		0.4921875,
		0.06111111111111111
	],
	"136": [
		0.748828125,
		0.05763888888888889
	],
	"137": [
		0.037109375,
		0.08402777777777778
	],
	"138": [
		0.2943359375,
		0.10104166666666667
	],
	"139": [
		0.36484375,
		0.04583333333333333
	],
	"140": [
		0.1337890625,
		0.840625
	],
	"141": [
		0.1095703125,
		0.096875
	],
	"142": [
		0.209765625,
		0.10659722222222222
	],
	"143": [
		0.695703125,
		0.052083333333333336
	],
	"144": [
		0.109375,
		0.10069444444444445
	],
	"145": [
		0.4671875,
		0.8881944444444444
	],
	"146": [
		0.1826171875,
		0.8479166666666667
	],
	"147": [
		0.344921875,
		0.8715277777777778
	],
	"148": [
		0.2271484375,
		0.24513888888888888
	],
	"149": [
		0.6607421875,
		0.05416666666666667
	],
	"150": [
		0.61015625,
		0.04583333333333333
	],
	"151": [
		0.2947265625,
		0.034722222222222224
	],
	"152": [
		0.781640625,
		0.071875
	],
	"153": [
		0.830078125,
		0.07847222222222222
	],
	"154": [
		0.525,
		0.06493055555555556
	],
	"155": [
		0.6931640625,
		0.06701388888888889
	],
	"156": [
		0.7646484375,
		0.05763888888888889
	],
	"157": [
		0.2955078125,
		0.057291666666666664
	],
	"158": [
		0.038671875,
		0.08506944444444445
	],
	"159": [
		0.0689453125,
		0.8732638888888888
	],
	"160": [
		0.5943359375,
		0.051041666666666666
	],
	"161": [
		0.2609375,
		0.8927083333333333
	],