{
	"0": [
		0.7431640625,
		0.09131944444444444
	],
	"1": [
		0.428125,
		0.10729166666666666
	],
	"2": [
		0.778125,
		0.084375
	],
	"3": [
		0.6666015625,
		0.07256944444444445
	],
	"4": [
		0.5130859375,
		0.06180555555555556
	],
	"5": [
		0.98203125,
		0.10486111111111111
	],
	"6": [
		0.74296875,
		0.10069444444444445
	],
	"7": [
		0.433203125,
		0.09895833333333333
	],
	"8": [
		0.9765625,
		0.12708333333333333
	],
	"9": [
		0.9806640625,
		0.11319444444444444
	],
	"10": [
		0.7375,
		0.11527777777777778
	],
	"11": [
		0.21875,
		0.17118055555555556
	],
	"12": [
		0.6181640625,
		0.050347222222222224
	],
	"13": [
		0.1630859375,
		0.19618055555555555
	],
	"14": [
		0.346484375,
		0.12638888888888888
	],
	"15": [
		0.3078125,
		0.140625
	],
	"16": [
		0.3392578125,
		0.13680555555555557
	],
	"17": [
		0.1408203125,
		0.1736111111111111
	],
	"18": [
		0.8220703125,
		0.06666666666666667
	],
	"19": [
		0.78828125,
		0.06215277777777778
	],
	"20": [
		0.3017578125,
		0.1517361111111111
	],
	"21": [
		0.2841796875,
		0.1638888888888889
	],
	"22": [
		0.1736328125,
		0.18472222222222223
	],
	"23": [
		0.2814453125,
		0.13368055555555555
	],
	"24": [
		0.2853515625,
		0.15208333333333332
	],
	"25": [
		0.8939453125,
		0.0763888888888889
	],
	"26": [
		0.1390625,
		0.9194444444444444
	],
	"27": [
		0.7251953125,
		0.10555555555555556
	],
	"28": [
		0.972265625,
		0.09895833333333333
	],
	"29": [
		0.1419921875,
		0.21319444444444444
	],
	"30": [
		0.171484375,
		0.9277777777777778
	],
	"31": [
		0.4064453125,
		0.12361111111111112
	],
	"32": [
		0.7373046875,
		0.09965277777777778
	],
	"33": [
		0.20546875,
		0.18055555555555555
	],
	"34": [
		0.4560546875,
		0.0954861111111111
	],
	"35": [
		0.894140625,
		0.06909722222222223
	],
	"36": [
		0.894140625,
		0.08263888888888889
	],
	"37": [
		0.9751953125,
		0.11527777777777778
	],
	"38": [
		0.4103515625,
		0.10625
	],
	"39": [
		0.29140625,
		0.11701388888888889
	],
	"40": [
		0.6466796875,
		0.05277777777777778
	],
	"41": [
		0.13828125,
		0.9197916666666667
	],
	"42": [
		0.1583984375,
		0.16909722222222223
	],
	"43": [
		0.6583984375,
		0.33784722222222224
	],
	"44": [
		0.7880859375,
		0.07118055555555555
	],
	"45": [
		0.319921875,
		0.14444444444444443
	],
	"46": [
		0.188671875,
		0.18888888888888888
	],
	"47": [
		0.2251953125,
		0.178125
	],
	"48": [
		0.7326171875,
		0.08368055555555555
	],
	"49": [
		0.7720703125,
		0.11180555555555556
	],
	"50": [
		0.284375,
		0.13993055555555556
	],
	"51": [
		0.658203125,
		0.3625
	],
	"52": [
		0.95859375,
		0.13541666666666666
	],
	"53": [
		0.321484375,
		0.9597222222222223
	],
	"54": [
		0.18359375,
		0.5791666666666667
	],
	"55": [
		0.017578125,
		0.8993055555555556
	],
	"56": [
		0.6583984375,
		0.3375
	],
	"57": [
		0.469921875,
		0.08472222222222223
	],
	"58": [
		0.1931640625,
		0.19166666666666668
	],
	"59": [
		0.28984375,
		0.13020833333333334
	],
	"60": [
		0.658203125,
		0.3385416666666667
	],
	"61": [
		0.0212890625,
		0.8979166666666667
	],
	"62": [
		0.6916015625,
		0.07013888888888889
	],
	"63": [
		0.7595703125,
		0.22395833333333334
	],
	"64": [
		0.219921875,
		0.1875
	],
	"65": [
		0.1513671875,
		0.17222222222222222
	],
	"66": [
		0.741015625,
		0.08784722222222222
	],
	"67": [
		0.4134765625,
		0.11597222222222223
	],
	"68": [
		0.1458984375,
		0.196875
	],
	"69": [
		0.2263671875,
		0.18333333333333332
	],
	"70": [
		0.197265625,
		0.17743055555555556
	],
	"71": [
		0.2896484375,
		0.15902777777777777
	],
	"72": [
		0.4755859375,
		0.09895833333333333
	],
	"73": [
		0.1513671875,
		0.2076388888888889
	],
	"74": [
		0.662109375,
		0.35659722222222223
	],
	"75": [
		0.3306640625,
		0.134375
	],
	"76": [
		0.71953125,
		0.08958333333333333
	],
	"77": [
		0.204296875,
		0.18784722222222222
	],
	"78": [
		0.177734375,
		0.5840277777777778
	],
	"79": [
		0.1470703125,
		0.18229166666666666
	],
	"80": [
		0.2267578125,
		0.16979166666666667
	],
	"81": [
		0.4390625,
		0.10277777777777777
	],
	"82": [
		0.746875,
		0.10486111111111111
	],
	"83": [
		0.6462890625,
		0.06145833333333333
	],
	"84": [
		0.2814453125,
		0.9506944444444444
	],
	"85": [
		0.7126953125,
		0.060069444444444446
	],
	"86": [
		0.7287109375,
		0.09305555555555556
	],
	"87": [
		0.821484375,
		0.07256944444444445
	],
	"88": [
		0.727734375,
		0.08819444444444445
	],
	"89": [
		0.32734375,
		0.14583333333333334
	],
	"90": [
		0.72421875,
		0.07847222222222222
	],
	"91": [
		0.45,
		0.09236111111111112
	],
	"92": [
		0.9673828125,
		0.10104166666666667
	],
	"93": [
		0.6615234375,
		0.3506944444444444
	],
	"94": [
		0.5376953125,
		0.06458333333333334
	],
	"95": [
		0.45234375,
		0.10243055555555555
	],
	"96": [
		0.7720703125,
		0.10694444444444444
	],
	"97": [
		0.632421875,
		0.30833333333333335
	],
	"98": [
		0.46953125,
		0.09930555555555555
	],
	"99": [
		0.1818359375,
		0.1986111111111111
	],
	"100": [
		0.334765625,
		0.14270833333333333
	],
	"101": [
		0.4759765625,
		0.08472222222222223
	],
	"102": [
		0.2962890625,
		0.128125
	],
	"103": [
		0.122265625,
		0.27847222222222223
	],
	"104": [
		0.4423828125,
		0.10555555555555556
	],
	"105": [
		0.2185546875,
		0.18368055555555557
	],
	"106": [
		0.7662109375,
		0.11527777777777778
	],
	"107": [
		0.1814453125,
		0.18125
	],
	"108": [
		0.17890625,
		0.20104166666666667
	],
	"109": [
		0.751953125,
		0.07777777777777778
	],
	"110": [
		0.618359375,
		0.05520833333333333
	],
	"111": [
		0.6818359375,
		0.06354166666666666
	],
	"112": [
		0.3546875,
		0.1375
	],
	"113": [
		0.2267578125,
		0.1371527777777778
	],
	"114": [
		0.17421875,
		0.1996527777777778
	],
	"115": [
		0.2205078125,
		0.18368055555555557
	],
	"116": [
		0.212109375,
		0.18888888888888888
	],
	"117": [
		0.31953125,
		0.15034722222222222
	],
	"118": [
		0.7384765625,
		0.096875
	],
	"119": [
		0.7224609375,
		0.10833333333333334
	],
	"120": [
		0.9740234375,
		0.08923611111111111
	],
	"121": [
		0.341796875,
		0.2652777777777778
	],
	"122": [
		0.46875,
		0.08090277777777778
	],
	"123": [
		0.166796875,
		0.20208333333333334
	],
	"124": [
		0.3556640625,
		0.12465277777777778
	],
	"125": [
		0.4361328125,
		0.42256944444444444
	],
	"126": [
		0.9587890625,
		0.11493055555555555
	],
	"127": [
		0.18359375,
		0.17256944444444444
	],
	"128": [
		0.9771484375,
		0.103125
	],
	"129": [
		0.0369140625,
		0.5677083333333334
	],
	"130": [
		0.95859375,
		0.109375
	],
	"131": [
		0.7689453125,
		0.11006944444444444
	],
	"132": [
		0.559765625,
		0.09791666666666667
	],
	"133": [
		0.7708984375,
		0.10243055555555555
	],
	"134": [
		0.2154296875,
		0.16215277777777778
	],
	"135": [
		0.4318359375,
		0.11006944444444444
	],
	"136": [
		0.17265625,
		0.175
	],
	"137": [
		0.7474609375,
		0.11423611111111111
	],
	"138": [
		0.227734375,
		0.5506944444444445
	],
	"139": [
		0.6392578125,
		0.051041666666666666
	],
	"140": [
		0.3033203125,
		0.15694444444444444
	],
	"141": [
		0.3427734375,
		0.12048611111111111
	],
	"142": [
		0.5923828125,
		0.05555555555555555
	],
	"143": [
		0.43046875,
		0.11319444444444444
	],
	"144": [
		0.223046875,
		0.15833333333333333
	],
	"145": [
		0.8224609375,
		0.07048611111111111
	],
	"146": [
		0.43125,
		0.09027777777777778
	],
	"147": [
		0.0552734375,
		0.39826388888888886
	],
	"148": [
		0.967578125,
		0.12152777777777778
	],
	"149": [
		0.9806640625,
		0.12118055555555556
	],
	"150": [
		0.3505859375,
		0.14131944444444444
	],
	"151": [
		0.9759765625,
		0.11527777777777778
	],
	"152": [
		0.9259765625,
		0.0798611111111111
	],
	"153": [
		0.223046875,
		0.16527777777777777
	],
	"154": [
		0.188671875,
		0.17291666666666666
	],
	"155": [
		0.304296875,
		0.13472222222222222
	],
	"156": [
		0.7599609375,
		0.10833333333333334
	],
	"157": [
		0.3478515625,
		0.14097222222222222
	],
	"158": [
		0.6173828125,
		0.05625
	],
	"159": [
		0.5205078125,
		0.06701388888888889
	],
	"160": [
		0.4216796875,
		0.4340277777777778
	],
	"161": [
		0.73671875,
		0.09652777777777778
	],