{
	"SixYardNorthRearWest": [
		0.09648127128263337,
		0.20381101540067867
	],
	"PenaltyCircleNorthEast": [
		0.44721906923950056,
		0.1637170451579222
	]
}