{
	"SixYardNorthForwardWest": [
		0.21141374837872892,
		0.5816487037576463
	],
	"EighteenYardNorthForwardWest": [
		0.3787289234760052,
		0.8277308476551122
	],
	"SixYardNorthForwardEast": [
		0.6316472114137484,
		0.4026798718322167
	],
	"EighteenYardNorthRearEast": [
		0.6705577172503242,
		0.2833673172152636
	],
	"GoalPostNorthWest": [
		0.16990920881971466,
		0.5070783571220507
	]
}