{
	"CornerNorthWest": [
		0.20926966292134833,
		0.2358755287515182
	],
	"CornerNorthEast": [
		0.6306179775280899,
		0.26535996984545795
	],
	"CornerSouthEast": [
		0.6741573033707865,
		0.8362859655735645
	],
	"CornerSouthWest": [
		0.16713483146067415,
		0.8282447543661264
	]
}