{
	"EighteenYardNorthForwardEast": [
		0.4002808988764045,
		0.21175189512920384
	],
	"PenaltyCircleNorthWest": [
		0.14074914869466515,
		0.3742103889323936
	],
	"EighteenYardNorthRearEast": [
		0.08707865168539326,
		0.18599501799058954
	],
	"SixYardNorthForwardEast": [
		0.07303370786516854,
		0.2599991623738326
	],
	"PenaltySpotNorth": [
		0.09129213483146068,
		0.32475320601531504
	]
}