{
	"CornerNorthWest": [
		0.18679775280898878,
		0.18762826150688947
	],
	"CornerNorthEast": [
		0.7823033707865169,
		0.21979310633664195
	],
	"CornerSouthEast": [
		0.8230337078651685,
		0.8657704066675043
	],
	"CornerSouthWest": [
		0.1853932584269663,
		0.849687984252628
	]
}