{
	"0": [
		0.165234375,
		0.18090277777777777
	],
	"1": [
		0.2875,
		0.06180555555555556
	],
	"2": [
		0.278125,
		0.19444444444444445
	],
	"3": [
		0.2361328125,
		0.19236111111111112
	],
	"4": [
		0.20859375,
		0.050694444444444445
	],
	"5": [
		0.291796875,
		0.08715277777777777
	],
	"6": [
		0.4310546875,
		0.19826388888888888
	],
	"7": [
		0.2798828125,
		0.09270833333333334
	],
	"8": [
		0.28984375,
		0.06979166666666667
	],
	"9": [
		0.2123046875,
		0.18958333333333333
	],
	"10": [
		0.1841796875,
		0.1295138888888889
	],
	"11": [
		0.2123046875,
		0.19027777777777777
	],
	"12": [
		0.4060546875,
		0.19722222222222222
	],
	"13": [
		0.165234375,
		0.18090277777777777
	],
	"14": [
		0.2447265625,
		0.04895833333333333
	],
	"15": [
		0.2921875,
		0.08680555555555555
	],
	"16": [
		0.2361328125,
		0.19236111111111112
	],
	"17": [
		0.3015625,
		0.19444444444444445
	],
	"18": [
		0.3015625,
		0.19444444444444445
	],
	"19": [
		0.2361328125,
		0.1909722222222222
	],
	"20": [
		0.3666015625,
		0.19444444444444445
	],
	"21": [
		0.3666015625,
		0.19444444444444445
	],
	"22": [
		0.4052734375,
		0.19027777777777777
	],
	"23": [
		0.278125,
		0.19305555555555556
	],
	"24": [
		0.158203125,
		0.15347222222222223
	],
	"25": [
		0.253515625,
		0.05173611111111111
	],
	"26": [
		0.1724609375,
		0.17916666666666667
	],
	"27": [
		0.2119140625,
		0.190625
	],
	"28": [
		0.1724609375,
		0.1798611111111111
	],
	"29": [
		0.3015625,
		0.19444444444444445
	],
	"30": [
		0.2931640625,
		0.08611111111111111
	],
	"31": [
		0.278125,
		0.19444444444444445
	],
	"32": [
		0.2123046875,
		0.1954861111111111
	],
	"33": [
		0.2728515625,
		0.18055555555555555
	],
	"34": [
		0.25,
		0.049305555555555554
	],
	"35": [
		0.3666015625,
		0.19444444444444445
	],
	"36": [
		0.1470703125,
		0.19375
	],
	"37": [
		0.4125,
		0.17604166666666668
	],
	"38": [
		0.341796875,
		0.18888888888888888
	],
	"39": [
		0.192578125,
		0.13402777777777777
	],
	"40": [
		0.34140625,
		0.196875
	],
	"41": [
		0.20859375,
		0.050347222222222224
	],
	"42": [
		0.0630859375,
		0.1638888888888889
	],
	"43": [
		0.2875,
		0.0625
	],
	"44": [
		0.4052734375,
		0.19027777777777777
	],
	"45": [
		0.2025390625,
		0.12361111111111112
	],
	"46": [
		0.2119140625,
		0.1909722222222222
	],
	"47": [
		0.1724609375,
		0.17916666666666667
	],
	"48": [
		0.2783203125,
		0.1951388888888889
	],
	"49": [
		0.3666015625,
		0.19444444444444445
	],
	"50": [
		0.34140625,
		0.19652777777777777
	],
	"51": [
		0.34140625,
		0.19652777777777777
	],
	"52": [
		0.3015625,
		0.19444444444444445
	],
	"53": [
		0.1724609375,
		0.17916666666666667
	],
	"54": [
		0.4060546875,
		0.196875
	],
	"55": [
		0.34140625,
		0.19652777777777777
	],
	"56": [
		0.2119140625,
		0.190625
	],
	"57": [
		0.2361328125,
		0.19236111111111112
	],
	"58": [
		0.2525390625,
		0.05
	],
	"59": [
		0.212109375,
		0.18993055555555555
	],
	"60": [
		0.29453125,
		0.08645833333333333
	],
	"61": [
		0.1490234375,
		0.19479166666666667
	],
	"62": [
		0.2931640625,
		0.08680555555555555
	],
	"63": [
		0.341796875,
		0.196875
	],
	"64": [
		0.3666015625,
		0.19444444444444445
	],
	"65": [
		0.4125,
		0.17604166666666668
	],
	"66": [
		0.2978515625,
		0.8409722222222222
	],
	"67": [
		0.212109375,
		0.18993055555555555
	],
	"68": [
		0.3787109375,
		0.8451388888888889
	],
	"69": [
		0.06328125,
		0.15381944444444445
	],
	"70": [
		0.2783203125,
		0.1951388888888889
	],
	"71": [
		0.2515625,
		0.05277777777777778
	],
	"72": [
		0.3015625,
		0.19444444444444445
	],
	"73": [
		0.2501953125,
		0.049305555555555554
	],
	"74": [
		0.158203125,
		0.15347222222222223
	],
	"75": [
		0.3015625,
		0.19618055555555555
	],
	"76": [
		0.3666015625,
		0.19444444444444445
	],
	"77": [
		0.3666015625,
		0.19444444444444445
	],
	"78": [
		0.165234375,
		0.18090277777777777
	],
	"79": [
		0.290625,
		0.06145833333333333
	],
	"80": [
		0.34140625,
		0.19652777777777777
	],
	"81": [
		0.3705078125,
		0.8458333333333333
	],
	"82": [
		0.370703125,
		0.8451388888888889
	],
	"83": [
		0.2873046875,
		0.06875
	],
	"84": [
		0.3705078125,
		0.8454861111111112
	],
	"85": [
		0.278125,
		0.19444444444444445
	],
	"86": [
		0.4310546875,
		0.19826388888888888
	],
	"87": [
		0.1625,
		0.1545138888888889
	],
	"88": [
		0.2873046875,
		0.0625
	],
	"89": [
		0.4357421875,
		0.8475694444444445
	],
	"90": [
		0.1185546875,
		0.15208333333333332
	],
	"91": [
		0.2876953125,
		0.06354166666666666
	],
	"92": [
		0.243359375,
		0.10104166666666667
	],
	"93": [
		0.158984375,
		0.18229166666666666
	],
	"94": [
		0.2361328125,
		0.19236111111111112
	],
	"95": [
		0.163671875,
		0.18194444444444444
	],
	"96": [
		0.3990234375,
		0.846875
	],
	"97": [
		0.2361328125,
		0.19236111111111112
	],
	"98": [
		0.1533203125,
		0.16215277777777778
	],
	"99": [
		0.158984375,
		0.18194444444444444
	],
	"100": [
		0.2361328125,
		0.19236111111111112
	],
	"101": [
		0.278125,
		0.19444444444444445
	],
	"102": [
		0.2880859375,
		0.06875
	],
	"103": [
		0.2798828125,
		0.09270833333333334
	],
	"104": [
		0.3078125,
		0.8444444444444444
	],
	"105": [
		0.43046875,
		0.19791666666666666
	],
	"106": [
		0.278125,
		0.19444444444444445
	],
	"107": [
		0.3666015625,
		0.19444444444444445
	],
	"108": [
		0.2703125,
		0.052083333333333336
	],
	"109": [
		0.3015625,
		0.19444444444444445
	],
	"110": [
		0.43046875,
		0.19791666666666666
	],
	"111": [
		0.16171875,
		0.14652777777777778
	],
	"112": [
		0.2880859375,
		0.0642361111111111
	],
	"113": [
		0.292578125,
		0.08715277777777777
	],
	"114": [
		0.24921875,
		0.049305555555555554
	],
	"115": [
		0.248828125,
		0.09895833333333333
	],
	"116": [
		0.3015625,
		0.19444444444444445
	],
	"117": [
		0.163671875,
		0.18159722222222222
	],
	"118": [
		0.348046875,
		0.1763888888888889
	],
	"119": [
		0.1568359375,
		0.15659722222222222
	],
	"120": [
		0.290625,
		0.06145833333333333
	],
	"121": [
		0.0580078125,
		0.1607638888888889
	],
	"122": [
		0.3015625,
		0.19444444444444445
	],
	"123": [
		0.171875,
		0.8329861111111111
	],
	"124": [
		0.025,
		0.8336805555555555
	],
	"125": [
		0.2783203125,
		0.18958333333333333
	],
	"126": [
		0.2361328125,
		0.19236111111111112
	],
	"127": [
		0.247265625,
		0.04895833333333333
	],
	"128": [
		0.3666015625,
		0.19444444444444445
	],
	"129": [
		0.40546875,
		0.19722222222222222
	],
	"130": [
		0.172265625,
		0.18159722222222222
	],
	"131": [
		0.3015625,
		0.19444444444444445
	],
	"132": [
		0.3666015625,
		0.19444444444444445
	],
	"133": [
		0.2828125,
		0.06041666666666667
	],
	"134": [
		0.236328125,
		0.19409722222222223
	],
	"135": [
		0.43046875,
		0.19791666666666666
	],
	"136": [
		0.1724609375,
		0.17916666666666667
	],
	"137": [
		0.16796875,
		0.17881944444444445
	],
	"138": [
		0.2861328125,
		0.06805555555555555
	],
	"139": [
		0.0525390625,
		0.8576388888888888
	],
	"140": [
		0.0462890625,
		0.22430555555555556
	],
	"141": [
		0.3015625,
		0.19444444444444445
	],
	"142": [
		0.165234375,
		0.18090277777777777
	],
	"143": [
		0.3015625,
		0.19444444444444445
	],
	"144": [
		0.34140625,
		0.196875
	],
	"145": [
		0.2080078125,
		0.04895833333333333
	],
	"146": [
		0.3666015625,
		0.19444444444444445
	],
	"147": [
		0.251953125,
		0.09652777777777778
	],
	"148": [
		0.2361328125,
		0.19166666666666668
	],
	"149": [
		0.278125,
		0.19444444444444445
	],
	"150": [
		0.2943359375,
		0.08298611111111111
	],
	"151": [
		0.2361328125,
		0.19236111111111112
	],
	"152": [
		0.2361328125,
		0.19236111111111112
	],
	"153": [
		0.207421875,
		0.04895833333333333
	],
	"154": [
		0.0525390625,
		0.8548611111111111
	],
	"155": [
		0.246484375,
		0.049305555555555554
	],
	"156": [
		0.0580078125,
		0.1597222222222222
	],
	"157": [
		0.052734375,
		0.8611111111111112
	],
	"158": [
		0.2896484375,
		0.06458333333333334
	],
	"159": [
		0.219140625,
		0.11180555555555556
	],
	"160": [
		0.2361328125,
		0.19236111111111112
	],
	"161": [
		0.2775390625,
		0.18506944444444445
	],
	"162": [
		0.358984375,
		0.1795138888888889
	],