{
	"0": [
		0.8103515625,
		0.19652777777777777
	],
	"1": [
		0.798828125,
		0.20277777777777778
	],
	"2": [
		0.0853515625,
		0.1840277777777778
	],
	"3": [
		0.86953125,
		0.20173611111111112
	],
	"4": [
		0.28984375,
		0.1857638888888889
	],
	"5": [
		0.1369140625,
		0.17708333333333334
	],
	"6": [
		0.3958984375,
		0.18680555555555556
	],
	"7": [
		0.3537109375,
		0.18784722222222222
	],
	"8": [
		0.306640625,
		0.16701388888888888
	],
	"9": [
		0.419921875,
		0.19131944444444443
	],
	"10": [
		0.5505859375,
		0.19340277777777778
	],
	"11": [
		0.54375,
		0.1986111111111111
	],
	"12": [
		0.8794921875,
		0.19652777777777777
	],
	"13": [
		0.476171875,
		0.19722222222222222
	],
	"14": [
		0.2232421875,
		0.18333333333333332
	],
	"15": [
		0.4609375,
		0.18784722222222222
	],
	"16": [
		0.787890625,
		0.1951388888888889
	],
	"17": [
		0.02734375,
		0.17430555555555555
	],
	"18": [
		0.85625,
		0.19375
	],
	"19": [
		0.09453125,
		0.1798611111111111
	],
	"20": [
		0.278125,
		0.19027777777777777
	],
	"21": [
		0.2025390625,
		0.18055555555555555
	],
	"22": [
		0.41328125,
		0.19618055555555555
	],
	"23": [
		0.0185546875,
		0.17847222222222223
	],
	"24": [
		0.385546875,
		0.17048611111111112
	],
	"25": [
		0.1517578125,
		0.18680555555555556
	],
	"26": [
		0.2693359375,
		0.18229166666666666
	],
	"27": [
		0.4845703125,
		0.19375
	],
	"28": [
		0.071484375,
		0.1753472222222222
	],
	"29": [
		0.2119140625,
		0.18888888888888888
	],
	"30": [
		0.425,
		0.17916666666666667
	],
	"31": [
		0.9275390625,
		0.19479166666666667
	],
	"32": [
		0.34921875,
		0.1951388888888889
	],
	"33": [
		0.229296875,
		0.17673611111111112
	],
	"34": [
		0.332421875,
		0.18611111111111112
	],
	"35": [
		0.8150390625,
		0.18784722222222222
	],
	"36": [
		0.3599609375,
		0.17881944444444445
	],
	"37": [
		0.0306640625,
		0.16527777777777777
	],
	"38": [
		0.273046875,
		0.1954861111111111
	],
	"39": [
		0.22265625,
		0.17777777777777778
	],
	"40": [
		0.49140625,
		0.18611111111111112
	],
	"41": [
		0.294921875,
		0.17673611111111112
	],
	"42": [
		0.207421875,
		0.19270833333333334
	],
	"43": [
		0.3984375,
		0.1996527777777778
	],
	"44": [
		0.1,
		0.17291666666666666
	],
	"45": [
		0.1658203125,
		0.17708333333333334
	],
	"46": [
		0.140625,
		0.1909722222222222
	],
	"47": [
		0.3353515625,
		0.2
	],
	"48": [
		0.1591796875,
		0.17673611111111112
	],
	"49": [
		0.2873046875,
		0.1795138888888889
	],
	"50": [
		0.554296875,
		0.18472222222222223
	],
	"51": [
		0.5283203125,
		0.20416666666666666
	],
	"52": [
		0.7908203125,
		0.20729166666666668
	],
	"53": [
		0.1611328125,
		0.18055555555555555
	],
	"54": [
		0.259375,
		0.1986111111111111
	],
	"55": [
		0.7,
		0.17083333333333334
	],
	"56": [
		0.0919921875,
		0.17326388888888888
	],
	"57": [
		0.8884765625,
		0.1875
	],
	"58": [
		0.2990234375,
		0.19652777777777777
	],
	"59": [
		0.0748046875,
		0.18645833333333334
	],
	"60": [
		0.481640625,
		0.1857638888888889
	],
	"61": [
		0.1205078125,
		0.15416666666666667
	],
	"62": [
		0.464453125,
		0.20277777777777778
	],
	"63": [
		0.7751953125,
		0.16666666666666666
	],
	"64": [
		0.8576171875,
		0.2107638888888889
	],
	"65": [
		0.1669921875,
		0.1920138888888889
	],
	"66": [
		0.526953125,
		0.190625
	],
	"67": [
		0.415234375,
		0.18472222222222223
	],
	"68": [
		0.355078125,
		0.18333333333333332
	],
	"69": [
		0.233984375,
		0.19652777777777777
	],
	"70": [
		0.547265625,
		0.18784722222222222
	],
	"71": [
		0.8091796875,
		0.1909722222222222
	],
	"72": [
		0.4267578125,
		0.20034722222222223
	],
	"73": [
		0.81875,
		0.20243055555555556
	],
	"74": [
		0.0353515625,
		0.18541666666666667
	],
	"75": [
		0.023828125,
		0.16979166666666667
	],
	"76": [
		0.6146484375,
		0.17916666666666667
	],
	"77": [
		0.30546875,
		0.16701388888888888
	],
	"78": [
		0.8630859375,
		0.20173611111111112
	],
	"79": [
		0.36171875,
		0.19826388888888888
	],
	"80": [
		0.20859375,
		0.17673611111111112
	],
	"81": [
		0.7935546875,
		0.20069444444444445
	],
	"82": [
		0.8900390625,
		0.20694444444444443
	],
	"83": [
		0.27578125,
		0.19166666666666668
	],
	"84": [
		0.87890625,
		0.19027777777777777
	],
	"85": [
		0.8865234375,
		0.20451388888888888
	],
	"86": [
		0.8626953125,
		0.20243055555555556
	],
	"87": [
		0.338671875,
		0.1840277777777778
	],
	"88": [
		0.340234375,
		0.19583333333333333
	],
	"89": [
		0.7935546875,
		0.20451388888888888
	],
	"90": [
		0.5572265625,
		0.20069444444444445
	],
	"91": [
		0.4923828125,
		0.20208333333333334
	],
	"92": [
		0.079296875,
		0.1857638888888889
	],
	"93": [
		0.1435546875,
		0.18854166666666666
	],
	"94": [
		0.861328125,
		0.2065972222222222
	],
	"95": [
		0.5541015625,
		0.20034722222222223
	],
	"96": [
		0.08046875,
		0.1607638888888889
	],
	"97": [
		0.2080078125,
		0.18784722222222222
	],
	"98": [
		0.81640625,
		0.20555555555555555
	],
	"99": [
		0.101953125,
		0.18506944444444445
	],
	"100": [
		0.661328125,
		0.9368055555555556
	],
	"101": [
		0.9208984375,
		0.18368055555555557
	],
	"102": [
		0.40234375,
		0.18506944444444445
	],
	"103": [
		0.794140625,
		0.19027777777777777
	],
	"104": [
		0.3603515625,
		0.19930555555555557
	],
	"105": [
		0.5328125,
		0.20104166666666667
	],
	"106": [
		0.4021484375,
		0.19722222222222222
	],
	"107": [
		0.2076171875,
		0.18993055555555555
	],
	"108": [
		0.4017578125,
		0.19756944444444444
	],
	"109": [
		0.595703125,
		0.17222222222222222
	],
	"110": [
		0.1017578125,
		0.16354166666666667
	],
	"111": [
		0.7990234375,
		0.2076388888888889
	],
	"112": [
		0.8642578125,
		0.18993055555555555
	],
	"113": [
		0.1447265625,
		0.18472222222222223
	],
	"114": [
		0.529296875,
		0.19305555555555556
	],
	"115": [
		0.8919921875,
		0.4131944444444444
	],
	"116": [
		0.468359375,
		0.19930555555555557
	],
	"117": [
		0.8595703125,
		0.196875
	],
	"118": [
		0.4509765625,
		0.38645833333333335
	],
	"119": [
		0.1455078125,
		0.17465277777777777
	],
	"120": [
		0.8740234375,
		0.2076388888888889
	],
	"121": [
		0.0775390625,
		0.17291666666666666
	],
	"122": [
		0.3380859375,
		0.19375
	],
	"123": [
		0.3498046875,
		0.20034722222222223
	],
	"124": [
		0.0322265625,
		0.18263888888888888
	],
	"125": [
		0.468359375,
		0.19270833333333334
	],
	"126": [
		0.424609375,
		0.20034722222222223
	],
	"127": [
		0.8919921875,
		0.40034722222222224
	],
	"128": [
		0.44921875,
		0.4
	],
	"129": [
		0.2611328125,
		0.17118055555555556
	],
	"130": [
		0.154296875,
		0.19340277777777778
	],
	"131": [
		0.074609375,
		0.175
	],
	"132": [
		0.8908203125,
		0.4201388888888889
	],
	"133": [
		0.02265625,
		0.18506944444444445
	],
	"134": [
		0.283984375,
		0.19652777777777777
	],
	"135": [
		0.4646484375,
		0.190625
	],
	"136": [
		0.805859375,
		0.196875
	],
	"137": [
		0.7666015625,
		0.18993055555555555
	],
	"138": [
		0.2763671875,
		0.18194444444444444
	],
	"139": [
		0.2009765625,
		0.4197916666666667
	],
	"140": [
		0.0888671875,
		0.1892361111111111
	],
	"141": [
		0.875,
		0.19652777777777777
	],
	"142": [
		0.4,
		0.18854166666666666
	],
	"143": [
		0.2755859375,
		0.19131944444444443
	],
	"144": [
		0.0765625,
		0.18888888888888888
	],
	"145": [
		0.45,
		0.41041666666666665
	],
	"146": [
		0.451171875,
		0.41041666666666665
	],
	"147": [
		0.3455078125,
		0.16944444444444445
	],
	"148": [
		0.0818359375,
		0.1673611111111111
	],
	"149": [
		0.891796875,
		0.41597222222222224
	],
	"150": [
		0.5435546875,
		0.20416666666666666
	],
	"151": [
		0.479296875,
		0.18472222222222223
	],
	"152": [
		0.7923828125,
		0.19409722222222223
	],
	"153": [
		0.891796875,
		0.4041666666666667
	],
	"154": [
		0.5330078125,
		0.18958333333333333
	],
	"155": [
		0.4146484375,
		0.20208333333333334
	],
	"156": [
		0.7392578125,
		0.16875
	],
	"157": [
		0.4697265625,
		0.18541666666666667
	],
	"158": [
		0.5349609375,
		0.20173611111111112
	],
	"159": [
		0.2591796875,
		0.1753472222222222
	],
	"160": [
		0.6634765625,
		0.6833333333333333
	],
	"161": [
		0.62578125,
		0.17673611111111112
	],