{
	"CornerNorthWest": [
		0.15168539325842698,
		0.18226745403526406
	],
	"CornerNorthEast": [
		0.7682584269662921,
		0.10989655316832098
	],
	"CornerSouthEast": [
		0.7780898876404494,
		0.8764920216107551
	],
	"CornerSouthWest": [
		0.23595505617977527,
		0.8925744440256314
	]
}