{
	"0": [
		0.7875,
		0.20833333333333334
	],
	"1": [
		0.8359375,
		0.28055555555555556
	],
	"2": [
		0.6359375,
		0.19444444444444445
	],
	"3": [
		0.6390625,
		0.30277777777777776
	],
	"4": [
		0.8359375,
		0.38055555555555554
	],
	"5": [
		0.7765625,
		0.35833333333333334
	],
	"6": [
		0.7796875,
		0.3611111111111111
	],
	"7": [
		0.7203125,
		0.3472222222222222
	],
	"8": [
		0.559375,
		0.4777777777777778
	],
	"9": [
		0.5,
		0.46944444444444444
	],
	"10": [
		0.5015625,
		0.46944444444444444
	],
	"11": [
		0.44375,
		0.4444444444444444
	],
	"12": [
		0.6140625,
		0.19166666666666668
	],
	"13": [
		0.5546875,
		0.18611111111111112
	],
	"14": [
		0.6375,
		0.2972222222222222
	],
	"15": [
		0.6375,
		0.4027777777777778
	],
	"16": [
		0.8359375,
		0.4527777777777778
	],
	"17": [
		0.778125,
		0.475
	],
	"18": [
		0.5015625,
		0.2
	],
	"19": [
		0.5578125,
		0.22777777777777777
	],
	"20": [
		0.725,
		0.20833333333333334
	],
	"21": [
		0.6671875,
		0.21388888888888888
	],
	"22": [
		0.6375,
		0.7
	],
	"23": [
		0.634375,
		0.8027777777777778
	],
	"24": [
		0.725,
		0.8805555555555555
	],
	"25": [
		0.6671875,
		0.875
	],
	"26": [
		0.946875,
		0.8944444444444445
	],
	"27": [
		0.8890625,
		0.8888888888888888
	],
	"28": [
		0.6359375,
		0.5
	],
	"29": [
		0.6375,
		0.6027777777777777
	],
	"30": [
		0.6140625,
		0.8722222222222222
	],
	"31": [
		0.55625,
		0.8694444444444445
	],
	"32": [
		0.8359375,
		0.8861111111111111
	],
	"33": [
		0.778125,
		0.8833333333333333
	],
	"34": [
		0.3359375,
		0.8611111111111112
	],
	"35": [
		0.278125,
		0.8611111111111112
	],
	"36": [
		0.446875,
		0.8638888888888889
	],
	"37": [
		0.3890625,
		0.8638888888888889
	],
	"38": [
		0.61875,
		0.13333333333333333
	],
	"39": [
		0.6609375,
		0.20277777777777778
	],
	"40": [
		0.571875,
		0.2
	],
	"41": [
		0.6140625,
		0.26944444444444443
	],
	"42": [
		0.7796875,
		0.4722222222222222
	],
	"43": [
		0.7234375,
		0.48333333333333334
	],
	"44": [
		0.621875,
		0.2111111111111111
	],
	"45": [
		0.6625,
		0.28055555555555556
	],
	"46": [
		0.5578125,
		0.22777777777777777
	],
	"47": [
		0.5015625,
		0.23333333333333334
	],
	"48": [
		0.7796875,
		0.8833333333333333
	],
	"49": [
		0.7234375,
		0.8777777777777778
	],
	"50": [
		0.890625,
		0.8916666666666667
	],
	"51": [
		0.834375,
		0.8861111111111111
	],
	"52": [
		0.5578125,
		0.20833333333333334
	],
	"53": [
		0.5015625,
		0.20555555555555555
	],
	"54": [
		0.0578125,
		0.8555555555555555
	],
	"55": [
		0.0015625,
		0.8583333333333333
	],
	"56": [
		0.2796875,
		0.8611111111111112
	],
	"57": [
		0.2234375,
		0.8583333333333333
	],
	"58": [
		0.66875,
		0.875
	],
	"59": [
		0.6125,
		0.8722222222222222
	],
	"60": [
		0.628125,
		0.20833333333333334
	],
	"61": [
		0.6453125,
		0.30277777777777776
	],
	"62": [
		0.5015625,
		0.3527777777777778
	],
	"63": [
		0.446875,
		0.36944444444444446
	],
	"64": [
		0.9984375,
		0.9
	],
	"65": [
		0.9453125,
		0.8944444444444445
	],
	"66": [
		0.5484375,
		0.3472222222222222
	],
	"67": [
		0.5,
		0.3527777777777778
	],
	"68": [
		0.103125,
		0.8555555555555555
	],
	"69": [
		0.0546875,
		0.8555555555555555
	],
	"70": [
		0.778125,
		0.2111111111111111
	],
	"71": [
		0.8234375,
		0.2361111111111111
	],
	"72": [
		0.66875,
		0.2111111111111111
	],
	"73": [
		0.621875,
		0.2111111111111111
	],
	"74": [
		0.2125,
		0.23333333333333334
	],
	"75": [
		0.1671875,
		0.225
	],
	"76": [
		0.6,
		0.2
	],
	"77": [
		0.6125,
		0.2777777777777778
	],
	"78": [
		0.4484375,
		0.45
	],
	"79": [
		0.4109375,
		0.40555555555555556
	],
	"80": [
		0.571875,
		0.14444444444444443
	],
	"81": [
		0.60625,
		0.19444444444444445
	],
	"82": [
		0.646875,
		0.15
	],
	"83": [
		0.6109375,
		0.19166666666666668
	],
	"84": [
		0.634375,
		0.8
	],
	"85": [
		0.6421875,
		0.875
	],
	"86": [
		0.6078125,
		0.1527777777777778
	],
	"87": [
		0.575,
		0.2
	],
	"88": [
		0.6125,
		0.3333333333333333
	],
	"89": [
		0.596875,
		0.4027777777777778
	],
	"90": [
		0.16875,
		0.4305555555555556
	],
	"91": [
		0.1796875,
		0.5027777777777778
	],
	"92": [
		0.16875,
		0.4305555555555556
	],
	"93": [
		0.1609375,
		0.5027777777777778
	],
	"94": [
		0.446875,
		0.36944444444444446
	],
	"95": [
		0.4109375,
		0.40555555555555556
	],
	"96": [
		0.7828125,
		0.15
	],
	"97": [
		0.8125,
		0.2
	],
	"98": [
		0.86875,
		0.4166666666666667
	],
	"99": [
		0.834375,
		0.45555555555555555
	],
	"100": [
		0.88125,
		0.9222222222222223
	],
	"101": [
		0.840625,
		0.9166666666666666
	],
	"102": [
		0.5875,
		0.15
	],
	"103": [
		0.559375,
		0.2
	],
	"104": [
		0.725,
		0.35
	],
	"105": [
		0.6859375,
		0.34444444444444444
	],
	"106": [
		0.725,
		0.48055555555555557
	],
	"107": [
		0.6859375,
		0.4861111111111111
	],
	"108": [
		0.559375,
		0.2
	],
	"109": [
		0.525,
		0.23333333333333334
	],
	"110": [
		0.228125,
		0.7
	],
	"111": [
		0.25625,
		0.7472222222222222
	],
	"112": [
		0.2921875,
		0.425
	],
	"113": [
		0.30625,
		0.4888888888888889
	],
	"114": [
		0.634375,
		0.1388888888888889
	],
	"115": [
		0.6125,
		0.19444444444444445
	],
	"116": [
		0.2953125,
		0.425
	],
	"117": [
		0.2921875,
		0.49166666666666664
	],
	"118": [
		0.6125,
		0.3333333333333333
	],
	"119": [
		0.6125,
		0.4
	],
	"120": [
		0.2390625,
		0.6972222222222222
	],
	"121": [
		0.225,
		0.7583333333333333
	],
	"122": [
		0.8671875,
		0.40555555555555556
	],
	"123": [
		0.834375,
		0.38055555555555554
	],
	"124": [
		0.31875,
		0.3
	],
	"125": [
		0.3359375,
		0.35555555555555557
	],
	"126": [
		0.334375,
		0.15555555555555556
	],
	"127": [
		0.3609375,
		0.19722222222222222
	],
	"128": [
		0.3484375,
		0.3
	],
	"129": [
		0.3328125,
		0.35555555555555557
	],
	"130": [
		0.86875,
		0.1361111111111111
	],
	"131": [
		0.8578125,
		0.19444444444444445
	],
	"132": [
		0.3375,
		0.225
	],
	"133": [
		0.303125,
		0.23055555555555557
	],
	"134": [
		0.38125,
		0.15
	],
	"135": [
		0.3546875,
		0.18888888888888888
	],
	"136": [
		0.7984375,
		0.14444444444444443
	],
	"137": [
		0.8125,
		0.2
	],
	"138": [
		0.1890625,
		0.45
	],
	"139": [
		0.1734375,
		0.5027777777777778
	],
	"140": [
		0.309375,
		0.6
	],
	"141": [
		0.2890625,
		0.6472222222222223
	],
	"142": [
		0.3390625,
		0.2972222222222222
	],
	"143": [
		0.3453125,
		0.35555555555555557
	],
	"144": [
		0.559375,
		0.44166666666666665
	],
	"145": [
		0.565625,
		0.5
	],
	"146": [
		0.4265625,
		0.14722222222222223
	],
	"147": [
		0.4015625,
		0.18611111111111112
	],
	"148": [
		0.228125,
		0.7
	],
	"149": [
		0.23125,
		0.7583333333333333
	],
	"150": [
		0.509375,
		0.2
	],
	"151": [
		0.534375,
		0.2361111111111111
	],
	"152": [
		0.6625,
		0.2611111111111111
	],
	"153": [
		0.6375,
		0.2972222222222222
	],
	"154": [
		0.334375,
		0.3
	],
	"155": [
		0.321875,
		0.3527777777777778
	],
	"156": [
		0.6125,
		0.22777777777777777
	],
	"157": [
		0.5890625,
		0.26666666666666666
	],
	"158": [
		0.4125,
		0.13333333333333333
	],
	"159": [
		0.4015625,
		0.18611111111111112
	],
	"160": [
		0.2390625,
		0.6972222222222222
	],
	"161": [
		0.25,
		0.75
	],
	"162": [
		0.15625,
		0.45
	],
	"163": [
		0.1640625,
		0.5027777777777778
	],
	"164": [
		0.3015625,
		0.6
	],
	"165": [
		0.315625,
		0.6472222222222223
	],
	"166": [
		0.115625,
		0.26666666666666666
	],
	"167": [
		0.1390625,
		0.3
	],
	"168": [
		0.5234375,
		0.2
	],
	"169": [
		0.5015625,
		0.2361111111111111
	],
	"170": [
		0.7765625,
		0.725
	],
	"171": [
		0.75625,
		0.7638888888888888
	],
	"172": [
		0.75625,
		0.725
	],
	"173": [
		0.7765625,
		0.7638888888888888
	],
	"174": [
		0.5875,
		0.15
	],
	"175": [
		0.578125,
		0.2
	],
	"176": [
		0.5875,
		0.15
	],
	"177": [
		0.596875,
		0.2
	],
	"178": [
		0.5671875,
		0.4444444444444444
	],
	"179": [
		0.5546875,
		0.49166666666666664
	],
	"180": [
		0.35,
		0.14722222222222223
	],
	"181": [
		0.3578125,
		0.19722222222222222
	],
	"182": [
		0.571875,
		0.14444444444444443
	],
	"183": [
		0.5546875,
		0.18611111111111112
	],
	"184": [
		0.5625,
		0.16111111111111112
	],
	"185": [
		0.5859375,
		0.19166666666666668
	],