{
	"EighteenYardNorthForwardEast": [
		0.38764044943820225,
		0.23027954608358706
	],
	"CornerNorthEast": [
		0.19662921348314608,
		0.15010260920551158
	]
}