{
	"0": [
		0.5078125,
		0.21666666666666667
	],
	"1": [
		0.55,
		0.3
	],
	"2": [
		0.509375,
		0.20277777777777778
	],
	"3": [
		0.5546875,
		0.2777777777777778
	],
	"4": [
		0.5515625,
		0.19722222222222222
	],
	"5": [
		0.5078125,
		0.26944444444444443
	],
	"6": [
		0.43125,
		0.1111111111111111
	],
	"7": [
		0.3890625,
		0.18611111111111112
	],
	"8": [
		0.725,
		0.35555555555555557
	],
	"9": [
		0.6671875,
		0.3333333333333333
	],
	"10": [
		0.725,
		0.42777777777777776
	],
	"11": [
		0.6671875,
		0.45
	],
	"12": [
		0.390625,
		0.3333333333333333
	],
	"13": [
		0.3328125,
		0.3472222222222222
	],
	"14": [
		0.446875,
		0.325
	],
	"15": [
		0.3890625,
		0.33611111111111114
	],
	"16": [
		0.7234375,
		0.3527777777777778
	],
	"17": [
		0.7734375,
		0.40555555555555556
	],
	"18": [
		0.6703125,
		0.44722222222222224
	],
	"19": [
		0.6125,
		0.4583333333333333
	],
	"20": [
		0.6125,
		0.18333333333333332
	],
	"21": [
		0.5546875,
		0.19166666666666668
	],
	"22": [
		0.53125,
		0.7
	],
	"23": [
		0.5359375,
		0.8027777777777778
	],
	"24": [
		0.534375,
		0.2
	],
	"25": [
		0.53125,
		0.30277777777777776
	],
	"26": [
		0.6140625,
		0.4583333333333333
	],
	"27": [
		0.55625,
		0.4638888888888889
	],
	"28": [
		0.53125,
		0.5
	],
	"29": [
		0.534375,
		0.6027777777777777
	],
	"30": [
		0.5578125,
		0.18888888888888888
	],
	"31": [
		0.5,
		0.19166666666666668
	],
	"32": [
		0.53125,
		0.3
	],
	"33": [
		0.5328125,
		0.4027777777777778
	],
	"34": [
		0.5328125,
		0.4
	],
	"35": [
		0.53125,
		0.5027777777777778
	],
	"36": [
		0.446875,
		0.8472222222222222
	],
	"37": [
		0.3890625,
		0.85
	],
	"38": [
		0.5578125,
		0.85
	],
	"39": [
		0.5,
		0.8472222222222222
	],
	"40": [
		0.946875,
		0.8611111111111112
	],
	"41": [
		0.8890625,
		0.8583333333333333
	],
	"42": [
		0.225,
		0.85
	],
	"43": [
		0.1671875,
		0.85
	],
	"44": [
		0.6140625,
		0.85
	],
	"45": [
		0.55625,
		0.85
	],
	"46": [
		0.390625,
		0.44722222222222224
	],
	"47": [
		0.334375,
		0.425
	],
	"48": [
		0.6125,
		0.325
	],
	"49": [
		0.66875,
		0.33611111111111114
	],
	"50": [
		0.4453125,
		0.4583333333333333
	],
	"51": [
		0.3890625,
		0.44722222222222224
	],
	"52": [
		0.7796875,
		0.2111111111111111
	],
	"53": [
		0.7234375,
		0.21388888888888888
	],
	"54": [
		0.5015625,
		0.46111111111111114
	],
	"55": [
		0.4453125,
		0.4583333333333333
	],
	"56": [
		0.16875,
		0.85
	],
	"57": [
		0.1125,
		0.8527777777777777
	],
	"58": [
		0.390625,
		0.85
	],
	"59": [
		0.334375,
		0.8472222222222222
	],
	"60": [
		0.5015625,
		0.8472222222222222
	],
	"61": [
		0.4453125,
		0.85
	],
	"62": [
		0.66875,
		0.8527777777777777
	],
	"63": [
		0.6125,
		0.85
	],
	"64": [
		0.1140625,
		0.85
	],
	"65": [
		0.059375,
		0.8527777777777777
	],
	"66": [
		0.778125,
		0.8555555555555555
	],
	"67": [
		0.7234375,
		0.8527777777777777
	],
	"68": [
		0.3359375,
		0.13333333333333333
	],
	"69": [
		0.28125,
		0.13333333333333333
	],
	"70": [
		0.9984375,
		0.8638888888888889
	],
	"71": [
		0.9453125,
		0.8611111111111112
	],
	"72": [
		0.44375,
		0.15
	],
	"73": [
		0.4953125,
		0.17222222222222222
	],
	"74": [
		0.5453125,
		0.1361111111111111
	],
	"75": [
		0.509375,
		0.20277777777777778
	],
	"76": [
		0.3359375,
		0.8472222222222222
	],
	"77": [
		0.284375,
		0.85
	],
	"78": [
		0.5546875,
		0.26666666666666666
	],
	"79": [
		0.50625,
		0.2361111111111111
	],
	"80": [
		0.771875,
		0.4
	],
	"81": [
		0.7234375,
		0.42777777777777776
	],
	"82": [
		0.48125,
		0.125
	],
	"83": [
		0.4453125,
		0.18888888888888888
	],
	"84": [
		0.446875,
		0.20277777777777778
	],
	"85": [
		0.396875,
		0.2111111111111111
	],
	"86": [
		0.484375,
		0.1361111111111111
	],
	"87": [
		0.45,
		0.2
	],
	"88": [
		0.6640625,
		0.21388888888888888
	],
	"89": [
		0.615625,
		0.20833333333333334
	],
	"90": [
		0.334375,
		0.32222222222222224
	],
	"91": [
		0.3046875,
		0.3861111111111111
	],
	"92": [
		0.534375,
		0.2
	],
	"93": [
		0.5109375,
		0.26944444444444443
	],
	"94": [
		0.046875,
		0.8555555555555555
	],
	"95": [
		0.0015625,
		0.8527777777777777
	],
	"96": [
		0.5328125,
		0.13055555555555556
	],
	"97": [
		0.5,
		0.18611111111111112
	],
	"98": [
		0.2296875,
		0.4
	],
	"99": [
		0.2484375,
		0.4722222222222222
	],
	"100": [
		0.4625,
		0.11944444444444445
	],
	"101": [
		0.4953125,
		0.17222222222222222
	],
	"102": [
		0.153125,
		0.13333333333333333
	],
	"103": [
		0.109375,
		0.13055555555555556
	],
	"104": [
		0.5078125,
		0.20277777777777778
	],
	"105": [
		0.51875,
		0.275
	],
	"106": [
		0.23125,
		0.4
	],
	"107": [
		0.2296875,
		0.4722222222222222
	],
	"108": [
		0.4046875,
		0.7388888888888889
	],
	"109": [
		0.425,
		0.8
	],
	"110": [
		0.7984375,
		0.2972222222222222
	],
	"111": [
		0.825,
		0.35
	],
	"112": [
		1,
		0.12777777777777777
	],
	"113": [
		0.9609375,
		0.13055555555555556
	],
	"114": [
		0.7734375,
		0.8833333333333333
	],
	"115": [
		0.734375,
		0.8861111111111111
	],
	"116": [
		0.51875,
		0.20277777777777778
	],
	"117": [
		0.5078125,
		0.26944444444444443
	],
	"118": [
		0.303125,
		0.425
	],
	"119": [
		0.3078125,
		0.49166666666666664
	],
	"120": [
		0.3046875,
		0.8472222222222222
	],
	"121": [
		0.3328125,
		0.8916666666666667
	],
	"122": [
		0.4296875,
		0.13055555555555556
	],
	"123": [
		0.3921875,
		0.13333333333333333
	],
	"124": [
		0.4703125,
		0.1111111111111111
	],
	"125": [
		0.446875,
		0.16111111111111112
	],
	"126": [
		0.7640625,
		0.8527777777777777
	],
	"127": [
		0.7359375,
		0.8944444444444445
	],
	"128": [
		0.3359375,
		0.3055555555555556
	],
	"129": [
		0.3203125,
		0.3638888888888889
	],
	"130": [
		0.94375,
		0.8944444444444445
	],
	"131": [
		0.9078125,
		0.8888888888888888
	],
	"132": [
		0.5921875,
		0.4444444444444444
	],
	"133": [
		0.6125,
		0.49722222222222223
	],
	"134": [
		0.3046875,
		0.39444444444444443
	],
	"135": [
		0.3359375,
		0.425
	],
	"136": [
		0.3140625,
		0.3055555555555556
	],
	"137": [
		0.3359375,
		0.35555555555555557
	],
	"138": [
		0.7984375,
		0.2638888888888889
	],
	"139": [
		0.828125,
		0.2972222222222222
	],
	"140": [
		0.528125,
		0.2
	],
	"141": [
		0.50625,
		0.24722222222222223
	],
	"142": [
		0.2578125,
		0.85
	],
	"143": [
		0.2234375,
		0.85
	],
	"144": [
		0.640625,
		0.4527777777777778
	],
	"145": [
		0.6125,
		0.4861111111111111
	],
	"146": [
		0.225,
		0.40555555555555556
	],
	"147": [
		0.2171875,
		0.4638888888888889
	],
	"148": [
		0.284375,
		0.11666666666666667
	],
	"149": [
		0.3,
		0.16944444444444445
	],
	"150": [
		0.2453125,
		0.41944444444444445
	],
	"151": [
		0.2296875,
		0.4722222222222222
	],
	"152": [
		0.45625,
		0.1361111111111111
	],
	"153": [
		0.4828125,
		0.17222222222222222
	],
	"154": [
		0.7015625,
		0.1111111111111111
	],
	"155": [
		0.675,
		0.14722222222222223
	],
	"156": [
		0.825,
		0.2972222222222222
	],
	"157": [
		0.803125,
		0.3416666666666667
	],
	"158": [
		0.540625,
		0.16944444444444445
	],
	"159": [
		0.5078125,
		0.16666666666666666
	],
	"160": [
		0.825,
		0.2638888888888889
	],
	"161": [
		0.7984375,
		0.2972222222222222
	],
	"162": [
		0.3328125,
		0.3
	],
	"163": [
		0.3515625,
		0.3472222222222222
	],
	"164": [
		0.94375,
		0.10555555555555556
	],
	"165": [
		0.9234375,
		0.15
	],
	"166": [
		0.425,
		0.1111111111111111
	],
	"167": [
		0.4484375,
		0.15
	],
	"168": [
		0.9953125,
		0.11666666666666667
	],
	"169": [
		0.9734375,
		0.15833333333333333
	],
	"170": [
		0.7546875,
		0.4
	],
	"171": [
		0.778125,
		0.4388888888888889
	],
	"172": [
		0.234375,
		0.11388888888888889
	],
	"173": [
		0.2453125,
		0.16666666666666666
	],
	"174": [
		0.828125,
		0.31666666666666665
	],
	"175": [
		0.7984375,
		0.2972222222222222
	],
	"176": [
		0.465625,
		0.11388888888888889
	],
	"177": [
		0.4640625,
		0.16944444444444445
	],
	"178": [
		0.0578125,
		0.20555555555555555
	],
	"179": [
		0.0265625,
		0.20555555555555555
	],
	"180": [
		0.3125,
		0.11388888888888889
	],
	"181": [
		0.3359375,
		0.15
	],
	"182": [
		0.0296875,
		0.125
	],
	"183": [
		0.003125,
		0.1527777777777778
	],