{
	"0": [
		0.3697265625,
		0.08888888888888889
	],
	"1": [
		0.2962890625,
		0.06284722222222222
	],
	"2": [
		0.5220703125,
		0.09791666666666667
	],
	"3": [
		0.4822265625,
		0.084375
	],
	"4": [
		0.2240234375,
		0.04861111111111111
	],
	"5": [
		0.312109375,
		0.08298611111111111
	],
	"6": [
		0.71953125,
		0.10381944444444445
	],
	"7": [
		0.313671875,
		0.08402777777777778
	],
	"8": [
		0.301171875,
		0.06875
	],
	"9": [
		0.0896484375,
		0.09513888888888888
	],
	"10": [
		0.4439453125,
		0.09340277777777778
	],
	"11": [
		0.2978515625,
		0.0954861111111111
	],
	"12": [
		0.443359375,
		0.09756944444444444
	],
	"13": [
		0.6779296875,
		0.11180555555555556
	],
	"14": [
		0.3685546875,
		0.0875
	],
	"15": [
		0.2544921875,
		0.03888888888888889
	],
	"16": [
		0.3314453125,
		0.08472222222222223
	],
	"17": [
		0.482421875,
		0.08194444444444444
	],
	"18": [
		0.559765625,
		0.09305555555555556
	],
	"19": [
		0.559765625,
		0.09305555555555556
	],
	"20": [
		0.4822265625,
		0.08159722222222222
	],
	"21": [
		0.6330078125,
		0.10451388888888889
	],
	"22": [
		0.6392578125,
		0.09895833333333333
	],
	"23": [
		0.6826171875,
		0.09479166666666666
	],
	"24": [
		0.521875,
		0.0954861111111111
	],
	"25": [
		0.30078125,
		0.10208333333333333
	],
	"26": [
		0.2556640625,
		0.04652777777777778
	],
	"27": [
		0.40625,
		0.08298611111111111
	],
	"28": [
		0.44140625,
		0.10243055555555555
	],
	"29": [
		0.40625,
		0.08854166666666667
	],
	"30": [
		0.5599609375,
		0.09131944444444444
	],
	"31": [
		0.3330078125,
		0.07881944444444444
	],
	"32": [
		0.52109375,
		0.10381944444444445
	],
	"33": [
		0.1080078125,
		0.10277777777777777
	],
	"34": [
		0.1087890625,
		0.10069444444444445
	],
	"35": [
		0.4416015625,
		0.10868055555555556
	],
	"36": [
		0.5125,
		0.07951388888888888
	],
	"37": [
		0.254296875,
		0.04236111111111111
	],
	"38": [
		0.6390625,
		0.09756944444444444
	],
	"39": [
		0.367578125,
		0.10520833333333333
	],
	"40": [
		0.6875,
		0.0954861111111111
	],
	"41": [
		0.6025390625,
		0.0875
	],
	"42": [
		0.313671875,
		0.09305555555555556
	],
	"43": [
		0.5998046875,
		0.10798611111111112
	],
	"44": [
		0.225,
		0.046875
	],
	"45": [
		0.2255859375,
		0.10902777777777778
	],
	"46": [
		0.29609375,
		0.06319444444444444
	],
	"47": [
		0.024609375,
		0.08819444444444445
	],
	"48": [
		0.6826171875,
		0.09479166666666666
	],
	"49": [
		0.3134765625,
		0.09270833333333334
	],
	"50": [
		0.4412109375,
		0.10486111111111111
	],
	"51": [
		0.40625,
		0.08263888888888889
	],
	"52": [
		0.521484375,
		0.10625
	],
	"53": [
		0.6392578125,
		0.09756944444444444
	],
	"54": [
		0.5998046875,
		0.1
	],
	"55": [
		0.6001953125,
		0.10173611111111111
	],
	"56": [
		0.559765625,
		0.09305555555555556
	],
	"57": [
		0.40625,
		0.08715277777777777
	],
	"58": [
		0.678125,
		0.11145833333333334
	],
	"59": [
		0.599609375,
		0.10243055555555555
	],
	"60": [
		0.4431640625,
		0.10138888888888889
	],
	"61": [
		0.48203125,
		0.08229166666666667
	],
	"62": [
		0.255859375,
		0.04375
	],
	"63": [
		0.44453125,
		0.09340277777777778
	],
	"64": [
		0.325,
		0.08055555555555556
	],
	"65": [
		0.36796875,
		0.10243055555555555
	],
	"66": [
		0.0904296875,
		0.09479166666666666
	],
	"67": [
		0.3326171875,
		0.07951388888888888
	],
	"68": [
		0.5990234375,
		0.1076388888888889
	],
	"69": [
		0.6392578125,
		0.09791666666666667
	],
	"70": [
		0.6875,
		0.0954861111111111
	],
	"71": [
		0.5380859375,
		0.8864583333333333
	],
	"72": [
		0.4421875,
		0.10069444444444445
	],
	"73": [
		0.6400390625,
		0.9
	],
	"74": [
		0.20859375,
		0.10555555555555556
	],
	"75": [
		0.5224609375,
		0.10555555555555556
	],
	"76": [
		0.25390625,
		0.049652777777777775
	],
	"77": [
		0.56015625,
		0.09166666666666666
	],
	"78": [
		0.2546875,
		0.041666666666666664
	],
	"79": [
		0.300390625,
		0.10173611111111111
	],
	"80": [
		0.55625,
		0.103125
	],
	"81": [
		0.638671875,
		0.09722222222222222
	],
	"82": [
		0.6365234375,
		0.10694444444444444
	],
	"83": [
		0.3697265625,
		0.08854166666666667
	],
	"84": [
		0.1068359375,
		0.09652777777777778
	],
	"85": [
		0.3021484375,
		0.06111111111111111
	],
	"86": [
		0.0453125,
		0.8277777777777777
	],
	"87": [
		0.599609375,
		0.10243055555555555
	],
	"88": [
		0.630078125,
		0.9010416666666666
	],
	"89": [
		0.63046875,
		0.9003472222222222
	],
	"90": [
		0.2966796875,
		0.06770833333333333
	],
	"91": [
		0.623828125,
		0.9003472222222222
	],
	"92": [
		0.522265625,
		0.09895833333333333
	],
	"93": [
		0.7197265625,
		0.10347222222222222
	],
	"94": [
		0.3123046875,
		0.09513888888888888
	],
	"95": [
		0.295703125,
		0.06284722222222222
	],
	"96": [
		0.70390625,
		0.9121527777777778
	],
	"97": [
		0.30078125,
		0.10486111111111111
	],
	"98": [
		0.296484375,
		0.06458333333333334
	],
	"99": [
		0.31328125,
		0.08784722222222222
	],
	"100": [
		0.3677734375,
		0.09409722222222222
	],
	"101": [
		0.0181640625,
		0.090625
	],
	"102": [
		0.4822265625,
		0.08229166666666667
	],
	"103": [
		0.3693359375,
		0.09027777777777778
	],
	"104": [
		0.6771484375,
		0.9079861111111112
	],
	"105": [
		0.143359375,
		0.10486111111111111
	],
	"106": [
		0.4822265625,
		0.08263888888888889
	],
	"107": [
		0.3017578125,
		0.10347222222222222
	],
	"108": [
		0.08046875,
		0.09583333333333334
	],
	"109": [
		0.3685546875,
		0.09340277777777778
	],
	"110": [
		0.4736328125,
		0.09618055555555556
	],
	"111": [
		0.0458984375,
		0.8274305555555556
	],
	"112": [
		0.5216796875,
		0.10104166666666667
	],
	"113": [
		0.296484375,
		0.06770833333333333
	],
	"114": [
		0.312890625,
		0.08402777777777778
	],
	"115": [
		0.565625,
		0.8923611111111112
	],
	"116": [
		0.094921875,
		0.10243055555555555
	],
	"117": [
		0.71328125,
		0.09652777777777778
	],
	"118": [
		0.107421875,
		0.10381944444444445
	],
	"119": [
		0.5216796875,
		0.10104166666666667
	],
	"120": [
		0.6384765625,
		0.09756944444444444
	],
	"121": [
		0.27421875,
		0.052083333333333336
	],
	"122": [
		0.5599609375,
		0.09166666666666666
	],
	"123": [
		0.7197265625,
		0.1
	],
	"124": [
		0.2986328125,
		0.10243055555555555
	],
	"125": [
		0.296875,
		0.06458333333333334
	],
	"126": [
		0.3330078125,
		0.08055555555555556
	],
	"127": [
		0.254296875,
		0.041666666666666664
	],
	"128": [
		0.3134765625,
		0.08645833333333333
	],
	"129": [
		0.5599609375,
		0.09340277777777778
	],
	"130": [
		0.0296875,
		0.8246527777777778
	],
	"131": [
		0.108203125,
		0.10347222222222222
	],
	"132": [
		0.3703125,
		0.09305555555555556
	],
	"133": [
		0.608984375,
		0.09270833333333334
	],
	"134": [
		0.301953125,
		0.10208333333333333
	],
	"135": [
		0.3021484375,
		0.06111111111111111
	],
	"136": [
		0.0451171875,
		0.828125
	],
	"137": [
		0.1068359375,
		0.09652777777777778
	],
	"138": [
		0.2091796875,
		0.10694444444444444
	],
	"139": [
		0.5603515625,
		0.09166666666666666
	],
	"140": [
		0.1078125,
		0.10104166666666667
	],
	"141": [
		0.36328125,
		0.8618055555555556
	],
	"142": [
		0.0814453125,
		0.8326388888888889
	],
	"143": [
		0.233203125,
		0.85
	],
	"144": [
		0.1287109375,
		0.2652777777777778
	],
	"145": [
		0.52265625,
		0.09027777777777778
	],
	"146": [
		0.4828125,
		0.07708333333333334
	],
	"147": [
		0.260546875,
		0.03784722222222222
	],
	"148": [
		0.6392578125,
		0.09930555555555555
	],
	"149": [
		0.678125,
		0.1111111111111111
	],
	"150": [
		0.40625,
		0.08819444444444445
	],
	"151": [
		0.56015625,
		0.09375
	],
	"152": [
		0.634375,
		0.09583333333333334
	],
	"153": [
		0.2869140625,
		0.06076388888888889
	],
	"154": [
		0.0177734375,
		0.08993055555555556
	],
	"155": [
		0.474609375,
		0.0875
	],
	"156": [
		0.1568359375,
		0.8701388888888889
	],
	"157": [
		0.71953125,
		0.1
	],
	"158": [
		0.40625,
		0.08541666666666667
	],
	"159": [
		0.369921875,
		0.08333333333333333
	],
	"160": [
		0.0701171875,
		0.859375
	],
	"161": [
		0.29140625,
		0.06701388888888889
	],
	"162": [
		0.2490234375,
		0.878125
	],
	"163": [
		0.237890625,
		0.1607638888888889
	],