{
	"SixYardNorthForwardEast": [
		0.047752808988764044,
		0.1863366954351669
	],
	"PenaltyCircleNorthWest": [
		0.10393258426966293,
		0.3560361859207653
	],
	"EighteenYardNorthForwardEast": [
		0.4157303370786517,
		0.16637204949568474
	],
	"PenaltySpotNorth": [
		0.0702247191011236,
		0.27285016117292293
	]
}