{
	"0": [
		0.50625,
		0.2
	],
	"1": [
		0.559375,
		0.2916666666666667
	],
	"2": [
		0.728125,
		0.4666666666666667
	],
	"3": [
		0.6671875,
		0.48333333333333334
	],
	"4": [
		0.7796875,
		0.38055555555555554
	],
	"5": [
		0.7203125,
		0.3527777777777778
	],
	"6": [
		0.828125,
		0.20833333333333334
	],
	"7": [
		0.7828125,
		0.2777777777777778
	],
	"8": [
		0.8125,
		0.2
	],
	"9": [
		0.7984375,
		0.30277777777777776
	],
	"10": [
		0.4921875,
		0.12777777777777777
	],
	"11": [
		0.45,
		0.2
	],
	"12": [
		0.7796875,
		0.44166666666666665
	],
	"13": [
		0.7234375,
		0.46944444444444444
	],
	"14": [
		0.725,
		0.35555555555555557
	],
	"15": [
		0.6671875,
		0.3416666666666667
	],
	"16": [
		0.446875,
		0.4861111111111111
	],
	"17": [
		0.3890625,
		0.4722222222222222
	],
	"18": [
		0.446875,
		0.33611111111111114
	],
	"19": [
		0.3890625,
		0.3472222222222222
	],
	"20": [
		0.446875,
		0.2
	],
	"21": [
		0.3890625,
		0.20833333333333334
	],
	"22": [
		0.66875,
		0.3416666666666667
	],
	"23": [
		0.6109375,
		0.3333333333333333
	],
	"24": [
		0.6140625,
		0.18888888888888888
	],
	"25": [
		0.55625,
		0.18333333333333332
	],
	"26": [
		0.559375,
		0.24166666666666667
	],
	"27": [
		0.5015625,
		0.24722222222222223
	],
	"28": [
		0.5453125,
		0.5
	],
	"29": [
		0.5484375,
		0.6027777777777777
	],
	"30": [
		0.5453125,
		0.6
	],
	"31": [
		0.5484375,
		0.7027777777777777
	],
	"32": [
		0.5484375,
		0.7
	],
	"33": [
		0.5453125,
		0.8027777777777778
	],
	"34": [
		0.5484375,
		0.8
	],
	"35": [
		0.5453125,
		0.9027777777777778
	],
	"36": [
		0.946875,
		0.9416666666666667
	],
	"37": [
		0.8890625,
		0.9361111111111111
	],
	"38": [
		0.5578125,
		0.18333333333333332
	],
	"39": [
		0.5,
		0.18611111111111112
	],
	"40": [
		0.446875,
		0.925
	],
	"41": [
		0.3890625,
		0.9222222222222223
	],
	"42": [
		0.725,
		0.9305555555555556
	],
	"43": [
		0.6671875,
		0.9277777777777778
	],
	"44": [
		0.8359375,
		0.9333333333333333
	],
	"45": [
		0.778125,
		0.9305555555555556
	],
	"46": [
		0.225,
		0.925
	],
	"47": [
		0.1671875,
		0.925
	],
	"48": [
		0.334375,
		0.4527777777777778
	],
	"49": [
		0.390625,
		0.475
	],
	"50": [
		0.515625,
		0.2
	],
	"51": [
		0.5578125,
		0.26944444444444443
	],
	"52": [
		0.390625,
		0.3472222222222222
	],
	"53": [
		0.334375,
		0.3638888888888889
	],
	"54": [
		0.0578125,
		0.12777777777777777
	],
	"55": [
		0.0015625,
		0.11388888888888889
	],
	"56": [
		0.66875,
		0.48055555555555557
	],
	"57": [
		0.6125,
		0.4888888888888889
	],
	"58": [
		0.0578125,
		0.19444444444444445
	],
	"59": [
		0.0015625,
		0.19722222222222222
	],
	"60": [
		0.4453125,
		0.12777777777777777
	],
	"61": [
		0.3890625,
		0.13055555555555556
	],
	"62": [
		0.7796875,
		0.2111111111111111
	],
	"63": [
		0.7234375,
		0.20833333333333334
	],
	"64": [
		0.834375,
		0.20833333333333334
	],
	"65": [
		0.778125,
		0.2111111111111111
	],
	"66": [
		0.5015625,
		0.4888888888888889
	],
	"67": [
		0.4453125,
		0.4861111111111111
	],
	"68": [
		0.7796875,
		0.9333333333333333
	],
	"69": [
		0.7234375,
		0.9305555555555556
	],
	"70": [
		0.66875,
		0.9277777777777778
	],
	"71": [
		0.6125,
		0.9277777777777778
	],
	"72": [
		0.55625,
		0.2388888888888889
	],
	"73": [
		0.503125,
		0.21388888888888888
	],
	"74": [
		1,
		0.9444444444444444
	],
	"75": [
		0.9453125,
		0.9388888888888889
	],
	"76": [
		0.5453125,
		0.20555555555555555
	],
	"77": [
		0.546875,
		0.30277777777777776
	],
	"78": [
		0.390625,
		0.9222222222222223
	],
	"79": [
		0.3359375,
		0.925
	],
	"80": [
		0.5015625,
		0.18611111111111112
	],
	"81": [
		0.446875,
		0.18611111111111112
	],
	"82": [
		0.5453125,
		0.20555555555555555
	],
	"83": [
		0.5046875,
		0.26944444444444443
	],
	"84": [
		0.3296875,
		0.13055555555555556
	],
	"85": [
		0.2765625,
		0.125
	],
	"86": [
		0.5578125,
		0.13055555555555556
	],
	"87": [
		0.5046875,
		0.13055555555555556
	],
	"88": [
		0.3375,
		0.45555555555555555
	],
	"89": [
		0.2921875,
		0.4111111111111111
	],
	"90": [
		0.3359375,
		0.3638888888888889
	],
	"91": [
		0.2921875,
		0.40555555555555556
	],
	"92": [
		0.53125,
		0.19722222222222222
	],
	"93": [
		0.5046875,
		0.26944444444444443
	],
	"94": [
		0.49375,
		0.925
	],
	"95": [
		0.4453125,
		0.9222222222222223
	],
	"96": [
		0.7859375,
		0.2388888888888889
	],
	"97": [
		0.815625,
		0.3055555555555556
	],
	"98": [
		0.778125,
		0.2111111111111111
	],
	"99": [
		0.8109375,
		0.2722222222222222
	],
	"100": [
		0.1609375,
		0.7
	],
	"101": [
		0.16875,
		0.7833333333333333
	],
	"102": [
		0.325,
		0.12222222222222222
	],
	"103": [
		0.28125,
		0.14444444444444443
	],
	"104": [
		0.403125,
		0.17222222222222222
	],
	"105": [
		0.446875,
		0.19444444444444445
	],
	"106": [
		0.4640625,
		0.125
	],
	"107": [
		0.4515625,
		0.20277777777777778
	],
	"108": [
		0.546875,
		0.20833333333333334
	],
	"109": [
		0.503125,
		0.20833333333333334
	],
	"110": [
		0.2671875,
		0.925
	],
	"111": [
		0.2234375,
		0.925
	],
	"112": [
		0.50625,
		0.2
	],
	"113": [
		0.5234375,
		0.26944444444444443
	],
	"114": [
		0.2140625,
		0.4111111111111111
	],
	"115": [
		0.2109375,
		0.4861111111111111
	],
	"116": [
		0.5140625,
		0.19722222222222222
	],
	"117": [
		0.5046875,
		0.26944444444444443
	],
	"118": [
		0.5234375,
		0.19722222222222222
	],
	"119": [
		0.5203125,
		0.26944444444444443
	],
	"120": [
		0.6046875,
		0.3333333333333333
	],
	"121": [
		0.5890625,
		0.4
	],
	"122": [
		0.30625,
		0.10277777777777777
	],
	"123": [
		0.2796875,
		0.15555555555555556
	],
	"124": [
		0.24375,
		0.12222222222222222
	],
	"125": [
		0.28125,
		0.14444444444444443
	],
	"126": [
		0.521875,
		0.10277777777777777
	],
	"127": [
		0.5,
		0.16111111111111112
	],
	"128": [
		0.3234375,
		0.9611111111111111
	],
	"129": [
		0.284375,
		0.9555555555555556
	],
	"130": [
		0.8171875,
		0.9694444444444444
	],
	"131": [
		0.778125,
		0.9638888888888889
	],
	"132": [
		0.2140625,
		0.4111111111111111
	],
	"133": [
		0.225,
		0.4777777777777778
	],
	"134": [
		0.8171875,
		0.30833333333333335
	],
	"135": [
		0.784375,
		0.3388888888888889
	],
	"136": [
		0.8140625,
		0.34444444444444444
	],
	"137": [
		0.7859375,
		0.30277777777777776
	],
	"138": [
		0.8140625,
		0.3
	],
	"139": [
		0.78125,
		0.3277777777777778
	],
	"140": [
		0.8171875,
		0.32222222222222224
	],
	"141": [
		0.78125,
		0.3277777777777778
	],
	"142": [
		1,
		0.20277777777777778
	],
	"143": [
		0.9640625,
		0.20277777777777778
	],
	"144": [
		0.7828125,
		0.2722222222222222
	],
	"145": [
		0.8140625,
		0.3
	],
	"146": [
		0.0890625,
		0.4361111111111111
	],
	"147": [
		0.0578125,
		0.4638888888888889
	],
	"148": [
		0.2203125,
		0.42777777777777776
	],
	"149": [
		0.2046875,
		0.48333333333333334
	],
	"150": [
		0.0359375,
		0.9611111111111111
	],
	"151": [
		0.0015625,
		0.9666666666666667
	],
	"152": [
		0.646875,
		0.18611111111111112
	],
	"153": [
		0.6125,
		0.18888888888888888
	],
	"154": [
		0.225,
		0.12222222222222222
	],
	"155": [
		0.1921875,
		0.1388888888888889
	],
	"156": [
		0.090625,
		0.45555555555555555
	],
	"157": [
		0.0578125,
		0.4388888888888889
	],
	"158": [
		0.2546875,
		0.32222222222222224
	],
	"159": [
		0.2234375,
		0.34444444444444444
	],
	"160": [
		0.06875,
		0.4222222222222222
	],
	"161": [
		0.090625,
		0.4666666666666667
	],
	"162": [
		0.59375,
		0.49722222222222223
	],
	"163": [
		0.56875,
		0.5361111111111111
	],
	"164": [
		0.3296875,
		0.13055555555555556
	],
	"165": [
		0.3015625,
		0.1
	],
	"166": [
		0.7234375,
		0.10277777777777777
	],
	"167": [
		0.6953125,
		0.13333333333333333
	],
	"168": [
		0.359375,
		0.6194444444444445
	],
	"169": [
		0.3765625,
		0.6694444444444444
	],
	"170": [
		0.0359375,
		0.10555555555555556
	],
	"171": [
		0.05625,
		0.15
	],
	"172": [
		0.06875,
		0.09722222222222222
	],
	"173": [
		0.05625,
		0.15
	],
	"174": [
		0.559375,
		0.23055555555555557
	],
	"175": [
		0.546875,
		0.2833333333333333
	],
	"176": [
		0.2546875,
		0.3333333333333333
	],
	"177": [
		0.2234375,
		0.32222222222222224
	],