{
	"SixYardNorthForwardEast": [
		0.06320224719101124,
		0.24391673995895632
	],
	"EighteenYardNorthRearEast": [
		0.09042922940607105,
		0.18433437912708614
	],
	"EighteenYardNorthForwardEast": [
		0.4128278692327591,
		0.20017852165860953
	],
	"PenaltyCircleNorthEast": [
		0.3007493721256272,
		0.2846806151600677
	],
	"PenaltyCircleNorthWest": [
		0.13747452448807704,
		0.3876675416149698
	]
}