{
	"0": [
		0.9599609375,
		0.10069444444444445
	],
	"1": [
		0.9572265625,
		0.11666666666666667
	],
	"2": [
		0.7048828125,
		0.10069444444444445
	],
	"3": [
		0.4013671875,
		0.11666666666666667
	],
	"4": [
		0.7357421875,
		0.09861111111111111
	],
	"5": [
		0.631640625,
		0.08333333333333333
	],
	"6": [
		0.4845703125,
		0.07395833333333333
	],
	"7": [
		0.9314453125,
		0.11423611111111111
	],
	"8": [
		0.7041015625,
		0.11180555555555556
	],
	"9": [
		0.408203125,
		0.1076388888888889
	],
	"10": [
		0.9234375,
		0.13923611111111112
	],
	"11": [
		0.9306640625,
		0.125
	],
	"12": [
		0.69921875,
		0.12361111111111112
	],
	"13": [
		0.20234375,
		0.17708333333333334
	],
	"14": [
		0.5837890625,
		0.06145833333333333
	],
	"15": [
		0.15078125,
		0.20034722222222223
	],
	"16": [
		0.3251953125,
		0.13402777777777777
	],
	"17": [
		0.290625,
		0.14652777777777778
	],
	"18": [
		0.319921875,
		0.14479166666666668
	],
	"19": [
		0.1279296875,
		0.18020833333333333
	],
	"20": [
		0.77578125,
		0.07777777777777778
	],
	"21": [
		0.74609375,
		0.07604166666666666
	],
	"22": [
		0.285546875,
		0.15763888888888888
	],
	"23": [
		0.2669921875,
		0.16701388888888888
	],
	"24": [
		0.159765625,
		0.1892361111111111
	],
	"25": [
		0.264453125,
		0.14027777777777778
	],
	"26": [
		0.2697265625,
		0.15902777777777777
	],
	"27": [
		0.8453125,
		0.08715277777777777
	],
	"28": [
		0.1265625,
		0.8965277777777778
	],
	"29": [
		0.6869140625,
		0.11631944444444445
	],
	"30": [
		0.9197265625,
		0.109375
	],
	"31": [
		0.128515625,
		0.2170138888888889
	],
	"32": [
		0.1673828125,
		0.9069444444444444
	],
	"33": [
		0.382421875,
		0.12465277777777778
	],
	"34": [
		0.4150390625,
		0.9614583333333333
	],
	"35": [
		0.696875,
		0.11388888888888889
	],
	"36": [
		0.1919921875,
		0.18611111111111112
	],
	"37": [
		0.43046875,
		0.10555555555555556
	],
	"38": [
		0.84453125,
		0.08090277777777778
	],
	"39": [
		0.84453125,
		0.09618055555555556
	],
	"40": [
		0.9216796875,
		0.12881944444444443
	],
	"41": [
		0.946875,
		0.08888888888888889
	],
	"42": [
		0.3853515625,
		0.11805555555555555
	],
	"43": [
		0.276171875,
		0.12291666666666666
	],
	"44": [
		0.6115234375,
		0.06388888888888888
	],
	"45": [
		0.133203125,
		0.8996527777777777
	],
	"46": [
		0.1455078125,
		0.175
	],
	"47": [
		0.62109375,
		0.33402777777777776
	],
	"48": [
		0.7470703125,
		0.08576388888888889
	],
	"49": [
		0.4513671875,
		0.9694444444444444
	],
	"50": [
		0.3015625,
		0.15138888888888888
	],
	"51": [
		0.1744140625,
		0.19444444444444445
	],
	"52": [
		0.960546875,
		0.09444444444444444
	],
	"53": [
		0.209375,
		0.18333333333333332
	],
	"54": [
		0.6943359375,
		0.09513888888888888
	],
	"55": [
		0.730859375,
		0.12256944444444444
	],
	"56": [
		0.2681640625,
		0.14548611111111112
	],
	"57": [
		0.62109375,
		0.3628472222222222
	],
	"58": [
		0.90625,
		0.14166666666666666
	],
	"59": [
		0.31328125,
		0.9364583333333333
	],
	"60": [
		0.169140625,
		0.5704861111111111
	],
	"61": [
		0.0203125,
		0.8795138888888889
	],
	"62": [
		0.620703125,
		0.3333333333333333
	],
	"63": [
		0.441796875,
		0.09583333333333334
	],
	"64": [
		0.1794921875,
		0.19652777777777777
	],
	"65": [
		0.4150390625,
		0.9611111111111111
	],
	"66": [
		0.2736328125,
		0.13576388888888888
	],
	"67": [
		0.4466796875,
		0.9694444444444444
	],
	"68": [
		0.62109375,
		0.3350694444444444
	],
	"69": [
		0.0240234375,
		0.8788194444444445
	],
	"70": [
		0.6548828125,
		0.08194444444444444
	],
	"71": [
		0.7185546875,
		0.22777777777777777
	],
	"72": [
		0.967578125,
		0.1388888888888889
	],
	"73": [
		0.20390625,
		0.19305555555555556
	],
	"74": [
		0.1388671875,
		0.178125
	],
	"75": [
		0.4146484375,
		0.9611111111111111
	],
	"76": [
		0.70078125,
		0.09895833333333333
	],
	"77": [
		0.38984375,
		0.12395833333333334
	],
	"78": [
		0.1341796875,
		0.2013888888888889
	],
	"79": [
		0.210546875,
		0.1892361111111111
	],
	"80": [
		0.1837890625,
		0.1829861111111111
	],
	"81": [
		0.273828125,
		0.16597222222222222
	],
	"82": [
		0.4345703125,
		0.965625
	],
	"83": [
		0.4490234375,
		0.10868055555555556
	],
	"84": [
		0.13984375,
		0.21145833333333333
	],
	"85": [
		0.6255859375,
		0.35694444444444445
	],
	"86": [
		0.309765625,
		0.14305555555555555
	],
	"87": [
		0.680078125,
		0.09861111111111111
	],
	"88": [
		0.189453125,
		0.19375
	],
	"89": [
		0.161328125,
		0.5763888888888888
	],
	"90": [
		0.134375,
		0.18680555555555556
	],
	"91": [
		0.211328125,
		0.17569444444444443
	],
	"92": [
		0.4150390625,
		0.1111111111111111
	],
	"93": [
		0.9658203125,
		0.14548611111111112
	],
	"94": [
		0.9814453125,
		0.1076388888888889
	],
	"95": [
		0.7091796875,
		0.11388888888888889
	],
	"96": [
		0.9439453125,
		0.12638888888888888
	],
	"97": [
		0.609765625,
		0.07291666666666667
	],
	"98": [
		0.260546875,
		0.9239583333333333
	],
	"99": [
		0.6697265625,
		0.07673611111111112
	],
	"100": [
		0.934765625,
		0.12708333333333333
	],
	"101": [
		0.6904296875,
		0.10416666666666667
	],
	"102": [
		0.9572265625,
		0.13541666666666666
	],
	"103": [
		0.77578125,
		0.08368055555555555
	],
	"104": [
		0.6890625,
		0.09791666666666667
	],
	"105": [
		0.3072265625,
		0.153125
	],
	"106": [
		0.68515625,
		0.08958333333333333
	],
	"107": [
		0.4240234375,
		0.10277777777777777
	],
	"108": [
		0.9140625,
		0.11180555555555556
	],
	"109": [
		0.6259765625,
		0.34930555555555554
	],
	"110": [
		0.5091796875,
		0.07604166666666666
	],
	"111": [
		0.947265625,
		0.09652777777777778
	],
	"112": [
		0.4265625,
		0.1111111111111111
	],
	"113": [
		0.7306640625,
		0.11666666666666667
	],
	"114": [
		0.5953125,
		0.30868055555555557
	],
	"115": [
		0.440625,
		0.11006944444444444
	],
	"116": [
		0.16875,
		0.203125
	],
	"117": [
		0.3150390625,
		0.15
	],
	"118": [
		0.4486328125,
		0.09479166666666666
	],
	"119": [
		0.967578125,
		0.10243055555555555
	],
	"120": [
		0.279296875,
		0.13472222222222222
	],
	"121": [
		0.109375,
		0.28020833333333334
	],
	"122": [
		0.4181640625,
		0.11458333333333333
	],
	"123": [
		0.2013671875,
		0.190625
	],
	"124": [
		0.723046875,
		0.12395833333333334
	],
	"125": [
		0.1677734375,
		0.18645833333333334
	],
	"126": [
		0.165234375,
		0.20590277777777777
	],
	"127": [
		0.7125,
		0.08958333333333333
	],
	"128": [
		0.584765625,
		0.06666666666666667
	],
	"129": [
		0.6443359375,
		0.075
	],
	"130": [
		0.33359375,
		0.1451388888888889
	],
	"131": [
		0.2111328125,
		0.14583333333333334
	],
	"132": [
		0.160546875,
		0.203125
	],
	"133": [
		0.2056640625,
		0.18888888888888888
	],
	"134": [
		0.196875,
		0.19409722222222223
	],
	"135": [
		0.300390625,
		0.15729166666666666
	],
	"136": [
		0.7,
		0.10902777777777778
	],
	"137": [
		0.953515625,
		0.12708333333333333
	],
	"138": [
		0.6830078125,
		0.11597222222222223
	],
	"139": [
		0.920703125,
		0.1
	],
	"140": [
		0.3205078125,
		0.26805555555555555
	],
	"141": [
		0.4408203125,
		0.09097222222222222
	],
	"142": [
		0.1546875,
		0.20590277777777777
	],
	"143": [
		0.334375,
		0.13229166666666667
	],
	"144": [
		0.41171875,
		0.41770833333333335
	],
	"145": [
		0.9056640625,
		0.12083333333333333
	],
	"146": [
		0.1705078125,
		0.178125
	],
	"147": [
		0.9255859375,
		0.11388888888888889
	],
	"148": [
		0.946875,
		0.14305555555555555
	],
	"149": [
		0.0396484375,
		0.5611111111111111
	],
	"150": [
		0.90546875,
		0.11388888888888889
	],
	"151": [
		0.9529296875,
		0.13402777777777777
	],
	"152": [
		0.726171875,
		0.11979166666666667
	],
	"153": [
		0.5291015625,
		0.1076388888888889
	],
	"154": [
		0.7271484375,
		0.11284722222222222
	],
	"155": [
		0.19921875,
		0.16805555555555557
	],
	"156": [
		0.4056640625,
		0.11840277777777777
	],
	"157": [
		0.1591796875,
		0.18090277777777777
	],
	"158": [
		0.709765625,
		0.12465277777777778
	],
	"159": [
		0.21015625,
		0.5430555555555555
	],
	"160": [
		0.9697265625,
		0.14444444444444443
	],
	"161": [
		0.6037109375,
		0.06284722222222222
	],
	"162": [
		0.2876953125,
		0.16319444444444445
	],