{
	"CornerNorthWest": [
		0.3052512444949485,
		0.6074144755393434
	],
	"CornerNorthEast": [
		0.36645800154106634,
		0.3870685744479937
	]
}