{
	"CornerNorthWest": [
		0.04353932584269663,
		0.05480859809882675
	],
	"CornerNorthEast": [
		0.9550561797752809,
		0.05896888218787955
	],
	"CornerSouthWest": [
		0.5955056179775281,
		0.9290057377751134
	],
	"CornerSouthEast": [
		0.9283707865168539,
		0.9086568664405076
	]
}