{
	"0": [
		0.3359375,
		0.44722222222222224
	],
	"1": [
		0.278125,
		0.3972222222222222
	],
	"2": [
		0.4890625,
		0.1
	],
	"3": [
		0.4453125,
		0.18055555555555555
	],
	"4": [
		0.3375,
		0.3388888888888889
	],
	"5": [
		0.28125,
		0.37777777777777777
	],
	"6": [
		0.7265625,
		0.45555555555555555
	],
	"7": [
		0.6671875,
		0.4722222222222222
	],
	"8": [
		0.5578125,
		0.15555555555555556
	],
	"9": [
		0.4984375,
		0.16111111111111112
	],
	"10": [
		0.615625,
		0.15555555555555556
	],
	"11": [
		0.55625,
		0.15833333333333333
	],
	"12": [
		0.6140625,
		0.9361111111111111
	],
	"13": [
		0.5546875,
		0.9333333333333333
	],
	"14": [
		0.446875,
		0.17777777777777778
	],
	"15": [
		0.390625,
		0.14444444444444443
	],
	"16": [
		0.778125,
		0.15555555555555556
	],
	"17": [
		0.8359375,
		0.17222222222222222
	],
	"18": [
		0.725,
		0.3333333333333333
	],
	"19": [
		0.6671875,
		0.3194444444444444
	],
	"20": [
		0.446875,
		0.475
	],
	"21": [
		0.3890625,
		0.46111111111111114
	],
	"22": [
		0.446875,
		0.16944444444444445
	],
	"23": [
		0.3890625,
		0.18055555555555555
	],
	"24": [
		0.6703125,
		0.46944444444444444
	],
	"25": [
		0.6125,
		0.4777777777777778
	],
	"26": [
		0.7796875,
		0.43333333333333335
	],
	"27": [
		0.7234375,
		0.4583333333333333
	],
	"28": [
		0.725,
		0.18055555555555555
	],
	"29": [
		0.6671875,
		0.175
	],
	"30": [
		0.5484375,
		0.7
	],
	"31": [
		0.5453125,
		0.8027777777777778
	],
	"32": [
		0.5484375,
		0.8
	],
	"33": [
		0.5453125,
		0.9027777777777778
	],
	"34": [
		0.946875,
		0.95
	],
	"35": [
		0.8890625,
		0.9444444444444444
	],
	"36": [
		0.5453125,
		0.2
	],
	"37": [
		0.54375,
		0.30277777777777776
	],
	"38": [
		0.8359375,
		0.9444444444444444
	],
	"39": [
		0.778125,
		0.9416666666666667
	],
	"40": [
		0.5015625,
		0.15555555555555556
	],
	"41": [
		0.44375,
		0.15555555555555556
	],
	"42": [
		0.725,
		0.9388888888888889
	],
	"43": [
		0.6671875,
		0.9388888888888889
	],
	"44": [
		0.7796875,
		0.35555555555555557
	],
	"45": [
		0.7234375,
		0.3333333333333333
	],
	"46": [
		0.334375,
		0.4444444444444444
	],
	"47": [
		0.390625,
		0.4638888888888889
	],
	"48": [
		0.390625,
		0.325
	],
	"49": [
		0.334375,
		0.3416666666666667
	],
	"50": [
		0.8359375,
		0.17222222222222222
	],
	"51": [
		0.7796875,
		0.18055555555555555
	],
	"52": [
		0.4453125,
		0.31666666666666665
	],
	"53": [
		0.3890625,
		0.325
	],
	"54": [
		0.66875,
		0.32222222222222224
	],
	"55": [
		0.6125,
		0.3138888888888889
	],
	"56": [
		0.1734375,
		0.725
	],
	"57": [
		0.2109375,
		0.8
	],
	"58": [
		0.66875,
		0.9388888888888889
	],
	"59": [
		0.6125,
		0.9361111111111111
	],
	"60": [
		0.390625,
		0.18055555555555555
	],
	"61": [
		0.334375,
		0.18055555555555555
	],
	"62": [
		0.16875,
		0.9361111111111111
	],
	"63": [
		0.1125,
		0.9361111111111111
	],
	"64": [
		0.1765625,
		0.7138888888888889
	],
	"65": [
		0.1984375,
		0.8055555555555556
	],
	"66": [
		0.075,
		0.4
	],
	"67": [
		0.059375,
		0.49444444444444446
	],
	"68": [
		0.6140625,
		0.475
	],
	"69": [
		0.559375,
		0.48055555555555557
	],
	"70": [
		1,
		0.9527777777777777
	],
	"71": [
		0.9453125,
		0.95
	],
	"72": [
		0.8859375,
		0.17777777777777778
	],
	"73": [
		0.834375,
		0.17777777777777778
	],
	"74": [
		0.8140625,
		0.21666666666666667
	],
	"75": [
		0.828125,
		0.30277777777777776
	],
	"76": [
		0.83125,
		0.21666666666666667
	],
	"77": [
		0.8296875,
		0.3055555555555556
	],
	"78": [
		0.5578125,
		0.9361111111111111
	],
	"79": [
		0.5078125,
		0.9333333333333333
	],
	"80": [
		0.8265625,
		0.21666666666666667
	],
	"81": [
		0.81875,
		0.30277777777777776
	],
	"82": [
		1,
		0.1638888888888889
	],
	"83": [
		0.9515625,
		0.175
	],
	"84": [
		0.0921875,
		0.41388888888888886
	],
	"85": [
		0.059375,
		0.4777777777777778
	],
	"86": [
		0.8328125,
		0.9777777777777777
	],
	"87": [
		0.784375,
		0.975
	],
	"88": [
		0.840625,
		0.21944444444444444
	],
	"89": [
		0.8359375,
		0.30277777777777776
	],
	"90": [
		0.546875,
		0.5
	],
	"91": [
		0.54375,
		0.5833333333333334
	],
	"92": [
		0.5484375,
		0.48055555555555557
	],
	"93": [
		0.503125,
		0.4777777777777778
	],
	"94": [
		0.2796875,
		0.9333333333333333
	],
	"95": [
		0.234375,
		0.9333333333333333
	],
	"96": [
		0.7765625,
		0.3527777777777778
	],
	"97": [
		0.8140625,
		0.39444444444444443
	],
	"98": [
		0.546875,
		0.425
	],
	"99": [
		0.54375,
		0.5027777777777778
	],
	"100": [
		0.7640625,
		0.18333333333333332
	],
	"101": [
		0.7234375,
		0.15555555555555556
	],
	"102": [
		0.0625,
		0.425
	],
	"103": [
		0.071875,
		0.5
	],
	"104": [
		0.8203125,
		0.9416666666666667
	],
	"105": [
		0.7890625,
		0.9944444444444445
	],
	"106": [
		0.765625,
		0.18055555555555555
	],
	"107": [
		0.7234375,
		0.18333333333333332
	],
	"108": [
		0.56875,
		0.15
	],
	"109": [
		0.6046875,
		0.18611111111111112
	],
	"110": [
		0.446875,
		0.6166666666666667
	],
	"111": [
		0.4671875,
		0.6805555555555556
	],
	"112": [
		0.196875,
		0.1
	],
	"113": [
		0.225,
		0.1527777777777778
	],
	"114": [
		0.93125,
		0.9861111111111112
	],
	"115": [
		0.890625,
		0.9833333333333333
	],
	"116": [
		0.8125,
		0.4
	],
	"117": [
		0.778125,
		0.4361111111111111
	],
	"118": [
		0.040625,
		0.9388888888888889
	],
	"119": [
		0.0015625,
		0.9416666666666667
	],
	"120": [
		0.1109375,
		0.9722222222222222
	],
	"121": [
		0.071875,
		0.975
	],
	"122": [
		0.1828125,
		0.7138888888888889
	],
	"123": [
		0.171875,
		0.7805555555555556
	],
	"124": [
		0.2109375,
		0.9694444444444444
	],
	"125": [
		0.171875,
		0.9694444444444444
	],
	"126": [
		0.71875,
		0.65
	],
	"127": [
		0.6921875,
		0.6972222222222222
	],
	"128": [
		0.65,
		0.15833333333333333
	],
	"129": [
		0.6125,
		0.16111111111111112
	],
	"130": [
		0.803125,
		0.14722222222222223
	],
	"131": [
		0.834375,
		0.18333333333333332
	],
	"132": [
		0.259375,
		0.29444444444444445
	],
	"133": [
		0.2265625,
		0.325
	],
	"134": [
		0.390625,
		0.14444444444444443
	],
	"135": [
		0.3609375,
		0.18333333333333332
	],
	"136": [
		0.44375,
		0.6361111111111111
	],
	"137": [
		0.471875,
		0.6777777777777778
	],
	"138": [
		0.6671875,
		0.3194444444444444
	],
	"139": [
		0.6421875,
		0.36666666666666664
	],
	"140": [
		0.6984375,
		0.6972222222222222
	],
	"141": [
		0.725,
		0.7416666666666667
	],
	"142": [
		0.0375,
		0.16944444444444445
	],
	"143": [
		0.0015625,
		0.16944444444444445
	],
	"144": [
		0.0921875,
		0.41388888888888886
	],
	"145": [
		0.0609375,
		0.44166666666666665
	],
	"146": [
		0.3125,
		0.975
	],
	"147": [
		0.278125,
		0.9666666666666667
	],
	"148": [
		0.4796875,
		0.4777777777777778
	],
	"149": [
		0.4453125,
		0.4722222222222222
	],
	"150": [
		0.48125,
		0.13055555555555556
	],
	"151": [
		0.446875,
		0.12777777777777777
	],
	"152": [
		0.7234375,
		0.15555555555555556
	],
	"153": [
		0.6890625,
		0.15833333333333333
	],
	"154": [
		0.8140625,
		0.21666666666666667
	],
	"155": [
		0.8359375,
		0.2638888888888889
	],
	"156": [
		0.4984375,
		0.15555555555555556
	],
	"157": [
		0.5234375,
		0.19722222222222222
	],
	"158": [
		0.2265625,
		0.2972222222222222
	],
	"159": [
		0.2546875,
		0.33055555555555555
	],
	"160": [
		0.8140625,
		0.24722222222222223
	],
	"161": [
		0.8359375,
		0.2916666666666667
	],
	"162": [
		0.446875,
		0.6277777777777778
	],
	"163": [
		0.421875,
		0.6666666666666666
	],
	"164": [
		0.203125,
		0.08055555555555556
	],
	"165": [
		0.1703125,
		0.08888888888888889
	],
	"166": [
		0.259375,
		0.29444444444444445
	],
	"167": [
		0.2265625,
		0.2972222222222222
	],
	"168": [
		0.4421875,
		0.14722222222222223
	],
	"169": [
		0.415625,
		0.18055555555555555
	],
	"170": [
		0.7953125,
		0.14722222222222223
	],
	"171": [
		0.821875,
		0.18055555555555555
	],
	"172": [
		0.784375,
		0.14722222222222223
	],
	"173": [
		0.8109375,
		0.18055555555555555
	],
	"174": [
		0.071875,
		0.4
	],
	"175": [
		0.0828125,
		0.4527777777777778
	],
	"176": [
		0.63125,
		0.15555555555555556
	],
	"177": [
		0.659375,
		0.18055555555555555
	],