{
	"PenaltySpotNorth": [
		0.09269662921348315,
		0.3277055078881816
	],
	"SixYardNorthForwardEast": [
		0.07443820224719101,
		0.26275486668511855
	],
	"EighteenYardNorthForwardEast": [
		0.3938706015891033,
		0.21049334377447143
	],
	"PenaltyCircleNorthWest": [
		0.13764044943820225,
		0.39856075283697756
	]
}