{
	"0": [
		0.5671875,
		0.20833333333333334
	],
	"1": [
		0.615625,
		0.2916666666666667
	],
	"2": [
		0.659375,
		0.20277777777777778
	],
	"3": [
		0.6109375,
		0.2861111111111111
	],
	"4": [
		0.7796875,
		0.21666666666666667
	],
	"5": [
		0.8265625,
		0.29444444444444445
	],
	"6": [
		0.6125,
		0.20833333333333334
	],
	"7": [
		0.5671875,
		0.28888888888888886
	],
	"8": [
		0.8265625,
		0.29444444444444445
	],
	"9": [
		0.7828125,
		0.36944444444444446
	],
	"10": [
		0.446875,
		0.46944444444444444
	],
	"11": [
		0.3890625,
		0.4361111111111111
	],
	"12": [
		0.8359375,
		0.4388888888888889
	],
	"13": [
		0.778125,
		0.4722222222222222
	],
	"14": [
		0.778125,
		0.36666666666666664
	],
	"15": [
		0.8359375,
		0.3972222222222222
	],
	"16": [
		0.446875,
		0.3611111111111111
	],
	"17": [
		0.3890625,
		0.3861111111111111
	],
	"18": [
		0.5578125,
		0.4888888888888889
	],
	"19": [
		0.5,
		0.48055555555555557
	],
	"20": [
		0.725,
		0.48333333333333334
	],
	"21": [
		0.6671875,
		0.49166666666666664
	],
	"22": [
		0.60625,
		0.6
	],
	"23": [
		0.609375,
		0.7027777777777777
	],
	"24": [
		0.609375,
		0.7
	],
	"25": [
		0.60625,
		0.8027777777777778
	],
	"26": [
		0.725,
		0.9
	],
	"27": [
		0.6671875,
		0.8944444444444445
	],
	"28": [
		0.609375,
		0.4
	],
	"29": [
		0.6078125,
		0.5027777777777778
	],
	"30": [
		0.6078125,
		0.5
	],
	"31": [
		0.609375,
		0.6027777777777777
	],
	"32": [
		0.6140625,
		0.8944444444444445
	],
	"33": [
		0.55625,
		0.8916666666666667
	],
	"34": [
		0.609375,
		0.3
	],
	"35": [
		0.609375,
		0.4027777777777778
	],
	"36": [
		0.7234375,
		0.3527777777777778
	],
	"37": [
		0.7796875,
		0.36944444444444446
	],
	"38": [
		0.4453125,
		0.4666666666666667
	],
	"39": [
		0.5015625,
		0.48333333333333334
	],
	"40": [
		0.7796875,
		0.46944444444444444
	],
	"41": [
		0.7234375,
		0.48333333333333334
	],
	"42": [
		0.615625,
		0.2777777777777778
	],
	"43": [
		0.5640625,
		0.2361111111111111
	],
	"44": [
		0.5015625,
		0.35
	],
	"45": [
		0.4453125,
		0.3611111111111111
	],
	"46": [
		0.946875,
		0.9138888888888889
	],
	"47": [
		0.890625,
		0.9083333333333333
	],
	"48": [
		0.66875,
		0.2111111111111111
	],
	"49": [
		0.6125,
		0.2111111111111111
	],
	"50": [
		0.2796875,
		0.8833333333333333
	],
	"51": [
		0.2234375,
		0.8833333333333333
	],
	"52": [
		0.66875,
		0.8944444444444445
	],
	"53": [
		0.6125,
		0.8944444444444445
	],
	"54": [
		0.60625,
		0.20555555555555555
	],
	"55": [
		0.609375,
		0.30277777777777776
	],
	"56": [
		1,
		0.9166666666666666
	],
	"57": [
		0.9453125,
		0.9111111111111111
	],
	"58": [
		0.596875,
		0.20555555555555555
	],
	"59": [
		0.5640625,
		0.2833333333333333
	],
	"60": [
		0.6125,
		0.20833333333333334
	],
	"61": [
		0.5640625,
		0.24722222222222223
	],
	"62": [
		0.8359375,
		0.9055555555555556
	],
	"63": [
		0.7828125,
		0.9027777777777778
	],
	"64": [
		0.60625,
		0.8
	],
	"65": [
		0.60625,
		0.8944444444444445
	],
	"66": [
		0.6734375,
		0.3472222222222222
	],
	"67": [
		0.725,
		0.35555555555555557
	],
	"68": [
		0.834375,
		0.23333333333333334
	],
	"69": [
		0.803125,
		0.30277777777777776
	],
	"70": [
		0.6125,
		0.225
	],
	"71": [
		0.5640625,
		0.2361111111111111
	],
	"72": [
		0.8296875,
		0.3138888888888889
	],
	"73": [
		0.7953125,
		0.375
	],
	"74": [
		0.8203125,
		0.3
	],
	"75": [
		0.8,
		0.37777777777777777
	],
	"76": [
		0.8796875,
		0.23333333333333334
	],
	"77": [
		0.834375,
		0.20555555555555555
	],
	"78": [
		0.5671875,
		0.20833333333333334
	],
	"79": [
		0.58125,
		0.28888888888888886
	],
	"80": [
		0.88125,
		0.9083333333333333
	],
	"81": [
		0.834375,
		0.9055555555555556
	],
	"82": [
		0.6140625,
		0.20833333333333334
	],
	"83": [
		0.5671875,
		0.20833333333333334
	],
	"84": [
		0.80625,
		0.2972222222222222
	],
	"85": [
		0.80625,
		0.38055555555555554
	],
	"86": [
		0.590625,
		0.20833333333333334
	],
	"87": [
		0.5796875,
		0.28888888888888886
	],
	"88": [
		0.5765625,
		0.20833333333333334
	],
	"89": [
		0.5671875,
		0.28888888888888886
	],
	"90": [
		0.5765625,
		0.20833333333333334
	],
	"91": [
		0.5859375,
		0.28888888888888886
	],
	"92": [
		0.803125,
		0.30277777777777776
	],
	"93": [
		0.8328125,
		0.3638888888888889
	],
	"94": [
		0.490625,
		0.8861111111111111
	],
	"95": [
		0.4453125,
		0.8888888888888888
	],
	"96": [
		0.8796875,
		0.23333333333333334
	],
	"97": [
		0.834375,
		0.23333333333333334
	],
	"98": [
		0.046875,
		0.8861111111111111
	],
	"99": [
		0.0015625,
		0.8861111111111111
	],
	"100": [
		0.1671875,
		0.21944444444444444
	],
	"101": [
		0.1234375,
		0.23055555555555557
	],
	"102": [
		0.503125,
		0.1361111111111111
	],
	"103": [
		0.534375,
		0.18888888888888888
	],
	"104": [
		0.1578125,
		0.45555555555555555
	],
	"105": [
		0.1234375,
		0.5
	],
	"106": [
		0.215625,
		0.6972222222222222
	],
	"107": [
		0.2046875,
		0.7694444444444445
	],
	"108": [
		0.20625,
		0.6972222222222222
	],
	"109": [
		0.2140625,
		0.7694444444444445
	],
	"110": [
		0.1421875,
		0.43333333333333335
	],
	"111": [
		0.125,
		0.5
	],
	"112": [
		0.559375,
		0.18333333333333332
	],
	"113": [
		0.51875,
		0.19166666666666668
	],
	"114": [
		0.80625,
		0.2972222222222222
	],
	"115": [
		0.8359375,
		0.3472222222222222
	],
	"116": [
		0.390625,
		0.8861111111111111
	],
	"117": [
		0.35,
		0.8861111111111111
	],
	"118": [
		0.6125,
		0.34444444444444444
	],
	"119": [
		0.5875,
		0.4
	],
	"120": [
		0.8,
		0.3277777777777778
	],
	"121": [
		0.8359375,
		0.35833333333333334
	],
	"122": [
		0.6109375,
		0.1527777777777778
	],
	"123": [
		0.6375,
		0.2
	],
	"124": [
		0.125,
		0.44166666666666665
	],
	"125": [
		0.1421875,
		0.5
	],
	"126": [
		0.540625,
		0.1388888888888889
	],
	"127": [
		0.51875,
		0.19166666666666668
	],
	"128": [
		0.534375,
		0.20555555555555555
	],
	"129": [
		0.5,
		0.22777777777777777
	],
	"130": [
		0.7015625,
		0.20833333333333334
	],
	"131": [
		0.665625,
		0.20277777777777778
	],
	"132": [
		0.8359375,
		0.3472222222222222
	],
	"133": [
		0.8,
		0.34444444444444444
	],
	"134": [
		0.1578125,
		0.4666666666666667
	],
	"135": [
		0.125,
		0.44166666666666665
	],
	"136": [
		0.5640625,
		0.2361111111111111
	],
	"137": [
		0.5875,
		0.2833333333333333
	],
	"138": [
		0.1390625,
		0.43333333333333335
	],
	"139": [
		0.14375,
		0.49444444444444446
	],
	"140": [
		0.2703125,
		0.425
	],
	"141": [
		0.2671875,
		0.4861111111111111
	],
	"142": [
		0.84375,
		0.13055555555555556
	],
	"143": [
		0.834375,
		0.18888888888888888
	],
	"144": [
		0.3875,
		0.1388888888888889
	],
	"145": [
		0.3640625,
		0.18055555555555555
	],
	"146": [
		0.1578125,
		0.45555555555555555
	],
	"147": [
		0.125,
		0.46111111111111114
	],
	"148": [
		0.946875,
		0.9444444444444444
	],
	"149": [
		0.9140625,
		0.9388888888888889
	],
	"150": [
		0.125,
		0.44166666666666665
	],
	"151": [
		0.1265625,
		0.5
	],
	"152": [
		0.315625,
		0.9138888888888889
	],
	"153": [
		0.2828125,
		0.9166666666666666
	],
	"154": [
		0.5796875,
		0.15
	],
	"155": [
		0.55625,
		0.18888888888888888
	],
	"156": [
		0.64375,
		0.1527777777777778
	],
	"157": [
		0.6125,
		0.1638888888888889
	],
	"158": [
		0.3125,
		0.6083333333333333
	],
	"159": [
		0.3265625,
		0.6583333333333333
	],
	"160": [
		0.0046875,
		0.11388888888888889
	],
	"161": [
		0.0296875,
		0.14722222222222223
	],
	"162": [
		0.53125,
		0.15555555555555556
	],
	"163": [
		0.55625,
		0.18888888888888888
	],
	"164": [
		0.64375,
		0.1527777777777778
	],
	"165": [
		0.6203125,
		0.18888888888888888
	],
	"166": [
		0.609375,
		0.325
	],
	"167": [
		0.5921875,
		0.36944444444444446
	],
	"168": [
		0.609375,
		0.25277777777777777
	],
	"169": [
		0.6234375,
		0.3
	],
	"170": [
		0.590625,
		0.39444444444444443
	],
	"171": [
		0.609375,
		0.4361111111111111
	],
	"172": [
		0.3203125,
		0.6083333333333333
	],
	"173": [
		0.2984375,
		0.6444444444444445
	],
	"174": [
		0.8640625,
		0.9388888888888889
	],
	"175": [
		0.834375,
		0.9333333333333333
	],
	"176": [
		0.14375,
		0.19722222222222222
	],