{
	"0": [
		0.614453125,
		0.06666666666666667
	],
	"1": [
		0.4546875,
		0.059375
	],
	"2": [
		0.784765625,
		0.07569444444444444
	],
	"3": [
		0.71640625,
		0.07048611111111111
	],
	"4": [
		0.309765625,
		0.04895833333333333
	],
	"5": [
		0.3765625,
		0.05243055555555556
	],
	"6": [
		0.534375,
		0.06458333333333334
	],
	"7": [
		0.970703125,
		0.08229166666666667
	],
	"8": [
		0.5189453125,
		0.04861111111111111
	],
	"9": [
		0.4681640625,
		0.05798611111111111
	],
	"10": [
		0.0947265625,
		0.09791666666666667
	],
	"11": [
		0.4388671875,
		0.043055555555555555
	],
	"12": [
		0.68125,
		0.05694444444444444
	],
	"13": [
		0.305859375,
		0.09722222222222222
	],
	"14": [
		0.6998046875,
		0.07604166666666666
	],
	"15": [
		0.955859375,
		0.08576388888888889
	],
	"16": [
		0.598046875,
		0.05416666666666667
	],
	"17": [
		0.389453125,
		0.05243055555555556
	],
	"18": [
		0.5478515625,
		0.06388888888888888
	],
	"19": [
		0.71640625,
		0.06180555555555556
	],
	"20": [
		0.8048828125,
		0.06909722222222223
	],
	"21": [
		0.8048828125,
		0.06909722222222223
	],
	"22": [
		0.721484375,
		0.058333333333333334
	],
	"23": [
		0.675390625,
		0.035416666666666666
	],
	"24": [
		0.8767578125,
		0.07881944444444444
	],
	"25": [
		0.6564453125,
		0.03680555555555556
	],
	"26": [
		0.895703125,
		0.07777777777777778
	],
	"27": [
		0.9494140625,
		0.06805555555555555
	],
	"28": [
		0.4734375,
		0.04583333333333333
	],
	"29": [
		0.7662109375,
		0.05798611111111111
	],
	"30": [
		0.2947265625,
		0.10138888888888889
	],
	"31": [
		0.3634765625,
		0.051041666666666666
	],
	"32": [
		0.6365234375,
		0.05590277777777778
	],
	"33": [
		0.686328125,
		0.07291666666666667
	],
	"34": [
		0.630859375,
		0.06597222222222222
	],
	"35": [
		0.807421875,
		0.06319444444444444
	],
	"36": [
		0.5533203125,
		0.05243055555555556
	],
	"37": [
		0.7693359375,
		0.07604166666666666
	],
	"38": [
		0.3951171875,
		0.04027777777777778
	],
	"39": [
		0.1103515625,
		0.10347222222222222
	],
	"40": [
		0.1111328125,
		0.10138888888888889
	],
	"41": [
		0.6865234375,
		0.08263888888888889
	],
	"42": [
		0.746875,
		0.05243055555555556
	],
	"43": [
		0.3658203125,
		0.058333333333333334
	],
	"44": [
		0.8296875,
		0.04722222222222222
	],
	"45": [
		0.9001953125,
		0.06041666666666667
	],
	"46": [
		0.6025390625,
		0.075
	],
	"47": [
		0.9515625,
		0.06944444444444445
	],
	"48": [
		0.8568359375,
		0.05694444444444444
	],
	"49": [
		0.5244140625,
		0.06493055555555556
	],
	"50": [
		0.862890625,
		0.084375
	],
	"51": [
		0.0240234375,
		0.08715277777777777
	],
	"52": [
		0.3080078125,
		0.049652777777777775
	],
	"53": [
		0.234765625,
		0.1076388888888889
	],
	"54": [
		0.439453125,
		0.060069444444444446
	],
	"55": [
		0.0701171875,
		0.103125
	],
	"56": [
		0.3142578125,
		0.040625
	],
	"57": [
		0.949609375,
		0.06979166666666667
	],
	"58": [
		0.5193359375,
		0.06597222222222222
	],
	"59": [
		0.6876953125,
		0.07673611111111112
	],
	"60": [
		0.6375,
		0.07361111111111111
	],
	"61": [
		0.77265625,
		0.07777777777777778
	],
	"62": [
		0.9396484375,
		0.04895833333333333
	],
	"63": [
		0.9189453125,
		0.042708333333333334
	],
	"64": [
		0.9013671875,
		0.07916666666666666
	],
	"65": [
		0.858203125,
		0.06319444444444444
	],
	"66": [
		0.8580078125,
		0.06805555555555555
	],
	"67": [
		0.8513671875,
		0.04027777777777778
	],
	"68": [
		0.8037109375,
		0.06701388888888889
	],
	"69": [
		0.6279296875,
		0.05763888888888889
	],
	"70": [
		0.9580078125,
		0.08402777777777778
	],
	"71": [
		0.8634765625,
		0.07395833333333333
	],
	"72": [
		0.6931640625,
		0.07743055555555556
	],
	"73": [
		0.722265625,
		0.07673611111111112
	],
	"74": [
		0.36953125,
		0.05243055555555556
	],
	"75": [
		0.8505859375,
		0.03680555555555556
	],
	"76": [
		0.6880859375,
		0.06041666666666667
	],
	"77": [
		0.5419921875,
		0.05243055555555556
	],
	"78": [
		0.6072265625,
		0.06979166666666667
	],
	"79": [
		0.0955078125,
		0.09722222222222222
	],
	"80": [
		0.293359375,
		0.10451388888888889
	],
	"81": [
		0.55625,
		0.06736111111111111
	],
	"82": [
		0.8544921875,
		0.040625
	],
	"83": [
		0.8654296875,
		0.08194444444444444
	],
	"84": [
		0.8958984375,
		0.07048611111111111
	],
	"85": [
		0.9525390625,
		0.06875
	],
	"86": [
		0.7962890625,
		0.9402777777777778
	],
	"87": [
		0.690625,
		0.07048611111111111
	],
	"88": [
		0.905078125,
		0.9597222222222223
	],
	"89": [
		0.21171875,
		0.10520833333333333
	],
	"90": [
		0.777734375,
		0.07881944444444444
	],
	"91": [
		0.3193359375,
		0.05416666666666667
	],
	"92": [
		0.809765625,
		0.08159722222222222
	],
	"93": [
		0.37265625,
		0.05590277777777778
	],
	"94": [
		0.3017578125,
		0.10173611111111111
	],
	"95": [
		0.79375,
		0.08229166666666667
	],
	"96": [
		0.9,
		0.08298611111111111
	],
	"97": [
		0.88046875,
		0.08576388888888889
	],
	"98": [
		0.0314453125,
		0.08333333333333333
	],
	"99": [
		0.528515625,
		0.04548611111111111
	],
	"100": [
		0.608203125,
		0.05659722222222222
	],
	"101": [
		0.1115234375,
		0.09861111111111111
	],
	"102": [
		0.47578125,
		0.06354166666666666
	],
	"103": [
		0.940625,
		0.050347222222222224
	],
	"104": [
		0.259765625,
		0.840625
	],
	"105": [
		0.3875,
		0.043402777777777776
	],
	"106": [
		0.864453125,
		0.07673611111111112
	],
	"107": [
		0.91171875,
		0.9635416666666666
	],
	"108": [
		0.8498046875,
		0.9513888888888888
	],
	"109": [
		0.4482421875,
		0.06111111111111111
	],
	"110": [
		0.139453125,
		0.10416666666666667
	],
	"111": [
		0.8712890625,
		0.9572916666666667
	],
	"112": [
		0.76953125,
		0.06319444444444444
	],
	"113": [
		0.8267578125,
		0.04513888888888889
	],
	"114": [
		0.9796875,
		0.08576388888888889
	],
	"115": [
		0.5283203125,
		0.06666666666666667
	],
	"116": [
		0.4421875,
		0.05520833333333333
	],
	"117": [
		0.9333984375,
		0.9684027777777777
	],
	"118": [
		0.2974609375,
		0.10347222222222222
	],
	"119": [
		0.446875,
		0.05590277777777778
	],
	"120": [
		0.3970703125,
		0.05694444444444444
	],
	"121": [
		0.5236328125,
		0.05694444444444444
	],
	"122": [
		0.603515625,
		0.06076388888888889
	],
	"123": [
		0.6310546875,
		0.03923611111111111
	],
	"124": [
		0.018359375,
		0.09236111111111112
	],
	"125": [
		0.0611328125,
		0.10590277777777778
	],
	"126": [
		0.18125,
		0.8756944444444444
	],
	"127": [
		0.7220703125,
		0.078125
	],
	"128": [
		0.604296875,
		0.059027777777777776
	],
	"129": [
		0.92578125,
		0.9677083333333333
	],
	"130": [
		0.1431640625,
		0.10416666666666667
	],
	"131": [
		0.725,
		0.08125
	],
	"132": [
		0.458203125,
		0.04722222222222222
	],
	"133": [
		0.2966796875,
		0.10138888888888889
	],
	"134": [
		0.0888671875,
		0.09826388888888889
	],
	"135": [
		0.6099609375,
		0.07083333333333333
	],
	"136": [
		0.7044921875,
		0.07777777777777778
	],
	"137": [
		0.246484375,
		0.8388888888888889
	],
	"138": [
		0.773828125,
		0.07118055555555555
	],
	"139": [
		0.44453125,
		0.06111111111111111
	],
	"140": [
		0.876953125,
		0.03298611111111111
	],
	"141": [
		0.5345703125,
		0.06527777777777778
	],
	"142": [
		0.830078125,
		0.946875
	],
	"143": [
		0.93984375,
		0.050694444444444445
	],
	"144": [
		0.5310546875,
		0.03333333333333333
	],
	"145": [
		0.0970703125,
		0.10347222222222222
	],
	"146": [
		0.9638671875,
		0.07118055555555555
	],
	"147": [
		0.109765625,
		0.10451388888888889
	],
	"148": [
		0.125,
		0.10520833333333333
	],
	"149": [
		0.775390625,
		0.06909722222222223
	],
	"150": [
		0.369140625,
		0.03958333333333333
	],
	"151": [
		0.4455078125,
		0.04548611111111111
	],
	"152": [
		0.8830078125,
		0.06979166666666667
	],
	"153": [
		0.3193359375,
		0.05763888888888889
	],
	"154": [
		0.810546875,
		0.08263888888888889
	],
	"155": [
		0.9794921875,
		0.071875
	],
	"156": [
		0.3658203125,
		0.04479166666666667
	],
	"157": [
		0.2990234375,
		0.10277777777777777
	],
	"158": [
		0.4556640625,
		0.06180555555555556
	],
	"159": [
		0.5556640625,
		0.06909722222222223
	],
	"160": [
		0.3796875,
		0.05659722222222222
	],