{
	"0": [
		0.5609375,
		0.2
	],
	"1": [
		0.6078125,
		0.2777777777777778
	],
	"2": [
		0.55625,
		0.21944444444444444
	],
	"3": [
		0.5984375,
		0.30277777777777776
	],
	"4": [
		0.55625,
		0.21666666666666667
	],
	"5": [
		0.609375,
		0.26666666666666666
	],
	"6": [
		0.446875,
		0.35
	],
	"7": [
		0.3875,
		0.36666666666666664
	],
	"8": [
		0.5859375,
		0.8
	],
	"9": [
		0.58125,
		0.9055555555555556
	],
	"10": [
		0.446875,
		0.4777777777777778
	],
	"11": [
		0.3890625,
		0.45555555555555555
	],
	"12": [
		0.584375,
		0.3
	],
	"13": [
		0.59375,
		0.4027777777777778
	],
	"14": [
		0.5578125,
		0.5
	],
	"15": [
		0.5,
		0.4861111111111111
	],
	"16": [
		0.725,
		0.35555555555555557
	],
	"17": [
		0.6671875,
		0.34444444444444444
	],
	"18": [
		0.725,
		0.4777777777777778
	],
	"19": [
		0.6671875,
		0.4888888888888889
	],
	"20": [
		0.5859375,
		0.3
	],
	"21": [
		0.58125,
		0.4027777777777778
	],
	"22": [
		0.5875,
		0.2
	],
	"23": [
		0.584375,
		0.30277777777777776
	],
	"24": [
		0.5859375,
		0.6
	],
	"25": [
		0.5828125,
		0.7027777777777777
	],
	"26": [
		0.5859375,
		0.7
	],
	"27": [
		0.5828125,
		0.8027777777777778
	],
	"28": [
		0.890625,
		0.9194444444444444
	],
	"29": [
		0.8328125,
		0.9138888888888889
	],
	"30": [
		0.6140625,
		0.2
	],
	"31": [
		0.55625,
		0.20277777777777778
	],
	"32": [
		0.6140625,
		0.3388888888888889
	],
	"33": [
		0.55625,
		0.3416666666666667
	],
	"34": [
		0.1140625,
		0.9
	],
	"35": [
		0.05625,
		0.9027777777777778
	],
	"36": [
		0.8359375,
		0.9166666666666666
	],
	"37": [
		0.778125,
		0.9138888888888889
	],
	"38": [
		0.946875,
		0.9222222222222223
	],
	"39": [
		0.8890625,
		0.9194444444444444
	],
	"40": [
		0.8359375,
		0.225
	],
	"41": [
		0.778125,
		0.225
	],
	"42": [
		0.796875,
		0.2972222222222222
	],
	"43": [
		0.815625,
		0.39444444444444443
	],
	"44": [
		0.821875,
		0.3055555555555556
	],
	"45": [
		0.778125,
		0.37222222222222223
	],
	"46": [
		0.609375,
		0.25833333333333336
	],
	"47": [
		0.553125,
		0.2388888888888889
	],
	"48": [
		0.58125,
		0.20277777777777778
	],
	"49": [
		0.5921875,
		0.30277777777777776
	],
	"50": [
		0.7234375,
		0.3527777777777778
	],
	"51": [
		0.7796875,
		0.37222222222222223
	],
	"52": [
		0.0578125,
		0.14166666666666666
	],
	"53": [
		0.0015625,
		0.13055555555555556
	],
	"54": [
		0.5015625,
		0.4861111111111111
	],
	"55": [
		0.4453125,
		0.475
	],
	"56": [
		0.66875,
		0.2
	],
	"57": [
		0.6125,
		0.20277777777777778
	],
	"58": [
		0.725,
		0.9111111111111111
	],
	"59": [
		0.66875,
		0.9083333333333333
	],
	"60": [
		0.7796875,
		0.9138888888888889
	],
	"61": [
		0.7234375,
		0.9111111111111111
	],
	"62": [
		0.778125,
		0.46111111111111114
	],
	"63": [
		0.7234375,
		0.48055555555555557
	],
	"64": [
		0.390625,
		0.4583333333333333
	],
	"65": [
		0.3421875,
		0.4111111111111111
	],
	"66": [
		0.609375,
		0.25277777777777777
	],
	"67": [
		0.5546875,
		0.25833333333333336
	],
	"68": [
		1,
		0.9277777777777778
	],
	"69": [
		0.9453125,
		0.9222222222222223
	],
	"70": [
		0.39375,
		0.3638888888888889
	],
	"71": [
		0.34375,
		0.4027777777777778
	],
	"72": [
		0.009375,
		0.10833333333333334
	],
	"73": [
		0.05,
		0.16944444444444445
	],
	"74": [
		0.5015625,
		0.20277777777777778
	],
	"75": [
		0.45,
		0.2222222222222222
	],
	"76": [
		0.8265625,
		0.40555555555555556
	],
	"77": [
		0.778125,
		0.36944444444444446
	],
	"78": [
		0.5921875,
		0.13333333333333333
	],
	"79": [
		0.5546875,
		0.19722222222222222
	],
	"80": [
		0.825,
		0.3055555555555556
	],
	"81": [
		0.7953125,
		0.38055555555555554
	],
	"82": [
		0.5953125,
		0.2
	],
	"83": [
		0.5578125,
		0.2611111111111111
	],
	"84": [
		0.10625,
		0.2222222222222222
	],
	"85": [
		0.05625,
		0.21388888888888888
	],
	"86": [
		0.6046875,
		0.33055555555555555
	],
	"87": [
		0.5796875,
		0.40555555555555556
	],
	"88": [
		0.5140625,
		0.125
	],
	"89": [
		0.5015625,
		0.20277777777777778
	],
	"90": [
		0.1578125,
		0.1361111111111111
	],
	"91": [
		0.1125,
		0.1388888888888889
	],
	"92": [
		0.575,
		0.2
	],
	"93": [
		0.5515625,
		0.26666666666666666
	],
	"94": [
		0.596875,
		0.14444444444444443
	],
	"95": [
		0.565625,
		0.2
	],
	"96": [
		0.1375,
		0.4361111111111111
	],
	"97": [
		0.1171875,
		0.5055555555555555
	],
	"98": [
		0.003125,
		0.10833333333333334
	],
	"99": [
		0.021875,
		0.17777777777777778
	],
	"100": [
		0.796875,
		0.2972222222222222
	],
	"101": [
		0.825,
		0.35555555555555557
	],
	"102": [
		0.1109375,
		0.4305555555555556
	],
	"103": [
		0.0984375,
		0.5027777777777778
	],
	"104": [
		0.4875,
		0.34444444444444444
	],
	"105": [
		0.4453125,
		0.3527777777777778
	],
	"106": [
		0.66875,
		0.4861111111111111
	],
	"107": [
		0.6265625,
		0.49166666666666664
	],
	"108": [
		0.5984375,
		0.9083333333333333
	],
	"109": [
		0.55625,
		0.9027777777777778
	],
	"110": [
		0.1140625,
		0.4305555555555556
	],
	"111": [
		0.1234375,
		0.5027777777777778
	],
	"112": [
		0.05,
		0.13055555555555556
	],
	"113": [
		0.01875,
		0.17777777777777778
	],
	"114": [
		0.1953125,
		0.7
	],
	"115": [
		0.190625,
		0.7722222222222223
	],
	"116": [
		0.378125,
		0.14444444444444443
	],
	"117": [
		0.3375,
		0.1388888888888889
	],
	"118": [
		0.01875,
		0.10833333333333334
	],
	"119": [
		0.009375,
		0.17777777777777778
	],
	"120": [
		0.0375,
		0.12777777777777777
	],
	"121": [
		0.00625,
		0.17222222222222222
	],
	"122": [
		0.4703125,
		0.1361111111111111
	],
	"123": [
		0.5015625,
		0.18055555555555555
	],
	"124": [
		0.8328125,
		0.9138888888888889
	],
	"125": [
		0.8046875,
		0.9638888888888889
	],
	"126": [
		0.0140625,
		0.10833333333333334
	],
	"127": [
		0.01875,
		0.17777777777777778
	],
	"128": [
		0.246875,
		0.41944444444444445
	],
	"129": [
		0.24375,
		0.4888888888888889
	],
	"130": [
		0.559375,
		0.2
	],
	"131": [
		0.5703125,
		0.26666666666666666
	],
	"132": [
		0.74375,
		0.2
	],
	"133": [
		0.7796875,
		0.225
	],
	"134": [
		0.096875,
		0.4388888888888889
	],
	"135": [
		0.1109375,
		0.5027777777777778
	],
	"136": [
		0.5546875,
		0.2
	],
	"137": [
		0.5515625,
		0.26666666666666666
	],
	"138": [
		0.5671875,
		0.2
	],
	"139": [
		0.5640625,
		0.26666666666666666
	],
	"140": [
		0.371875,
		0.9361111111111111
	],
	"141": [
		0.334375,
		0.9305555555555556
	],
	"142": [
		0.1390625,
		0.12222222222222222
	],
	"143": [
		0.1109375,
		0.1638888888888889
	],
	"144": [
		0.1375,
		0.11944444444444445
	],
	"145": [
		0.1640625,
		0.1638888888888889
	],
	"146": [
		0.609375,
		0.25277777777777777
	],
	"147": [
		0.584375,
		0.3
	],
	"148": [
		0.7859375,
		0.19722222222222222
	],
	"149": [
		0.821875,
		0.2
	],
	"150": [
		0.7765625,
		0.2222222222222222
	],
	"151": [
		0.740625,
		0.225
	],
	"152": [
		0.584375,
		0.3
	],
	"153": [
		0.6109375,
		0.3416666666666667
	],
	"154": [
		0.05625,
		0.10833333333333334
	],
	"155": [
		0.084375,
		0.14444444444444443
	],
	"156": [
		0.8359375,
		0.95
	],
	"157": [
		0.8015625,
		0.9444444444444444
	],
	"158": [
		0.590625,
		0.17777777777777778
	],
	"159": [
		0.55625,
		0.17777777777777778
	],
	"160": [
		0.3671875,
		0.13055555555555556
	],
	"161": [
		0.3359375,
		0.15555555555555556
	],
	"162": [
		0.1125,
		0.43333333333333335
	],
	"163": [
		0.1375,
		0.475
	],
	"164": [
		0.821875,
		0.1388888888888889
	],
	"165": [
		0.8125,
		0.19722222222222222
	],
	"166": [
		0.5109375,
		0.13055555555555556
	],
	"167": [
		0.5234375,
		0.18611111111111112
	],
	"168": [
		0.4234375,
		0.12777777777777777
	],
	"169": [
		0.403125,
		0.175
	],
	"170": [
		0.721875,
		0.725
	],
	"171": [
		0.7453125,
		0.7666666666666667
	],
	"172": [
		0.5578125,
		0.9055555555555556
	],
	"173": [
		0.525,
		0.9027777777777778
	],
	"174": [
		0.1375,
		0.4527777777777778
	],
	"175": [
		0.1109375,
		0.4861111111111111
	],
	"176": [
		0.5859375,
		0.4722222222222222
	],
	"177": [
		0.5578125,
		0.5
	],
	"178": [
		0.93125,
		0.11666666666666667
	],
	"179": [
		0.9203125,
		0.16944444444444445
	],
	"180": [
		0.8265625,
		0.31666666666666665
	],