{
	"0": [
		0.20390625,
		0.17256944444444444
	],
	"1": [
		0.2875,
		0.06180555555555556
	],
	"2": [
		0.316015625,
		0.18611111111111112
	],
	"3": [
		0.281640625,
		0.18472222222222223
	],
	"4": [
		0.208984375,
		0.050347222222222224
	],
	"5": [
		0.2923828125,
		0.08715277777777777
	],
	"6": [
		0.473828125,
		0.1920138888888889
	],
	"7": [
		0.283203125,
		0.09236111111111112
	],
	"8": [
		0.28984375,
		0.06979166666666667
	],
	"9": [
		0.2513671875,
		0.18333333333333332
	],
	"10": [
		0.223828125,
		0.12118055555555556
	],
	"11": [
		0.251171875,
		0.1840277777777778
	],
	"12": [
		0.444140625,
		0.1920138888888889
	],
	"13": [
		0.20390625,
		0.17256944444444444
	],
	"14": [
		0.2447265625,
		0.04895833333333333
	],
	"15": [
		0.2927734375,
		0.08680555555555555
	],
	"16": [
		0.281640625,
		0.18472222222222223
	],
	"17": [
		0.3453125,
		0.1875
	],
	"18": [
		0.3453125,
		0.1875
	],
	"19": [
		0.281640625,
		0.1840277777777778
	],
	"20": [
		0.409375,
		0.18854166666666666
	],
	"21": [
		0.409375,
		0.18854166666666666
	],
	"22": [
		0.44296875,
		0.18263888888888888
	],
	"23": [
		0.31640625,
		0.18472222222222223
	],
	"24": [
		0.1986328125,
		0.14548611111111112
	],
	"25": [
		0.253515625,
		0.05173611111111111
	],
	"26": [
		0.2173828125,
		0.16875
	],
	"27": [
		0.2513671875,
		0.184375
	],
	"28": [
		0.2173828125,
		0.1701388888888889
	],
	"29": [
		0.3453125,
		0.1875
	],
	"30": [
		0.2939453125,
		0.08576388888888889
	],
	"31": [
		0.31640625,
		0.18645833333333334
	],
	"32": [
		0.0310546875,
		0.14027777777777778
	],
	"33": [
		0.033984375,
		0.13506944444444444
	],
	"34": [
		0.251953125,
		0.18888888888888888
	],
	"35": [
		0.3130859375,
		0.16805555555555557
	],
	"36": [
		0.25,
		0.049305555555555554
	],
	"37": [
		0.409375,
		0.18854166666666666
	],
	"38": [
		0.1912109375,
		0.1875
	],
	"39": [
		0.44921875,
		0.16875
	],
	"40": [
		0.3794921875,
		0.18090277777777777
	],
	"41": [
		0.2328125,
		0.12395833333333334
	],
	"42": [
		0.380078125,
		0.19027777777777777
	],
	"43": [
		0.20859375,
		0.05
	],
	"44": [
		0.1037109375,
		0.15590277777777778
	],
	"45": [
		0.2875,
		0.0625
	],
	"46": [
		0.44296875,
		0.18263888888888888
	],
	"47": [
		0.23984375,
		0.11597222222222223
	],
	"48": [
		0.251953125,
		0.18472222222222223
	],
	"49": [
		0.2171875,
		0.16875
	],
	"50": [
		0.3162109375,
		0.1875
	],
	"51": [
		0.409375,
		0.18854166666666666
	],
	"52": [
		0.3798828125,
		0.1892361111111111
	],
	"53": [
		0.3798828125,
		0.1892361111111111
	],
	"54": [
		0.3453125,
		0.1875
	],
	"55": [
		0.2171875,
		0.16875
	],
	"56": [
		0.444140625,
		0.19166666666666668
	],
	"57": [
		0.3798828125,
		0.1892361111111111
	],
	"58": [
		0.2513671875,
		0.184375
	],
	"59": [
		0.281640625,
		0.18472222222222223
	],
	"60": [
		0.2525390625,
		0.05
	],
	"61": [
		0.251953125,
		0.1829861111111111
	],
	"62": [
		0.2947265625,
		0.08645833333333333
	],
	"63": [
		0.1921875,
		0.18645833333333334
	],
	"64": [
		0.2939453125,
		0.08645833333333333
	],
	"65": [
		0.3796875,
		0.1909722222222222
	],
	"66": [
		0.409375,
		0.18854166666666666
	],
	"67": [
		0.44921875,
		0.16875
	],
	"68": [
		0.3400390625,
		0.8298611111111112
	],
	"69": [
		0.251953125,
		0.1829861111111111
	],
	"70": [
		0.4193359375,
		0.8350694444444444
	],
	"71": [
		0.103125,
		0.14444444444444443
	],
	"72": [
		0.3162109375,
		0.1875
	],
	"73": [
		0.2515625,
		0.05277777777777778
	],
	"74": [
		0.3453125,
		0.1875
	],
	"75": [
		0.2501953125,
		0.049305555555555554
	],
	"76": [
		0.1986328125,
		0.14548611111111112
	],
	"77": [
		0.345703125,
		0.18819444444444444
	],
	"78": [
		0.409375,
		0.18854166666666666
	],
	"79": [
		0.409375,
		0.18854166666666666
	],
	"80": [
		0.20390625,
		0.17256944444444444
	],
	"81": [
		0.04765625,
		0.12604166666666666
	],
	"82": [
		0.290625,
		0.06145833333333333
	],
	"83": [
		0.3798828125,
		0.1892361111111111
	],
	"84": [
		0.410546875,
		0.8354166666666667
	],
	"85": [
		0.41171875,
		0.8347222222222223
	],
	"86": [
		0.2873046875,
		0.06875
	],
	"87": [
		0.415234375,
		0.8347222222222223
	],
	"88": [
		0.316015625,
		0.18611111111111112
	],
	"89": [
		0.473828125,
		0.1920138888888889
	],
	"90": [
		0.2072265625,
		0.14305555555555555
	],
	"91": [
		0.2873046875,
		0.0625
	],
	"92": [
		0.476171875,
		0.8395833333333333
	],
	"93": [
		0.1595703125,
		0.14375
	],
	"94": [
		0.2876953125,
		0.06354166666666666
	],
	"95": [
		0.2556640625,
		0.09930555555555555
	],
	"96": [
		0.1978515625,
		0.17326388888888888
	],
	"97": [
		0.281640625,
		0.18472222222222223
	],
	"98": [
		0.2029296875,
		0.17326388888888888
	],
	"99": [
		0.445703125,
		0.8375
	],
	"100": [
		0.0505859375,
		0.14930555555555555
	],
	"101": [
		0.281640625,
		0.18472222222222223
	],
	"102": [
		0.19296875,
		0.15243055555555557
	],
	"103": [
		0.1978515625,
		0.17222222222222222
	],
	"104": [
		0.2822265625,
		0.18645833333333334
	],
	"105": [
		0.3162109375,
		0.18715277777777778
	],
	"106": [
		0.2880859375,
		0.06875
	],
	"107": [
		0.283203125,
		0.09236111111111112
	],
	"108": [
		0.3552734375,
		0.8319444444444445
	],
	"109": [
		0.4736328125,
		0.19166666666666668
	],
	"110": [
		0.0220703125,
		0.1642361111111111
	],
	"111": [
		0.3162109375,
		0.18715277777777778
	],
	"112": [
		0.409375,
		0.18854166666666666
	],
	"113": [
		0.2703125,
		0.052083333333333336
	],
	"114": [
		0.3453125,
		0.1875
	],
	"115": [
		0.4736328125,
		0.19166666666666668
	],
	"116": [
		0.203515625,
		0.13541666666666666
	],
	"117": [
		0.2880859375,
		0.0642361111111111
	],
	"118": [
		0.293359375,
		0.08680555555555555
	],
	"119": [
		0.24921875,
		0.049305555555555554
	],
	"120": [
		0.2568359375,
		0.09722222222222222
	],
	"121": [
		0.3453125,
		0.18680555555555556
	],
	"122": [
		0.03046875,
		0.1423611111111111
	],
	"123": [
		0.20234375,
		0.17291666666666666
	],
	"124": [
		0.385546875,
		0.16770833333333332
	],
	"125": [
		0.195703125,
		0.1486111111111111
	],
	"126": [
		0.290625,
		0.06145833333333333
	],
	"127": [
		0.04765625,
		0.12604166666666666
	],
	"128": [
		0.098828125,
		0.15208333333333332
	],
	"129": [
		0.3453125,
		0.1875
	],
	"130": [
		0.033984375,
		0.13645833333333332
	],
	"131": [
		0.21171875,
		0.8215277777777777
	],
	"132": [
		0.0734375,
		0.8201388888888889
	],
	"133": [
		0.316796875,
		0.18194444444444444
	],
	"134": [
		0.281640625,
		0.18472222222222223
	],
	"135": [
		0.24765625,
		0.04861111111111111
	],
	"136": [
		0.409375,
		0.18854166666666666
	],
	"137": [
		0.44296875,
		0.19131944444444443
	],
	"138": [
		0.2173828125,
		0.17395833333333333
	],
	"139": [
		0.3453125,
		0.18680555555555556
	],
	"140": [
		0.409375,
		0.18854166666666666
	],
	"141": [
		0.2828125,
		0.06041666666666667
	],
	"142": [
		0.281640625,
		0.18541666666666667
	],
	"143": [
		0.0208984375,
		0.8413194444444444
	],
	"144": [
		0.4736328125,
		0.19166666666666668
	],
	"145": [
		0.2171875,
		0.16875
	],
	"146": [
		0.2072265625,
		0.171875
	],
	"147": [
		0.2861328125,
		0.06805555555555555
	],
	"148": [
		0.0974609375,
		0.8413194444444444
	],
	"149": [
		0.090234375,
		0.21631944444444445
	],
	"150": [
		0.3453125,
		0.18680555555555556
	],
	"151": [
		0.20390625,
		0.17256944444444444
	],
	"152": [
		0.3453125,
		0.1875
	],
	"153": [
		0.380078125,
		0.190625
	],
	"154": [
		0.2080078125,
		0.04895833333333333
	],
	"155": [
		0.03203125,
		0.14097222222222222
	],
	"156": [
		0.0220703125,
		0.1642361111111111
	],
	"157": [
		0.409375,
		0.18854166666666666
	],
	"158": [
		0.2583984375,
		0.09583333333333334
	],
	"159": [
		0.281640625,
		0.184375
	],
	"160": [
		0.31640625,
		0.18645833333333334
	],
	"161": [
		0.2943359375,
		0.08298611111111111
	],
	"162": [
		0.03203125,
		0.14027777777777778
	],
	"163": [
		0.281640625,
		0.18472222222222223
	],
	"164": [
		0.04140625,
		0.12777777777777777
	],
	"165": [
		0.281640625,
		0.18472222222222223
	],
	"166": [
		0.207421875,
		0.04895833333333333
	],
	"167": [
		0.0974609375,
		0.8392361111111111
	],