{
	"0": [
		0.7265625,
		0.45
	],
	"1": [
		0.6671875,
		0.4583333333333333
	],
	"2": [
		0.59375,
		0.8
	],
	"3": [
		0.5984375,
		0.9055555555555556
	],
	"4": [
		0.8359375,
		0.33611111111111114
	],
	"5": [
		0.778125,
		0.3111111111111111
	],
	"6": [
		0.8359375,
		0.4166666666666667
	],
	"7": [
		0.778125,
		0.44166666666666665
	],
	"8": [
		0.390625,
		0.4305555555555556
	],
	"9": [
		0.334375,
		0.3972222222222222
	],
	"10": [
		0.603125,
		0.2
	],
	"11": [
		0.5921875,
		0.30277777777777776
	],
	"12": [
		0.446875,
		0.44722222222222224
	],
	"13": [
		0.3890625,
		0.42777777777777776
	],
	"14": [
		0.446875,
		0.15555555555555556
	],
	"15": [
		0.3890625,
		0.14166666666666666
	],
	"16": [
		0.446875,
		0.3
	],
	"17": [
		0.3890625,
		0.3138888888888889
	],
	"18": [
		0.725,
		0.3
	],
	"19": [
		0.6671875,
		0.2916666666666667
	],
	"20": [
		0.9125,
		0.2
	],
	"21": [
		0.9078125,
		0.30277777777777776
	],
	"22": [
		0.834375,
		0.13055555555555556
	],
	"23": [
		0.778125,
		0.15555555555555556
	],
	"24": [
		0.5921875,
		0.2
	],
	"25": [
		0.5953125,
		0.30277777777777776
	],
	"26": [
		0.5953125,
		0.3
	],
	"27": [
		0.5921875,
		0.4027777777777778
	],
	"28": [
		0.5953125,
		0.4
	],
	"29": [
		0.5921875,
		0.5027777777777778
	],
	"30": [
		0.8359375,
		0.9388888888888889
	],
	"31": [
		0.778125,
		0.9333333333333333
	],
	"32": [
		0.7796875,
		0.1527777777777778
	],
	"33": [
		0.721875,
		0.15
	],
	"34": [
		0.8359375,
		0.1527777777777778
	],
	"35": [
		0.778125,
		0.15555555555555556
	],
	"36": [
		0.890625,
		0.15555555555555556
	],
	"37": [
		0.8328125,
		0.1527777777777778
	],
	"38": [
		0.6140625,
		0.9277777777777778
	],
	"39": [
		0.55625,
		0.925
	],
	"40": [
		0.946875,
		0.9444444444444444
	],
	"41": [
		0.8890625,
		0.9416666666666667
	],
	"42": [
		0.5578125,
		0.13333333333333333
	],
	"43": [
		0.5,
		0.13333333333333333
	],
	"44": [
		0.6140625,
		0.13333333333333333
	],
	"45": [
		0.55625,
		0.13333333333333333
	],
	"46": [
		0.5578125,
		0.925
	],
	"47": [
		0.5,
		0.925
	],
	"48": [
		0.5015625,
		0.13333333333333333
	],
	"49": [
		0.4453125,
		0.15555555555555556
	],
	"50": [
		0.390625,
		0.3138888888888889
	],
	"51": [
		0.3359375,
		0.3416666666666667
	],
	"52": [
		0.7796875,
		0.4388888888888889
	],
	"53": [
		0.7234375,
		0.4527777777777778
	],
	"54": [
		0.5015625,
		0.45555555555555555
	],
	"55": [
		0.4453125,
		0.4444444444444444
	],
	"56": [
		0.5921875,
		0.5
	],
	"57": [
		0.5953125,
		0.6
	],
	"58": [
		0.5453125,
		0.5972222222222222
	],
	"59": [
		0.5421875,
		0.6972222222222222
	],
	"60": [
		0.0578125,
		0.1388888888888889
	],
	"61": [
		0.0015625,
		0.14166666666666666
	],
	"62": [
		0.66875,
		0.13333333333333333
	],
	"63": [
		0.6125,
		0.13055555555555556
	],
	"64": [
		0.55625,
		0.4583333333333333
	],
	"65": [
		0.5,
		0.45555555555555555
	],
	"66": [
		0.5015625,
		0.925
	],
	"67": [
		0.4453125,
		0.9222222222222223
	],
	"68": [
		0.66875,
		0.9305555555555556
	],
	"69": [
		0.6125,
		0.9277777777777778
	],
	"70": [
		0.890625,
		0.9416666666666667
	],
	"71": [
		0.834375,
		0.9388888888888889
	],
	"72": [
		0.2796875,
		0.15
	],
	"73": [
		0.2234375,
		0.15
	],
	"74": [
		0.778125,
		0.3111111111111111
	],
	"75": [
		0.7234375,
		0.3
	],
	"76": [
		0.4953125,
		0.15555555555555556
	],
	"77": [
		0.44375,
		0.12222222222222222
	],
	"78": [
		1,
		0.9472222222222222
	],
	"79": [
		0.9453125,
		0.9444444444444444
	],
	"80": [
		0.778125,
		0.9333333333333333
	],
	"81": [
		0.725,
		0.9333333333333333
	],
	"82": [
		0.446875,
		0.12222222222222222
	],
	"83": [
		0.4,
		0.1638888888888889
	],
	"84": [
		0.4953125,
		0.15555555555555556
	],
	"85": [
		0.44375,
		0.1527777777777778
	],
	"86": [
		0.71875,
		0.9305555555555556
	],
	"87": [
		0.6671875,
		0.9305555555555556
	],
	"88": [
		0.903125,
		0.2
	],
	"89": [
		0.9140625,
		0.2861111111111111
	],
	"90": [
		0.65,
		0.13055555555555556
	],
	"91": [
		0.6125,
		0.18611111111111112
	],
	"92": [
		0.609375,
		0.22777777777777777
	],
	"93": [
		0.5765625,
		0.2916666666666667
	],
	"94": [
		0.3828125,
		0.9222222222222223
	],
	"95": [
		0.334375,
		0.9222222222222223
	],
	"96": [
		0.8875,
		0.9805555555555555
	],
	"97": [
		0.840625,
		0.9722222222222222
	],
	"98": [
		0.6171875,
		0.10555555555555556
	],
	"99": [
		0.6546875,
		0.1527777777777778
	],
	"100": [
		0.490625,
		0.29444444444444445
	],
	"101": [
		0.4453125,
		0.3
	],
	"102": [
		0.878125,
		0.9388888888888889
	],
	"103": [
		0.84375,
		0.9916666666666667
	],
	"104": [
		0.2578125,
		0.7027777777777777
	],
	"105": [
		0.271875,
		0.7777777777777778
	],
	"106": [
		0.834375,
		0.3333333333333333
	],
	"107": [
		0.8703125,
		0.375
	],
	"108": [
		0.9953125,
		0.9861111111111112
	],
	"109": [
		0.953125,
		0.9833333333333333
	],
	"110": [
		0.1546875,
		0.9583333333333334
	],
	"111": [
		0.1125,
		0.9583333333333334
	],
	"112": [
		0.053125,
		0.06666666666666667
	],
	"113": [
		0.0125,
		0.05
	],
	"114": [
		0.9171875,
		0.24444444444444444
	],
	"115": [
		0.8890625,
		0.2972222222222222
	],
	"116": [
		0.0515625,
		0.9583333333333334
	],
	"117": [
		0.0109375,
		0.9583333333333334
	],
	"118": [
		0.8890625,
		0.2
	],
	"119": [
		0.9171875,
		0.25
	],
	"120": [
		0.275,
		0.7388888888888889
	],
	"121": [
		0.2421875,
		0.7777777777777778
	],
	"122": [
		0.63125,
		0.10833333333333334
	],
	"123": [
		0.6609375,
		0.1527777777777778
	],
	"124": [
		0.5921875,
		0.2
	],
	"125": [
		0.609375,
		0.2611111111111111
	],
	"126": [
		0.46875,
		0.04722222222222222
	],
	"127": [
		0.4953125,
		0.09166666666666666
	],
	"128": [
		0.0078125,
		0.30277777777777776
	],
	"129": [
		0.0015625,
		0.36666666666666664
	],
	"130": [
		0.578125,
		0.041666666666666664
	],
	"131": [
		0.609375,
		0.075
	],
	"132": [
		0.2640625,
		0.7027777777777777
	],
	"133": [
		0.253125,
		0.7638888888888888
	],
	"134": [
		0.225,
		0.15
	],
	"135": [
		0.1890625,
		0.15
	],
	"136": [
		0.165625,
		0.3972222222222222
	],
	"137": [
		0.13125,
		0.4111111111111111
	],
	"138": [
		0.7015625,
		0.13333333333333333
	],
	"139": [
		0.6671875,
		0.14444444444444443
	],
	"140": [
		0.359375,
		0.08333333333333333
	],
	"141": [
		0.334375,
		0.041666666666666664
	],
	"142": [
		0.0515625,
		0.05
	],
	"143": [
		0.01875,
		0.06666666666666667
	],
	"144": [
		0.1328125,
		0.4
	],
	"145": [
		0.165625,
		0.41388888888888886
	],
	"146": [
		0.753125,
		0.5138888888888888
	],
	"147": [
		0.7640625,
		0.5694444444444444
	],
	"148": [
		0.6734375,
		0.13055555555555556
	],
	"149": [
		0.703125,
		0.15555555555555556
	],
	"150": [
		0.25625,
		0.9555555555555556
	],
	"151": [
		0.2234375,
		0.9583333333333334
	],
	"152": [
		0.021875,
		0.11944444444444445
	],
	"153": [
		0.0484375,
		0.1527777777777778
	],
	"154": [
		0.5109375,
		0.04722222222222222
	],
	"155": [
		0.503125,
		0.10277777777777777
	],
	"156": [
		0.5109375,
		0.04722222222222222
	],
	"157": [
		0.5359375,
		0.08333333333333333
	],
	"158": [
		0.8640625,
		0.39444444444444443
	],
	"159": [
		0.834375,
		0.4166666666666667
	],
	"160": [
		0.1546875,
		0.35833333333333334
	],
	"161": [
		0.1328125,
		0.4
	],
	"162": [
		0.9203125,
		0.275
	],
	"163": [
		0.8890625,
		0.2861111111111111
	],
	"164": [
		0.765625,
		0.5138888888888888
	],
	"165": [
		0.7609375,
		0.5694444444444444
	],
	"166": [
		0.271875,
		0.7555555555555555
	],
	"167": [
		0.240625,
		0.7638888888888888
	],
	"168": [
		0.6453125,
		0.10833333333333334
	],
	"169": [
		0.6140625,
		0.10555555555555556
	],
	"170": [
		0.2859375,
		0.3972222222222222
	],
	"171": [
		0.284375,
		0.4527777777777778
	],
	"172": [
		0.028125,
		0.044444444444444446
	],
	"173": [
		0.053125,
		0.07777777777777778
	],
	"174": [
		0.3171875,
		0.7611111111111111
	],
	"175": [
		0.296875,
		0.8027777777777778
	],
	"176": [
		0.9171875,
		0.20555555555555555
	],
	"177": [
		0.8890625,
		0.22777777777777777
	],
	"178": [
		0.63125,
		0.06111111111111111
	],
	"179": [
		0.6140625,
		0.10555555555555556
	],