{
	"0": [
		0.18828125,
		0.175
	],
	"1": [
		0.2875,
		0.06180555555555556
	],
	"2": [
		0.3009765625,
		0.18958333333333333
	],
	"3": [
		0.2626953125,
		0.1875
	],
	"4": [
		0.208984375,
		0.050347222222222224
	],
	"5": [
		0.2923828125,
		0.08715277777777777
	],
	"6": [
		0.45625,
		0.19166666666666668
	],
	"7": [
		0.28046875,
		0.09270833333333334
	],
	"8": [
		0.28984375,
		0.06979166666666667
	],
	"9": [
		0.234765625,
		0.18611111111111112
	],
	"10": [
		0.2076171875,
		0.12291666666666666
	],
	"11": [
		0.2345703125,
		0.1875
	],
	"12": [
		0.42890625,
		0.19444444444444445
	],
	"13": [
		0.18828125,
		0.175
	],
	"14": [
		0.2447265625,
		0.04895833333333333
	],
	"15": [
		0.2927734375,
		0.08680555555555555
	],
	"16": [
		0.2626953125,
		0.1875
	],
	"17": [
		0.32734375,
		0.18958333333333333
	],
	"18": [
		0.32734375,
		0.18958333333333333
	],
	"19": [
		0.2626953125,
		0.18645833333333334
	],
	"20": [
		0.391796875,
		0.1909722222222222
	],
	"21": [
		0.391796875,
		0.1909722222222222
	],
	"22": [
		0.4275390625,
		0.1857638888888889
	],
	"23": [
		0.30078125,
		0.18784722222222222
	],
	"24": [
		0.183203125,
		0.14791666666666667
	],
	"25": [
		0.253515625,
		0.05173611111111111
	],
	"26": [
		0.198828125,
		0.171875
	],
	"27": [
		0.234765625,
		0.18715277777777778
	],
	"28": [
		0.198828125,
		0.17256944444444444
	],
	"29": [
		0.32734375,
		0.18958333333333333
	],
	"30": [
		0.2939453125,
		0.08576388888888889
	],
	"31": [
		0.30078125,
		0.1892361111111111
	],
	"32": [
		0.2353515625,
		0.19270833333333334
	],
	"33": [
		0.296875,
		0.17222222222222222
	],
	"34": [
		0.25,
		0.049305555555555554
	],
	"35": [
		0.391796875,
		0.1909722222222222
	],
	"36": [
		0.17421875,
		0.18888888888888888
	],
	"37": [
		0.43359375,
		0.17118055555555556
	],
	"38": [
		0.3642578125,
		0.18472222222222223
	],
	"39": [
		0.2162109375,
		0.128125
	],
	"40": [
		0.3642578125,
		0.19305555555555556
	],
	"41": [
		0.20859375,
		0.05
	],
	"42": [
		0.0865234375,
		0.1579861111111111
	],
	"43": [
		0.2875,
		0.0625
	],
	"44": [
		0.4275390625,
		0.1857638888888889
	],
	"45": [
		0.226171875,
		0.11805555555555555
	],
	"46": [
		0.2353515625,
		0.18819444444444444
	],
	"47": [
		0.198828125,
		0.17222222222222222
	],
	"48": [
		0.3009765625,
		0.190625
	],
	"49": [
		0.391796875,
		0.1909722222222222
	],
	"50": [
		0.3642578125,
		0.1920138888888889
	],
	"51": [
		0.3642578125,
		0.1920138888888889
	],
	"52": [
		0.32734375,
		0.18958333333333333
	],
	"53": [
		0.198828125,
		0.17222222222222222
	],
	"54": [
		0.42890625,
		0.19409722222222223
	],
	"55": [
		0.3642578125,
		0.1920138888888889
	],
	"56": [
		0.234765625,
		0.18715277777777778
	],
	"57": [
		0.2626953125,
		0.1875
	],
	"58": [
		0.2525390625,
		0.05
	],
	"59": [
		0.235546875,
		0.18645833333333334
	],
	"60": [
		0.2947265625,
		0.08645833333333333
	],
	"61": [
		0.1751953125,
		0.18854166666666666
	],
	"62": [
		0.2939453125,
		0.08645833333333333
	],
	"63": [
		0.364453125,
		0.19340277777777778
	],
	"64": [
		0.391796875,
		0.1909722222222222
	],
	"65": [
		0.43359375,
		0.17118055555555556
	],
	"66": [
		0.3236328125,
		0.8333333333333334
	],
	"67": [
		0.235546875,
		0.18645833333333334
	],
	"68": [
		0.404296875,
		0.8381944444444445
	],
	"69": [
		0.086328125,
		0.14756944444444445
	],
	"70": [
		0.3009765625,
		0.190625
	],
	"71": [
		0.2515625,
		0.05277777777777778
	],
	"72": [
		0.32734375,
		0.18958333333333333
	],
	"73": [
		0.2501953125,
		0.049305555555555554
	],
	"74": [
		0.183203125,
		0.14791666666666667
	],
	"75": [
		0.3271484375,
		0.1909722222222222
	],
	"76": [
		0.391796875,
		0.1909722222222222
	],
	"77": [
		0.391796875,
		0.1909722222222222
	],
	"78": [
		0.18828125,
		0.175
	],
	"79": [
		0.03046875,
		0.12743055555555555
	],
	"80": [
		0.290625,
		0.06145833333333333
	],
	"81": [
		0.3642578125,
		0.1920138888888889
	],
	"82": [
		0.3953125,
		0.8385416666666666
	],
	"83": [
		0.3970703125,
		0.8378472222222222
	],
	"84": [
		0.2873046875,
		0.06875
	],
	"85": [
		0.3986328125,
		0.8385416666666666
	],
	"86": [
		0.3009765625,
		0.18958333333333333
	],
	"87": [
		0.45625,
		0.19166666666666668
	],
	"88": [
		0.1892578125,
		0.14722222222222223
	],
	"89": [
		0.2873046875,
		0.0625
	],
	"90": [
		0.4607421875,
		0.8416666666666667
	],
	"91": [
		0.14140625,
		0.14618055555555556
	],
	"92": [
		0.2876953125,
		0.06354166666666666
	],
	"93": [
		0.2498046875,
		0.09930555555555555
	],
	"94": [
		0.1822265625,
		0.1763888888888889
	],
	"95": [
		0.2626953125,
		0.1875
	],
	"96": [
		0.187109375,
		0.1753472222222222
	],
	"97": [
		0.4279296875,
		0.8399305555555555
	],
	"98": [
		0.0337890625,
		0.15208333333333332
	],
	"99": [
		0.2626953125,
		0.1875
	],
	"100": [
		0.1763671875,
		0.15555555555555556
	],
	"101": [
		0.1822265625,
		0.1753472222222222
	],
	"102": [
		0.2630859375,
		0.18854166666666666
	],
	"103": [
		0.3009765625,
		0.18993055555555555
	],
	"104": [
		0.2880859375,
		0.06875
	],
	"105": [
		0.28046875,
		0.09270833333333334
	],
	"106": [
		0.333203125,
		0.8354166666666667
	],
	"107": [
		0.4552734375,
		0.19270833333333334
	],
	"108": [
		0.3009765625,
		0.18993055555555555
	],
	"109": [
		0.391796875,
		0.1909722222222222
	],
	"110": [
		0.2703125,
		0.052083333333333336
	],
	"111": [
		0.32734375,
		0.18958333333333333
	],
	"112": [
		0.4552734375,
		0.19270833333333334
	],
	"113": [
		0.1888671875,
		0.13819444444444445
	],
	"114": [
		0.2880859375,
		0.0642361111111111
	],
	"115": [
		0.293359375,
		0.08680555555555555
	],
	"116": [
		0.24921875,
		0.049305555555555554
	],
	"117": [
		0.2546875,
		0.09722222222222222
	],
	"118": [
		0.32734375,
		0.18958333333333333
	],
	"119": [
		0.187109375,
		0.17465277777777777
	],
	"120": [
		0.369921875,
		0.1701388888888889
	],
	"121": [
		0.180078125,
		0.1517361111111111
	],
	"122": [
		0.290625,
		0.06145833333333333
	],
	"123": [
		0.03046875,
		0.12743055555555555
	],
	"124": [
		0.082421875,
		0.1545138888888889
	],
	"125": [
		0.32734375,
		0.18958333333333333
	],
	"126": [
		0.194921875,
		0.825
	],
	"127": [
		0.055859375,
		0.825
	],
	"128": [
		0.301953125,
		0.18472222222222223
	],
	"129": [
		0.2626953125,
		0.1875
	],
	"130": [
		0.247265625,
		0.04895833333333333
	],
	"131": [
		0.391796875,
		0.1909722222222222
	],
	"132": [
		0.42734375,
		0.19444444444444445
	],
	"133": [
		0.198828125,
		0.17465277777777777
	],
	"134": [
		0.32734375,
		0.18958333333333333
	],
	"135": [
		0.391796875,
		0.1909722222222222
	],
	"136": [
		0.2828125,
		0.06041666666666667
	],
	"137": [
		0.262890625,
		0.18784722222222222
	],
	"138": [
		0.4552734375,
		0.19270833333333334
	],
	"139": [
		0.198828125,
		0.17222222222222222
	],
	"140": [
		0.19140625,
		0.17465277777777777
	],
	"141": [
		0.2861328125,
		0.06805555555555555
	],
	"142": [
		0.07890625,
		0.846875
	],
	"143": [
		0.0732421875,
		0.21944444444444444
	],
	"144": [
		0.32734375,
		0.18958333333333333
	],
	"145": [
		0.18828125,
		0.175
	],
	"146": [
		0.32734375,
		0.18958333333333333
	],
	"147": [
		0.3642578125,
		0.19340277777777778
	],
	"148": [
		0.2080078125,
		0.04895833333333333
	],
	"149": [
		0.391796875,
		0.1909722222222222
	],
	"150": [
		0.2576171875,
		0.09583333333333334
	],
	"151": [
		0.2626953125,
		0.18715277777777778
	],
	"152": [
		0.30078125,
		0.1892361111111111
	],
	"153": [
		0.2943359375,
		0.08298611111111111
	],
	"154": [
		0.2626953125,
		0.1875
	],
	"155": [
		0.0248046875,
		0.13090277777777778
	],
	"156": [
		0.2626953125,
		0.1875
	],
	"157": [
		0.207421875,
		0.04895833333333333
	],
	"158": [
		0.0791015625,
		0.8444444444444444
	],
	"159": [
		0.246484375,
		0.049305555555555554
	],
	"160": [
		0.08203125,
		0.15347222222222223
	],
	"161": [
		0.079296875,
		0.8506944444444444
	],
	"162": [
		0.2896484375,
		0.06458333333333334
	],
	"163": [
		0.237109375,
		0.10798611111111112
	],
	"164": [
		0.2626953125,
		0.1875
	],
	"165": [
		0.299609375,
		0.18125
	],