{
	"SixYardNorthForwardEast": [
		0.018541409147095178,
		0.17800027812543456
	],
	"PenaltySpotNorth": [
		0.042027194066749075,
		0.2610670745839707
	]
}