{
	"0": [
		0.3140625,
		0.9972222222222222
	],
	"1": [
		0.0015625,
		0.9555555555555556
	],
	"2": [
		1,
		0.9944444444444445
	],
	"3": [
		0.5,
		0.8972222222222223
	],
	"4": [
		0.534375,
		0.5944444444444444
	],
	"5": [
		0.515625,
		0.675
	],
	"6": [
		0.5,
		0.8972222222222223
	],
	"7": [
		0.25,
		0.8583333333333333
	],
	"8": [
		0.25,
		0.8583333333333333
	],
	"9": [
		0.0015625,
		0.825
	],
	"10": [
		0.1875,
		0.25277777777777777
	],
	"11": [
		0.0015625,
		0.36944444444444446
	],
	"12": [
		0.371875,
		0.1361111111111111
	],
	"13": [
		0.25,
		0.125
	],
	"14": [
		0.25,
		0.21388888888888888
	],
	"15": [
		0.1875,
		0.25277777777777777
	],
	"16": [
		0.3234375,
		0.6055555555555555
	],
	"17": [
		0.2921875,
		0.6694444444444444
	],
	"18": [
		0.0578125,
		0.04722222222222222
	],
	"19": [
		0.0234375,
		0.09444444444444444
	],
	"20": [
		0.2890625,
		0.25555555555555554
	],
	"21": [
		0.25,
		0.28888888888888886
	],
	"22": [
		0.5578125,
		0.9472222222222222
	],
	"23": [
		0.5171875,
		0.9388888888888889
	],
	"24": [
		0.0484375,
		0.041666666666666664
	],
	"25": [
		0.0625,
		0.10833333333333334
	],
	"26": [
		1,
		0.3972222222222222
	],
	"27": [
		0.9703125,
		0.35
	],
	"28": [
		0.6546875,
		0.9638888888888889
	],
	"29": [
		0.615625,
		0.9583333333333334
	],
	"30": [
		1,
		0.3138888888888889
	],
	"31": [
		0.9703125,
		0.35
	],
	"32": [
		0.325,
		0.6333333333333333
	],
	"33": [
		0.30625,
		0.6777777777777778
	],
	"34": [
		0.5953125,
		0.675
	],
	"35": [
		0.575,
		0.7138888888888889
	],
	"36": [
		0.3015625,
		0.6472222222222223
	],
	"37": [
		0.3203125,
		0.6861111111111111
	],
	"38": [
		0.5609375,
		0.6111111111111112
	],
	"39": [
		0.5453125,
		0.6527777777777778
	],
	"40": [
		0.471875,
		0.6805555555555556
	],
	"41": [
		0.4515625,
		0.7138888888888889
	],
	"42": [
		0.534375,
		0.5944444444444444
	],
	"43": [
		0.5140625,
		0.6333333333333333
	],
	"44": [
		0.3203125,
		0.6861111111111111
	],
	"45": [
		0.30625,
		0.7166666666666667
	],
	"46": [
		0.8984375,
		0.002777777777777778
	],
	"47": [
		0.8796875,
		0.03333333333333333
	],
	"48": [
		0.3203125,
		0.6861111111111111
	],
	"49": [
		0.3015625,
		0.7027777777777777
	],
	"50": [
		0.590625,
		0.75
	],
	"51": [
		0.56875,
		0.7722222222222223
	],
	"52": [
		0.540625,
		0.3611111111111111
	],
	"53": [
		0.521875,
		0.3888888888888889
	],
	"54": [
		0.3015625,
		0.37777777777777777
	],
	"55": [
		0.2875,
		0.4111111111111111
	],
	"56": [
		0.51875,
		0.18055555555555555
	],
	"57": [
		0.5359375,
		0.20833333333333334
	],
	"58": [
		0.459375,
		0.6805555555555556
	],
	"59": [
		0.4515625,
		0.7138888888888889
	],
	"60": [
		0.34375,
		0.3333333333333333
	],
	"61": [
		0.3578125,
		0.3638888888888889
	],
	"62": [
		0.3015625,
		0.7027777777777777
	],
	"63": [
		0.30625,
		0.7166666666666667
	],
	"64": [
		0.53125,
		0.3472222222222222
	],
	"65": [
		0.540625,
		0.3611111111111111
	],
	"66": [
		0.371875,
		0.1361111111111111
	],
	"67": [
		0.25,
		0.21388888888888888
	],
	"68": [
		0.25,
		0.28888888888888886
	],
	"69": [
		0.125,
		0.3277777777777778
	],
	"70": [
		0.25,
		0.125
	],
	"71": [
		0.125,
		0.11388888888888889
	],
	"72": [
		0.125,
		0.11388888888888889
	],
	"73": [
		0.025,
		0.06944444444444445
	],
	"74": [
		0.1265625,
		0.1
	],
	"75": [
		0.025,
		0.06944444444444445
	],
	"76": [
		0.4734375,
		0.06944444444444445
	],
	"77": [
		0.375,
		0.06388888888888888
	],
	"78": [
		0.0734375,
		0.9472222222222222
	],
	"79": [
		0.0015625,
		0.9555555555555556
	],
	"80": [
		0.9,
		0.15555555555555556
	],
	"81": [
		0.890625,
		0.2361111111111111
	],
	"82": [
		0.590625,
		0.75
	],
	"83": [
		0.55625,
		0.8055555555555556
	],
	"84": [
		0.45625,
		0.9277777777777778
	],
	"85": [
		0.4125,
		0.9222222222222223
	],
	"86": [
		0.1734375,
		0.025
	],
	"87": [
		0.1296875,
		0.025
	],
	"88": [
		0.25,
		0.21388888888888888
	],
	"89": [
		0.2890625,
		0.25555555555555554
	],
	"90": [
		0.3015625,
		0.37777777777777777
	],
	"91": [
		0.29375,
		0.4527777777777778
	],
	"92": [
		0.2265625,
		0.044444444444444446
	],
	"93": [
		0.1859375,
		0.06111111111111111
	],
	"94": [
		0.7234375,
		0.002777777777777778
	],
	"95": [
		0.6828125,
		0.019444444444444445
	],
	"96": [
		0.0375,
		0.14722222222222223
	],
	"97": [
		0.0015625,
		0.16666666666666666
	],
	"98": [
		0.521875,
		0.14444444444444443
	],
	"99": [
		0.5359375,
		0.20833333333333334
	],
	"100": [
		0.1109375,
		0.05277777777777778
	],
	"101": [
		0.075,
		0.05
	],
	"102": [
		0.5734375,
		0.75
	],
	"103": [
		0.55625,
		0.8055555555555556
	],
	"104": [
		0.7515625,
		0.9861111111111112
	],
	"105": [
		0.71875,
		0.9777777777777777
	],
	"106": [
		0.5296875,
		0.12777777777777777
	],
	"107": [
		0.51875,
		0.18055555555555555
	],
	"108": [
		0.2203125,
		0.8916666666666667
	],
	"109": [
		0.2515625,
		0.8972222222222223
	],
	"110": [
		0.1265625,
		0.1
	],
	"111": [
		0.0953125,
		0.11388888888888889
	],
	"112": [
		0.0734375,
		0.9472222222222222
	],
	"113": [
		0.053125,
		0.9666666666666667
	],
	"114": [
		0.3578125,
		0.3638888888888889
	],
	"115": [
		0.3421875,
		0.4083333333333333
	],
	"116": [
		0.984375,
		0.325
	],
	"117": [
		0.971875,
		0.3638888888888889
	],
	"118": [
		0.3421875,
		0.9083333333333333
	],
	"119": [
		0.3171875,
		0.9055555555555556
	],
	"120": [
		0.2375,
		0.9444444444444444
	],
	"121": [
		0.2125,
		0.9444444444444444
	],
	"122": [
		0.9,
		0.15555555555555556
	],
	"123": [
		0.8796875,
		0.18055555555555555
	],
	"124": [
		0.5453125,
		0.14444444444444443
	],
	"125": [
		0.521875,
		0.14444444444444443
	],
	"126": [
		0.1484375,
		0.8805555555555555
	],
	"127": [
		0.125,
		0.8805555555555555
	],
	"128": [
		0.53125,
		0.3472222222222222
	],
	"129": [
		0.521875,
		0.3888888888888889
	],
	"130": [
		0.890625,
		0.15555555555555556
	],
	"131": [
		0.903125,
		0.18888888888888888
	],
	"132": [
		0.34375,
		0.3333333333333333
	],
	"133": [
		0.3359375,
		0.35833333333333334
	],
	"134": [
		0.8890625,
		0.002777777777777778
	],
	"135": [
		0.9,
		0.03611111111111111
	],
	"136": [
		0.5984375,
		0.7222222222222222
	],
	"137": [
		0.590625,
		0.75
	],
	"138": [
		0.6921875,
		0.002777777777777778
	],
	"139": [
		0.709375,
		0.022222222222222223
	],
	"140": [
		0.5296875,
		0.12777777777777777
	],
	"141": [
		0.5421875,
		0.1638888888888889
	],
	"142": [
		0.521875,
		0.3888888888888889
	],
	"143": [
		0.5390625,
		0.39444444444444443
	],
	"144": [
		0.434375,
		0.2833333333333333
	],
	"145": [
		0.44375,
		0.3138888888888889
	],
	"146": [
		0.665625,
		0.3972222222222222
	],
	"147": [
		0.6484375,
		0.41388888888888886
	],
	"148": [
		0.559375,
		0.6722222222222223
	],
	"149": [
		0.540625,
		0.6805555555555556
	],
	"150": [
		0.5734375,
		0.75
	],
	"151": [
		0.5859375,
		0.7722222222222223
	],
	"152": [
		0.1484375,
		0.8805555555555555
	],
	"153": [
		0.1734375,
		0.8833333333333333
	],
	"154": [
		0.34375,
		0.3333333333333333
	],
	"155": [
		0.3421875,
		0.37222222222222223
	],
	"156": [
		0.6671875,
		0.3472222222222222
	],
	"157": [
		0.65625,
		0.37222222222222223
	],
	"158": [
		0.528125,
		0.36944444444444446
	],
	"159": [
		0.5390625,
		0.39444444444444443
	],
	"160": [
		0.465625,
		0.7833333333333333
	],
	"161": [
		0.478125,
		0.8055555555555556
	],
	"162": [
		0.5359375,
		0.20833333333333334
	],
	"163": [
		0.5203125,
		0.2111111111111111
	],
	"164": [
		0.678125,
		0.002777777777777778
	],
	"165": [
		0.6921875,
		0.019444444444444445
	],
	"166": [
		0.2875,
		0.39166666666666666
	],
	"167": [
		0.3,
		0.4111111111111111
	],
	"168": [
		0.8703125,
		0.002777777777777778
	],
	"169": [
		0.865625,
		0.030555555555555555
	],
	"170": [
		0.9625,
		0.002777777777777778
	],
	"171": [
		0.9578125,
		0.030555555555555555
	],
	"172": [
		0.903125,
		0.18888888888888888
	],
	"173": [
		0.8875,
		0.19166666666666668
	],
	"174": [
		0.7375,
		0.002777777777777778
	],
	"175": [
		0.753125,
		0.008333333333333333
	],
	"176": [
		0.5296875,
		0.12777777777777777
	],