{
	"EighteenYardNorthForwardEast": [
		0.39325842696629215,
		0.22247351007245467
	],
	"PenaltyCircleNorthWest": [
		0.12078651685393259,
		0.402060560371906
	],
	"SixYardNorthForwardEast": [
		0.06601123595505617,
		0.2519579511663944
	],
	"EighteenYardNorthRearEast": [
		0.08513896462648683,
		0.19024783047386323
	]
}