{
	"0": [
		0.778125,
		0.2111111111111111
	],
	"1": [
		0.8296875,
		0.3
	],
	"2": [
		0.78125,
		0.2
	],
	"3": [
		0.8328125,
		0.28888888888888886
	],
	"4": [
		0.50625,
		0.2111111111111111
	],
	"5": [
		0.55,
		0.3
	],
	"6": [
		0.5078125,
		0.2
	],
	"7": [
		0.5546875,
		0.2777777777777778
	],
	"8": [
		0.434375,
		0.10833333333333334
	],
	"9": [
		0.3890625,
		0.18333333333333332
	],
	"10": [
		0.1,
		0.09722222222222222
	],
	"11": [
		0.05625,
		0.175
	],
	"12": [
		0.5578125,
		0.19722222222222222
	],
	"13": [
		0.496875,
		0.19444444444444445
	],
	"14": [
		0.55,
		0.19722222222222222
	],
	"15": [
		0.50625,
		0.2722222222222222
	],
	"16": [
		0.725,
		0.3527777777777778
	],
	"17": [
		0.665625,
		0.33055555555555555
	],
	"18": [
		0.725,
		0.4305555555555556
	],
	"19": [
		0.6671875,
		0.45
	],
	"20": [
		0.5265625,
		0.2
	],
	"21": [
		0.534375,
		0.30277777777777776
	],
	"22": [
		0.446875,
		0.32222222222222224
	],
	"23": [
		0.3890625,
		0.3333333333333333
	],
	"24": [
		0.446875,
		0.4583333333333333
	],
	"25": [
		0.3890625,
		0.44722222222222224
	],
	"26": [
		0.6703125,
		0.44722222222222224
	],
	"27": [
		0.6125,
		0.4583333333333333
	],
	"28": [
		0.534375,
		0.5
	],
	"29": [
		0.53125,
		0.6027777777777777
	],
	"30": [
		0.5328125,
		0.7
	],
	"31": [
		0.5359375,
		0.8027777777777778
	],
	"32": [
		0.5578125,
		0.18611111111111112
	],
	"33": [
		0.5,
		0.18333333333333332
	],
	"34": [
		0.6140625,
		0.18333333333333332
	],
	"35": [
		0.55625,
		0.18611111111111112
	],
	"36": [
		0.6140625,
		0.20277777777777778
	],
	"37": [
		0.55625,
		0.2
	],
	"38": [
		0.5328125,
		0.3
	],
	"39": [
		0.534375,
		0.4027777777777778
	],
	"40": [
		0.5328125,
		0.4
	],
	"41": [
		0.534375,
		0.5027777777777778
	],
	"42": [
		0.6140625,
		0.4583333333333333
	],
	"43": [
		0.55625,
		0.46111111111111114
	],
	"44": [
		0.534375,
		0.6
	],
	"45": [
		0.5359375,
		0.7027777777777777
	],
	"46": [
		0.1140625,
		0.8555555555555555
	],
	"47": [
		0.05625,
		0.8583333333333333
	],
	"48": [
		0.5578125,
		0.8555555555555555
	],
	"49": [
		0.5,
		0.8527777777777777
	],
	"50": [
		0.6140625,
		0.8555555555555555
	],
	"51": [
		0.55625,
		0.8555555555555555
	],
	"52": [
		0.725,
		0.8583333333333333
	],
	"53": [
		0.6671875,
		0.8583333333333333
	],
	"54": [
		0.390625,
		0.33055555555555555
	],
	"55": [
		0.334375,
		0.3527777777777778
	],
	"56": [
		0.390625,
		0.44722222222222224
	],
	"57": [
		0.334375,
		0.425
	],
	"58": [
		0.5046875,
		0.22777777777777777
	],
	"59": [
		0.5546875,
		0.2777777777777778
	],
	"60": [
		0.66875,
		0.3333333333333333
	],
	"61": [
		0.6125,
		0.32222222222222224
	],
	"62": [
		0.5015625,
		0.46111111111111114
	],
	"63": [
		0.4453125,
		0.4583333333333333
	],
	"64": [
		0.66875,
		0.8583333333333333
	],
	"65": [
		0.6125,
		0.8555555555555555
	],
	"66": [
		0.5015625,
		0.18333333333333332
	],
	"67": [
		0.4453125,
		0.18333333333333332
	],
	"68": [
		1,
		0.8694444444444445
	],
	"69": [
		0.9453125,
		0.8666666666666667
	],
	"70": [
		0.3359375,
		0.13055555555555556
	],
	"71": [
		0.28125,
		0.13055555555555556
	],
	"72": [
		0.55625,
		0.25833333333333336
	],
	"73": [
		0.503125,
		0.2388888888888889
	],
	"74": [
		0.559375,
		0.13333333333333333
	],
	"75": [
		0.596875,
		0.20277777777777778
	],
	"76": [
		0.76875,
		0.3861111111111111
	],
	"77": [
		0.7203125,
		0.3472222222222222
	],
	"78": [
		0.440625,
		0.13333333333333333
	],
	"79": [
		0.3890625,
		0.13055555555555556
	],
	"80": [
		0.3046875,
		0.3972222222222222
	],
	"81": [
		0.30625,
		0.4888888888888889
	],
	"82": [
		0.5015625,
		0.8527777777777777
	],
	"83": [
		0.45,
		0.8555555555555555
	],
	"84": [
		0.946875,
		0.8666666666666667
	],
	"85": [
		0.8953125,
		0.8638888888888889
	],
	"86": [
		0.446875,
		0.19444444444444445
	],
	"87": [
		0.396875,
		0.17222222222222222
	],
	"88": [
		0.771875,
		0.4027777777777778
	],
	"89": [
		0.7234375,
		0.4305555555555556
	],
	"90": [
		0.221875,
		0.4
	],
	"91": [
		0.209375,
		0.4861111111111111
	],
	"92": [
		0.334375,
		0.325
	],
	"93": [
		0.3015625,
		0.3888888888888889
	],
	"94": [
		0.115625,
		0.13055555555555556
	],
	"95": [
		0.0671875,
		0.13055555555555556
	],
	"96": [
		0.5359375,
		0.20277777777777778
	],
	"97": [
		0.5125,
		0.2777777777777778
	],
	"98": [
		0.5046875,
		0.23055555555555557
	],
	"99": [
		0.534375,
		0.2972222222222222
	],
	"100": [
		0.521875,
		0.13055555555555556
	],
	"101": [
		0.55625,
		0.18888888888888888
	],
	"102": [
		0.5328125,
		0.2
	],
	"103": [
		0.503125,
		0.2611111111111111
	],
	"104": [
		0.715625,
		0.20833333333333334
	],
	"105": [
		0.6703125,
		0.2111111111111111
	],
	"106": [
		0.05625,
		0.20277777777777778
	],
	"107": [
		0.0109375,
		0.20277777777777778
	],
	"108": [
		0.2125,
		0.8555555555555555
	],
	"109": [
		0.1671875,
		0.8555555555555555
	],
	"110": [
		0.5078125,
		0.2
	],
	"111": [
		0.51875,
		0.2777777777777778
	],
	"112": [
		0.5421875,
		0.2
	],
	"113": [
		0.503125,
		0.2388888888888889
	],
	"114": [
		0.2171875,
		0.4083333333333333
	],
	"115": [
		0.221875,
		0.4861111111111111
	],
	"116": [
		0.55625,
		0.14444444444444443
	],
	"117": [
		0.5265625,
		0.2
	],
	"118": [
		0.5171875,
		0.2
	],
	"119": [
		0.503125,
		0.2722222222222222
	],
	"120": [
		0.225,
		0.4
	],
	"121": [
		0.2375,
		0.4722222222222222
	],
	"122": [
		0.8,
		0.2972222222222222
	],
	"123": [
		0.8296875,
		0.35
	],
	"124": [
		0.8328125,
		0.25555555555555554
	],
	"125": [
		0.8,
		0.2972222222222222
	],
	"126": [
		0.1046875,
		0.10833333333333334
	],
	"127": [
		0.0671875,
		0.13333333333333333
	],
	"128": [
		0.503125,
		0.14444444444444443
	],
	"129": [
		0.475,
		0.18888888888888888
	],
	"130": [
		0.775,
		0.8888888888888888
	],
	"131": [
		0.7375,
		0.8916666666666667
	],
	"132": [
		0.23125,
		0.4222222222222222
	],
	"133": [
		0.221875,
		0.4861111111111111
	],
	"134": [
		0.8875,
		0.13055555555555556
	],
	"135": [
		0.8640625,
		0.18055555555555555
	],
	"136": [
		0.7671875,
		0.8583333333333333
	],
	"137": [
		0.7390625,
		0.9
	],
	"138": [
		0.703125,
		0.12777777777777777
	],
	"139": [
		0.6671875,
		0.1361111111111111
	],
	"140": [
		0.946875,
		0.20555555555555555
	],
	"141": [
		0.9109375,
		0.19722222222222222
	],
	"142": [
		0.009375,
		0.33611111111111114
	],
	"143": [
		0.0109375,
		0.4
	],
	"144": [
		0.98125,
		0.20555555555555555
	],
	"145": [
		0.9453125,
		0.20555555555555555
	],
	"146": [
		0.2796875,
		0.8527777777777777
	],
	"147": [
		0.24375,
		0.8527777777777777
	],
	"148": [
		0.6984375,
		0.14444444444444443
	],
	"149": [
		0.6671875,
		0.11388888888888889
	],
	"150": [
		0.5546875,
		0.24722222222222223
	],
	"151": [
		0.5328125,
		0.2972222222222222
	],
	"152": [
		0.3109375,
		0.3055555555555556
	],
	"153": [
		0.334375,
		0.3527777777777778
	],
	"154": [
		0.821875,
		0.3
	],
	"155": [
		0.80625,
		0.35555555555555557
	],
	"156": [
		0.3046875,
		0.3972222222222222
	],
	"157": [
		0.3359375,
		0.425
	],
	"158": [
		0.3203125,
		0.41388888888888886
	],
	"159": [
		0.2984375,
		0.4583333333333333
	],
	"160": [
		0.8671875,
		0.8638888888888889
	],
	"161": [
		0.834375,
		0.8611111111111112
	],
	"162": [
		0.8328125,
		0.2722222222222222
	],
	"163": [
		0.8015625,
		0.25555555555555554
	],
	"164": [
		0.4234375,
		0.10833333333333334
	],
	"165": [
		0.45,
		0.14166666666666666
	],
	"166": [
		0.6421875,
		0.4527777777777778
	],
	"167": [
		0.6140625,
		0.48055555555555557
	],
	"168": [
		0.5328125,
		0.8
	],
	"169": [
		0.5265625,
		0.8555555555555555
	],
	"170": [
		0.3359375,
		0.11388888888888889
	],
	"171": [
		0.321875,
		0.1638888888888889
	],
	"172": [
		0.553125,
		0.24444444444444444
	],
	"173": [
		0.55,
		0.3
	],
	"174": [
		0.8078125,
		0.3
	],
	"175": [
		0.80625,
		0.35555555555555557
	],
	"176": [
		0.5359375,
		0.8
	],
	"177": [
		0.5375,
		0.8555555555555555
	],
	"178": [
		0.9453125,
		0.8972222222222223
	],
	"179": [
		0.9140625,
		0.8944444444444445
	],
	"180": [
		0.309375,
		0.8527777777777777
	],