{
	"SixYardNorthForwardEast": [
		0.07303370786516854,
		0.25685026293938557
	],
	"EighteenYardNorthForwardEast": [
		0.3946629213483146,
		0.22142264046498755
	],
	"PenaltyCircleNorthWest": [
		0.13202247191011235,
		0.38084694159977855
	],
	"PenaltySpotNorth": [
		0.09129213483146068,
		0.3306578097610481
	]
}