{
	"PenaltyCircleNorthWest": [
		0.14325842696629212,
		0.3837992434726451
	],
	"PenaltySpotNorth": [
		0.09831460674157304,
		0.32180090414244855
	],
	"SixYardNorthForwardEast": [
		0.0800561797752809,
		0.25685026293938557
	]
}