{
	"SixYardNorthForwardEast": [
		0.0800561797752809,
		0.26267956610964527
	],
	"EighteenYardNorthForwardEast": [
		0.3890449438202247,
		0.21175189512920384
	],
	"PenaltyCircleNorthWest": [
		0.1306179775280899,
		0.3886585416928425
	],
	"CornerNorthEast": [
		0.1952247191011236,
		0.13133978305482263
	]
}