{
	"CornerNorthWest": [
		0.13342696629213482,
		0.12880020553224286
	],
	"CornerNorthEast": [
		0.6952247191011236,
		0.1616853643915389
	],
	"CornerSouthEast": [
		0.703012912482066,
		0.9098227284405241
	],
	"CornerSouthWest": [
		0.15730337078651685,
		0.8659758499614627
	]
}