{
	"EighteenYardNorthForwardWest": [
		0.1797752808988764,
		0.5964022412267768
	],
	"PenaltyCircleNorthWest": [
		0.4157303370786517,
		0.4303155411383073
	],
	"EighteenYardNorthForwardEast": [
		0.7570224719101124,
		0.24158065467413742
	],
	"SixYardNorthForwardEast": [
		0.3441011235955056,
		0.2680035387791212
	]
}