{
	"0": [
		0.731640625,
		0.06944444444444445
	],
	"1": [
		0.3814453125,
		0.08888888888888889
	],
	"2": [
		0.7728515625,
		0.059722222222222225
	],
	"3": [
		0.6427734375,
		0.04895833333333333
	],
	"4": [
		0.4765625,
		0.03159722222222222
	],
	"5": [
		0.7326171875,
		0.07604166666666666
	],
	"6": [
		0.3861328125,
		0.07916666666666666
	],
	"7": [
		0.7255859375,
		0.09131944444444444
	],
	"8": [
		0.1419921875,
		0.1607638888888889
	],
	"9": [
		0.0814453125,
		0.18506944444444445
	],
	"10": [
		0.3041015625,
		0.10798611111111112
	],
	"11": [
		0.25546875,
		0.12534722222222222
	],
	"12": [
		0.291015625,
		0.11979166666666667
	],
	"13": [
		0.0517578125,
		0.16597222222222222
	],
	"14": [
		0.8169921875,
		0.04375
	],
	"15": [
		0.78203125,
		0.035416666666666666
	],
	"16": [
		0.23828125,
		0.1375
	],
	"17": [
		0.2208984375,
		0.15138888888888888
	],
	"18": [
		0.09140625,
		0.175
	],
	"19": [
		0.2283203125,
		0.11597222222222223
	],
	"20": [
		0.225390625,
		0.1361111111111111
	],
	"21": [
		0.8984375,
		0.05173611111111111
	],
	"22": [
		0.7130859375,
		0.08333333333333333
	],
	"23": [
		0.0515625,
		0.20381944444444444
	],
	"24": [
		0.35703125,
		0.10659722222222222
	],
	"25": [
		0.7248046875,
		0.0763888888888889
	],
	"26": [
		0.132421875,
		0.16944444444444445
	],
	"27": [
		0.409765625,
		0.071875
	],
	"28": [
		0.8984375,
		0.04375
	],
	"29": [
		0.900390625,
		0.057291666666666664
	],
	"30": [
		0.3580078125,
		0.08819444444444445
	],
	"31": [
		0.262109375,
		0.10347222222222222
	],
	"32": [
		0.071875,
		0.15416666666666667
	],
	"33": [
		0.64140625,
		0.3503472222222222
	],
	"34": [
		0.782421875,
		0.041666666666666664
	],
	"35": [
		0.280078125,
		0.1267361111111111
	],
	"36": [
		0.112890625,
		0.1763888888888889
	],
	"37": [
		0.1509765625,
		0.16701388888888888
	],
	"38": [
		0.7197265625,
		0.06145833333333333
	],
	"39": [
		0.766796875,
		0.08993055555555556
	],
	"40": [
		0.2296875,
		0.12222222222222222
	],
	"41": [
		0.6396484375,
		0.3659722222222222
	],
	"42": [
		0.1095703125,
		0.6076388888888888
	],
	"43": [
		0.64140625,
		0.3503472222222222
	],
	"44": [
		0.4275390625,
		0.06319444444444444
	],
	"45": [
		0.1166015625,
		0.178125
	],
	"46": [
		0.2451171875,
		0.1125
	],
	"47": [
		0.64140625,
		0.35104166666666664
	],
	"48": [
		0.6693359375,
		0.04131944444444444
	],
	"49": [
		0.74765625,
		0.21631944444444445
	],
	"50": [
		0.14375,
		0.17256944444444444
	],
	"51": [
		0.0640625,
		0.16319444444444445
	],
	"52": [
		0.73046875,
		0.06458333333333334
	],
	"53": [
		0.3611328125,
		0.09722222222222222
	],
	"54": [
		0.055078125,
		0.19479166666666667
	],
	"55": [
		0.1529296875,
		0.17291666666666666
	],
	"56": [
		0.1169921875,
		0.165625
	],
	"57": [
		0.2259765625,
		0.14305555555555555
	],
	"58": [
		0.4345703125,
		0.07743055555555556
	],
	"59": [
		0.0623046875,
		0.1920138888888889
	],
	"60": [
		0.6421875,
		0.36006944444444444
	],
	"61": [
		0.295703125,
		0.11284722222222222
	],
	"62": [
		0.708203125,
		0.065625
	],
	"63": [
		0.1310546875,
		0.17604166666666668
	],
	"64": [
		0.1037109375,
		0.6128472222222222
	],
	"65": [
		0.0580078125,
		0.16909722222222223
	],
	"66": [
		0.154296875,
		0.15694444444444444
	],
	"67": [
		0.387890625,
		0.08402777777777778
	],
	"68": [
		0.7333984375,
		0.08194444444444444
	],
	"69": [
		0.625390625,
		0.03576388888888889
	],
	"70": [
		0.7041015625,
		0.035069444444444445
	],
	"71": [
		0.716796875,
		0.07048611111111111
	],
	"72": [
		0.817578125,
		0.05
	],
	"73": [
		0.71484375,
		0.06597222222222222
	],
	"74": [
		0.28828125,
		0.12708333333333333
	],
	"75": [
		0.709765625,
		0.053125
	],
	"76": [
		0.4072265625,
		0.06979166666666667
	],
	"77": [
		0.641796875,
		0.3576388888888889
	],
	"78": [
		0.4990234375,
		0.03715277777777778
	],
	"79": [
		0.4076171875,
		0.08055555555555556
	],
	"80": [
		0.7673828125,
		0.08402777777777778
	],
	"81": [
		0.6056640625,
		0.3125
	],
	"82": [
		0.426953125,
		0.07604166666666666
	],
	"83": [
		0.10234375,
		0.18680555555555556
	],
	"84": [
		0.2921875,
		0.12395833333333334
	],
	"85": [
		0.436328125,
		0.0625
	],
	"86": [
		0.2615234375,
		0.11076388888888888
	],
	"87": [
		0.034765625,
		0.2746527777777778
	],
	"88": [
		0.394921875,
		0.08645833333333333
	],
	"89": [
		0.1396484375,
		0.17222222222222222
	],
	"90": [
		0.7576171875,
		0.09444444444444444
	],
	"91": [
		0.0998046875,
		0.17222222222222222
	],
	"92": [
		0.0958984375,
		0.1892361111111111
	],
	"93": [
		0.740234375,
		0.05520833333333333
	],
	"94": [
		0.5904296875,
		0.03159722222222222
	],
	"95": [
		0.6623046875,
		0.03923611111111111
	],
	"96": [
		0.303515625,
		0.11875
	],
	"97": [
		0.17421875,
		0.11875
	],
	"98": [
		0.0916015625,
		0.18993055555555555
	],
	"99": [
		0.1447265625,
		0.16944444444444445
	],
	"100": [
		0.134765625,
		0.17673611111111112
	],
	"101": [
		0.273046875,
		0.1326388888888889
	],
	"102": [
		0.7255859375,
		0.07326388888888889
	],
	"103": [
		0.7126953125,
		0.08888888888888889
	],
	"104": [
		0.2779296875,
		0.2635416666666667
	],
	"105": [
		0.427734375,
		0.05798611111111111
	],
	"106": [
		0.086328125,
		0.19270833333333334
	],
	"107": [
		0.312109375,
		0.10625
	],
	"108": [
		0.384375,
		0.43159722222222224
	],
	"109": [
		0.106640625,
		0.16041666666666668
	],
	"110": [
		0.762109375,
		0.08993055555555556
	],
	"111": [
		0.5306640625,
		0.07673611111111112
	],
	"112": [
		0.7669921875,
		0.07916666666666666
	],
	"113": [
		0.1404296875,
		0.14930555555555555
	],
	"114": [
		0.3869140625,
		0.0920138888888889
	],
	"115": [
		0.089453125,
		0.16493055555555555
	],
	"116": [
		0.7333984375,
		0.09097222222222222
	],
	"117": [
		0.1548828125,
		0.5805555555555556
	],
	"118": [
		0.2412109375,
		0.1451388888888889
	],
	"119": [
		0.3072265625,
		0.10277777777777777
	],
	"120": [
		0.5642578125,
		0.03229166666666667
	],
	"121": [
		0.3806640625,
		0.09618055555555556
	],
	"122": [
		0.153125,
		0.14340277777777777
	],
	"123": [
		0.8171875,
		0.04722222222222222
	],
	"124": [
		0.3857421875,
		0.071875
	],
	"125": [
		0.3005859375,
		0.121875
	],
	"126": [
		0.93515625,
		0.051041666666666666
	],
	"127": [
		0.151171875,
		0.15243055555555557
	],
	"128": [
		0.114453125,
		0.15902777777777777
	],
	"129": [
		0.2576171875,
		0.12013888888888889
	],
	"130": [
		0.7513671875,
		0.08888888888888889
	],
	"131": [
		0.2990234375,
		0.121875
	],
	"132": [
		0.590234375,
		0.03229166666666667
	],
	"133": [
		0.4837890625,
		0.04479166666666667
	],
	"134": [
		0.3708984375,
		0.4423611111111111
	],
	"135": [
		0.7255859375,
		0.07118055555555555
	],
	"136": [
		0.7208984375,
		0.05347222222222222
	],
	"137": [
		0.31015625,
		0.10069444444444445
	],
	"138": [
		0.53359375,
		0.036458333333333336
	],
	"139": [
		0.2689453125,
		0.11840277777777777
	],
	"140": [
		0.4357421875,
		0.05173611111111111
	],
	"141": [
		0.854296875,
		0.03333333333333333
	],
	"142": [
		0.283984375,
		0.10347222222222222
	],
	"143": [
		0.7326171875,
		0.08298611111111111
	],
	"144": [
		0.298828125,
		0.09826388888888889
	],
	"145": [
		0.2392578125,
		0.10833333333333334
	],
	"146": [
		0.1197265625,
		0.15590277777777778
	],
	"147": [
		0.1603515625,
		0.12152777777777778
	],
	"148": [
		0.386328125,
		0.08854166666666667
	],
	"149": [
		0.4072265625,
		0.059722222222222225
	],
	"150": [
		0.3916015625,
		0.06909722222222223
	],
	"151": [
		0.1314453125,
		0.24131944444444445
	],
	"152": [
		0.1322265625,
		0.13020833333333334
	],
	"153": [
		0.407421875,
		0.0625
	],
	"154": [
		0.304296875,
		0.11388888888888889
	],
	"155": [
		0.5,
		0.04652777777777778
	],
	"156": [
		0.3048828125,
		0.10625
	],
	"157": [
		0.7166015625,
		0.08125
	],
	"158": [
		0.12109375,
		0.15694444444444444
	],
	"159": [
		0.6251953125,
		0.03958333333333333
	],
	"160": [
		0.0373046875,
		0.2065972222222222
	],
	"161": [
		0.1701171875,
		0.11979166666666667
	],
	"162": [
		0.1392578125,
		0.125
	],
	"163": [
		0.2615234375,
		0.11631944444444445
	],