{
	"0": [
		0.9224609375,
		0.10590277777777778
	],
	"1": [
		0.925,
		0.11840277777777777
	],
	"2": [
		0.676171875,
		0.10555555555555556
	],
	"3": [
		0.3818359375,
		0.121875
	],
	"4": [
		0.7044921875,
		0.10659722222222222
	],
	"5": [
		0.604296875,
		0.090625
	],
	"6": [
		0.4607421875,
		0.08020833333333334
	],
	"7": [
		0.89453125,
		0.11944444444444445
	],
	"8": [
		0.67578125,
		0.11666666666666667
	],
	"9": [
		0.3873046875,
		0.11319444444444444
	],
	"10": [
		0.88671875,
		0.1440972222222222
	],
	"11": [
		0.894140625,
		0.13055555555555556
	],
	"12": [
		0.6703125,
		0.12881944444444443
	],
	"13": [
		0.1849609375,
		0.18125
	],
	"14": [
		0.5560546875,
		0.06875
	],
	"15": [
		0.13671875,
		0.20347222222222222
	],
	"16": [
		0.305859375,
		0.13923611111111112
	],
	"17": [
		0.2740234375,
		0.15034722222222222
	],
	"18": [
		0.3013671875,
		0.15
	],
	"19": [
		0.1140625,
		0.18472222222222223
	],
	"20": [
		0.7416015625,
		0.08298611111111111
	],
	"21": [
		0.7166015625,
		0.08263888888888889
	],
	"22": [
		0.2673828125,
		0.16215277777777778
	],
	"23": [
		0.2505859375,
		0.17152777777777778
	],
	"24": [
		0.1451171875,
		0.19236111111111112
	],
	"25": [
		0.2478515625,
		0.14548611111111112
	],
	"26": [
		0.2533203125,
		0.1642361111111111
	],
	"27": [
		0.810546875,
		0.09444444444444444
	],
	"28": [
		0.1181640625,
		0.8864583333333333
	],
	"29": [
		0.6572265625,
		0.12465277777777778
	],
	"30": [
		0.8822265625,
		0.11597222222222223
	],
	"31": [
		0.113671875,
		0.21805555555555556
	],
	"32": [
		0.156640625,
		0.8947916666666667
	],
	"33": [
		0.3634765625,
		0.13090277777777778
	],
	"34": [
		0.403125,
		0.946875
	],
	"35": [
		0.6685546875,
		0.12152777777777778
	],
	"36": [
		0.176171875,
		0.18958333333333333
	],
	"37": [
		0.4099609375,
		0.1111111111111111
	],
	"38": [
		0.80703125,
		0.08645833333333333
	],
	"39": [
		0.81015625,
		0.10451388888888889
	],
	"40": [
		0.88515625,
		0.13541666666666666
	],
	"41": [
		0.908203125,
		0.09270833333333334
	],
	"42": [
		0.3662109375,
		0.12430555555555556
	],
	"43": [
		0.259375,
		0.12708333333333333
	],
	"44": [
		0.584765625,
		0.07118055555555555
	],
	"45": [
		0.12578125,
		0.8888888888888888
	],
	"46": [
		0.1318359375,
		0.17881944444444445
	],
	"47": [
		0.499609375,
		0.9694444444444444
	],
	"48": [
		0.591796875,
		0.3295138888888889
	],
	"49": [
		0.7166015625,
		0.09131944444444444
	],
	"50": [
		0.4525390625,
		0.9583333333333334
	],
	"51": [
		0.2849609375,
		0.15590277777777778
	],
	"52": [
		0.16015625,
		0.19756944444444444
	],
	"53": [
		0.920703125,
		0.09965277777777778
	],
	"54": [
		0.19296875,
		0.18680555555555556
	],
	"55": [
		0.66484375,
		0.10173611111111111
	],
	"56": [
		0.6986328125,
		0.1295138888888889
	],
	"57": [
		0.2525390625,
		0.1482638888888889
	],
	"58": [
		0.5923828125,
		0.3628472222222222
	],
	"59": [
		0.869140625,
		0.14479166666666668
	],
	"60": [
		0.294140625,
		0.9225694444444444
	],
	"61": [
		0.152734375,
		0.565625
	],
	"62": [
		0.0380859375,
		0.8729166666666667
	],
	"63": [
		0.5900390625,
		0.32708333333333334
	],
	"64": [
		0.41796875,
		0.10243055555555555
	],
	"65": [
		0.162890625,
		0.20069444444444445
	],
	"66": [
		0.4033203125,
		0.946875
	],
	"67": [
		0.257421875,
		0.13958333333333334
	],
	"68": [
		0.4498046875,
		0.9583333333333334
	],
	"69": [
		0.5955078125,
		0.33402777777777776
	],
	"70": [
		0.0298828125,
		0.8704861111111111
	],
	"71": [
		0.6271484375,
		0.09027777777777778
	],
	"72": [
		0.6890625,
		0.22881944444444444
	],
	"73": [
		0.9408203125,
		0.14270833333333333
	],
	"74": [
		0.187109375,
		0.19791666666666666
	],
	"75": [
		0.9755859375,
		0.11770833333333333
	],
	"76": [
		0.125,
		0.18159722222222222
	],
	"77": [
		0.4111328125,
		0.9486111111111111
	],
	"78": [
		0.6732421875,
		0.10555555555555556
	],
	"79": [
		0.37109375,
		0.12986111111111112
	],
	"80": [
		0.1201171875,
		0.20694444444444443
	],
	"81": [
		0.1947265625,
		0.19236111111111112
	],
	"82": [
		0.16875,
		0.18715277777777778
	],
	"83": [
		0.2578125,
		0.16979166666666667
	],
	"84": [
		0.44296875,
		0.9555555555555556
	],
	"85": [
		0.4263671875,
		0.11423611111111111
	],
	"86": [
		0.1251953125,
		0.21493055555555557
	],
	"87": [
		0.5970703125,
		0.35833333333333334
	],
	"88": [
		0.2923828125,
		0.14756944444444445
	],
	"89": [
		0.6513671875,
		0.103125
	],
	"90": [
		0.172265625,
		0.19791666666666666
	],
	"91": [
		0.1423828125,
		0.5722222222222222
	],
	"92": [
		0.1203125,
		0.18958333333333333
	],
	"93": [
		0.9740234375,
		0.15208333333333332
	],
	"94": [
		0.1962890625,
		0.17881944444444445
	],
	"95": [
		0.395703125,
		0.11666666666666667
	],
	"96": [
		0.9388671875,
		0.15
	],
	"97": [
		0.944921875,
		0.11284722222222222
	],
	"98": [
		0.6806640625,
		0.11944444444444445
	],
	"99": [
		0.90625,
		0.1329861111111111
	],
	"100": [
		0.582421875,
		0.07951388888888888
	],
	"101": [
		0.2431640625,
		0.9107638888888889
	],
	"102": [
		0.63828125,
		0.09027777777777778
	],
	"103": [
		0.898828125,
		0.1326388888888889
	],
	"104": [
		0.6619140625,
		0.11006944444444444
	],
	"105": [
		0.919140625,
		0.1423611111111111
	],
	"106": [
		0.741796875,
		0.08854166666666667
	],
	"107": [
		0.660546875,
		0.10416666666666667
	],
	"108": [
		0.28984375,
		0.15833333333333333
	],
	"109": [
		0.6560546875,
		0.09444444444444444
	],
	"110": [
		0.4037109375,
		0.10868055555555556
	],
	"111": [
		0.876171875,
		0.11875
	],
	"112": [
		0.5994140625,
		0.34791666666666665
	],
	"113": [
		0.4876953125,
		0.08263888888888889
	],
	"114": [
		0.90703125,
		0.10034722222222223
	],
	"115": [
		0.4068359375,
		0.11666666666666667
	],
	"116": [
		0.69921875,
		0.12222222222222222
	],
	"117": [
		0.5662109375,
		0.30833333333333335
	],
	"118": [
		0.4169921875,
		0.11666666666666667
	],
	"119": [
		0.1541015625,
		0.2065972222222222
	],
	"120": [
		0.296875,
		0.15520833333333334
	],
	"121": [
		0.42734375,
		0.1
	],
	"122": [
		0.9345703125,
		0.10972222222222222
	],
	"123": [
		0.2623046875,
		0.13958333333333334
	],
	"124": [
		0.09609375,
		0.2826388888888889
	],
	"125": [
		0.4001953125,
		0.11909722222222222
	],
	"126": [
		0.183203125,
		0.19479166666666667
	],
	"127": [
		0.6919921875,
		0.1284722222222222
	],
	"128": [
		0.1533203125,
		0.18993055555555555
	],
	"129": [
		0.1501953125,
		0.20902777777777778
	],
	"130": [
		0.683984375,
		0.09652777777777778
	],
	"131": [
		0.5580078125,
		0.07395833333333333
	],
	"132": [
		0.6169921875,
		0.08194444444444444
	],
	"133": [
		0.3146484375,
		0.15034722222222222
	],
	"134": [
		0.1962890625,
		0.15069444444444444
	],
	"135": [
		0.1453125,
		0.20625
	],
	"136": [
		0.1904296875,
		0.19236111111111112
	],
	"137": [
		0.1802734375,
		0.19791666666666666
	],
	"138": [
		0.282421875,
		0.16180555555555556
	],
	"139": [
		0.671875,
		0.115625
	],
	"140": [
		0.915234375,
		0.1326388888888889
	],
	"141": [
		0.654296875,
		0.11979166666666667
	],
	"142": [
		0.882421875,
		0.10729166666666666
	],
	"143": [
		0.302734375,
		0.26875
	],
	"144": [
		0.416015625,
		0.09722222222222222
	],
	"145": [
		0.1400390625,
		0.20902777777777778
	],
	"146": [
		0.3162109375,
		0.1361111111111111
	],
	"147": [
		0.39453125,
		0.4125
	],
	"148": [
		0.8671875,
		0.12291666666666666
	],
	"149": [
		0.15625,
		0.18125
	],
	"150": [
		0.8896484375,
		0.12118055555555556
	],
	"151": [
		0.908984375,
		0.14756944444444445
	],
	"152": [
		0.0337890625,
		0.5576388888888889
	],
	"153": [
		0.8666015625,
		0.11701388888888889
	],
	"154": [
		0.9150390625,
		0.13854166666666667
	],
	"155": [
		0.6947265625,
		0.125
	],
	"156": [
		0.5044921875,
		0.11354166666666667
	],
	"157": [
		0.6951171875,
		0.11875
	],
	"158": [
		0.1818359375,
		0.17291666666666666
	],
	"159": [
		0.385546875,
		0.12430555555555556
	],
	"160": [
		0.1435546875,
		0.1840277777777778
	],
	"161": [
		0.68203125,
		0.13055555555555556
	],
	"162": [
		0.1955078125,
		0.5385416666666667
	],