{
	"0": [
		0.5125,
		0.20555555555555555
	],
	"1": [
		0.559375,
		0.2916666666666667
	],
	"2": [
		0.5140625,
		0.2
	],
	"3": [
		0.5359375,
		0.30277777777777776
	],
	"4": [
		0.528125,
		0.19444444444444445
	],
	"5": [
		0.5359375,
		0.30277777777777776
	],
	"6": [
		0.7765625,
		0.3972222222222222
	],
	"7": [
		0.721875,
		0.3527777777777778
	],
	"8": [
		0.725,
		0.35555555555555557
	],
	"9": [
		0.6671875,
		0.33611111111111114
	],
	"10": [
		0.725,
		0.4305555555555556
	],
	"11": [
		0.6671875,
		0.45
	],
	"12": [
		0.446875,
		0.20277777777777778
	],
	"13": [
		0.3890625,
		0.21666666666666667
	],
	"14": [
		0.446875,
		0.4583333333333333
	],
	"15": [
		0.3890625,
		0.4444444444444444
	],
	"16": [
		0.1140625,
		0.1361111111111111
	],
	"17": [
		0.05625,
		0.12777777777777777
	],
	"18": [
		0.6140625,
		0.4722222222222222
	],
	"19": [
		0.55625,
		0.4638888888888889
	],
	"20": [
		0.390625,
		0.44722222222222224
	],
	"21": [
		0.334375,
		0.4222222222222222
	],
	"22": [
		0.6140625,
		0.18888888888888888
	],
	"23": [
		0.55625,
		0.19444444444444445
	],
	"24": [
		0.5375,
		0.7
	],
	"25": [
		0.534375,
		0.8027777777777778
	],
	"26": [
		0.534375,
		0.3
	],
	"27": [
		0.5359375,
		0.4027777777777778
	],
	"28": [
		0.534375,
		0.4
	],
	"29": [
		0.5359375,
		0.5027777777777778
	],
	"30": [
		0.5359375,
		0.5
	],
	"31": [
		0.534375,
		0.6027777777777777
	],
	"32": [
		0.6140625,
		0.20833333333333334
	],
	"33": [
		0.55625,
		0.20833333333333334
	],
	"34": [
		0.534375,
		0.6
	],
	"35": [
		0.534375,
		0.7027777777777777
	],
	"36": [
		0.3359375,
		0.8444444444444444
	],
	"37": [
		0.278125,
		0.8444444444444444
	],
	"38": [
		0.390625,
		0.33611111111111114
	],
	"39": [
		0.334375,
		0.35833333333333334
	],
	"40": [
		0.4453125,
		0.3277777777777778
	],
	"41": [
		0.3890625,
		0.3388888888888889
	],
	"42": [
		0.66875,
		0.33611111111111114
	],
	"43": [
		0.6125,
		0.325
	],
	"44": [
		0.66875,
		0.45
	],
	"45": [
		0.6125,
		0.4583333333333333
	],
	"46": [
		0.7796875,
		0.21388888888888888
	],
	"47": [
		0.7234375,
		0.21666666666666667
	],
	"48": [
		0.16875,
		0.8444444444444444
	],
	"49": [
		0.1125,
		0.8472222222222222
	],
	"50": [
		0.2796875,
		0.8444444444444444
	],
	"51": [
		0.2234375,
		0.8444444444444444
	],
	"52": [
		0.890625,
		0.8527777777777777
	],
	"53": [
		0.834375,
		0.8527777777777777
	],
	"54": [
		0.1140625,
		0.11944444444444445
	],
	"55": [
		0.071875,
		0.18333333333333332
	],
	"56": [
		1,
		0.8611111111111112
	],
	"57": [
		0.9453125,
		0.8583333333333333
	],
	"58": [
		0.0546875,
		0.85
	],
	"59": [
		0.003125,
		0.8472222222222222
	],
	"60": [
		0.3859375,
		0.8444444444444444
	],
	"61": [
		0.334375,
		0.8444444444444444
	],
	"62": [
		0.8359375,
		0.8527777777777777
	],
	"63": [
		0.784375,
		0.8527777777777777
	],
	"64": [
		0.5203125,
		0.2
	],
	"65": [
		0.55625,
		0.2638888888888889
	],
	"66": [
		0.484375,
		0.1388888888888889
	],
	"67": [
		0.45,
		0.20277777777777778
	],
	"68": [
		0.5453125,
		0.19166666666666668
	],
	"69": [
		0.5140625,
		0.25555555555555554
	],
	"70": [
		0.5578125,
		0.19444444444444445
	],
	"71": [
		0.5125,
		0.21666666666666667
	],
	"72": [
		0.6140625,
		0.8472222222222222
	],
	"73": [
		0.5671875,
		0.8444444444444444
	],
	"74": [
		0.4,
		0.7361111111111112
	],
	"75": [
		0.434375,
		0.7916666666666666
	],
	"76": [
		0.553125,
		0.2
	],
	"77": [
		0.5140625,
		0.2361111111111111
	],
	"78": [
		0.559375,
		0.18888888888888888
	],
	"79": [
		0.515625,
		0.19444444444444445
	],
	"80": [
		0.240625,
		0.4
	],
	"81": [
		0.2546875,
		0.4722222222222222
	],
	"82": [
		0.6125,
		0.19444444444444445
	],
	"83": [
		0.653125,
		0.21666666666666667
	],
	"84": [
		0.7125,
		0.8472222222222222
	],
	"85": [
		0.6703125,
		0.8472222222222222
	],
	"86": [
		0.23125,
		0.4166666666666667
	],
	"87": [
		0.2578125,
		0.4722222222222222
	],
	"88": [
		0.7640625,
		0.85
	],
	"89": [
		0.7234375,
		0.85
	],
	"90": [
		0.7578125,
		0.3972222222222222
	],
	"91": [
		0.7234375,
		0.4305555555555556
	],
	"92": [
		0.2375,
		0.4027777777777778
	],
	"93": [
		0.2390625,
		0.4722222222222222
	],
	"94": [
		0.334375,
		0.3416666666666667
	],
	"95": [
		0.309375,
		0.39444444444444443
	],
	"96": [
		0.8296875,
		0.7
	],
	"97": [
		0.796875,
		0.7361111111111112
	],
	"98": [
		0.771875,
		0.8777777777777778
	],
	"99": [
		0.734375,
		0.8833333333333333
	],
	"100": [
		0.4609375,
		0.14166666666666666
	],
	"101": [
		0.4484375,
		0.20277777777777778
	],
	"102": [
		0.1140625,
		0.125
	],
	"103": [
		0.0796875,
		0.14444444444444443
	],
	"104": [
		0.525,
		0.19444444444444445
	],
	"105": [
		0.5140625,
		0.25555555555555554
	],
	"106": [
		0.996875,
		0.14166666666666666
	],
	"107": [
		0.9609375,
		0.1388888888888889
	],
	"108": [
		0.3328125,
		0.3
	],
	"109": [
		0.3546875,
		0.35
	],
	"110": [
		0.8,
		0.3
	],
	"111": [
		0.828125,
		0.3388888888888889
	],
	"112": [
		0.7625,
		0.85
	],
	"113": [
		0.7375,
		0.8944444444444445
	],
	"114": [
		0.6453125,
		0.1361111111111111
	],
	"115": [
		0.6109375,
		0.15
	],
	"116": [
		0.3328125,
		0.32222222222222224
	],
	"117": [
		0.365625,
		0.34444444444444444
	],
	"118": [
		0.8296875,
		0.3
	],
	"119": [
		0.8015625,
		0.33611111111111114
	],
	"120": [
		0.83125,
		0.7222222222222222
	],
	"121": [
		0.796875,
		0.7305555555555555
	],
	"122": [
		0.55,
		0.8472222222222222
	],
	"123": [
		0.515625,
		0.8444444444444444
	],
	"124": [
		0.3265625,
		0.3
	],
	"125": [
		0.3359375,
		0.35833333333333334
	],
	"126": [
		0.2578125,
		0.4444444444444444
	],
	"127": [
		0.225,
		0.4305555555555556
	],
	"128": [
		0.44375,
		0.14722222222222223
	],
	"129": [
		0.4734375,
		0.175
	],
	"130": [
		0.5875,
		0.4444444444444444
	],
	"131": [
		0.6140625,
		0.48055555555555557
	],
	"132": [
		0.6765625,
		0.5333333333333333
	],
	"133": [
		0.6703125,
		0.5916666666666667
	],
	"134": [
		0.7546875,
		0.4
	],
	"135": [
		0.778125,
		0.44166666666666665
	],
	"136": [
		0.6140625,
		0.4583333333333333
	],
	"137": [
		0.5828125,
		0.4777777777777778
	],
	"138": [
		0.253125,
		0.41944444444444445
	],
	"139": [
		0.225,
		0.45
	],
	"140": [
		0.9390625,
		0.8888888888888888
	],
	"141": [
		0.90625,
		0.8833333333333333
	],
	"142": [
		0.8,
		0.2638888888888889
	],
	"143": [
		0.8296875,
		0.28888888888888886
	],
	"144": [
		0.253125,
		0.41944444444444445
	],
	"145": [
		0.2390625,
		0.4722222222222222
	],
	"146": [
		0.25625,
		0.8722222222222222
	],
	"147": [
		0.2234375,
		0.875
	],
	"148": [
		0.8265625,
		0.26666666666666666
	],
	"149": [
		0.8,
		0.3
	],
	"150": [
		0.796875,
		0.725
	],
	"151": [
		0.8234375,
		0.7583333333333333
	],
	"152": [
		0.240625,
		0.4
	],
	"153": [
		0.225,
		0.45
	],
	"154": [
		0.6703125,
		0.5333333333333333
	],
	"155": [
		0.68125,
		0.5861111111111111
	],
	"156": [
		0.5546875,
		0.24444444444444444
	],
	"157": [
		0.55,
		0.3
	],
	"158": [
		0.7078125,
		0.20833333333333334
	],
	"159": [
		0.6765625,
		0.21666666666666667
	],
	"160": [
		0.0890625,
		0.875
	],
	"161": [
		0.0578125,
		0.875
	],
	"162": [
		0.725,
		0.21666666666666667
	],
	"163": [
		0.6953125,
		0.2
	],
	"164": [
		0.234375,
		0.4083333333333333
	],
	"165": [
		0.2578125,
		0.4444444444444444
	],
	"166": [
		0.309375,
		0.39444444444444443
	],
	"167": [
		0.3359375,
		0.4222222222222222
	],
	"168": [
		0.6671875,
		0.6527777777777778
	],
	"169": [
		0.6796875,
		0.7027777777777777
	],
	"170": [
		0.0390625,
		0.13055555555555556
	],
	"171": [
		0.0125,
		0.15555555555555556
	],
	"172": [
		0.6390625,
		0.125
	],
	"173": [
		0.615625,
		0.15833333333333333
	],
	"174": [
		0.7515625,
		0.18888888888888888
	],
	"175": [
		0.721875,
		0.19444444444444445
	],
	"176": [
		0.353125,
		0.32222222222222224
	],
	"177": [
		0.3328125,
		0.3611111111111111
	],
	"178": [
		0.3453125,
		0.3
	],
	"179": [
		0.3484375,
		0.3527777777777778
	],
	"180": [
		0.9859375,
		0.11388888888888889
	],
	"181": [
		0.9734375,
		0.16111111111111112
	],
	"182": [
		0.8203125,
		0.7
	],