{
	"CornerNorthWest": [
		0.25280898876404495,
		0.19030866524270218
	],
	"CornerNorthEast": [
		0.7963483146067416,
		0.1179377643757591
	],
	"CornerSouthEast": [
		0.7598314606741573,
		0.8002055322428706
	],
	"CornerSouthWest": [
		0.16292134831460675,
		0.7799974871214976
	]
}