{
	"CornerNorthWest": [
		0.45224719101123595,
		0.39938015663609333
	],
	"GoalPostNorthWest": [
		0.601123595505618,
		0.731750219876869
	],
	"SixYardNorthRearEast": [
		0.7317415730337079,
		0.6942245675754911
	]
}