{
	"CornerNorthWest": [
		0.25280898876404495,
		0.19030866524270218
	],
	"CornerNorthEast": [
		0.7963483146067416,
		0.1179377643757591
	],
	"CornerSouthEast": [
		0.6474719101123596,
		0.7907191020647485
	],
	"CornerSouthWest": [
		0.24719101123595505,
		0.7665954684424341
	]
}