{
	"PenaltySpotNorth": [
		0.08653904213849195,
		0.33226817517699203
	],
	"EighteenYardNorthRearEast": [
		0.0901339205694825,
		0.19005847953216373
	],
	"EighteenYardNorthForwardEast": [
		0.3922292041883943,
		0.2215298601956135
	],
	"PenaltyCircleNorthWest": [
		0.34691011235955055,
		0.6028945790870943
	],
	"PenaltyCircleNorthEast": [
		0.28928396639820375,
		0.28900805203691593
	],
	"CornerNorthEast": [
		0.2021785990383535,
		0.14743533192430086
	]
}