{
	"CornerNorthWest": [
		0.11235955056179775,
		0.16886543535620052
	],
	"CornerNorthEast": [
		0.7851123595505618,
		0.1259789755831972
	],
	"CornerSouthEast": [
		0.8188202247191011,
		0.887213636554006
	],
	"CornerSouthWest": [
		0.06882022471910113,
		0.9043418686306415
	]
}