{
	"0": [
		0.2328125,
		0.10416666666666667
	],
	"1": [
		0.6048828125,
		0.1076388888888889
	],
	"2": [
		0.453125,
		0.10069444444444445
	],
	"3": [
		0.7662109375,
		0.115625
	],
	"4": [
		0.6990234375,
		0.10868055555555556
	],
	"5": [
		0.3130859375,
		0.0875
	],
	"6": [
		0.3802734375,
		0.09479166666666666
	],
	"7": [
		0.52890625,
		0.10625
	],
	"8": [
		0.9400390625,
		0.12361111111111112
	],
	"9": [
		0.5119140625,
		0.08819444444444445
	],
	"10": [
		0.464453125,
		0.09513888888888888
	],
	"11": [
		0.09375,
		0.11041666666666666
	],
	"12": [
		0.437109375,
		0.08263888888888889
	],
	"13": [
		0.66640625,
		0.09479166666666666
	],
	"14": [
		0.3041015625,
		0.09965277777777778
	],
	"15": [
		0.68515625,
		0.11458333333333333
	],
	"16": [
		0.9248046875,
		0.12222222222222222
	],
	"17": [
		0.58828125,
		0.09479166666666666
	],
	"18": [
		0.3904296875,
		0.09027777777777778
	],
	"19": [
		0.5400390625,
		0.10208333333333333
	],
	"20": [
		0.6974609375,
		0.10034722222222223
	],
	"21": [
		0.9572265625,
		0.1111111111111111
	],
	"22": [
		0.782421875,
		0.11076388888888888
	],
	"23": [
		0.782421875,
		0.11076388888888888
	],
	"24": [
		0.7048828125,
		0.096875
	],
	"25": [
		0.6591796875,
		0.07534722222222222
	],
	"26": [
		0.8521484375,
		0.11770833333333333
	],
	"27": [
		0.6421875,
		0.07534722222222222
	],
	"28": [
		0.8677734375,
		0.11736111111111111
	],
	"29": [
		0.9166015625,
		0.10625
	],
	"30": [
		0.4701171875,
		0.08541666666666667
	],
	"31": [
		0.7474609375,
		0.09826388888888889
	],
	"32": [
		0.2931640625,
		0.10173611111111111
	],
	"33": [
		0.365625,
		0.08923611111111111
	],
	"34": [
		0.6244140625,
		0.09444444444444444
	],
	"35": [
		0.6705078125,
		0.10694444444444444
	],
	"36": [
		0.9623046875,
		0.10347222222222222
	],
	"37": [
		0.6185546875,
		0.10277777777777777
	],
	"38": [
		0.7859375,
		0.10208333333333333
	],
	"39": [
		0.5455078125,
		0.09166666666666666
	],
	"40": [
		0.9587890625,
		0.11597222222222223
	],
	"41": [
		0.7505859375,
		0.11944444444444445
	],
	"42": [
		0.3958984375,
		0.08055555555555556
	],
	"43": [
		0.1333984375,
		0.10902777777777778
	],
	"44": [
		0.1376953125,
		0.10451388888888889
	],
	"45": [
		0.6701171875,
		0.11944444444444445
	],
	"46": [
		0.729296875,
		0.09305555555555556
	],
	"47": [
		0.36640625,
		0.09826388888888889
	],
	"48": [
		0.8060546875,
		0.08784722222222222
	],
	"49": [
		0.87265625,
		0.10138888888888889
	],
	"50": [
		0.5916015625,
		0.11493055555555555
	],
	"51": [
		0.9205078125,
		0.11006944444444444
	],
	"52": [
		0.83125,
		0.09965277777777778
	],
	"53": [
		0.518359375,
		0.10694444444444444
	],
	"54": [
		0.8380859375,
		0.11979166666666667
	],
	"55": [
		0.044921875,
		0.12256944444444444
	],
	"56": [
		0.3103515625,
		0.08472222222222223
	],
	"57": [
		0.2458984375,
		0.10868055555555556
	],
	"58": [
		0.437890625,
		0.10416666666666667
	],
	"59": [
		0.0884765625,
		0.11805555555555555
	],
	"60": [
		0.31953125,
		0.08055555555555556
	],
	"61": [
		0.9197265625,
		0.11736111111111111
	],
	"62": [
		0.5146484375,
		0.1076388888888889
	],
	"63": [
		0.6736328125,
		0.11354166666666667
	],
	"64": [
		0.625390625,
		0.11215277777777778
	],
	"65": [
		0.7546875,
		0.11597222222222223
	],
	"66": [
		0.9080078125,
		0.08819444444444445
	],
	"67": [
		0.890234375,
		0.08229166666666667
	],
	"68": [
		0.8736328125,
		0.11875
	],
	"69": [
		0.834765625,
		0.1111111111111111
	],
	"70": [
		0.8318359375,
		0.11666666666666667
	],
	"71": [
		0.964453125,
		0.12569444444444444
	],
	"72": [
		0.825,
		0.0798611111111111
	],
	"73": [
		0.553515625,
		0.07048611111111111
	],
	"74": [
		0.780859375,
		0.10694444444444444
	],
	"75": [
		0.6166015625,
		0.09618055555555556
	],
	"76": [
		0.9283203125,
		0.12256944444444444
	],
	"77": [
		0.8375,
		0.10868055555555556
	],
	"78": [
		0.6787109375,
		0.11527777777777778
	],
	"79": [
		0.704296875,
		0.11597222222222223
	],
	"80": [
		0.371484375,
		0.09409722222222222
	],
	"81": [
		0.824609375,
		0.07465277777777778
	],
	"82": [
		0.673828125,
		0.09826388888888889
	],
	"83": [
		0.5349609375,
		0.0920138888888889
	],
	"84": [
		0.596484375,
		0.1125
	],
	"85": [
		0.0953125,
		0.10625
	],
	"86": [
		0.292578125,
		0.10659722222222222
	],
	"87": [
		0.546875,
		0.10694444444444444
	],
	"88": [
		0.8294921875,
		0.08472222222222223
	],
	"89": [
		0.841015625,
		0.12256944444444444
	],
	"90": [
		0.8671875,
		0.11006944444444444
	],
	"91": [
		0.923828125,
		0.11180555555555556
	],
	"92": [
		0.7830078125,
		0.934375
	],
	"93": [
		0.675,
		0.10902777777777778
	],
	"94": [
		0.9107421875,
		0.9597222222222223
	],
	"95": [
		0.228125,
		0.10659722222222222
	],
	"96": [
		0.4072265625,
		0.06180555555555556
	],
	"97": [
		0.4478515625,
		0.06597222222222222
	],
	"98": [
		0.219140625,
		0.10625
	],
	"99": [
		0.75859375,
		0.11979166666666667
	],
	"100": [
		0.3236328125,
		0.09479166666666666
	],
	"101": [
		0.7876953125,
		0.12152777777777778
	],
	"102": [
		0.376171875,
		0.0954861111111111
	],
	"103": [
		0.3001953125,
		0.10277777777777777
	],
	"104": [
		0.7705078125,
		0.1232638888888889
	],
	"105": [
		0.8720703125,
		0.12395833333333334
	],
	"106": [
		0.8541015625,
		0.12638888888888888
	],
	"107": [
		0.04921875,
		0.11909722222222222
	],
	"108": [
		0.5228515625,
		0.08090277777777778
	],
	"109": [
		0.5974609375,
		0.10104166666666667
	],
	"110": [
		0.13828125,
		0.10208333333333333
	],
	"111": [
		0.961328125,
		0.12569444444444444
	],
	"112": [
		0.471875,
		0.10381944444444445
	],
	"113": [
		0.9107421875,
		0.08958333333333333
	],
	"114": [
		0.2720703125,
		0.8409722222222222
	],
	"115": [
		0.387890625,
		0.084375
	],
	"116": [
		0.8396484375,
		0.11215277777777778
	],
	"117": [
		0.9044921875,
		0.9604166666666667
	],
	"118": [
		0.828515625,
		0.9451388888888889
	],
	"119": [
		0.4482421875,
		0.10243055555555555
	],
	"120": [
		0.175390625,
		0.10694444444444444
	],
	"121": [
		0.854296875,
		0.9517361111111111
	],
	"122": [
		0.751171875,
		0.10868055555555556
	],
	"123": [
		0.803515625,
		0.08506944444444445
	],
	"124": [
		0.944140625,
		0.12638888888888888
	],
	"125": [
		0.5220703125,
		0.10798611111111112
	],
	"126": [
		0.440625,
		0.09166666666666666
	],
	"127": [
		0.9205078125,
		0.9642361111111111
	],
	"128": [
		0.2970703125,
		0.10555555555555556
	],
	"129": [
		0.4451171875,
		0.09583333333333334
	],
	"130": [
		0.3978515625,
		0.09861111111111111
	],
	"131": [
		0.51796875,
		0.09375
	],
	"132": [
		0.59296875,
		0.10034722222222223
	],
	"133": [
		0.6177734375,
		0.08263888888888889
	],
	"134": [
		0.0408203125,
		0.13125
	],
	"135": [
		0.0755859375,
		0.11145833333333334
	],
	"136": [
		0.194921875,
		0.8746527777777777
	],
	"137": [
		0.7048828125,
		0.11736111111111111
	],
	"138": [
		0.5939453125,
		0.09826388888888889
	],
	"139": [
		0.9267578125,
		0.9652777777777778
	],
	"140": [
		0.0306640625,
		0.14201388888888888
	],
	"141": [
		0.1787109375,
		0.10694444444444444
	],
	"142": [
		0.709375,
		0.11944444444444445
	],
	"143": [
		0.457421875,
		0.08819444444444445
	],
	"144": [
		0.29375,
		0.10208333333333333
	],
	"145": [
		0.0892578125,
		0.10798611111111112
	],
	"146": [
		0.601171875,
		0.11041666666666666
	],
	"147": [
		0.6873046875,
		0.11805555555555555
	],
	"148": [
		0.2572265625,
		0.8388888888888889
	],
	"149": [
		0.75390625,
		0.10659722222222222
	],
	"150": [
		0.44375,
		0.10243055555555555
	],
	"151": [
		0.8498046875,
		0.07569444444444444
	],
	"152": [
		0.5287109375,
		0.10972222222222222
	],
	"153": [
		0.8171875,
		0.9427083333333334
	],
	"154": [
		0.9076171875,
		0.09305555555555556
	],
	"155": [
		0.5248046875,
		0.07326388888888889
	],
	"156": [
		0.0966796875,
		0.11805555555555555
	],
	"157": [
		0.9341796875,
		0.109375
	],
	"158": [
		0.1234375,
		0.1111111111111111
	],
	"159": [
		0.1654296875,
		0.11041666666666666
	],
	"160": [
		0.7560546875,
		0.10694444444444444
	],
	"161": [
		0.3708984375,
		0.08472222222222223
	],