{
	"CornerNorthWest": [
		0.1306179775280899,
		0.12865937931900992
	],
	"CornerNorthEast": [
		0.7865168539325843,
		0.18762826150688947
	],
	"CornerSouthEast": [
		0.8019662921348315,
		0.8657704066675043
	],
	"CornerSouthWest": [
		0.175561797752809,
		0.8818528290823805
	]
}