{
	"0": [
		0.3640625,
		0.041666666666666664
	],
	"1": [
		0.51875,
		0.058333333333333334
	],
	"2": [
		0.053125,
		0.06111111111111111
	],
	"3": [
		0.6640625,
		0.06944444444444445
	],
	"4": [
		0.690625,
		0.07222222222222222
	],
	"5": [
		0.89375,
		0.07222222222222222
	],
	"6": [
		0.990625,
		0.08055555555555556
	],
	"7": [
		0.753125,
		0.08333333333333333
	],
	"8": [
		0.2015625,
		0.09444444444444444
	],
	"9": [
		0.51875,
		0.09444444444444444
	],
	"10": [
		0.69375,
		0.10277777777777777
	],
	"11": [
		0.753125,
		0.11944444444444445
	],
	"12": [
		0.990625,
		0.12222222222222222
	],
	"13": [
		0.8890625,
		0.125
	],
	"14": [
		0.034375,
		0.12777777777777777
	],
	"15": [
		0.3,
		0.13333333333333333
	],
	"16": [
		0.834375,
		0.1361111111111111
	],
	"17": [
		0.4375,
		0.14444444444444443
	],
	"18": [
		0.6109375,
		0.1527777777777778
	],
	"19": [
		0.93125,
		0.1527777777777778
	],
	"20": [
		0.96875,
		0.1527777777777778
	],
	"21": [
		0.771875,
		0.16111111111111112
	],
	"22": [
		0.80625,
		0.16111111111111112
	],
	"23": [
		0.1421875,
		0.16666666666666666
	],
	"24": [
		0.4015625,
		0.17777777777777778
	],
	"25": [
		0.6515625,
		0.17777777777777778
	],
	"26": [
		0.684375,
		0.17777777777777778
	],
	"27": [
		0.503125,
		0.18611111111111112
	],
	"28": [
		0.109375,
		0.2
	],
	"29": [
		0.1625,
		0.2
	],
	"30": [
		0.0609375,
		0.20277777777777778
	],
	"31": [
		0.5484375,
		0.20555555555555555
	],
	"32": [
		0.040625,
		0.2111111111111111
	],
	"33": [
		0.3109375,
		0.21388888888888888
	],
	"34": [
		0.3296875,
		0.21666666666666667
	],
	"35": [
		0.0203125,
		0.21944444444444444
	],
	"36": [
		0.39375,
		0.21944444444444444
	],
	"37": [
		0.521875,
		0.23055555555555557
	],
	"38": [
		0.0296875,
		0.25277777777777777
	],
	"39": [
		0.0703125,
		0.25555555555555554
	],
	"40": [
		0.85625,
		0.26666666666666666
	],
	"41": [
		0.88125,
		0.26666666666666666
	],
	"42": [
		0.5609375,
		0.28055555555555556
	],
	"43": [
		0.290625,
		0.2861111111111111
	],
	"44": [
		0.459375,
		0.29444444444444445
	],
	"45": [
		0.521875,
		0.29444444444444445
	],
	"46": [
		0.85625,
		0.325
	],
	"47": [
		0.88125,
		0.325
	],
	"48": [
		0.45625,
		0.3333333333333333
	],
	"49": [
		0.1859375,
		0.3527777777777778
	],
	"50": [
		0.9765625,
		0.3527777777777778
	],
	"51": [
		0.1671875,
		0.3638888888888889
	],
	"52": [
		0.6296875,
		0.3861111111111111
	],
	"53": [
		0.7078125,
		0.3861111111111111
	],
	"54": [
		0.375,
		0.3888888888888889
	],
	"55": [
		0.7078125,
		0.42777777777777776
	],
	"56": [
		0.378125,
		0.4305555555555556
	],
	"57": [
		0.3484375,
		0.4444444444444444
	],
	"58": [
		0.928125,
		0.4444444444444444
	],
	"59": [
		0.58125,
		0.45
	],
	"60": [
		0.615625,
		0.45
	],
	"61": [
		0.996875,
		0.48055555555555557
	],
	"62": [
		0.3203125,
		0.5
	],
	"63": [
		0.3609375,
		0.5
	],
	"64": [
		0.64375,
		0.6111111111111112
	],
	"65": [
		0.825,
		0.6388888888888888
	],
	"66": [
		0.6515625,
		0.6444444444444445
	],
	"67": [
		0.825,
		0.6722222222222223
	],
	"68": [
		0.80625,
		0.7027777777777777
	],
	"69": [
		0.80625,
		0.7361111111111112
	],
	"70": [
		0.0921875,
		0.8111111111111111
	],
	"71": [
		0.1484375,
		0.8138888888888889
	],
	"72": [
		0.1734375,
		0.8222222222222222
	],
	"73": [
		0.20625,
		0.8222222222222222
	],
	"74": [
		0.24375,
		0.8305555555555556
	],
	"75": [
		0.2984375,
		0.8361111111111111
	],
	"76": [
		0.3390625,
		0.8444444444444444
	],
	"77": [
		0.3875,
		0.85
	],
	"78": [
		0.2265625,
		0.8555555555555555
	],
	"79": [
		0.265625,
		0.8638888888888889
	],
	"80": [
		0.4875,
		0.8666666666666667
	],
	"81": [
		0.2984375,
		0.8694444444444445
	],
	"82": [
		0.3484375,
		0.8777777777777778
	],
	"83": [
		0.5375,
		0.8805555555555555
	],
	"84": [
		0.571875,
		0.8805555555555555
	],
	"85": [
		0.5984375,
		0.8888888888888888
	],
	"86": [
		0.6328125,
		0.8944444444444445
	],
	"87": [
		0.146875,
		0.9027777777777778
	],
	"88": [
		0.2890625,
		0.9083333333333333
	],
	"89": [
		0.721875,
		0.9111111111111111
	],
	"90": [
		0.7625,
		0.9194444444444444
	],
	"91": [
		0.6015625,
		0.9222222222222223
	],
	"92": [
		0.7890625,
		0.925
	],
	"93": [
		0.25,
		0.9277777777777778
	],
	"94": [
		0.634375,
		0.9277777777777778
	],
	"95": [
		0.8078125,
		0.9277777777777778
	],
	"96": [
		0.1640625,
		0.9388888888888889
	],
	"97": [
		0.875,
		0.9416666666666667
	],
	"98": [
		0.9140625,
		0.95
	],
	"99": [
		0.11875,
		0.9527777777777777
	],
	"100": [
		0.98125,
		0.9666666666666667
	],
	"101": [
		0.89375,
		0.9805555555555555
	],
	"102": [
		0.9203125,
		0.9833333333333333
	]
}