{
	"0": [
		0.7662109375,
		0.07743055555555556
	],
	"1": [
		0.4265625,
		0.09652777777777778
	],
	"2": [
		0.8048828125,
		0.06805555555555555
	],
	"3": [
		0.6810546875,
		0.05590277777777778
	],
	"4": [
		0.5181640625,
		0.044444444444444446
	],
	"5": [
		0.766796875,
		0.08541666666666667
	],
	"6": [
		0.43203125,
		0.08715277777777777
	],
	"7": [
		0.7609375,
		0.09930555555555555
	],
	"8": [
		0.19921875,
		0.16527777777777777
	],
	"9": [
		0.631640625,
		0.034027777777777775
	],
	"10": [
		0.1388671875,
		0.190625
	],
	"11": [
		0.337109375,
		0.11666666666666667
	],
	"12": [
		0.2953125,
		0.13159722222222223
	],
	"13": [
		0.3318359375,
		0.12708333333333333
	],
	"14": [
		0.11484375,
		0.16875
	],
	"15": [
		0.8515625,
		0.05
	],
	"16": [
		0.814453125,
		0.04513888888888889
	],
	"17": [
		0.283984375,
		0.14548611111111112
	],
	"18": [
		0.2720703125,
		0.15625
	],
	"19": [
		0.15,
		0.17916666666666667
	],
	"20": [
		0.269921875,
		0.12430555555555556
	],
	"21": [
		0.2736328125,
		0.14305555555555555
	],
	"22": [
		0.9291015625,
		0.060069444444444446
	],
	"23": [
		0.7470703125,
		0.09097222222222222
	],
	"24": [
		0.115625,
		0.20798611111111112
	],
	"25": [
		0.4041015625,
		0.11284722222222222
	],
	"26": [
		0.7603515625,
		0.08402777777777778
	],
	"27": [
		0.18515625,
		0.17430555555555555
	],
	"28": [
		0.4548828125,
		0.08159722222222222
	],
	"29": [
		0.930078125,
		0.052083333333333336
	],
	"30": [
		0.9296875,
		0.065625
	],
	"31": [
		0.4056640625,
		0.09513888888888888
	],
	"32": [
		0.2806640625,
		0.10902777777777778
	],
	"33": [
		0.66015625,
		0.035069444444444445
	],
	"34": [
		0.13359375,
		0.16006944444444443
	],
	"35": [
		0.6751953125,
		0.3420138888888889
	],
	"36": [
		0.8142578125,
		0.052083333333333336
	],
	"37": [
		0.308984375,
		0.1361111111111111
	],
	"38": [
		0.1671875,
		0.18368055555555557
	],
	"39": [
		0.2068359375,
		0.17118055555555556
	],
	"40": [
		0.753515625,
		0.06944444444444445
	],
	"41": [
		0.797265625,
		0.09826388888888889
	],
	"42": [
		0.2740234375,
		0.12881944444444443
	],
	"43": [
		0.6744140625,
		0.3659722222222222
	],
	"44": [
		0.168359375,
		0.5944444444444444
	],
	"45": [
		0.6751953125,
		0.3420138888888889
	],
	"46": [
		0.4720703125,
		0.07083333333333333
	],
	"47": [
		0.174609375,
		0.184375
	],
	"48": [
		0.276953125,
		0.12118055555555556
	],
	"49": [
		0.6751953125,
		0.34305555555555556
	],
	"50": [
		0.7080078125,
		0.053125
	],
	"51": [
		0.7826171875,
		0.21909722222222222
	],
	"52": [
		0.201171875,
		0.18090277777777777
	],
	"53": [
		0.12421875,
		0.16666666666666666
	],
	"54": [
		0.764453125,
		0.07256944444444445
	],
	"55": [
		0.4083984375,
		0.10381944444444445
	],
	"56": [
		0.1197265625,
		0.19131944444444443
	],
	"57": [
		0.2080078125,
		0.17673611111111112
	],
	"58": [
		0.175390625,
		0.17118055555555556
	],
	"59": [
		0.276171875,
		0.15104166666666666
	],
	"60": [
		0.4767578125,
		0.08506944444444445
	],
	"61": [
		0.12578125,
		0.20173611111111112
	],
	"62": [
		0.678515625,
		0.35868055555555556
	],
	"63": [
		0.32265625,
		0.12395833333333334
	],
	"64": [
		0.741015625,
		0.075
	],
	"65": [
		0.182421875,
		0.18159722222222222
	],
	"66": [
		0.1556640625,
		0.6024305555555556
	],
	"67": [
		0.1212890625,
		0.1753472222222222
	],
	"68": [
		0.2087890625,
		0.16284722222222223
	],
	"69": [
		0.43671875,
		0.09131944444444444
	],
	"70": [
		0.7693359375,
		0.09097222222222222
	],
	"71": [
		0.6609375,
		0.044444444444444446
	],
	"72": [
		0.73671875,
		0.041666666666666664
	],
	"73": [
		0.7501953125,
		0.07743055555555556
	],
	"74": [
		0.851171875,
		0.057291666666666664
	],
	"75": [
		0.75,
		0.07361111111111111
	],
	"76": [
		0.3224609375,
		0.13645833333333332
	],
	"77": [
		0.7443359375,
		0.06215277777777778
	],
	"78": [
		0.451171875,
		0.07916666666666666
	],
	"79": [
		0.6779296875,
		0.3545138888888889
	],
	"80": [
		0.544140625,
		0.050347222222222224
	],
	"81": [
		0.4517578125,
		0.08923611111111111
	],
	"82": [
		0.797265625,
		0.09375
	],
	"83": [
		0.6458984375,
		0.30972222222222223
	],
	"84": [
		0.471875,
		0.08506944444444445
	],
	"85": [
		0.1587890625,
		0.19305555555555556
	],
	"86": [
		0.3265625,
		0.1329861111111111
	],
	"87": [
		0.4779296875,
		0.07118055555555555
	],
	"88": [
		0.2845703125,
		0.11909722222222222
	],
	"89": [
		0.096875,
		0.27847222222222223
	],
	"90": [
		0.43984375,
		0.09409722222222222
	],
	"91": [
		0.1986328125,
		0.178125
	],
	"92": [
		0.790234375,
		0.10069444444444445
	],
	"93": [
		0.1576171875,
		0.17604166666666668
	],
	"94": [
		0.155859375,
		0.19618055555555555
	],
	"95": [
		0.7736328125,
		0.06319444444444444
	],
	"96": [
		0.631640625,
		0.03888888888888889
	],
	"97": [
		0.699609375,
		0.04756944444444444
	],
	"98": [
		0.344921875,
		0.128125
	],
	"99": [
		0.2111328125,
		0.1267361111111111
	],
	"100": [
		0.1509765625,
		0.1951388888888889
	],
	"101": [
		0.201953125,
		0.17777777777777778
	],
	"102": [
		0.190234375,
		0.18229166666666666
	],
	"103": [
		0.306640625,
		0.1423611111111111
	],
	"104": [
		0.7611328125,
		0.08125
	],
	"105": [
		0.7458984375,
		0.0954861111111111
	],
	"106": [
		0.33125,
		0.2635416666666667
	],
	"107": [
		0.471484375,
		0.06666666666666667
	],
	"108": [
		0.142578125,
		0.19652777777777777
	],
	"109": [
		0.346875,
		0.11493055555555555
	],
	"110": [
		0.4412109375,
		0.4267361111111111
	],
	"111": [
		0.162109375,
		0.16666666666666666
	],
	"112": [
		0.7935546875,
		0.096875
	],
	"113": [
		0.569140625,
		0.08402777777777778
	],
	"114": [
		0.797265625,
		0.08784722222222222
	],
	"115": [
		0.1955078125,
		0.15486111111111112
	],
	"116": [
		0.43046875,
		0.09965277777777778
	],
	"117": [
		0.1494140625,
		0.16909722222222223
	],
	"118": [
		0.7689453125,
		0.10104166666666667
	],
	"119": [
		0.2046875,
		0.5715277777777777
	],
	"120": [
		0.6525390625,
		0.034375
	],
	"121": [
		0.2869140625,
		0.15034722222222222
	],
	"122": [
		0.3345703125,
		0.11076388888888888
	],
	"123": [
		0.60390625,
		0.03923611111111111
	],
	"124": [
		0.426953125,
		0.10208333333333333
	],
	"125": [
		0.2056640625,
		0.15034722222222222
	],
	"126": [
		0.851171875,
		0.05451388888888889
	],
	"127": [
		0.42890625,
		0.07881944444444444
	],
	"128": [
		0.033203125,
		0.4017361111111111
	],
	"129": [
		0.3427734375,
		0.13090277777777778
	],
	"130": [
		0.9650390625,
		0.06215277777777778
	],
	"131": [
		0.20546875,
		0.15868055555555555
	],
	"132": [
		0.1666015625,
		0.16527777777777777
	],
	"133": [
		0.29375,
		0.12604166666666666
	],
	"134": [
		0.783203125,
		0.0954861111111111
	],
	"135": [
		0.340625,
		0.13090277777777778
	],
	"136": [
		0.631640625,
		0.03958333333333333
	],
	"137": [
		0.525390625,
		0.05
	],
	"138": [
		0.4259765625,
		0.4378472222222222
	],
	"139": [
		0.76015625,
		0.0798611111111111
	],
	"140": [
		0.7560546875,
		0.06076388888888889
	],
	"141": [
		0.3427734375,
		0.10902777777777778
	],
	"142": [
		0.5740234375,
		0.043055555555555555
	],
	"143": [
		0.3037109375,
		0.12430555555555556
	],
	"144": [
		0.4779296875,
		0.0625
	],
	"145": [
		0.0466796875,
		0.39479166666666665
	],
	"146": [
		0.883203125,
		0.04131944444444444
	],
	"147": [
		0.2900390625,
		0.11006944444444444
	],
	"148": [
		0.7669921875,
		0.09340277777777778
	],
	"149": [
		0.30390625,
		0.10347222222222222
	],
	"150": [
		0.26953125,
		0.11805555555555555
	],
	"151": [
		0.175390625,
		0.16354166666666667
	],
	"152": [
		0.1990234375,
		0.12743055555555555
	],
	"153": [
		0.4353515625,
		0.09652777777777778
	],
	"154": [
		0.451171875,
		0.07118055555555555
	],
	"155": [
		0.43671875,
		0.07534722222222222
	],
	"156": [
		0.1919921875,
		0.24340277777777777
	],
	"157": [
		0.1806640625,
		0.1388888888888889
	],
	"158": [
		0.451171875,
		0.07256944444444445
	],
	"159": [
		0.3458984375,
		0.12222222222222222
	],
	"160": [
		0.544140625,
		0.05694444444444444
	],
	"161": [
		0.3173828125,
		0.11631944444444445
	],