{
	"CornerNorthWest": [
		0.32865168539325845,
		0.8550141303416974
	],
	"CornerNorthEast": [
		0.26255380200860834,
		0.18634923353601096
	],
	"CornerSouthWest": [
		0.723314606741573,
		0.7755416630983986
	],
	"CornerSouthEast": [
		0.6872309899569584,
		0.20553224287060032
	]
}