{
	"0": [
		0.446875,
		0.4527777777777778
	],
	"1": [
		0.3859375,
		0.4361111111111111
	],
	"2": [
		0.446875,
		0.3055555555555556
	],
	"3": [
		0.3890625,
		0.3277777777777778
	],
	"4": [
		0.7796875,
		0.4111111111111111
	],
	"5": [
		0.7234375,
		0.44166666666666665
	],
	"6": [
		0.390625,
		0.4388888888888889
	],
	"7": [
		0.334375,
		0.4111111111111111
	],
	"8": [
		0.725,
		0.3277777777777778
	],
	"9": [
		0.6671875,
		0.3138888888888889
	],
	"10": [
		0.725,
		0.44166666666666665
	],
	"11": [
		0.6671875,
		0.45555555555555555
	],
	"12": [
		0.390625,
		0.325
	],
	"13": [
		0.334375,
		0.35
	],
	"14": [
		0.5578125,
		0.7
	],
	"15": [
		0.5609375,
		0.8027777777777778
	],
	"16": [
		0.6140625,
		0.16944444444444445
	],
	"17": [
		0.55625,
		0.16666666666666666
	],
	"18": [
		0.5609375,
		0.2
	],
	"19": [
		0.559375,
		0.30277777777777776
	],
	"20": [
		0.559375,
		0.3
	],
	"21": [
		0.5609375,
		0.4027777777777778
	],
	"22": [
		0.559375,
		0.4
	],
	"23": [
		0.5609375,
		0.5027777777777778
	],
	"24": [
		0.446875,
		0.875
	],
	"25": [
		0.3890625,
		0.8777777777777778
	],
	"26": [
		0.946875,
		0.8944444444444445
	],
	"27": [
		0.8890625,
		0.8916666666666667
	],
	"28": [
		0.6140625,
		0.8805555555555555
	],
	"29": [
		0.55625,
		0.8805555555555555
	],
	"30": [
		0.725,
		0.8833333333333333
	],
	"31": [
		0.6671875,
		0.8833333333333333
	],
	"32": [
		0.66875,
		0.19166666666666668
	],
	"33": [
		0.6125,
		0.16944444444444445
	],
	"34": [
		0.7796875,
		0.35
	],
	"35": [
		0.7234375,
		0.3277777777777778
	],
	"36": [
		0.5015625,
		0.46111111111111114
	],
	"37": [
		0.4453125,
		0.4527777777777778
	],
	"38": [
		0.66875,
		0.4527777777777778
	],
	"39": [
		0.6125,
		0.46111111111111114
	],
	"40": [
		0.66875,
		0.3138888888888889
	],
	"41": [
		0.6125,
		0.30833333333333335
	],
	"42": [
		0.7796875,
		0.19166666666666668
	],
	"43": [
		0.7234375,
		0.18888888888888888
	],
	"44": [
		0.390625,
		0.8777777777777778
	],
	"45": [
		0.334375,
		0.875
	],
	"46": [
		0.66875,
		0.8833333333333333
	],
	"47": [
		0.6125,
		0.8805555555555555
	],
	"48": [
		0.7796875,
		0.8861111111111111
	],
	"49": [
		0.7234375,
		0.8833333333333333
	],
	"50": [
		0.8328125,
		0.8888888888888888
	],
	"51": [
		0.778125,
		0.8861111111111111
	],
	"52": [
		1,
		0.8972222222222223
	],
	"53": [
		0.9453125,
		0.8944444444444445
	],
	"54": [
		0.3359375,
		0.875
	],
	"55": [
		0.28125,
		0.875
	],
	"56": [
		0.5609375,
		0.5
	],
	"57": [
		0.5578125,
		0.5944444444444444
	],
	"58": [
		0.5578125,
		0.6138888888888889
	],
	"59": [
		0.5609375,
		0.7027777777777777
	],
	"60": [
		0.5609375,
		0.7972222222222223
	],
	"61": [
		0.5625,
		0.8805555555555555
	],
	"62": [
		0.0578125,
		0.18333333333333332
	],
	"63": [
		0.0125,
		0.1638888888888889
	],
	"64": [
		0.853125,
		0.2222222222222222
	],
	"65": [
		0.8421875,
		0.30277777777777776
	],
	"66": [
		0.85,
		0.2222222222222222
	],
	"67": [
		0.865625,
		0.3
	],
	"68": [
		0.8421875,
		0.2361111111111111
	],
	"69": [
		0.8703125,
		0.3
	],
	"70": [
		0.834375,
		0.20277777777777778
	],
	"71": [
		0.865625,
		0.2611111111111111
	],
	"72": [
		0.7234375,
		0.44166666666666665
	],
	"73": [
		0.6828125,
		0.475
	],
	"74": [
		0.5265625,
		0.2
	],
	"75": [
		0.559375,
		0.25277777777777777
	],
	"76": [
		0.3109375,
		0.40555555555555556
	],
	"77": [
		0.3203125,
		0.48055555555555557
	],
	"78": [
		0.709375,
		0.46944444444444444
	],
	"79": [
		0.6671875,
		0.45555555555555555
	],
	"80": [
		0.51875,
		0.21666666666666667
	],
	"81": [
		0.559375,
		0.2388888888888889
	],
	"82": [
		0.8203125,
		0.9222222222222223
	],
	"83": [
		0.778125,
		0.9166666666666666
	],
	"84": [
		0.5578125,
		0.1638888888888889
	],
	"85": [
		0.5203125,
		0.19722222222222222
	],
	"86": [
		0.559375,
		0.21388888888888888
	],
	"87": [
		0.51875,
		0.22777777777777777
	],
	"88": [
		0.3328125,
		0.1111111111111111
	],
	"89": [
		0.2921875,
		0.10277777777777777
	],
	"90": [
		0.5203125,
		0.19722222222222222
	],
	"91": [
		0.559375,
		0.21666666666666667
	],
	"92": [
		0.8625,
		0.225
	],
	"93": [
		0.8390625,
		0.2833333333333333
	],
	"94": [
		0.09375,
		0.17222222222222222
	],
	"95": [
		0.0546875,
		0.18333333333333332
	],
	"96": [
		0.5203125,
		0.18611111111111112
	],
	"97": [
		0.559375,
		0.19444444444444445
	],
	"98": [
		0.215625,
		0.4
	],
	"99": [
		0.2203125,
		0.46944444444444444
	],
	"100": [
		0.890625,
		0.8916666666666667
	],
	"101": [
		0.8515625,
		0.8888888888888888
	],
	"102": [
		0.2046875,
		0.4
	],
	"103": [
		0.2046875,
		0.46944444444444444
	],
	"104": [
		0.2234375,
		0.4083333333333333
	],
	"105": [
		0.19375,
		0.4527777777777778
	],
	"106": [
		0.6359375,
		0.65
	],
	"107": [
		0.6625,
		0.7
	],
	"108": [
		0.215625,
		0.4
	],
	"109": [
		0.2015625,
		0.4638888888888889
	],
	"110": [
		0.3328125,
		0.10277777777777777
	],
	"111": [
		0.296875,
		0.11944444444444445
	],
	"112": [
		0.203125,
		0.4083333333333333
	],
	"113": [
		0.2171875,
		0.46944444444444444
	],
	"114": [
		0.7765625,
		0.3472222222222222
	],
	"115": [
		0.80625,
		0.3861111111111111
	],
	"116": [
		0.1953125,
		0.42777777777777776
	],
	"117": [
		0.2234375,
		0.46944444444444444
	],
	"118": [
		0.328125,
		0.4027777777777778
	],
	"119": [
		0.3015625,
		0.44722222222222224
	],
	"120": [
		0.1625,
		0.9083333333333333
	],
	"121": [
		0.1265625,
		0.9111111111111111
	],
	"122": [
		0.478125,
		0.1638888888888889
	],
	"123": [
		0.4453125,
		0.18611111111111112
	],
	"124": [
		0.5796875,
		0.23055555555555557
	],
	"125": [
		0.559375,
		0.28055555555555556
	],
	"126": [
		0.5796875,
		0.24722222222222223
	],
	"127": [
		0.559375,
		0.2972222222222222
	],
	"128": [
		0.5578125,
		0.8722222222222222
	],
	"129": [
		0.5234375,
		0.8777777777777778
	],
	"130": [
		0.0578125,
		0.8777777777777778
	],
	"131": [
		0.0234375,
		0.8805555555555555
	],
	"132": [
		0.334375,
		0.35
	],
	"133": [
		0.3125,
		0.39444444444444443
	],
	"134": [
		0.4109375,
		0.10555555555555556
	],
	"135": [
		0.44375,
		0.1111111111111111
	],
	"136": [
		0.5765625,
		0.22777777777777777
	],
	"137": [
		0.578125,
		0.2861111111111111
	],
	"138": [
		0.421875,
		0.1527777777777778
	],
	"139": [
		0.446875,
		0.18888888888888888
	],
	"140": [
		0.7828125,
		0.3472222222222222
	],
	"141": [
		0.778125,
		0.4027777777777778
	],
	"142": [
		0.2234375,
		0.4361111111111111
	],
	"143": [
		0.1921875,
		0.4444444444444444
	],
	"144": [
		0.5578125,
		0.1638888888888889
	],
	"145": [
		0.5265625,
		0.16666666666666666
	],
	"146": [
		0.0875,
		0.8777777777777778
	],
	"147": [
		0.05625,
		0.8805555555555555
	],
	"148": [
		0.559375,
		0.2388888888888889
	],
	"149": [
		0.578125,
		0.2833333333333333
	],
	"150": [
		0.2125,
		0.4027777777777778
	],
	"151": [
		0.1921875,
		0.4444444444444444
	],
	"152": [
		0.546875,
		0.2
	],
	"153": [
		0.51875,
		0.2222222222222222
	],
	"154": [
		0.2234375,
		0.18333333333333332
	],
	"155": [
		0.19375,
		0.19444444444444445
	],
	"156": [
		0.45,
		0.09722222222222222
	],
	"157": [
		0.4703125,
		0.1361111111111111
	],
	"158": [
		0.8421875,
		0.6361111111111111
	],
	"159": [
		0.8546875,
		0.6833333333333333
	],
	"160": [
		0.559375,
		0.21944444444444444
	],
	"161": [
		0.5765625,
		0.2611111111111111
	],
	"162": [
		0.034375,
		0.1527777777777778
	],
	"163": [
		0.0125,
		0.18611111111111112
	],
	"164": [
		0.2234375,
		0.4305555555555556
	],
	"165": [
		0.2015625,
		0.4638888888888889
	],
	"166": [
		0.0671875,
		0.2972222222222222
	],
	"167": [
		0.05625,
		0.34444444444444444
	],
	"168": [
		0.659375,
		0.7
	],
	"169": [
		0.6703125,
		0.7472222222222222
	],
	"170": [
		0.3078125,
		0.9055555555555556
	],
	"171": [
		0.3359375,
		0.9083333333333333
	],
	"172": [
		0.8703125,
		0.3
	],
	"173": [
		0.8453125,
		0.32222222222222224
	],
	"174": [
		0.803125,
		0.3972222222222222
	],
	"175": [
		0.778125,
		0.41944444444444445
	],
	"176": [
		0.8421875,
		0.3138888888888889
	],
	"177": [
		0.86875,
		0.3277777777777778
	],