{
	"CornerNorthWest": [
		0.19241573033707865,
		0.2519579511663944
	],
	"CornerNorthEast": [
		0.6292134831460674,
		0.2063910876575784
	],
	"CornerSouthEast": [
		0.6474719101123596,
		0.7907191020647485
	],
	"CornerSouthWest": [
		0.24719101123595505,
		0.7665954684424341
	]
}