{
	"0": [
		0.2265625,
		0.33055555555555555
	],
	"1": [
		0.1671875,
		0.36944444444444446
	],
	"2": [
		0.3375,
		0.25833333333333336
	],
	"3": [
		0.2796875,
		0.3
	],
	"4": [
		0.3359375,
		0.3194444444444444
	],
	"5": [
		0.278125,
		0.3611111111111111
	],
	"6": [
		0.059375,
		0.4361111111111111
	],
	"7": [
		0.0015625,
		0.4722222222222222
	],
	"8": [
		0.1140625,
		0.4027777777777778
	],
	"9": [
		0.05625,
		0.4388888888888889
	],
	"10": [
		0.390625,
		0.225
	],
	"11": [
		0.334375,
		0.2638888888888889
	],
	"12": [
		0.834375,
		0.9388888888888889
	],
	"13": [
		0.775,
		0.925
	],
	"14": [
		0.4484375,
		0.08333333333333333
	],
	"15": [
		0.3890625,
		0.07222222222222222
	],
	"16": [
		0.3359375,
		0.8472222222222222
	],
	"17": [
		0.2765625,
		0.8361111111111111
	],
	"18": [
		0.1140625,
		0.17777777777777778
	],
	"19": [
		0.05625,
		0.20277777777777778
	],
	"20": [
		0.3359375,
		0.15
	],
	"21": [
		0.2765625,
		0.14444444444444443
	],
	"22": [
		0.16875,
		0.36944444444444446
	],
	"23": [
		0.1125,
		0.4027777777777778
	],
	"24": [
		0.2796875,
		0.3
	],
	"25": [
		0.2234375,
		0.3333333333333333
	],
	"26": [
		0.9453125,
		0.4305555555555556
	],
	"27": [
		1,
		0.46944444444444444
	],
	"28": [
		0.225,
		0.14166666666666666
	],
	"29": [
		0.1671875,
		0.15555555555555556
	],
	"30": [
		0.6140625,
		0.8972222222222223
	],
	"31": [
		0.55625,
		0.8833333333333333
	],
	"32": [
		0.946875,
		0.9638888888888889
	],
	"33": [
		0.8890625,
		0.95
	],
	"34": [
		0.225,
		0.8305555555555556
	],
	"35": [
		0.1671875,
		0.8194444444444444
	],
	"36": [
		0.446875,
		0.8666666666666667
	],
	"37": [
		0.3890625,
		0.8555555555555555
	],
	"38": [
		0.5578125,
		0.8861111111111111
	],
	"39": [
		0.5,
		0.875
	],
	"40": [
		0.725,
		0.9166666666666666
	],
	"41": [
		0.6671875,
		0.9055555555555556
	],
	"42": [
		0.446875,
		0.16111111111111112
	],
	"43": [
		0.3890625,
		0.1527777777777778
	],
	"44": [
		0.1140625,
		0.8138888888888889
	],
	"45": [
		0.05625,
		0.8055555555555556
	],
	"46": [
		0.16875,
		0.15555555555555556
	],
	"47": [
		0.1125,
		0.18055555555555555
	],
	"48": [
		0.0578125,
		0.2611111111111111
	],
	"49": [
		0.0015625,
		0.2861111111111111
	],
	"50": [
		0.334375,
		0.14444444444444443
	],
	"51": [
		0.390625,
		0.16666666666666666
	],
	"52": [
		0.0578125,
		0.20277777777777778
	],
	"53": [
		0.0015625,
		0.225
	],
	"54": [
		0.2796875,
		0.35833333333333334
	],
	"55": [
		0.2234375,
		0.375
	],
	"56": [
		0.66875,
		0.17777777777777778
	],
	"57": [
		0.6125,
		0.1638888888888889
	],
	"58": [
		0.2796875,
		0.8388888888888889
	],
	"59": [
		0.2234375,
		0.8277777777777777
	],
	"60": [
		0.5015625,
		0.875
	],
	"61": [
		0.4453125,
		0.8638888888888889
	],
	"62": [
		0.66875,
		0.9055555555555556
	],
	"63": [
		0.6125,
		0.8944444444444445
	],
	"64": [
		0.7796875,
		0.9277777777777778
	],
	"65": [
		0.7234375,
		0.9166666666666666
	],
	"66": [
		0.890625,
		0.95
	],
	"67": [
		0.834375,
		0.9388888888888889
	],
	"68": [
		0.0578125,
		0.25
	],
	"69": [
		0.0015625,
		0.24166666666666667
	],
	"70": [
		0.16875,
		0.8222222222222222
	],
	"71": [
		0.1125,
		0.8138888888888889
	],
	"72": [
		0.390625,
		0.8555555555555555
	],
	"73": [
		0.334375,
		0.8472222222222222
	],
	"74": [
		0.0578125,
		0.8055555555555556
	],
	"75": [
		0.0015625,
		0.8
	],
	"76": [
		0.2796875,
		0.14444444444444443
	],
	"77": [
		0.2234375,
		0.14166666666666666
	],
	"78": [
		0.94375,
		0.1
	],
	"79": [
		0.8890625,
		0.09444444444444444
	],
	"80": [
		1,
		0.35555555555555557
	],
	"81": [
		0.946875,
		0.37777777777777777
	],
	"82": [
		0.3765625,
		0.09722222222222222
	],
	"83": [
		0.3359375,
		0.16111111111111112
	],
	"84": [
		0.9453125,
		0.9611111111111111
	],
	"85": [
		0.9984375,
		0.975
	],
	"86": [
		0.0578125,
		0.09722222222222222
	],
	"87": [
		0.0046875,
		0.09444444444444444
	],
	"88": [
		0.725,
		0.08888888888888889
	],
	"89": [
		0.6734375,
		0.09166666666666666
	],
	"90": [
		0.3828125,
		0.1
	],
	"91": [
		0.346875,
		0.16111111111111112
	],
	"92": [
		0.4046875,
		0.04722222222222222
	],
	"93": [
		0.4375,
		0.10833333333333334
	],
	"94": [
		0.2703125,
		0.13055555555555556
	],
	"95": [
		0.225,
		0.1527777777777778
	],
	"96": [
		0.4890625,
		0.1638888888888889
	],
	"97": [
		0.4453125,
		0.13333333333333333
	],
	"98": [
		0.6140625,
		0.4
	],
	"99": [
		0.6296875,
		0.4777777777777778
	],
	"100": [
		0.39375,
		0.058333333333333334
	],
	"101": [
		0.434375,
		0.09722222222222222
	],
	"102": [
		0.5765625,
		0.2
	],
	"103": [
		0.5640625,
		0.2777777777777778
	],
	"104": [
		0.44375,
		0.11388888888888889
	],
	"105": [
		0.409375,
		0.16666666666666666
	],
	"106": [
		0.3828125,
		0.4305555555555556
	],
	"107": [
		0.35,
		0.48333333333333334
	],
	"108": [
		0.4890625,
		0.1638888888888889
	],
	"109": [
		0.4453125,
		0.15833333333333333
	],
	"110": [
		0.6171875,
		0.4
	],
	"111": [
		0.6171875,
		0.4777777777777778
	],
	"112": [
		0.8140625,
		0.6277777777777778
	],
	"113": [
		0.8359375,
		0.6944444444444444
	],
	"114": [
		0.64375,
		0.5972222222222222
	],
	"115": [
		0.66875,
		0.6583333333333333
	],
	"116": [
		0.4890625,
		0.9055555555555556
	],
	"117": [
		0.446875,
		0.9
	],
	"118": [
		0.5671875,
		0.2
	],
	"119": [
		0.5796875,
		0.26944444444444443
	],
	"120": [
		0.609375,
		0.4
	],
	"121": [
		0.6,
		0.46944444444444444
	],
	"122": [
		0.29375,
		0.12222222222222222
	],
	"123": [
		0.3265625,
		0.16111111111111112
	],
	"124": [
		0.8265625,
		0.6444444444444445
	],
	"125": [
		0.8078125,
		0.7055555555555556
	],
	"126": [
		0.3125,
		0.6
	],
	"127": [
		0.3234375,
		0.6666666666666666
	],
	"128": [
		0.2953125,
		0.2861111111111111
	],
	"129": [
		0.3328125,
		0.30277777777777776
	],
	"130": [
		0.0921875,
		0.2361111111111111
	],
	"131": [
		0.05625,
		0.2611111111111111
	],
	"132": [
		0.3203125,
		0.20555555555555555
	],
	"133": [
		0.2828125,
		0.21944444444444444
	],
	"134": [
		0.321875,
		0.6
	],
	"135": [
		0.3140625,
		0.6666666666666666
	],
	"136": [
		0.925,
		0.07222222222222222
	],
	"137": [
		0.8890625,
		0.09444444444444444
	],
	"138": [
		0.5953125,
		0.41388888888888886
	],
	"139": [
		0.6140625,
		0.4722222222222222
	],
	"140": [
		0.475,
		0.2972222222222222
	],
	"141": [
		0.465625,
		0.3611111111111111
	],
	"142": [
		0.30625,
		0.12222222222222222
	],
	"143": [
		0.3359375,
		0.16111111111111112
	],
	"144": [
		0.3609375,
		0.12777777777777777
	],
	"145": [
		0.390625,
		0.16666666666666666
	],
	"146": [
		0.4171875,
		0.04722222222222222
	],
	"147": [
		0.3890625,
		0.08888888888888889
	],
	"148": [
		0.3671875,
		0.1111111111111111
	],
	"149": [
		0.390625,
		0.16111111111111112
	],
	"150": [
		0.3171875,
		0.875
	],
	"151": [
		0.28125,
		0.8694444444444445
	],
	"152": [
		0.6578125,
		0.9361111111111111
	],
	"153": [
		0.621875,
		0.9305555555555556
	],
	"154": [
		0.46875,
		0.2972222222222222
	],
	"155": [
		0.4796875,
		0.35555555555555557
	],
	"156": [
		0.946875,
		0.9972222222222222
	],
	"157": [
		0.9125,
		0.9916666666666667
	],
	"158": [
		0.9234375,
		0.18333333333333332
	],
	"159": [
		0.8890625,
		0.18333333333333332
	],
	"160": [
		0.86875,
		0.1
	],
	"161": [
		0.8359375,
		0.1111111111111111
	],
	"162": [
		0.0234375,
		0.06111111111111111
	],
	"163": [
		0.0484375,
		0.1
	],
	"164": [
		0.309375,
		0.013888888888888888
	],
	"165": [
		0.334375,
		0.05277777777777778
	],
	"166": [
		0.2171875,
		0.8583333333333333
	],
	"167": [
		0.1859375,
		0.875
	],
	"168": [
		0.6390625,
		0.14722222222222223
	],
	"169": [
		0.6125,
		0.18055555555555555
	],
	"170": [
		0.3359375,
		0.1361111111111111
	],
	"171": [
		0.30625,
		0.15833333333333333
	],
	"172": [
		0.7140625,
		0.3972222222222222
	],
	"173": [
		0.70625,
		0.4527777777777778
	],
	"174": [
		0.8078125,
		0.6611111111111111
	],
	"175": [
		0.8359375,
		0.6888888888888889
	],
	"176": [
		0.159375,
		0.9111111111111111
	],
	"177": [
		0.1328125,
		0.9416666666666667
	],
	"178": [
		0.225,
		0.375
	],