{
	"0": [
		0.9455078125,
		0.10277777777777777
	],
	"1": [
		0.9466796875,
		0.11631944444444445
	],
	"2": [
		0.693359375,
		0.10277777777777777
	],
	"3": [
		0.39375,
		0.11909722222222222
	],
	"4": [
		0.72265625,
		0.10208333333333333
	],
	"5": [
		0.62109375,
		0.08645833333333333
	],
	"6": [
		0.475,
		0.07673611111111112
	],
	"7": [
		0.9166015625,
		0.11631944444444445
	],
	"8": [
		0.6927734375,
		0.11423611111111111
	],
	"9": [
		0.3998046875,
		0.11006944444444444
	],
	"10": [
		0.9087890625,
		0.14131944444444444
	],
	"11": [
		0.9162109375,
		0.12743055555555555
	],
	"12": [
		0.6880859375,
		0.12465277777777778
	],
	"13": [
		0.1955078125,
		0.17881944444444445
	],
	"14": [
		0.5724609375,
		0.0642361111111111
	],
	"15": [
		0.144921875,
		0.20173611111111112
	],
	"16": [
		0.31796875,
		0.1361111111111111
	],
	"17": [
		0.2841796875,
		0.14791666666666667
	],
	"18": [
		0.3125,
		0.146875
	],
	"19": [
		0.121875,
		0.18229166666666666
	],
	"20": [
		0.762109375,
		0.08020833333333334
	],
	"21": [
		0.7341796875,
		0.07916666666666666
	],
	"22": [
		0.278125,
		0.159375
	],
	"23": [
		0.2603515625,
		0.16909722222222223
	],
	"24": [
		0.1541015625,
		0.190625
	],
	"25": [
		0.257421875,
		0.14305555555555555
	],
	"26": [
		0.2625,
		0.16180555555555556
	],
	"27": [
		0.8310546875,
		0.09027777777777778
	],
	"28": [
		0.1208984375,
		0.8916666666666667
	],
	"29": [
		0.675,
		0.11979166666666667
	],
	"30": [
		0.9046875,
		0.11180555555555556
	],
	"31": [
		0.1224609375,
		0.21736111111111112
	],
	"32": [
		0.16328125,
		0.9020833333333333
	],
	"33": [
		0.3751953125,
		0.12638888888888888
	],
	"34": [
		0.41640625,
		0.9565972222222222
	],
	"35": [
		0.6853515625,
		0.11736111111111111
	],
	"36": [
		0.1853515625,
		0.1875
	],
	"37": [
		0.422265625,
		0.10798611111111112
	],
	"38": [
		0.829296875,
		0.08298611111111111
	],
	"39": [
		0.8302734375,
		0.09930555555555555
	],
	"40": [
		0.9064453125,
		0.13229166666666667
	],
	"41": [
		0.9310546875,
		0.09027777777777778
	],
	"42": [
		0.3779296875,
		0.12083333333333333
	],
	"43": [
		0.269921875,
		0.12430555555555556
	],
	"44": [
		0.60078125,
		0.06701388888888889
	],
	"45": [
		0.1294921875,
		0.8947916666666667
	],
	"46": [
		0.140234375,
		0.17673611111111112
	],
	"47": [
		0.609375,
		0.33229166666666665
	],
	"48": [
		0.7353515625,
		0.08819444444444445
	],
	"49": [
		0.4517578125,
		0.9645833333333333
	],
	"50": [
		0.294921875,
		0.1527777777777778
	],
	"51": [
		0.169140625,
		0.19583333333333333
	],
	"52": [
		0.9453125,
		0.09652777777777778
	],
	"53": [
		0.2025390625,
		0.18472222222222223
	],
	"54": [
		0.682421875,
		0.09756944444444444
	],
	"55": [
		0.717578125,
		0.12604166666666666
	],
	"56": [
		0.26171875,
		0.146875
	],
	"57": [
		0.608984375,
		0.36354166666666665
	],
	"58": [
		0.8908203125,
		0.14270833333333333
	],
	"59": [
		0.308203125,
		0.93125
	],
	"60": [
		0.1640625,
		0.5677083333333334
	],
	"61": [
		0.01875,
		0.8753472222222223
	],
	"62": [
		0.609375,
		0.33194444444444443
	],
	"63": [
		0.4322265625,
		0.09861111111111111
	],
	"64": [
		0.17421875,
		0.19791666666666666
	],
	"65": [
		0.4166015625,
		0.9565972222222222
	],
	"66": [
		0.2673828125,
		0.1375
	],
	"67": [
		0.4541015625,
		0.9663194444444444
	],
	"68": [
		0.610546875,
		0.33402777777777776
	],
	"69": [
		0.021484375,
		0.8746527777777777
	],
	"70": [
		0.64375,
		0.08541666666666667
	],
	"71": [
		0.7060546875,
		0.22881944444444444
	],
	"72": [
		0.95703125,
		0.13854166666666667
	],
	"73": [
		0.1974609375,
		0.1951388888888889
	],
	"74": [
		0.1333984375,
		0.1795138888888889
	],
	"75": [
		0.41796875,
		0.9569444444444445
	],
	"76": [
		0.68984375,
		0.10243055555555555
	],
	"77": [
		0.3826171875,
		0.1267361111111111
	],
	"78": [
		0.1279296875,
		0.20381944444444444
	],
	"79": [
		0.20390625,
		0.190625
	],
	"80": [
		0.1775390625,
		0.18472222222222223
	],
	"81": [
		0.2671875,
		0.16770833333333332
	],
	"82": [
		0.4412109375,
		0.9621527777777777
	],
	"83": [
		0.43984375,
		0.1111111111111111
	],
	"84": [
		0.1337890625,
		0.21284722222222222
	],
	"85": [
		0.6142578125,
		0.3572916666666667
	],
	"86": [
		0.3029296875,
		0.14479166666666668
	],
	"87": [
		0.6685546875,
		0.1
	],
	"88": [
		0.1830078125,
		0.1951388888888889
	],
	"89": [
		0.1546875,
		0.5743055555555555
	],
	"90": [
		0.128125,
		0.18819444444444444
	],
	"91": [
		0.20546875,
		0.17673611111111112
	],
	"92": [
		0.4072265625,
		0.11319444444444444
	],
	"93": [
		0.95625,
		0.14618055555555556
	],
	"94": [
		0.966015625,
		0.10729166666666666
	],
	"95": [
		0.6982421875,
		0.11631944444444445
	],
	"96": [
		0.9291015625,
		0.12916666666666668
	],
	"97": [
		0.5986328125,
		0.07569444444444444
	],
	"98": [
		0.25703125,
		0.9194444444444444
	],
	"99": [
		0.65703125,
		0.08090277777777778
	],
	"100": [
		0.9205078125,
		0.12916666666666668
	],
	"101": [
		0.6787109375,
		0.10659722222222222
	],
	"102": [
		0.943359375,
		0.1375
	],
	"103": [
		0.762109375,
		0.08611111111111111
	],
	"104": [
		0.6775390625,
		0.10034722222222223
	],
	"105": [
		0.30078125,
		0.15486111111111112
	],
	"106": [
		0.6736328125,
		0.09131944444444444
	],
	"107": [
		0.4158203125,
		0.10555555555555556
	],
	"108": [
		0.8986328125,
		0.11458333333333333
	],
	"109": [
		0.6150390625,
		0.3489583333333333
	],
	"110": [
		0.50078125,
		0.07881944444444444
	],
	"111": [
		0.9310546875,
		0.09791666666666667
	],
	"112": [
		0.41875,
		0.11319444444444444
	],
	"113": [
		0.7177734375,
		0.11979166666666667
	],
	"114": [
		0.583203125,
		0.30868055555555557
	],
	"115": [
		0.4314453125,
		0.11284722222222222
	],
	"116": [
		0.16328125,
		0.20451388888888888
	],
	"117": [
		0.3072265625,
		0.15208333333333332
	],
	"118": [
		0.43984375,
		0.096875
	],
	"119": [
		0.955859375,
		0.10451388888888889
	],
	"120": [
		0.27265625,
		0.13680555555555557
	],
	"121": [
		0.1044921875,
		0.2809027777777778
	],
	"122": [
		0.4111328125,
		0.11631944444444445
	],
	"123": [
		0.1943359375,
		0.19236111111111112
	],
	"124": [
		0.710546875,
		0.12604166666666666
	],
	"125": [
		0.162109375,
		0.18784722222222222
	],
	"126": [
		0.1591796875,
		0.20729166666666668
	],
	"127": [
		0.701171875,
		0.09270833333333334
	],
	"128": [
		0.5740234375,
		0.06944444444444445
	],
	"129": [
		0.63359375,
		0.07777777777777778
	],
	"130": [
		0.3259765625,
		0.14722222222222223
	],
	"131": [
		0.205078125,
		0.14791666666666667
	],
	"132": [
		0.1546875,
		0.20451388888888888
	],
	"133": [
		0.199609375,
		0.19027777777777777
	],
	"134": [
		0.190625,
		0.19583333333333333
	],
	"135": [
		0.2935546875,
		0.15868055555555555
	],
	"136": [
		0.6884765625,
		0.11215277777777778
	],
	"137": [
		0.93984375,
		0.12881944444444443
	],
	"138": [
		0.671484375,
		0.11701388888888889
	],
	"139": [
		0.905859375,
		0.10277777777777777
	],
	"140": [
		0.31484375,
		0.26805555555555555
	],
	"141": [
		0.4302734375,
		0.09375
	],
	"142": [
		0.1490234375,
		0.20729166666666668
	],
	"143": [
		0.326953125,
		0.13368055555555555
	],
	"144": [
		0.4025390625,
		0.41631944444444446
	],
	"145": [
		0.890625,
		0.12118055555555556
	],
	"146": [
		0.1654296875,
		0.1795138888888889
	],
	"147": [
		0.91171875,
		0.11666666666666667
	],
	"148": [
		0.9328125,
		0.14479166666666668
	],
	"149": [
		0.0353515625,
		0.559375
	],
	"150": [
		0.8900390625,
		0.11493055555555555
	],
	"151": [
		0.938671875,
		0.13576388888888888
	],
	"152": [
		0.713671875,
		0.121875
	],
	"153": [
		0.5189453125,
		0.11006944444444444
	],
	"154": [
		0.7142578125,
		0.11527777777777778
	],
	"155": [
		0.192578125,
		0.16979166666666667
	],
	"156": [
		0.3974609375,
		0.12083333333333333
	],
	"157": [
		0.152734375,
		0.18229166666666666
	],
	"158": [
		0.698828125,
		0.128125
	],
	"159": [
		0.2033203125,
		0.5413194444444445
	],
	"160": [
		0.9595703125,
		0.14444444444444443
	],
	"161": [
		0.5935546875,
		0.06631944444444444
	],
	"162": [
		0.2806640625,
		0.16493055555555555
	],