{
	"0": [
		0.71875,
		0.20833333333333334
	],
	"1": [
		0.6671875,
		0.28888888888888886
	],
	"2": [
		0.5,
		0.45555555555555555
	],
	"3": [
		0.5609375,
		0.475
	],
	"4": [
		0.1296875,
		0.3
	],
	"5": [
		0.1125,
		0.4027777777777778
	],
	"6": [
		0.653125,
		0.7
	],
	"7": [
		0.6578125,
		0.8055555555555556
	],
	"8": [
		0.3359375,
		0.8444444444444444
	],
	"9": [
		0.2765625,
		0.8416666666666667
	],
	"10": [
		0.5015625,
		0.45555555555555555
	],
	"11": [
		0.4453125,
		0.4222222222222222
	],
	"12": [
		0.6546875,
		0.20555555555555555
	],
	"13": [
		0.6125,
		0.2777777777777778
	],
	"14": [
		0.8359375,
		0.36944444444444446
	],
	"15": [
		0.778125,
		0.3527777777777778
	],
	"16": [
		0.8359375,
		0.45555555555555555
	],
	"17": [
		0.778125,
		0.4722222222222222
	],
	"18": [
		0.5578125,
		0.34444444444444444
	],
	"19": [
		0.5,
		0.35555555555555557
	],
	"20": [
		0.884375,
		0.40555555555555556
	],
	"21": [
		0.8328125,
		0.35833333333333334
	],
	"22": [
		0.946875,
		0.8805555555555555
	],
	"23": [
		0.8890625,
		0.875
	],
	"24": [
		0.725,
		0.21388888888888888
	],
	"25": [
		0.6671875,
		0.2111111111111111
	],
	"26": [
		0.6546875,
		0.6
	],
	"27": [
		0.653125,
		0.7027777777777777
	],
	"28": [
		0.225,
		0.8416666666666667
	],
	"29": [
		0.1671875,
		0.8388888888888889
	],
	"30": [
		0.446875,
		0.85
	],
	"31": [
		0.3890625,
		0.8472222222222222
	],
	"32": [
		0.5578125,
		0.8527777777777777
	],
	"33": [
		0.5,
		0.85
	],
	"34": [
		0.6140625,
		0.8555555555555555
	],
	"35": [
		0.55625,
		0.8527777777777777
	],
	"36": [
		0.725,
		0.8638888888888889
	],
	"37": [
		0.6671875,
		0.8611111111111112
	],
	"38": [
		0.8359375,
		0.8722222222222222
	],
	"39": [
		0.778125,
		0.8694444444444445
	],
	"40": [
		0.6578125,
		0.3
	],
	"41": [
		0.6578125,
		0.4027777777777778
	],
	"42": [
		0.834375,
		0.3277777777777778
	],
	"43": [
		0.8765625,
		0.3972222222222222
	],
	"44": [
		0.8859375,
		0.41388888888888886
	],
	"45": [
		0.834375,
		0.4583333333333333
	],
	"46": [
		0.7796875,
		0.3527777777777778
	],
	"47": [
		0.7234375,
		0.3416666666666667
	],
	"48": [
		0.6546875,
		0.4
	],
	"49": [
		0.6578125,
		0.5
	],
	"50": [
		0.7796875,
		0.8694444444444445
	],
	"51": [
		0.7234375,
		0.8638888888888889
	],
	"52": [
		0.890625,
		0.2361111111111111
	],
	"53": [
		0.834375,
		0.23333333333333334
	],
	"54": [
		0.5015625,
		0.8527777777777777
	],
	"55": [
		0.4453125,
		0.85
	],
	"56": [
		0.890625,
		0.875
	],
	"57": [
		0.834375,
		0.8722222222222222
	],
	"58": [
		0.0578125,
		0.8388888888888889
	],
	"59": [
		0.0015625,
		0.8388888888888889
	],
	"60": [
		0.5015625,
		0.35555555555555557
	],
	"61": [
		0.4484375,
		0.37777777777777777
	],
	"62": [
		0.334375,
		0.23055555555555557
	],
	"63": [
		0.3734375,
		0.2972222222222222
	],
	"64": [
		0.6546875,
		0.20555555555555555
	],
	"65": [
		0.6640625,
		0.3
	],
	"66": [
		0.3875,
		0.23055555555555557
	],
	"67": [
		0.3484375,
		0.29444444444444445
	],
	"68": [
		0.7609375,
		0.6222222222222222
	],
	"69": [
		0.721875,
		0.6833333333333333
	],
	"70": [
		0.446875,
		0.16111111111111112
	],
	"71": [
		0.396875,
		0.1527777777777778
	],
	"72": [
		0.61875,
		0.19444444444444445
	],
	"73": [
		0.6296875,
		0.28055555555555556
	],
	"74": [
		0.20625,
		0.4388888888888889
	],
	"75": [
		0.171875,
		0.5
	],
	"76": [
		0.99375,
		0.8861111111111111
	],
	"77": [
		0.9453125,
		0.8805555555555555
	],
	"78": [
		0.175,
		0.4388888888888889
	],
	"79": [
		0.209375,
		0.49722222222222223
	],
	"80": [
		0.7796875,
		0.4722222222222222
	],
	"81": [
		0.7328125,
		0.4777777777777778
	],
	"82": [
		0.1890625,
		0.42777777777777776
	],
	"83": [
		0.20625,
		0.5027777777777778
	],
	"84": [
		0.7234375,
		0.19444444444444445
	],
	"85": [
		0.7625,
		0.23333333333333334
	],
	"86": [
		0.1890625,
		0.42777777777777776
	],
	"87": [
		0.171875,
		0.5
	],
	"88": [
		0.0453125,
		0.21388888888888888
	],
	"89": [
		0.0015625,
		0.21666666666666667
	],
	"90": [
		0.625,
		0.14444444444444443
	],
	"91": [
		0.6515625,
		0.20555555555555555
	],
	"92": [
		0.1453125,
		0.30833333333333335
	],
	"93": [
		0.1171875,
		0.3638888888888889
	],
	"94": [
		0.63125,
		0.21388888888888888
	],
	"95": [
		0.6140625,
		0.28055555555555556
	],
	"96": [
		0.6625,
		0.48055555555555557
	],
	"97": [
		0.621875,
		0.4777777777777778
	],
	"98": [
		0.7625,
		0.2222222222222222
	],
	"99": [
		0.7234375,
		0.2111111111111111
	],
	"100": [
		0.3125,
		0.41944444444444445
	],
	"101": [
		0.30625,
		0.4888888888888889
	],
	"102": [
		0.1671875,
		0.3194444444444444
	],
	"103": [
		0.128125,
		0.325
	],
	"104": [
		0.209375,
		0.49722222222222223
	],
	"105": [
		0.171875,
		0.5166666666666667
	],
	"106": [
		0.30625,
		0.5361111111111111
	],
	"107": [
		0.2953125,
		0.6027777777777777
	],
	"108": [
		0.29375,
		0.5361111111111111
	],
	"109": [
		0.3015625,
		0.6027777777777777
	],
	"110": [
		0.209375,
		0.4861111111111111
	],
	"111": [
		0.171875,
		0.49444444444444446
	],
	"112": [
		0.171875,
		0.5
	],
	"113": [
		0.209375,
		0.5083333333333333
	],
	"114": [
		0.9859375,
		0.9166666666666666
	],
	"115": [
		0.9484375,
		0.9138888888888889
	],
	"116": [
		0.6125,
		0.225
	],
	"117": [
		0.6328125,
		0.28055555555555556
	],
	"118": [
		0.8015625,
		0.2111111111111111
	],
	"119": [
		0.8359375,
		0.2361111111111111
	],
	"120": [
		0.3125,
		0.41944444444444445
	],
	"121": [
		0.3203125,
		0.48333333333333334
	],
	"122": [
		0.625,
		0.14444444444444443
	],
	"123": [
		0.61875,
		0.20833333333333334
	],
	"124": [
		0.653125,
		0.7972222222222223
	],
	"125": [
		0.659375,
		0.8611111111111112
	],
	"126": [
		0.20625,
		0.4388888888888889
	],
	"127": [
		0.203125,
		0.5027777777777778
	],
	"128": [
		0.209375,
		0.48055555555555557
	],
	"129": [
		0.175,
		0.46111111111111114
	],
	"130": [
		0.3703125,
		0.3
	],
	"131": [
		0.3484375,
		0.35
	],
	"132": [
		0.3484375,
		0.3
	],
	"133": [
		0.3703125,
		0.35
	],
	"134": [
		0.20625,
		0.46944444444444444
	],
	"135": [
		0.171875,
		0.48333333333333334
	],
	"136": [
		0.65625,
		0.8
	],
	"137": [
		0.6484375,
		0.8611111111111112
	],
	"138": [
		0.175,
		0.4388888888888889
	],
	"139": [
		0.178125,
		0.5
	],
	"140": [
		0.85625,
		0.32222222222222224
	],
	"141": [
		0.834375,
		0.36944444444444446
	],
	"142": [
		0.7359375,
		0.7138888888888889
	],
	"143": [
		0.7625,
		0.75
	],
	"144": [
		0.7390625,
		0.6333333333333333
	],
	"145": [
		0.728125,
		0.6888888888888889
	],
	"146": [
		0.890625,
		0.9083333333333333
	],
	"147": [
		0.8578125,
		0.9027777777777778
	],
	"148": [
		0.8171875,
		0.1361111111111111
	],
	"149": [
		0.8265625,
		0.19166666666666668
	],
	"150": [
		0.175,
		0.4388888888888889
	],
	"151": [
		0.20625,
		0.4527777777777778
	],
	"152": [
		0.44375,
		0.13333333333333333
	],
	"153": [
		0.4671875,
		0.17222222222222222
	],
	"154": [
		0.4765625,
		0.15
	],
	"155": [
		0.4453125,
		0.16111111111111112
	],
	"156": [
		0.609375,
		0.225
	],
	"157": [
		0.6140625,
		0.28055555555555556
	],
	"158": [
		0.834375,
		0.22777777777777777
	],
	"159": [
		0.803125,
		0.2361111111111111
	],
	"160": [
		0.834375,
		0.3277777777777778
	],
	"161": [
		0.809375,
		0.3611111111111111
	],
	"162": [
		0.14375,
		0.8694444444444445
	],
	"163": [
		0.1125,
		0.8694444444444445
	],
	"164": [
		0.1296875,
		0.3
	],
	"165": [
		0.153125,
		0.33611111111111114
	],
	"166": [
		0.1171875,
		0.35833333333333334
	],
	"167": [
		0.1328125,
		0.40555555555555556
	],
	"168": [
		0.259375,
		0.7
	],
	"169": [
		0.2453125,
		0.7472222222222222
	],
	"170": [
		0.7453125,
		0.6333333333333333
	],
	"171": [
		0.721875,
		0.6666666666666666
	],
	"172": [
		0.23125,
		0.13055555555555556
	],
	"173": [
		0.234375,
		0.18333333333333332
	],
	"174": [
		0.421875,
		0.1361111111111111
	],
	"175": [
		0.396875,
		0.1638888888888889
	],
	"176": [
		0.728125,
		0.6416666666666667
	],
	"177": [
		0.740625,
		0.6888888888888889
	],
	"178": [
		0.0859375,
		0.14166666666666666
	],