{
	"0": [
		0.559375,
		0.09722222222222222
	],
	"1": [
		0.5,
		0.16666666666666666
	],
	"2": [
		0.60625,
		0.09722222222222222
	],
	"3": [
		0.5640625,
		0.18888888888888888
	],
	"4": [
		0.8859375,
		0.375
	],
	"5": [
		0.83125,
		0.3277777777777778
	],
	"6": [
		0.8359375,
		0.3333333333333333
	],
	"7": [
		0.7765625,
		0.3111111111111111
	],
	"8": [
		0.384375,
		0.3333333333333333
	],
	"9": [
		0.3375,
		0.4
	],
	"10": [
		0.5546875,
		0.11666666666666667
	],
	"11": [
		0.5953125,
		0.19444444444444445
	],
	"12": [
		0.778125,
		0.14166666666666666
	],
	"13": [
		0.8359375,
		0.16666666666666666
	],
	"14": [
		0.3890625,
		0.4111111111111111
	],
	"15": [
		0.446875,
		0.4361111111111111
	],
	"16": [
		0.6109375,
		0.14166666666666666
	],
	"17": [
		0.5625,
		0.20277777777777778
	],
	"18": [
		0.446875,
		0.3111111111111111
	],
	"19": [
		0.3890625,
		0.33055555555555555
	],
	"20": [
		0.66875,
		0.15555555555555556
	],
	"21": [
		0.6109375,
		0.14166666666666666
	],
	"22": [
		0.3359375,
		0.16111111111111112
	],
	"23": [
		0.278125,
		0.1527777777777778
	],
	"24": [
		0.725,
		0.16111111111111112
	],
	"25": [
		0.6671875,
		0.16944444444444445
	],
	"26": [
		0.5578125,
		0.4583333333333333
	],
	"27": [
		0.5,
		0.45
	],
	"28": [
		0.1140625,
		0.15555555555555556
	],
	"29": [
		0.05625,
		0.15
	],
	"30": [
		0.61875,
		0.4
	],
	"31": [
		0.615625,
		0.5027777777777778
	],
	"32": [
		0.725,
		0.4527777777777778
	],
	"33": [
		0.6671875,
		0.4583333333333333
	],
	"34": [
		0.61875,
		0.5
	],
	"35": [
		0.615625,
		0.6027777777777777
	],
	"36": [
		0.615625,
		0.8
	],
	"37": [
		0.61875,
		0.9027777777777778
	],
	"38": [
		0.61875,
		0.2
	],
	"39": [
		0.6171875,
		0.30277777777777776
	],
	"40": [
		0.6171875,
		0.3
	],
	"41": [
		0.61875,
		0.4027777777777778
	],
	"42": [
		0.446875,
		0.9027777777777778
	],
	"43": [
		0.3890625,
		0.9
	],
	"44": [
		0.6140625,
		0.9027777777777778
	],
	"45": [
		0.55625,
		0.9055555555555556
	],
	"46": [
		0.8359375,
		0.9194444444444444
	],
	"47": [
		0.778125,
		0.9166666666666666
	],
	"48": [
		0.946875,
		0.925
	],
	"49": [
		0.8890625,
		0.9222222222222223
	],
	"50": [
		0.7234375,
		0.14166666666666666
	],
	"51": [
		0.665625,
		0.14166666666666666
	],
	"52": [
		0.2796875,
		0.14722222222222223
	],
	"53": [
		0.2234375,
		0.16944444444444445
	],
	"54": [
		0.834375,
		0.425
	],
	"55": [
		0.778125,
		0.4444444444444444
	],
	"56": [
		0.890625,
		0.1527777777777778
	],
	"57": [
		0.834375,
		0.16666666666666666
	],
	"58": [
		0.5015625,
		0.45
	],
	"59": [
		0.4453125,
		0.4361111111111111
	],
	"60": [
		0.5015625,
		0.3
	],
	"61": [
		0.4453125,
		0.3111111111111111
	],
	"62": [
		0.7796875,
		0.3138888888888889
	],
	"63": [
		0.7234375,
		0.30277777777777776
	],
	"64": [
		0.7796875,
		0.4444444444444444
	],
	"65": [
		0.7234375,
		0.45555555555555555
	],
	"66": [
		0.5015625,
		0.16666666666666666
	],
	"67": [
		0.4453125,
		0.1638888888888889
	],
	"68": [
		0.16875,
		0.9
	],
	"69": [
		0.1125,
		0.8972222222222223
	],
	"70": [
		0.7796875,
		0.9166666666666666
	],
	"71": [
		0.7234375,
		0.9138888888888889
	],
	"72": [
		0.890625,
		0.9222222222222223
	],
	"73": [
		0.834375,
		0.9194444444444444
	],
	"74": [
		0.596875,
		0.10277777777777777
	],
	"75": [
		0.590625,
		0.2
	],
	"76": [
		0.6171875,
		0.7027777777777777
	],
	"77": [
		0.6140625,
		0.8
	],
	"78": [
		1,
		0.9305555555555556
	],
	"79": [
		0.9453125,
		0.925
	],
	"80": [
		0.66875,
		0.4583333333333333
	],
	"81": [
		0.6140625,
		0.46111111111111114
	],
	"82": [
		0.725,
		0.9138888888888889
	],
	"83": [
		0.6703125,
		0.9111111111111111
	],
	"84": [
		0.7765625,
		0.16666666666666666
	],
	"85": [
		0.7234375,
		0.16111111111111112
	],
	"86": [
		0.4265625,
		0.7361111111111112
	],
	"87": [
		0.3921875,
		0.8
	],
	"88": [
		0.6140625,
		0.14166666666666666
	],
	"89": [
		0.5671875,
		0.16111111111111112
	],
	"90": [
		0.421875,
		0.7277777777777777
	],
	"91": [
		0.3890625,
		0.7888888888888889
	],
	"92": [
		0.878125,
		0.39444444444444443
	],
	"93": [
		0.834375,
		0.425
	],
	"94": [
		0.8,
		0.4388888888888889
	],
	"95": [
		0.8359375,
		0.4888888888888889
	],
	"96": [
		0.8953125,
		0.15
	],
	"97": [
		0.9296875,
		0.20277777777777778
	],
	"98": [
		0.1140625,
		0.14444444444444443
	],
	"99": [
		0.0703125,
		0.1638888888888889
	],
	"100": [
		0.915625,
		0.20555555555555555
	],
	"101": [
		0.9453125,
		0.2638888888888889
	],
	"102": [
		0.9328125,
		0.20277777777777778
	],
	"103": [
		0.9390625,
		0.28055555555555556
	],
	"104": [
		0.821875,
		0.325
	],
	"105": [
		0.809375,
		0.4
	],
	"106": [
		0.8875,
		0.9222222222222223
	],
	"107": [
		0.85625,
		0.975
	],
	"108": [
		0.5015625,
		0.075
	],
	"109": [
		0.5421875,
		0.09722222222222222
	],
	"110": [
		1,
		0.9666666666666667
	],
	"111": [
		0.9578125,
		0.9611111111111111
	],
	"112": [
		0.6578125,
		0.29444444444444445
	],
	"113": [
		0.615625,
		0.29444444444444445
	],
	"114": [
		0.5296875,
		0.10277777777777777
	],
	"115": [
		0.51875,
		0.175
	],
	"116": [
		0.478125,
		0.13055555555555556
	],
	"117": [
		0.4453125,
		0.175
	],
	"118": [
		0.8796875,
		0.14166666666666666
	],
	"119": [
		0.8390625,
		0.14166666666666666
	],
	"120": [
		0.890625,
		0.9611111111111111
	],
	"121": [
		0.8515625,
		0.9527777777777777
	],
	"122": [
		0.334375,
		0.4
	],
	"123": [
		0.334375,
		0.4666666666666667
	],
	"124": [
		0.35,
		0.3
	],
	"125": [
		0.3796875,
		0.3388888888888889
	],
	"126": [
		0.834375,
		0.33055555555555555
	],
	"127": [
		0.809375,
		0.37777777777777777
	],
	"128": [
		0.5359375,
		0.14166666666666666
	],
	"129": [
		0.5,
		0.14722222222222223
	],
	"130": [
		0.5796875,
		0.14166666666666666
	],
	"131": [
		0.56875,
		0.20277777777777778
	],
	"132": [
		0.071875,
		0.12777777777777777
	],
	"133": [
		0.1015625,
		0.1638888888888889
	],
	"134": [
		0.5828125,
		0.14166666666666666
	],
	"135": [
		0.5921875,
		0.20277777777777778
	],
	"136": [
		0.825,
		0.15
	],
	"137": [
		0.790625,
		0.16666666666666666
	],
	"138": [
		0.75625,
		0.05277777777777778
	],
	"139": [
		0.73125,
		0.09722222222222222
	],
	"140": [
		0.340625,
		0.2861111111111111
	],
	"141": [
		0.375,
		0.3
	],
	"142": [
		0.375,
		0.3
	],
	"143": [
		0.340625,
		0.3138888888888889
	],
	"144": [
		0.634375,
		0.20833333333333334
	],
	"145": [
		0.6296875,
		0.26944444444444443
	],
	"146": [
		0.6375,
		0.2111111111111111
	],
	"147": [
		0.6171875,
		0.25833333333333336
	],
	"148": [
		0.9203125,
		0.20277777777777778
	],
	"149": [
		0.9453125,
		0.24166666666666667
	],
	"150": [
		0.5625,
		0.20277777777777778
	],
	"151": [
		0.5953125,
		0.2111111111111111
	],
	"152": [
		0.8875,
		0.9555555555555556
	],
	"153": [
		0.85625,
		0.975
	],
	"154": [
		0.6375,
		0.1361111111111111
	],
	"155": [
		0.6640625,
		0.16944444444444445
	],
	"156": [
		0.671875,
		0.14166666666666666
	],
	"157": [
		0.6984375,
		0.175
	],
	"158": [
		0.390625,
		0.08888888888888889
	],
	"159": [
		0.365625,
		0.05277777777777778
	],
	"160": [
		0.5671875,
		0.15833333333333333
	],
	"161": [
		0.596875,
		0.18055555555555555
	],
	"162": [
		0.09375,
		0.25555555555555554
	],
	"163": [
		0.0734375,
		0.3
	],
	"164": [
		0.41875,
		0.05277777777777778
	],
	"165": [
		0.440625,
		0.09444444444444444
	],
	"166": [
		0.41875,
		0.03888888888888889
	],
	"167": [
		0.4296875,
		0.09166666666666666
	],
	"168": [
		0.4375,
		0.044444444444444446
	],
	"169": [
		0.440625,
		0.1
	],
	"170": [
		0.9203125,
		0.1638888888888889
	],
	"171": [
		0.8890625,
		0.16666666666666666
	],
	"172": [
		0.015625,
		0.05
	],
	"173": [
		0.040625,
		0.08333333333333333
	],
	"174": [
		0.6453125,
		0.65
	],
	"175": [
		0.6375,
		0.7027777777777777
	],
	"176": [
		0.0578125,
		0.15
	],
	"177": [
		0.028125,
		0.16111111111111112
	],
	"178": [
		0.715625,
		0.1388888888888889
	],
	"179": [
		0.690625,
		0.16944444444444445
	],
	"180": [
		0.5578125,
		0.11666666666666667
	],
	"181": [
		0.528125,
		0.11944444444444445
	],