{
	"SixYardNorthForwardEast": [
		0.06460674157303371,
		0.2509456591936525
	],
	"EighteenYardNorthForwardEast": [
		0.38764044943820225,
		0.23027954608358706
	],
	"PenaltyCircleNorthWest": [
		0.12950718142818335,
		0.3947376481793626
	],
	"CornerNorthEast": [
		0.19662921348314608,
		0.15010260920551158
	],
	"PenaltyCircleNorthEast": [
		0.300561797752809,
		0.2922778854137836
	],
	"PenaltySpotNorth": [
		0.08567415730337079,
		0.3336101116339146
	]
}