{
	"EighteenYardNorthForwardEast": [
		0.3904494382022472,
		0.23323184795645355
	],
	"SixYardNorthForwardEast": [
		0.07303370786516854,
		0.25685026293938557
	]
}