{
	"0": [
		0.601171875,
		0.057291666666666664
	],
	"1": [
		0.43828125,
		0.050347222222222224
	],
	"2": [
		0.77265625,
		0.06597222222222222
	],
	"3": [
		0.7052734375,
		0.0625
	],
	"4": [
		0.303125,
		0.043055555555555555
	],
	"5": [
		0.35859375,
		0.04201388888888889
	],
	"6": [
		0.5185546875,
		0.05486111111111111
	],
	"7": [
		0.960546875,
		0.07326388888888889
	],
	"8": [
		0.505859375,
		0.03993055555555555
	],
	"9": [
		0.45390625,
		0.049305555555555554
	],
	"10": [
		0.0939453125,
		0.096875
	],
	"11": [
		0.4248046875,
		0.034027777777777775
	],
	"12": [
		0.6703125,
		0.04861111111111111
	],
	"13": [
		0.3048828125,
		0.09652777777777778
	],
	"14": [
		0.6857421875,
		0.06597222222222222
	],
	"15": [
		0.9474609375,
		0.0763888888888889
	],
	"16": [
		0.5853515625,
		0.04513888888888889
	],
	"17": [
		0.3736328125,
		0.044097222222222225
	],
	"18": [
		0.5341796875,
		0.05486111111111111
	],
	"19": [
		0.70546875,
		0.05277777777777778
	],
	"20": [
		0.7943359375,
		0.06145833333333333
	],
	"21": [
		0.7943359375,
		0.06145833333333333
	],
	"22": [
		0.7111328125,
		0.049305555555555554
	],
	"23": [
		0.866796875,
		0.07118055555555555
	],
	"24": [
		0.8861328125,
		0.07048611111111111
	],
	"25": [
		0.941015625,
		0.059722222222222225
	],
	"26": [
		0.459375,
		0.0375
	],
	"27": [
		0.75625,
		0.050347222222222224
	],
	"28": [
		0.2947265625,
		0.10138888888888889
	],
	"29": [
		0.3482421875,
		0.04201388888888889
	],
	"30": [
		0.625390625,
		0.04791666666666667
	],
	"31": [
		0.6751953125,
		0.06388888888888888
	],
	"32": [
		0.6181640625,
		0.05798611111111111
	],
	"33": [
		0.7970703125,
		0.05555555555555555
	],
	"34": [
		0.5396484375,
		0.044097222222222225
	],
	"35": [
		0.759765625,
		0.06736111111111111
	],
	"36": [
		0.379296875,
		0.03263888888888889
	],
	"37": [
		0.1099609375,
		0.10277777777777777
	],
	"38": [
		0.110546875,
		0.10069444444444445
	],
	"39": [
		0.6755859375,
		0.07222222222222222
	],
	"40": [
		0.7357421875,
		0.043055555555555555
	],
	"41": [
		0.3501953125,
		0.04861111111111111
	],
	"42": [
		0.8197265625,
		0.03784722222222222
	],
	"43": [
		0.8912109375,
		0.052083333333333336
	],
	"44": [
		0.5908203125,
		0.06631944444444444
	],
	"45": [
		0.9427734375,
		0.059722222222222225
	],
	"46": [
		0.84765625,
		0.04895833333333333
	],
	"47": [
		0.510546875,
		0.05590277777777778
	],
	"48": [
		0.8533203125,
		0.07604166666666666
	],
	"49": [
		0.30234375,
		0.04375
	],
	"50": [
		0.2341796875,
		0.1076388888888889
	],
	"51": [
		0.425,
		0.049652777777777775
	],
	"52": [
		0.0583984375,
		0.1
	],
	"53": [
		0.3009765625,
		0.03298611111111111
	],
	"54": [
		0.941015625,
		0.060069444444444446
	],
	"55": [
		0.505859375,
		0.05659722222222222
	],
	"56": [
		0.6771484375,
		0.06701388888888889
	],
	"57": [
		0.62578125,
		0.06458333333333334
	],
	"58": [
		0.763671875,
		0.06944444444444445
	],
	"59": [
		0.9306640625,
		0.04027777777777778
	],
	"60": [
		0.90859375,
		0.035416666666666666
	],
	"61": [
		0.8919921875,
		0.07048611111111111
	],
	"62": [
		0.848828125,
		0.05451388888888889
	],
	"63": [
		0.8484375,
		0.05798611111111111
	],
	"64": [
		0.8419921875,
		0.03194444444444444
	],
	"65": [
		0.7931640625,
		0.058680555555555555
	],
	"66": [
		0.6158203125,
		0.049305555555555554
	],
	"67": [
		0.94921875,
		0.07534722222222222
	],
	"68": [
		0.8544921875,
		0.06597222222222222
	],
	"69": [
		0.6806640625,
		0.06875
	],
	"70": [
		0.7119140625,
		0.06736111111111111
	],
	"71": [
		0.353125,
		0.04375
	],
	"72": [
		0.6765625,
		0.050347222222222224
	],
	"73": [
		0.528515625,
		0.04375
	],
	"74": [
		0.5943359375,
		0.0625
	],
	"75": [
		0.0947265625,
		0.09618055555555556
	],
	"76": [
		0.293359375,
		0.10451388888888889
	],
	"77": [
		0.5431640625,
		0.05694444444444444
	],
	"78": [
		0.844921875,
		0.03194444444444444
	],
	"79": [
		0.85546875,
		0.07430555555555556
	],
	"80": [
		0.8865234375,
		0.06319444444444444
	],
	"81": [
		0.9439453125,
		0.059375
	],
	"82": [
		0.783984375,
		0.9423611111111111
	],
	"83": [
		0.678515625,
		0.06319444444444444
	],
	"84": [
		0.8849609375,
		0.9597222222222223
	],
	"85": [
		0.2125,
		0.10520833333333333
	],
	"86": [
		0.766015625,
		0.071875
	],
	"87": [
		0.308984375,
		0.046875
	],
	"88": [
		0.7994140625,
		0.071875
	],
	"89": [
		0.355078125,
		0.04756944444444444
	],
	"90": [
		0.3017578125,
		0.10173611111111111
	],
	"91": [
		0.783203125,
		0.07291666666666667
	],
	"92": [
		0.8908203125,
		0.07395833333333333
	],
	"93": [
		0.87109375,
		0.07673611111111112
	],
	"94": [
		0.51484375,
		0.03819444444444445
	],
	"95": [
		0.595703125,
		0.04895833333333333
	],
	"96": [
		0.110546875,
		0.09756944444444444
	],
	"97": [
		0.4625,
		0.05381944444444445
	],
	"98": [
		0.931640625,
		0.04131944444444444
	],
	"99": [
		0.2400390625,
		0.8440972222222223
	],
	"100": [
		0.372265625,
		0.035069444444444445
	],
	"101": [
		0.8552734375,
		0.06840277777777778
	],
	"102": [
		0.896875,
		0.9645833333333333
	],
	"103": [
		0.8380859375,
		0.9527777777777777
	],
	"104": [
		0.4326171875,
		0.05277777777777778
	],
	"105": [
		0.8587890625,
		0.9586805555555555
	],
	"106": [
		0.759765625,
		0.05416666666666667
	],
	"107": [
		0.8169921875,
		0.03784722222222222
	],
	"108": [
		0.971484375,
		0.07708333333333334
	],
	"109": [
		0.51328125,
		0.058333333333333334
	],
	"110": [
		0.4283203125,
		0.04583333333333333
	],
	"111": [
		0.920703125,
		0.9690972222222223
	],
	"112": [
		0.2974609375,
		0.10347222222222222
	],
	"113": [
		0.4322265625,
		0.04895833333333333
	],
	"114": [
		0.3822265625,
		0.04756944444444444
	],
	"115": [
		0.51015625,
		0.04861111111111111
	],
	"116": [
		0.591796875,
		0.05277777777777778
	],
	"117": [
		0.619140625,
		0.03125
	],
	"118": [
		0.05546875,
		0.10138888888888889
	],
	"119": [
		0.159765625,
		0.8822916666666667
	],
	"120": [
		0.7115234375,
		0.06840277777777778
	],
	"121": [
		0.5927734375,
		0.051041666666666666
	],
	"122": [
		0.9150390625,
		0.96875
	],
	"123": [
		0.1431640625,
		0.10416666666666667
	],
	"124": [
		0.71484375,
		0.07291666666666667
	],
	"125": [
		0.4431640625,
		0.03888888888888889
	],
	"126": [
		0.2966796875,
		0.10138888888888889
	],
	"127": [
		0.085546875,
		0.09722222222222222
	],
	"128": [
		0.597265625,
		0.06284722222222222
	],
	"129": [
		0.694140625,
		0.06840277777777778
	],
	"130": [
		0.2294921875,
		0.8420138888888888
	],
	"131": [
		0.7640625,
		0.06354166666666666
	],
	"132": [
		0.4306640625,
		0.050694444444444445
	],
	"133": [
		0.5185546875,
		0.05520833333333333
	],
	"134": [
		0.811328125,
		0.9479166666666666
	],
	"135": [
		0.931640625,
		0.041666666666666664
	],
	"136": [
		0.0966796875,
		0.10208333333333333
	],
	"137": [
		0.955078125,
		0.06354166666666666
	],
	"138": [
		0.1091796875,
		0.10381944444444445
	],
	"139": [
		0.1375,
		0.10520833333333333
	],
	"140": [
		0.76484375,
		0.0625
	],
	"141": [
		0.3533203125,
		0.03125
	],
	"142": [
		0.43125,
		0.03680555555555556
	],
	"143": [
		0.8734375,
		0.06076388888888889
	],
	"144": [
		0.3095703125,
		0.051041666666666666
	],
	"145": [
		0.8,
		0.07361111111111111
	],
	"146": [
		0.9712890625,
		0.06284722222222222
	],
	"147": [
		0.3509765625,
		0.0375
	],
	"148": [
		0.2990234375,
		0.10277777777777777
	],
	"149": [
		0.438671875,
		0.052083333333333336
	],
	"150": [
		0.542578125,
		0.059375
	],
	"151": [
		0.3603515625,
		0.04756944444444444
	],
	"152": [
		0.509765625,
		0.049305555555555554
	],
	"153": [
		0.794140625,
		0.07326388888888889
	],
	"154": [
		0.1955078125,
		0.8371527777777777
	],
	"155": [
		0.8328125,
		0.030555555555555555
	],
	"156": [
		0.11015625,
		0.10347222222222222
	],
	"157": [
		0.604296875,
		0.06458333333333334
	],
	"158": [
		0.8609375,
		0.06111111111111111
	],
	"159": [
		0.053515625,
		0.10138888888888889
	],
	"160": [
		0.2953125,
		0.10138888888888889
	],
	"161": [
		0.462890625,
		0.05451388888888889
	],
	"162": [
		0.2333984375,
		0.8413194444444444
	],