{
	"0": [
		0.8359375,
		0.4111111111111111
	],
	"1": [
		0.778125,
		0.4388888888888889
	],
	"2": [
		0.603125,
		0.2
	],
	"3": [
		0.5828125,
		0.3
	],
	"4": [
		0.8359375,
		0.3416666666666667
	],
	"5": [
		0.778125,
		0.31666666666666665
	],
	"6": [
		0.725,
		0.15833333333333333
	],
	"7": [
		0.665625,
		0.1527777777777778
	],
	"8": [
		0.446875,
		0.4527777777777778
	],
	"9": [
		0.3890625,
		0.43333333333333335
	],
	"10": [
		0.446875,
		0.3
	],
	"11": [
		0.3890625,
		0.3138888888888889
	],
	"12": [
		0.725,
		0.4527777777777778
	],
	"13": [
		0.6671875,
		0.46111111111111114
	],
	"14": [
		0.890625,
		0.15555555555555556
	],
	"15": [
		0.834375,
		0.13055555555555556
	],
	"16": [
		0.390625,
		0.3138888888888889
	],
	"17": [
		0.334375,
		0.3388888888888889
	],
	"18": [
		0.446875,
		0.15555555555555556
	],
	"19": [
		0.3890625,
		0.15
	],
	"20": [
		0.5859375,
		0.5
	],
	"21": [
		0.5828125,
		0.6027777777777777
	],
	"22": [
		0.5859375,
		0.6
	],
	"23": [
		0.5828125,
		0.7027777777777777
	],
	"24": [
		0.6140625,
		0.13333333333333333
	],
	"25": [
		0.55625,
		0.1361111111111111
	],
	"26": [
		0.8359375,
		0.15555555555555556
	],
	"27": [
		0.778125,
		0.15833333333333333
	],
	"28": [
		0.5828125,
		0.2
	],
	"29": [
		0.584375,
		0.30277777777777776
	],
	"30": [
		0.725,
		0.9333333333333333
	],
	"31": [
		0.6671875,
		0.9305555555555556
	],
	"32": [
		0.8359375,
		0.9388888888888889
	],
	"33": [
		0.778125,
		0.9361111111111111
	],
	"34": [
		0.946875,
		0.9444444444444444
	],
	"35": [
		0.8890625,
		0.9416666666666667
	],
	"36": [
		0.584375,
		0.8
	],
	"37": [
		0.584375,
		0.9027777777777778
	],
	"38": [
		0.334375,
		0.40555555555555556
	],
	"39": [
		0.3890625,
		0.4361111111111111
	],
	"40": [
		0.7796875,
		0.31666666666666665
	],
	"41": [
		0.7234375,
		0.30277777777777776
	],
	"42": [
		0.7796875,
		0.4388888888888889
	],
	"43": [
		0.7234375,
		0.4527777777777778
	],
	"44": [
		0.2796875,
		0.1527777777777778
	],
	"45": [
		0.2234375,
		0.14444444444444443
	],
	"46": [
		0.7234375,
		0.30277777777777776
	],
	"47": [
		0.6671875,
		0.29444444444444445
	],
	"48": [
		0.5015625,
		0.4583333333333333
	],
	"49": [
		0.4453125,
		0.45
	],
	"50": [
		0.7796875,
		0.1527777777777778
	],
	"51": [
		0.7234375,
		0.15833333333333333
	],
	"52": [
		0.66875,
		0.4583333333333333
	],
	"53": [
		0.6125,
		0.4638888888888889
	],
	"54": [
		0.0578125,
		0.14722222222222223
	],
	"55": [
		0.0015625,
		0.14444444444444443
	],
	"56": [
		0.66875,
		0.1361111111111111
	],
	"57": [
		0.6125,
		0.13333333333333333
	],
	"58": [
		0.7796875,
		0.9361111111111111
	],
	"59": [
		0.7234375,
		0.9333333333333333
	],
	"60": [
		0.890625,
		0.9416666666666667
	],
	"61": [
		0.834375,
		0.9388888888888889
	],
	"62": [
		0.890625,
		0.15555555555555556
	],
	"63": [
		0.834375,
		0.15555555555555556
	],
	"64": [
		0.16875,
		0.925
	],
	"65": [
		0.1125,
		0.925
	],
	"66": [
		0.5015625,
		0.08611111111111111
	],
	"67": [
		0.446875,
		0.06388888888888888
	],
	"68": [
		0.4984375,
		0.13333333333333333
	],
	"69": [
		0.4453125,
		0.15833333333333333
	],
	"70": [
		1,
		0.95
	],
	"71": [
		0.9453125,
		0.9444444444444444
	],
	"72": [
		0.5,
		0.2972222222222222
	],
	"73": [
		0.4453125,
		0.3
	],
	"74": [
		0.66875,
		0.9333333333333333
	],
	"75": [
		0.6171875,
		0.9305555555555556
	],
	"76": [
		0.0015625,
		0.05277777777777778
	],
	"77": [
		0.0515625,
		0.075
	],
	"78": [
		0.0515625,
		0.05277777777777778
	],
	"79": [
		0.0015625,
		0.05555555555555555
	],
	"80": [
		0.0578125,
		0.13333333333333333
	],
	"81": [
		0.0140625,
		0.15555555555555556
	],
	"82": [
		0.7125,
		0.14444444444444443
	],
	"83": [
		0.66875,
		0.16666666666666666
	],
	"84": [
		0.49375,
		0.10555555555555556
	],
	"85": [
		0.459375,
		0.15833333333333333
	],
	"86": [
		0.4859375,
		0.15833333333333333
	],
	"87": [
		0.4453125,
		0.12222222222222222
	],
	"88": [
		0.6125,
		0.20833333333333334
	],
	"89": [
		0.5828125,
		0.26944444444444443
	],
	"90": [
		0.0578125,
		0.925
	],
	"91": [
		0.0125,
		0.9277777777777778
	],
	"92": [
		0.2484375,
		0.6972222222222222
	],
	"93": [
		0.225,
		0.7638888888888888
	],
	"94": [
		0.878125,
		0.9805555555555555
	],
	"95": [
		0.834375,
		0.9722222222222222
	],
	"96": [
		0.896875,
		0.2
	],
	"97": [
		0.90625,
		0.275
	],
	"98": [
		0.8671875,
		0.9388888888888889
	],
	"99": [
		0.834375,
		0.9888888888888889
	],
	"100": [
		0.428125,
		0.12222222222222222
	],
	"101": [
		0.39375,
		0.16666666666666666
	],
	"102": [
		0.5859375,
		0.42777777777777776
	],
	"103": [
		0.5828125,
		0.5027777777777778
	],
	"104": [
		0.9859375,
		0.9833333333333333
	],
	"105": [
		0.94375,
		0.9777777777777777
	],
	"106": [
		0.4578125,
		0.04722222222222222
	],
	"107": [
		0.490625,
		0.09444444444444444
	],
	"108": [
		0.6421875,
		0.13333333333333333
	],
	"109": [
		0.6109375,
		0.18055555555555555
	],
	"110": [
		0.3328125,
		0.06111111111111111
	],
	"111": [
		0.2953125,
		0.08888888888888889
	],
	"112": [
		0.3359375,
		0.06666666666666667
	],
	"113": [
		0.2953125,
		0.06666666666666667
	],
	"114": [
		0.6453125,
		0.16111111111111112
	],
	"115": [
		0.609375,
		0.12777777777777777
	],
	"116": [
		0.5,
		0.1111111111111111
	],
	"117": [
		0.4703125,
		0.15833333333333333
	],
	"118": [
		0.5859375,
		0.13333333333333333
	],
	"119": [
		0.5828125,
		0.20277777777777778
	],
	"120": [
		0.74375,
		0.06111111111111111
	],
	"121": [
		0.7796875,
		0.08333333333333333
	],
	"122": [
		0.446875,
		0.125
	],
	"123": [
		0.409375,
		0.13333333333333333
	],
	"124": [
		0.490625,
		0.09444444444444444
	],
	"125": [
		0.484375,
		0.15833333333333333
	],
	"126": [
		0.303125,
		0.24166666666666667
	],
	"127": [
		0.278125,
		0.28888888888888886
	],
	"128": [
		0.9453125,
		0.03611111111111111
	],
	"129": [
		0.95,
		0.1
	],
	"130": [
		0.3359375,
		0.9611111111111111
	],
	"131": [
		0.3,
		0.9583333333333334
	],
	"132": [
		0.5046875,
		0.925
	],
	"133": [
		0.540625,
		0.9277777777777778
	],
	"134": [
		0.778125,
		0.044444444444444446
	],
	"135": [
		0.75,
		0.08333333333333333
	],
	"136": [
		0.4625,
		0.1111111111111111
	],
	"137": [
		0.4859375,
		0.15833333333333333
	],
	"138": [
		0.559375,
		0.13333333333333333
	],
	"139": [
		0.5515625,
		0.19444444444444445
	],
	"140": [
		0.1515625,
		0.4
	],
	"141": [
		0.1171875,
		0.41388888888888886
	],
	"142": [
		0.35625,
		0.15555555555555556
	],
	"143": [
		0.390625,
		0.16666666666666666
	],
	"144": [
		0.25625,
		0.7194444444444444
	],
	"145": [
		0.228125,
		0.7555555555555555
	],
	"146": [
		0.55625,
		0.2916666666666667
	],
	"147": [
		0.521875,
		0.2916666666666667
	],
	"148": [
		0.2015625,
		0.925
	],
	"149": [
		0.1671875,
		0.925
	],
	"150": [
		0.590625,
		0.9277777777777778
	],
	"151": [
		0.55625,
		0.9277777777777778
	],
	"152": [
		0.028125,
		0.04722222222222222
	],
	"153": [
		0.0515625,
		0.09166666666666666
	],
	"154": [
		0.5,
		0.07222222222222222
	],
	"155": [
		0.4671875,
		0.08888888888888889
	],
	"156": [
		0.4453125,
		0.12222222222222222
	],
	"157": [
		0.41875,
		0.15833333333333333
	],
	"158": [
		0.14375,
		0.3611111111111111
	],
	"159": [
		0.121875,
		0.40555555555555556
	],
	"160": [
		0.3359375,
		0.33611111111111114
	],
	"161": [
		0.3109375,
		0.375
	],
	"162": [
		0.2359375,
		0.7138888888888889
	],
	"163": [
		0.2578125,
		0.7583333333333333
	],
	"164": [
		0.253125,
		0.7194444444444444
	],
	"165": [
		0.2578125,
		0.7777777777777778
	],
	"166": [
		0.2703125,
		0.3972222222222222
	],
	"167": [
		0.2734375,
		0.45555555555555555
	],
	"168": [
		0.6140625,
		0.29444444444444445
	],
	"169": [
		0.58125,
		0.2916666666666667
	],
	"170": [
		0.7796875,
		0.7111111111111111
	],
	"171": [
		0.7484375,
		0.7277777777777777
	],
	"172": [
		0.4203125,
		0.125
	],
	"173": [
		0.446875,
		0.15833333333333333
	],
	"174": [
		0.30625,
		0.2972222222222222
	],
	"175": [
		0.2765625,
		0.275
	],
	"176": [
		0.8359375,
		0.3416666666666667
	],
	"177": [
		0.8609375,
		0.37777777777777777
	],