{
	"EighteenYardNorthRearWest": [
		0.38593974175035867,
		0.46313265393508607
	],
	"EighteenYardNorthRearEast": [
		0.5868005738880918,
		0.46039222403014474
	],
	"EighteenYardNorthForwardWest": [
		0.375,
		0.641260597756273
	],
	"EighteenYardNorthForwardEast": [
		0.5926966292134831,
		0.6357797379463903
	]
}