{
	"0": [
		0.7671875,
		0.19166666666666668
	],
	"1": [
		0.7552734375,
		0.20069444444444445
	],
	"2": [
		0.8310546875,
		0.1996527777777778
	],
	"3": [
		0.216015625,
		0.18229166666666666
	],
	"4": [
		0.041796875,
		0.18229166666666666
	],
	"5": [
		0.3287109375,
		0.1857638888888889
	],
	"6": [
		0.2841796875,
		0.18090277777777777
	],
	"7": [
		0.227734375,
		0.15729166666666666
	],
	"8": [
		0.3564453125,
		0.190625
	],
	"9": [
		0.4955078125,
		0.1920138888888889
	],
	"10": [
		0.4888671875,
		0.19444444444444445
	],
	"11": [
		0.8404296875,
		0.19131944444444443
	],
	"12": [
		0.4171875,
		0.19409722222222223
	],
	"13": [
		0.1421875,
		0.17604166666666668
	],
	"14": [
		0.3970703125,
		0.19166666666666668
	],
	"15": [
		0.744140625,
		0.19375
	],
	"16": [
		0.8140625,
		0.19375
	],
	"17": [
		0.2037109375,
		0.1875
	],
	"18": [
		0.115234375,
		0.1840277777777778
	],
	"19": [
		0.3490234375,
		0.19166666666666668
	],
	"20": [
		0.3126953125,
		0.17152777777777778
	],
	"21": [
		0.0658203125,
		0.184375
	],
	"22": [
		0.198046875,
		0.1798611111111111
	],
	"23": [
		0.425,
		0.19375
	],
	"24": [
		0.130859375,
		0.18715277777777778
	],
	"25": [
		0.3564453125,
		0.18715277777777778
	],
	"26": [
		0.8873046875,
		0.19618055555555555
	],
	"27": [
		0.2810546875,
		0.19236111111111112
	],
	"28": [
		0.1455078125,
		0.18229166666666666
	],
	"29": [
		0.2599609375,
		0.18472222222222223
	],
	"30": [
		0.7716796875,
		0.18611111111111112
	],
	"31": [
		0.2865234375,
		0.18888888888888888
	],
	"32": [
		0.2013671875,
		0.1954861111111111
	],
	"33": [
		0.1400390625,
		0.17291666666666666
	],
	"34": [
		0.425390625,
		0.19027777777777777
	],
	"35": [
		0.216796875,
		0.18125
	],
	"36": [
		0.1171875,
		0.18368055555555557
	],
	"37": [
		0.329296875,
		0.19375
	],
	"38": [
		0.0732421875,
		0.18506944444444445
	],
	"39": [
		0.0453125,
		0.18263888888888888
	],
	"40": [
		0.2599609375,
		0.19270833333333334
	],
	"41": [
		0.0701171875,
		0.16701388888888888
	],
	"42": [
		0.2107421875,
		0.17326388888888888
	],
	"43": [
		0.4951171875,
		0.19131944444444443
	],
	"44": [
		0.4689453125,
		0.1986111111111111
	],
	"45": [
		0.745703125,
		0.20381944444444444
	],
	"46": [
		0.0736328125,
		0.18194444444444444
	],
	"47": [
		0.19140625,
		0.1954861111111111
	],
	"48": [
		0.648828125,
		0.16527777777777777
	],
	"49": [
		0.844140625,
		0.18958333333333333
	],
	"50": [
		0.2177734375,
		0.196875
	],
	"51": [
		0.42109375,
		0.18020833333333333
	],
	"52": [
		0.0205078125,
		0.15208333333333332
	],
	"53": [
		0.4,
		0.196875
	],
	"54": [
		0.7275390625,
		0.16701388888888888
	],
	"55": [
		0.8162109375,
		0.20729166666666668
	],
	"56": [
		0.073046875,
		0.18993055555555555
	],
	"57": [
		0.468359375,
		0.19131944444444443
	],
	"58": [
		0.349609375,
		0.18159722222222222
	],
	"59": [
		0.2865234375,
		0.18888888888888888
	],
	"60": [
		0.1451171875,
		0.19340277777777778
	],
	"61": [
		0.491015625,
		0.18263888888888888
	],
	"62": [
		0.7654296875,
		0.1857638888888889
	],
	"63": [
		0.3560546875,
		0.19895833333333332
	],
	"64": [
		0.7712890625,
		0.20277777777777778
	],
	"65": [
		0.56171875,
		0.17777777777777778
	],
	"66": [
		0.227734375,
		0.15729166666666666
	],
	"67": [
		0.8212890625,
		0.19895833333333332
	],
	"68": [
		0.2865234375,
		0.19722222222222222
	],
	"69": [
		0.119921875,
		0.171875
	],
	"70": [
		0.748046875,
		0.19826388888888888
	],
	"71": [
		0.84453125,
		0.20347222222222222
	],
	"72": [
		0.2013671875,
		0.18958333333333333
	],
	"73": [
		0.8404296875,
		0.18472222222222223
	],
	"74": [
		0.8443359375,
		0.20208333333333334
	],
	"75": [
		0.819140625,
		0.2
	],
	"76": [
		0.266015625,
		0.1840277777777778
	],
	"77": [
		0.2697265625,
		0.19652777777777777
	],
	"78": [
		0.747265625,
		0.20243055555555556
	],
	"79": [
		0.494921875,
		0.20069444444444445
	],
	"80": [
		0.4255859375,
		0.1996527777777778
	],
	"81": [
		0.0451171875,
		0.1829861111111111
	],
	"82": [
		0.8169921875,
		0.20277777777777778
	],
	"83": [
		0.494921875,
		0.20104166666666667
	],
	"84": [
		0.1171875,
		0.18055555555555555
	],
	"85": [
		0.7716796875,
		0.20381944444444444
	],
	"86": [
		0.8830078125,
		0.18229166666666666
	],
	"87": [
		0.33359375,
		0.18333333333333332
	],
	"88": [
		0.75,
		0.18611111111111112
	],
	"89": [
		0.2865234375,
		0.19756944444444444
	],
	"90": [
		0.471875,
		0.19826388888888888
	],
	"91": [
		0.3294921875,
		0.19131944444444443
	],
	"92": [
		0.1169921875,
		0.18194444444444444
	],
	"93": [
		0.3294921875,
		0.1920138888888889
	],
	"94": [
		0.5431640625,
		0.16909722222222223
	],
	"95": [
		0.75703125,
		0.20520833333333333
	],
	"96": [
		0.8232421875,
		0.18784722222222222
	],
	"97": [
		0.05625,
		0.18125
	],
	"98": [
		0.4708984375,
		0.18993055555555555
	],
	"99": [
		0.850390625,
		0.4184027777777778
	],
	"100": [
		0.3998046875,
		0.19583333333333333
	],
	"101": [
		0.8193359375,
		0.19305555555555556
	],
	"102": [
		0.3826171875,
		0.40347222222222223
	],
	"103": [
		0.058984375,
		0.17256944444444444
	],
	"104": [
		0.8353515625,
		0.20590277777777777
	],
	"105": [
		0.259375,
		0.18784722222222222
	],
	"106": [
		0.2810546875,
		0.1951388888888889
	],
	"107": [
		0.406640625,
		0.1909722222222222
	],
	"108": [
		0.3560546875,
		0.19895833333333332
	],
	"109": [
		0.8490234375,
		0.4111111111111111
	],
	"110": [
		0.382421875,
		0.41180555555555554
	],
	"111": [
		0.1888671875,
		0.16944444444444445
	],
	"112": [
		0.067578125,
		0.18715277777777778
	],
	"113": [
		0.8486328125,
		0.425
	],
	"114": [
		0.2091796875,
		0.19375
	],
	"115": [
		0.4,
		0.1875
	],
	"116": [
		0.7640625,
		0.19375
	],
	"117": [
		0.71484375,
		0.18472222222222223
	],
	"118": [
		0.2021484375,
		0.18125
	],
	"119": [
		0.147265625,
		0.43854166666666666
	],
	"120": [
		0.8357421875,
		0.19444444444444445
	],
	"121": [
		0.33046875,
		0.18506944444444445
	],
	"122": [
		0.2013671875,
		0.18958333333333333
	],
	"123": [
		0.3818359375,
		0.41597222222222224
	],
	"124": [
		0.3826171875,
		0.4166666666666667
	],
	"125": [
		0.2705078125,
		0.16145833333333334
	],
	"126": [
		0.84921875,
		0.4201388888888889
	],
	"127": [
		0.488671875,
		0.19791666666666666
	],
	"128": [
		0.4216796875,
		0.18090277777777777
	],
	"129": [
		0.7482421875,
		0.1909722222222222
	],
	"130": [
		0.850390625,
		0.4128472222222222
	],
	"131": [
		0.4765625,
		0.18784722222222222
	],
	"132": [
		0.3501953125,
		0.19652777777777777
	],
	"133": [
		0.6880859375,
		0.16770833333333332
	],
	"134": [
		0.4119140625,
		0.1840277777777778
	],
	"135": [
		0.4798828125,
		0.2
	],
	"136": [
		0.1904296875,
		0.17326388888888888
	],
	"137": [
		0.609375,
		0.7284722222222222
	],
	"138": [
		0.57734375,
		0.17326388888888888
	],
	"139": [
		0.38203125,
		0.4170138888888889
	],
	"140": [
		0.6123046875,
		0.23680555555555555
	],
	"141": [
		0.1447265625,
		0.19340277777777778
	],
	"142": [
		0.3818359375,
		0.40868055555555555
	],
	"143": [
		0.28046875,
		0.17777777777777778
	],
	"144": [
		0.2603515625,
		0.18229166666666666
	],
	"145": [
		0.6126953125,
		0.1795138888888889
	],
	"146": [
		0.490234375,
		0.18958333333333333
	],
	"147": [
		0.0732421875,
		0.1909722222222222
	],
	"148": [
		0.2974609375,
		0.16041666666666668
	],
	"149": [
		0.1990234375,
		0.18263888888888888
	],
	"150": [
		0.3177734375,
		0.16770833333333332
	],
	"151": [
		0.8490234375,
		0.41180555555555554
	],
	"152": [
		0.1171875,
		0.17673611111111112
	],
	"153": [
		0.6884765625,
		0.17118055555555556
	],
	"154": [
		0.0662109375,
		0.1701388888888889
	],
	"155": [
		0.1388671875,
		0.18958333333333333
	],
	"156": [
		0.3814453125,
		0.40069444444444446
	],
	"157": [
		0.6095703125,
		0.7347222222222223
	],
	"158": [
		0.246875,
		0.15590277777777778
	],
	"159": [
		0.2251953125,
		0.16979166666666667
	],
	"160": [
		0.2181640625,
		0.8725694444444444
	],
	"161": [
		0.3509765625,
		0.17673611111111112
	],
	"162": [
		0.3822265625,
		0.41805555555555557
	],