{
	"0": [
		0.7369140625,
		0.07083333333333333
	],
	"1": [
		0.3875,
		0.08993055555555556
	],
	"2": [
		0.77734375,
		0.06111111111111111
	],
	"3": [
		0.64765625,
		0.049652777777777775
	],
	"4": [
		0.48203125,
		0.033680555555555554
	],
	"5": [
		0.7376953125,
		0.07743055555555556
	],
	"6": [
		0.3923828125,
		0.08055555555555556
	],
	"7": [
		0.7306640625,
		0.09270833333333334
	],
	"8": [
		0.1494140625,
		0.16180555555555556
	],
	"9": [
		0.08984375,
		0.1857638888888889
	],
	"10": [
		0.3068359375,
		0.109375
	],
	"11": [
		0.2607421875,
		0.12604166666666666
	],
	"12": [
		0.29765625,
		0.12118055555555556
	],
	"13": [
		0.06015625,
		0.16701388888888888
	],
	"14": [
		0.821875,
		0.04479166666666667
	],
	"15": [
		0.78671875,
		0.03715277777777778
	],
	"16": [
		0.241015625,
		0.1388888888888889
	],
	"17": [
		0.2275390625,
		0.15243055555555557
	],
	"18": [
		0.09921875,
		0.17604166666666668
	],
	"19": [
		0.2322265625,
		0.11736111111111111
	],
	"20": [
		0.2306640625,
		0.13784722222222223
	],
	"21": [
		0.902734375,
		0.053125
	],
	"22": [
		0.7181640625,
		0.084375
	],
	"23": [
		0.06015625,
		0.20381944444444444
	],
	"24": [
		0.3638671875,
		0.10694444444444444
	],
	"25": [
		0.730078125,
		0.07743055555555556
	],
	"26": [
		0.1392578125,
		0.17048611111111112
	],
	"27": [
		0.415625,
		0.07361111111111111
	],
	"28": [
		0.902734375,
		0.04513888888888889
	],
	"29": [
		0.9044921875,
		0.058680555555555555
	],
	"30": [
		0.3654296875,
		0.08923611111111111
	],
	"31": [
		0.262109375,
		0.10347222222222222
	],
	"32": [
		0.080078125,
		0.15520833333333334
	],
	"33": [
		0.6462890625,
		0.34930555555555554
	],
	"34": [
		0.7869140625,
		0.043402777777777776
	],
	"35": [
		0.2837890625,
		0.128125
	],
	"36": [
		0.120703125,
		0.178125
	],
	"37": [
		0.1580078125,
		0.16770833333333332
	],
	"38": [
		0.72421875,
		0.06284722222222222
	],
	"39": [
		0.77109375,
		0.09131944444444444
	],
	"40": [
		0.233984375,
		0.12291666666666666
	],
	"41": [
		0.6443359375,
		0.3663194444444444
	],
	"42": [
		0.1203125,
		0.6048611111111111
	],
	"43": [
		0.6462890625,
		0.34930555555555554
	],
	"44": [
		0.4330078125,
		0.06458333333333334
	],
	"45": [
		0.124609375,
		0.1795138888888889
	],
	"46": [
		0.2462890625,
		0.11319444444444444
	],
	"47": [
		0.6462890625,
		0.35
	],
	"48": [
		0.6748046875,
		0.043055555555555555
	],
	"49": [
		0.7525390625,
		0.2170138888888889
	],
	"50": [
		0.1509765625,
		0.17430555555555555
	],
	"51": [
		0.0728515625,
		0.1638888888888889
	],
	"52": [
		0.735546875,
		0.06597222222222222
	],
	"53": [
		0.3677734375,
		0.09826388888888889
	],
	"54": [
		0.0640625,
		0.19479166666666667
	],
	"55": [
		0.159765625,
		0.17395833333333333
	],
	"56": [
		0.125,
		0.16701388888888888
	],
	"57": [
		0.23203125,
		0.14479166666666668
	],
	"58": [
		0.4396484375,
		0.07847222222222222
	],
	"59": [
		0.071875,
		0.19375
	],
	"60": [
		0.647265625,
		0.36006944444444444
	],
	"61": [
		0.2998046875,
		0.11458333333333333
	],
	"62": [
		0.7130859375,
		0.06701388888888889
	],
	"63": [
		0.137109375,
		0.17743055555555556
	],
	"64": [
		0.115625,
		0.609375
	],
	"65": [
		0.0666015625,
		0.1701388888888889
	],
	"66": [
		0.1615234375,
		0.1579861111111111
	],
	"67": [
		0.3947265625,
		0.08506944444444445
	],
	"68": [
		0.738671875,
		0.08333333333333333
	],
	"69": [
		0.6302734375,
		0.03715277777777778
	],
	"70": [
		0.7087890625,
		0.036458333333333336
	],
	"71": [
		0.7216796875,
		0.07118055555555555
	],
	"72": [
		0.822265625,
		0.05138888888888889
	],
	"73": [
		0.719921875,
		0.06701388888888889
	],
	"74": [
		0.2947265625,
		0.1284722222222222
	],
	"75": [
		0.714453125,
		0.05451388888888889
	],
	"76": [
		0.412890625,
		0.071875
	],
	"77": [
		0.646875,
		0.3576388888888889
	],
	"78": [
		0.5046875,
		0.03888888888888889
	],
	"79": [
		0.412890625,
		0.08229166666666667
	],
	"80": [
		0.7716796875,
		0.08506944444444445
	],
	"81": [
		0.6111328125,
		0.3125
	],
	"82": [
		0.432421875,
		0.07743055555555556
	],
	"83": [
		0.1103515625,
		0.1875
	],
	"84": [
		0.2986328125,
		0.12534722222222222
	],
	"85": [
		0.441796875,
		0.06388888888888888
	],
	"86": [
		0.2619140625,
		0.11215277777777778
	],
	"87": [
		0.0431640625,
		0.27569444444444446
	],
	"88": [
		0.4009765625,
		0.0875
	],
	"89": [
		0.147265625,
		0.1736111111111111
	],
	"90": [
		0.762109375,
		0.0954861111111111
	],
	"91": [
		0.10703125,
		0.17326388888888888
	],
	"92": [
		0.103515625,
		0.190625
	],
	"93": [
		0.7453125,
		0.05625
	],
	"94": [
		0.5962890625,
		0.03263888888888889
	],
	"95": [
		0.6673828125,
		0.040625
	],
	"96": [
		0.308984375,
		0.12083333333333333
	],
	"97": [
		0.1791015625,
		0.12013888888888889
	],
	"98": [
		0.09921875,
		0.1909722222222222
	],
	"99": [
		0.1517578125,
		0.17118055555555556
	],
	"100": [
		0.1419921875,
		0.17777777777777778
	],
	"101": [
		0.2783203125,
		0.13402777777777777
	],
	"102": [
		0.73046875,
		0.07465277777777778
	],
	"103": [
		0.717578125,
		0.08958333333333333
	],
	"104": [
		0.2853515625,
		0.2638888888888889
	],
	"105": [
		0.43359375,
		0.059375
	],
	"106": [
		0.09296875,
		0.19375
	],
	"107": [
		0.31484375,
		0.1076388888888889
	],
	"108": [
		0.3931640625,
		0.4309027777777778
	],
	"109": [
		0.114453125,
		0.16180555555555556
	],
	"110": [
		0.76640625,
		0.09131944444444444
	],
	"111": [
		0.535546875,
		0.07777777777777778
	],
	"112": [
		0.771484375,
		0.0798611111111111
	],
	"113": [
		0.14765625,
		0.15069444444444444
	],
	"114": [
		0.39296875,
		0.09340277777777778
	],
	"115": [
		0.0974609375,
		0.16597222222222222
	],
	"116": [
		0.738671875,
		0.09270833333333334
	],
	"117": [
		0.162109375,
		0.5788194444444444
	],
	"118": [
		0.2474609375,
		0.14618055555555556
	],
	"119": [
		0.3091796875,
		0.10416666666666667
	],
	"120": [
		0.5697265625,
		0.03333333333333333
	],
	"121": [
		0.3869140625,
		0.09722222222222222
	],
	"122": [
		0.1599609375,
		0.14479166666666668
	],
	"123": [
		0.8220703125,
		0.04861111111111111
	],
	"124": [
		0.3916015625,
		0.07291666666666667
	],
	"125": [
		0.3064453125,
		0.12291666666666666
	],
	"126": [
		0.9396484375,
		0.05173611111111111
	],
	"127": [
		0.158203125,
		0.15347222222222223
	],
	"128": [
		0.1220703125,
		0.16006944444444443
	],
	"129": [
		0.2595703125,
		0.12083333333333333
	],
	"130": [
		0.7556640625,
		0.09027777777777778
	],
	"131": [
		0.305078125,
		0.12291666666666666
	],
	"132": [
		0.5958984375,
		0.033680555555555554
	],
	"133": [
		0.4892578125,
		0.04548611111111111
	],
	"134": [
		0.3759765625,
		0.44305555555555554
	],
	"135": [
		0.73046875,
		0.07256944444444445
	],
	"136": [
		0.7259765625,
		0.05416666666666667
	],
	"137": [
		0.3126953125,
		0.10208333333333333
	],
	"138": [
		0.5390625,
		0.0375
	],
	"139": [
		0.275,
		0.11909722222222222
	],
	"140": [
		0.441015625,
		0.05347222222222222
	],
	"141": [
		0.858984375,
		0.034722222222222224
	],
	"142": [
		0.2841796875,
		0.10381944444444445
	],
	"143": [
		0.7376953125,
		0.084375
	],
	"144": [
		0.2998046875,
		0.09965277777777778
	],
	"145": [
		0.240234375,
		0.10902777777777778
	],
	"146": [
		0.12734375,
		0.15763888888888888
	],
	"147": [
		0.1646484375,
		0.12361111111111112
	],
	"148": [
		0.3935546875,
		0.08958333333333333
	],
	"149": [
		0.4130859375,
		0.06215277777777778
	],
	"150": [
		0.39765625,
		0.07013888888888889
	],
	"151": [
		0.140625,
		0.24166666666666667
	],
	"152": [
		0.1384765625,
		0.13159722222222223
	],
	"153": [
		0.41328125,
		0.06458333333333334
	],
	"154": [
		0.3099609375,
		0.115625
	],
	"155": [
		0.50625,
		0.04826388888888889
	],
	"156": [
		0.3076171875,
		0.1076388888888889
	],
	"157": [
		0.721484375,
		0.08263888888888889
	],
	"158": [
		0.1291015625,
		0.15833333333333333
	],
	"159": [
		0.630078125,
		0.04097222222222222
	],
	"160": [
		0.0447265625,
		0.2076388888888889
	],
	"161": [
		0.1748046875,
		0.12152777777777778
	],
	"162": [
		0.1451171875,
		0.12743055555555555
	],