{
	"0": [
		0.153125,
		0.18125
	],
	"1": [
		0.2875,
		0.06180555555555556
	],
	"2": [
		0.26796875,
		0.19652777777777777
	],
	"3": [
		0.2232421875,
		0.1951388888888889
	],
	"4": [
		0.20859375,
		0.050694444444444445
	],
	"5": [
		0.291796875,
		0.08715277777777777
	],
	"6": [
		0.4193359375,
		0.20173611111111112
	],
	"7": [
		0.2765625,
		0.09270833333333334
	],
	"8": [
		0.28984375,
		0.06979166666666667
	],
	"9": [
		0.1986328125,
		0.19131944444444443
	],
	"10": [
		0.172265625,
		0.1326388888888889
	],
	"11": [
		0.1986328125,
		0.1920138888888889
	],
	"12": [
		0.393359375,
		0.1986111111111111
	],
	"13": [
		0.153125,
		0.18125
	],
	"14": [
		0.24453125,
		0.049652777777777775
	],
	"15": [
		0.2921875,
		0.08680555555555555
	],
	"16": [
		0.2232421875,
		0.1951388888888889
	],
	"17": [
		0.289453125,
		0.19652777777777777
	],
	"18": [
		0.289453125,
		0.19652777777777777
	],
	"19": [
		0.223828125,
		0.19444444444444445
	],
	"20": [
		0.35390625,
		0.19652777777777777
	],
	"21": [
		0.35390625,
		0.19652777777777777
	],
	"22": [
		0.3939453125,
		0.19131944444444443
	],
	"23": [
		0.2681640625,
		0.1951388888888889
	],
	"24": [
		0.1451171875,
		0.1545138888888889
	],
	"25": [
		0.253515625,
		0.05173611111111111
	],
	"26": [
		0.1580078125,
		0.17881944444444445
	],
	"27": [
		0.1982421875,
		0.1920138888888889
	],
	"28": [
		0.1580078125,
		0.1798611111111111
	],
	"29": [
		0.289453125,
		0.19652777777777777
	],
	"30": [
		0.2931640625,
		0.08611111111111111
	],
	"31": [
		0.26796875,
		0.19652777777777777
	],
	"32": [
		0.1986328125,
		0.196875
	],
	"33": [
		0.26171875,
		0.18263888888888888
	],
	"34": [
		0.25,
		0.049305555555555554
	],
	"35": [
		0.35390625,
		0.19652777777777777
	],
	"36": [
		0.13203125,
		0.19444444444444445
	],
	"37": [
		0.4025390625,
		0.178125
	],
	"38": [
		0.3291015625,
		0.19027777777777777
	],
	"39": [
		0.1798828125,
		0.13645833333333332
	],
	"40": [
		0.3291015625,
		0.19791666666666666
	],
	"41": [
		0.20859375,
		0.050347222222222224
	],
	"42": [
		0.04921875,
		0.165625
	],
	"43": [
		0.2875,
		0.0625
	],
	"44": [
		0.3939453125,
		0.19131944444444443
	],
	"45": [
		0.1921875,
		0.12569444444444444
	],
	"46": [
		0.1982421875,
		0.19236111111111112
	],
	"47": [
		0.1580078125,
		0.17881944444444445
	],
	"48": [
		0.2681640625,
		0.19722222222222222
	],
	"49": [
		0.35390625,
		0.19652777777777777
	],
	"50": [
		0.3291015625,
		0.19756944444444444
	],
	"51": [
		0.3291015625,
		0.19756944444444444
	],
	"52": [
		0.289453125,
		0.19652777777777777
	],
	"53": [
		0.1580078125,
		0.17881944444444445
	],
	"54": [
		0.393359375,
		0.19826388888888888
	],
	"55": [
		0.3291015625,
		0.19756944444444444
	],
	"56": [
		0.1982421875,
		0.1920138888888889
	],
	"57": [
		0.2232421875,
		0.1951388888888889
	],
	"58": [
		0.2525390625,
		0.05
	],
	"59": [
		0.1984375,
		0.19131944444444443
	],
	"60": [
		0.29453125,
		0.08645833333333333
	],
	"61": [
		0.1349609375,
		0.19756944444444444
	],
	"62": [
		0.2931640625,
		0.08680555555555555
	],
	"63": [
		0.3291015625,
		0.19826388888888888
	],
	"64": [
		0.35390625,
		0.19652777777777777
	],
	"65": [
		0.4025390625,
		0.178125
	],
	"66": [
		0.2857421875,
		0.8465277777777778
	],
	"67": [
		0.1984375,
		0.19131944444444443
	],
	"68": [
		0.3640625,
		0.8506944444444444
	],
	"69": [
		0.0490234375,
		0.15520833333333334
	],
	"70": [
		0.2681640625,
		0.19722222222222222
	],
	"71": [
		0.2515625,
		0.05277777777777778
	],
	"72": [
		0.289453125,
		0.19652777777777777
	],
	"73": [
		0.2501953125,
		0.049305555555555554
	],
	"74": [
		0.1451171875,
		0.1545138888888889
	],
	"75": [
		0.289453125,
		0.196875
	],
	"76": [
		0.35390625,
		0.19652777777777777
	],
	"77": [
		0.35390625,
		0.19652777777777777
	],
	"78": [
		0.153125,
		0.18125
	],
	"79": [
		0.290625,
		0.06145833333333333
	],
	"80": [
		0.3291015625,
		0.19756944444444444
	],
	"81": [
		0.356640625,
		0.8510416666666667
	],
	"82": [
		0.3591796875,
		0.8510416666666667
	],
	"83": [
		0.2873046875,
		0.06875
	],
	"84": [
		0.354296875,
		0.8506944444444444
	],
	"85": [
		0.26796875,
		0.19652777777777777
	],
	"86": [
		0.4193359375,
		0.20173611111111112
	],
	"87": [
		0.1490234375,
		0.15659722222222222
	],
	"88": [
		0.2873046875,
		0.0625
	],
	"89": [
		0.4240234375,
		0.8534722222222222
	],
	"90": [
		0.1056640625,
		0.15381944444444445
	],
	"91": [
		0.2876953125,
		0.06354166666666666
	],
	"92": [
		0.240625,
		0.10208333333333333
	],
	"93": [
		0.1470703125,
		0.18368055555555557
	],
	"94": [
		0.2232421875,
		0.1951388888888889
	],
	"95": [
		0.1513671875,
		0.1829861111111111
	],
	"96": [
		0.3880859375,
		0.8520833333333333
	],
	"97": [
		0.2232421875,
		0.1951388888888889
	],
	"98": [
		0.1412109375,
		0.16319444444444445
	],
	"99": [
		0.1470703125,
		0.18333333333333332
	],
	"100": [
		0.2232421875,
		0.1951388888888889
	],
	"101": [
		0.26796875,
		0.19652777777777777
	],
	"102": [
		0.2880859375,
		0.06875
	],
	"103": [
		0.2765625,
		0.09270833333333334
	],
	"104": [
		0.294140625,
		0.8493055555555555
	],
	"105": [
		0.4193359375,
		0.20277777777777778
	],
	"106": [
		0.26796875,
		0.19652777777777777
	],
	"107": [
		0.35390625,
		0.19652777777777777
	],
	"108": [
		0.2703125,
		0.052083333333333336
	],
	"109": [
		0.289453125,
		0.19652777777777777
	],
	"110": [
		0.4193359375,
		0.20277777777777778
	],
	"111": [
		0.148828125,
		0.1486111111111111
	],
	"112": [
		0.2880859375,
		0.0642361111111111
	],
	"113": [
		0.292578125,
		0.08715277777777777
	],
	"114": [
		0.24921875,
		0.049305555555555554
	],
	"115": [
		0.24765625,
		0.09895833333333333
	],
	"116": [
		0.289453125,
		0.19652777777777777
	],
	"117": [
		0.1513671875,
		0.18229166666666666
	],
	"118": [
		0.3373046875,
		0.17916666666666667
	],
	"119": [
		0.1439453125,
		0.15729166666666666
	],
	"120": [
		0.290625,
		0.06145833333333333
	],
	"121": [
		0.0443359375,
		0.16215277777777778
	],
	"122": [
		0.289453125,
		0.19652777777777777
	],
	"123": [
		0.157421875,
		0.8392361111111111
	],
	"124": [
		0.2681640625,
		0.19166666666666668
	],
	"125": [
		0.2232421875,
		0.1951388888888889
	],
	"126": [
		0.2470703125,
		0.049305555555555554
	],
	"127": [
		0.35390625,
		0.19652777777777777
	],
	"128": [
		0.3931640625,
		0.19826388888888888
	],
	"129": [
		0.1580078125,
		0.18125
	],
	"130": [
		0.289453125,
		0.19652777777777777
	],
	"131": [
		0.35390625,
		0.19652777777777777
	],
	"132": [
		0.2828125,
		0.06041666666666667
	],
	"133": [
		0.223828125,
		0.19652777777777777
	],
	"134": [
		0.4193359375,
		0.20277777777777778
	],
	"135": [
		0.1580078125,
		0.17881944444444445
	],
	"136": [
		0.1552734375,
		0.18125
	],
	"137": [
		0.2861328125,
		0.06805555555555555
	],
	"138": [
		0.0361328125,
		0.8649305555555555
	],
	"139": [
		0.0294921875,
		0.22604166666666667
	],
	"140": [
		0.289453125,
		0.19652777777777777
	],
	"141": [
		0.153125,
		0.18125
	],
	"142": [
		0.289453125,
		0.19652777777777777
	],
	"143": [
		0.3291015625,
		0.19791666666666666
	],
	"144": [
		0.2080078125,
		0.04895833333333333
	],
	"145": [
		0.35390625,
		0.19652777777777777
	],
	"146": [
		0.2517578125,
		0.09652777777777778
	],
	"147": [
		0.2232421875,
		0.19479166666666667
	],
	"148": [
		0.26796875,
		0.19652777777777777
	],
	"149": [
		0.2943359375,
		0.08298611111111111
	],
	"150": [
		0.2232421875,
		0.1951388888888889
	],
	"151": [
		0.2232421875,
		0.1951388888888889
	],
	"152": [
		0.207421875,
		0.04895833333333333
	],
	"153": [
		0.0361328125,
		0.8621527777777778
	],
	"154": [
		0.2462890625,
		0.049652777777777775
	],
	"155": [
		0.044140625,
		0.16145833333333334
	],
	"156": [
		0.0365234375,
		0.8684027777777777
	],
	"157": [
		0.2896484375,
		0.06458333333333334
	],
	"158": [
		0.2107421875,
		0.11354166666666667
	],
	"159": [
		0.2232421875,
		0.1951388888888889
	],
	"160": [
		0.2673828125,
		0.1875
	],
	"161": [
		0.3482421875,
		0.18055555555555555
	],
	"162": [
		0.2232421875,
		0.19479166666666667
	],