{
	"EighteenYardNorthForwardEast": [
		0.3848314606741573,
		0.22732724421072054
	],
	"PenaltyCircleNorthWest": [
		0.12780898876404495,
		0.39560845096411107
	],
	"SixYardNorthForwardEast": [
		0.06179775280898876,
		0.26570716855798504
	],
	"EighteenYardNorthRearEast": [
		0.08286516853932584,
		0.19485192360918904
	]
}