{
	"EighteenYardNorthRearWest": [
		0.4044943820224719,
		0.4690706537672237
	],
	"EighteenYardNorthRearEast": [
		0.5730337078651685,
		0.4824726724462872
	],
	"EighteenYardNorthForwardWest": [
		0.39325842696629215,
		0.6272144741801734
	],
	"EighteenYardNorthForwardEast": [
		0.5758426966292135,
		0.6275584482315664
	]
}