{
	"SixYardNorthForwardEast": [
		0.018541409147095178,
		0.17800027812543456
	],
	"PenaltySpotNorth": [
		0.038318912237330034,
		0.2610670745839707
	],
	"PenaltyCircleNorthWest": [
		0.0865265760197775,
		0.3352338571362351
	]
}