{
	"0": [
		0.559375,
		0.09722222222222222
	],
	"1": [
		0.609375,
		0.18333333333333332
	],
	"2": [
		0.5046875,
		0.1111111111111111
	],
	"3": [
		0.55,
		0.2
	],
	"4": [
		0.4890625,
		0.1
	],
	"5": [
		0.4453125,
		0.18611111111111112
	],
	"6": [
		0.5625,
		0.3972222222222222
	],
	"7": [
		0.5640625,
		0.5055555555555555
	],
	"8": [
		0.559375,
		0.1638888888888889
	],
	"9": [
		0.4984375,
		0.1638888888888889
	],
	"10": [
		0.7265625,
		0.44166666666666665
	],
	"11": [
		0.6671875,
		0.45555555555555555
	],
	"12": [
		0.6140625,
		0.16111111111111112
	],
	"13": [
		0.5546875,
		0.1638888888888889
	],
	"14": [
		0.390625,
		0.4388888888888889
	],
	"15": [
		0.334375,
		0.4083333333333333
	],
	"16": [
		0.446875,
		0.4527777777777778
	],
	"17": [
		0.3890625,
		0.4361111111111111
	],
	"18": [
		0.446875,
		0.3138888888888889
	],
	"19": [
		0.3890625,
		0.3277777777777778
	],
	"20": [
		0.725,
		0.3277777777777778
	],
	"21": [
		0.6671875,
		0.3138888888888889
	],
	"22": [
		0.5015625,
		0.46111111111111114
	],
	"23": [
		0.44375,
		0.45
	],
	"24": [
		0.5625,
		0.6972222222222222
	],
	"25": [
		0.565625,
		0.8
	],
	"26": [
		0.446875,
		0.18611111111111112
	],
	"27": [
		0.3890625,
		0.18888888888888888
	],
	"28": [
		0.8359375,
		0.18611111111111112
	],
	"29": [
		0.778125,
		0.18888888888888888
	],
	"30": [
		0.5625,
		0.2
	],
	"31": [
		0.5640625,
		0.30277777777777776
	],
	"32": [
		0.8359375,
		0.8916666666666667
	],
	"33": [
		0.778125,
		0.8888888888888888
	],
	"34": [
		0.5625,
		0.3
	],
	"35": [
		0.5625,
		0.4027777777777778
	],
	"36": [
		0.725,
		0.8861111111111111
	],
	"37": [
		0.6671875,
		0.8861111111111111
	],
	"38": [
		0.7796875,
		0.3472222222222222
	],
	"39": [
		0.7234375,
		0.325
	],
	"40": [
		0.7796875,
		0.4222222222222222
	],
	"41": [
		0.7234375,
		0.4444444444444444
	],
	"42": [
		0.390625,
		0.325
	],
	"43": [
		0.3359375,
		0.35
	],
	"44": [
		0.66875,
		0.3138888888888889
	],
	"45": [
		0.6125,
		0.30833333333333335
	],
	"46": [
		0.66875,
		0.45555555555555555
	],
	"47": [
		0.6125,
		0.46111111111111114
	],
	"48": [
		0.0578125,
		0.8805555555555555
	],
	"49": [
		0.0015625,
		0.8833333333333333
	],
	"50": [
		0.5015625,
		0.8777777777777778
	],
	"51": [
		0.4453125,
		0.8805555555555555
	],
	"52": [
		0.66875,
		0.8861111111111111
	],
	"53": [
		0.6125,
		0.8833333333333333
	],
	"54": [
		0.7796875,
		0.8888888888888888
	],
	"55": [
		0.7234375,
		0.8861111111111111
	],
	"56": [
		0.9453125,
		0.8972222222222223
	],
	"57": [
		0.8890625,
		0.8944444444444445
	],
	"58": [
		0.7796875,
		0.18888888888888888
	],
	"59": [
		0.7234375,
		0.18888888888888888
	],
	"60": [
		0.778125,
		0.16111111111111112
	],
	"61": [
		0.8328125,
		0.18055555555555555
	],
	"62": [
		0.503125,
		0.13055555555555556
	],
	"63": [
		0.5421875,
		0.2
	],
	"64": [
		0.1078125,
		0.1
	],
	"65": [
		0.05625,
		0.08888888888888889
	],
	"66": [
		0.446875,
		0.8777777777777778
	],
	"67": [
		0.3953125,
		0.8805555555555555
	],
	"68": [
		0.7171875,
		0.4666666666666667
	],
	"69": [
		0.6671875,
		0.45555555555555555
	],
	"70": [
		0.0578125,
		0.18055555555555555
	],
	"71": [
		0.009375,
		0.15833333333333333
	],
	"72": [
		0.4078125,
		0.09722222222222222
	],
	"73": [
		0.440625,
		0.1638888888888889
	],
	"74": [
		0.6609375,
		0.1638888888888889
	],
	"75": [
		0.6125,
		0.16666666666666666
	],
	"76": [
		0.50625,
		0.1638888888888889
	],
	"77": [
		0.55,
		0.19722222222222222
	],
	"78": [
		0.565625,
		0.8
	],
	"79": [
		0.559375,
		0.8833333333333333
	],
	"80": [
		0.9921875,
		0.9
	],
	"81": [
		0.9453125,
		0.8972222222222223
	],
	"82": [
		0.55625,
		0.14166666666666666
	],
	"83": [
		0.5234375,
		0.2
	],
	"84": [
		0.8265625,
		0.925
	],
	"85": [
		0.7828125,
		0.9194444444444444
	],
	"86": [
		0.215625,
		0.4
	],
	"87": [
		0.1984375,
		0.46944444444444444
	],
	"88": [
		0.7265625,
		0.44166666666666665
	],
	"89": [
		0.6890625,
		0.475
	],
	"90": [
		0.09375,
		0.16111111111111112
	],
	"91": [
		0.0546875,
		0.18611111111111112
	],
	"92": [
		0.0953125,
		0.17777777777777778
	],
	"93": [
		0.0546875,
		0.175
	],
	"94": [
		0.153125,
		0.8777777777777778
	],
	"95": [
		0.1125,
		0.8805555555555555
	],
	"96": [
		0.4546875,
		0.1
	],
	"97": [
		0.4921875,
		0.12777777777777777
	],
	"98": [
		0.7765625,
		0.34444444444444444
	],
	"99": [
		0.8109375,
		0.38055555555555554
	],
	"100": [
		0.634375,
		0.6444444444444445
	],
	"101": [
		0.6609375,
		0.6972222222222222
	],
	"102": [
		0.215625,
		0.4
	],
	"103": [
		0.221875,
		0.46944444444444444
	],
	"104": [
		0.4359375,
		0.1527777777777778
	],
	"105": [
		0.40625,
		0.19722222222222222
	],
	"106": [
		0.2046875,
		0.4027777777777778
	],
	"107": [
		0.2109375,
		0.46944444444444444
	],
	"108": [
		0.1953125,
		0.425
	],
	"109": [
		0.225,
		0.4666666666666667
	],
	"110": [
		0.878125,
		0.2861111111111111
	],
	"111": [
		0.840625,
		0.29444444444444445
	],
	"112": [
		0.2609375,
		0.8777777777777778
	],
	"113": [
		0.2234375,
		0.8777777777777778
	],
	"114": [
		0.23125,
		0.40555555555555556
	],
	"115": [
		0.221875,
		0.46944444444444444
	],
	"116": [
		0.4953125,
		0.09444444444444444
	],
	"117": [
		0.4625,
		0.125
	],
	"118": [
		0.0015625,
		0.325
	],
	"119": [
		0.009375,
		0.3888888888888889
	],
	"120": [
		0.5265625,
		0.10277777777777777
	],
	"121": [
		0.5546875,
		0.14166666666666666
	],
	"122": [
		0.6640625,
		0.6555555555555556
	],
	"123": [
		0.6421875,
		0.7055555555555556
	],
	"124": [
		0.440625,
		0.15833333333333333
	],
	"125": [
		0.40625,
		0.1638888888888889
	],
	"126": [
		0.5625,
		0.5
	],
	"127": [
		0.565625,
		0.5611111111111111
	],
	"128": [
		0.590625,
		0.14444444444444443
	],
	"129": [
		0.55625,
		0.14166666666666666
	],
	"130": [
		0.0640625,
		0.09444444444444444
	],
	"131": [
		0.09375,
		0.125
	],
	"132": [
		0.5234375,
		0.2
	],
	"133": [
		0.546875,
		0.24444444444444444
	],
	"134": [
		0.2234375,
		0.42777777777777776
	],
	"135": [
		0.1984375,
		0.46944444444444444
	],
	"136": [
		0.809375,
		0.39444444444444443
	],
	"137": [
		0.778125,
		0.41944444444444445
	],
	"138": [
		0.5625,
		0.20277777777777778
	],
	"139": [
		0.5828125,
		0.25
	],
	"140": [
		0.7765625,
		0.34444444444444444
	],
	"141": [
		0.7828125,
		0.4027777777777778
	],
	"142": [
		0.2234375,
		0.4083333333333333
	],
	"143": [
		0.228125,
		0.4666666666666667
	],
	"144": [
		0.0515625,
		0.1527777777777778
	],
	"145": [
		0.025,
		0.18611111111111112
	],
	"146": [
		0.103125,
		0.07777777777777778
	],
	"147": [
		0.0734375,
		0.1
	],
	"148": [
		0.2828125,
		0.1
	],
	"149": [
		0.3078125,
		0.1361111111111111
	],
	"150": [
		0.55,
		0.2
	],
	"151": [
		0.5203125,
		0.21944444444444444
	],
	"152": [
		0.58125,
		0.225
	],
	"153": [
		0.5765625,
		0.28055555555555556
	],
	"154": [
		0.2578125,
		0.9111111111111111
	],
	"155": [
		0.2265625,
		0.9083333333333333
	],
	"156": [
		0.55,
		0.2
	],
	"157": [
		0.53125,
		0.24444444444444444
	],
	"158": [
		0.2234375,
		0.4083333333333333
	],
	"159": [
		0.1953125,
		0.4305555555555556
	],
	"160": [
		0.6546875,
		0.65
	],
	"161": [
		0.6484375,
		0.7027777777777777
	],
	"162": [
		0.521875,
		0.21388888888888888
	],
	"163": [
		0.55,
		0.23333333333333334
	],
	"164": [
		0.875,
		0.2972222222222222
	],
	"165": [
		0.846875,
		0.31666666666666665
	],
	"166": [
		0.475,
		0.18055555555555555
	],
	"167": [
		0.4453125,
		0.18611111111111112
	],
	"168": [
		0.646875,
		0.7027777777777777
	],
	"169": [
		0.66875,
		0.7388888888888889
	],
	"170": [
		0.575,
		0.10277777777777777
	],
	"171": [
		0.55625,
		0.14166666666666666
	],
	"172": [
		0.8515625,
		0.3
	],
	"173": [
		0.8734375,
		0.3333333333333333
	],
	"174": [
		0.725,
		0.16111111111111112
	],
	"175": [
		0.696875,
		0.1638888888888889
	],
	"176": [
		0.3359375,
		0.9111111111111111
	],
	"177": [
		0.3078125,
		0.9083333333333333
	],
	"178": [
		0.790625,
		0.3527777777777778
	],
	"179": [
		0.778125,
		0.3972222222222222
	],
	"180": [
		0.58125,
		0.225
	],