{
	"PenaltyCircleNorthWest": [
		0.13230899613072458,
		0.3914470223332213
	],
	"EighteenYardNorthForwardEast": [
		0.386651622170822,
		0.22582542793665544
	],
	"EighteenYardNorthRearEast": [
		0.08669319906918538,
		0.1909577238531679
	],
	"SixYardNorthForwardEast": [
		0.06181185521743671,
		0.260693132020143
	]
}