{
	"0": [
		0.8041015625,
		0.19826388888888888
	],
	"1": [
		0.7923828125,
		0.20381944444444444
	],
	"2": [
		0.075390625,
		0.18541666666666667
	],
	"3": [
		0.8640625,
		0.20277777777777778
	],
	"4": [
		0.2826171875,
		0.1875
	],
	"5": [
		0.1271484375,
		0.1795138888888889
	],
	"6": [
		0.387890625,
		0.18819444444444444
	],
	"7": [
		0.345703125,
		0.18888888888888888
	],
	"8": [
		0.298046875,
		0.16701388888888888
	],
	"9": [
		0.4123046875,
		0.1920138888888889
	],
	"10": [
		0.544140625,
		0.19305555555555556
	],
	"11": [
		0.5369140625,
		0.19930555555555557
	],
	"12": [
		0.8734375,
		0.19756944444444444
	],
	"13": [
		0.4697265625,
		0.1986111111111111
	],
	"14": [
		0.21484375,
		0.184375
	],
	"15": [
		0.453125,
		0.18993055555555555
	],
	"16": [
		0.78125,
		0.19722222222222222
	],
	"17": [
		0.850390625,
		0.1954861111111111
	],
	"18": [
		0.084375,
		0.18090277777777777
	],
	"19": [
		0.270703125,
		0.19131944444444443
	],
	"20": [
		0.193359375,
		0.18229166666666666
	],
	"21": [
		0.4060546875,
		0.196875
	],
	"22": [
		0.37734375,
		0.171875
	],
	"23": [
		0.1431640625,
		0.18784722222222222
	],
	"24": [
		0.261328125,
		0.18368055555555557
	],
	"25": [
		0.4783203125,
		0.19444444444444445
	],
	"26": [
		0.0599609375,
		0.178125
	],
	"27": [
		0.2029296875,
		0.18993055555555555
	],
	"28": [
		0.41796875,
		0.18159722222222222
	],
	"29": [
		0.9208984375,
		0.19652777777777777
	],
	"30": [
		0.341796875,
		0.19652777777777777
	],
	"31": [
		0.219921875,
		0.17743055555555556
	],
	"32": [
		0.3244140625,
		0.18784722222222222
	],
	"33": [
		0.80859375,
		0.18819444444444444
	],
	"34": [
		0.35234375,
		0.18020833333333333
	],
	"35": [
		0.01953125,
		0.16527777777777777
	],
	"36": [
		0.2654296875,
		0.19652777777777777
	],
	"37": [
		0.213671875,
		0.17916666666666667
	],
	"38": [
		0.484375,
		0.190625
	],
	"39": [
		0.287109375,
		0.17847222222222223
	],
	"40": [
		0.1970703125,
		0.19340277777777778
	],
	"41": [
		0.3900390625,
		0.2013888888888889
	],
	"42": [
		0.0904296875,
		0.17673611111111112
	],
	"43": [
		0.1572265625,
		0.1798611111111111
	],
	"44": [
		0.1314453125,
		0.1909722222222222
	],
	"45": [
		0.3275390625,
		0.20034722222222223
	],
	"46": [
		0.15,
		0.17673611111111112
	],
	"47": [
		0.2791015625,
		0.18125
	],
	"48": [
		0.54765625,
		0.1857638888888889
	],
	"49": [
		0.5212890625,
		0.20555555555555555
	],
	"50": [
		0.784765625,
		0.20798611111111112
	],
	"51": [
		0.151953125,
		0.18090277777777777
	],
	"52": [
		0.25234375,
		0.2
	],
	"53": [
		0.6939453125,
		0.171875
	],
	"54": [
		0.0818359375,
		0.17465277777777777
	],
	"55": [
		0.8828125,
		0.1892361111111111
	],
	"56": [
		0.28984375,
		0.19722222222222222
	],
	"57": [
		0.062890625,
		0.18715277777777778
	],
	"58": [
		0.474609375,
		0.18680555555555556
	],
	"59": [
		0.1091796875,
		0.15555555555555556
	],
	"60": [
		0.457421875,
		0.203125
	],
	"61": [
		0.7693359375,
		0.1684027777777778
	],
	"62": [
		0.8517578125,
		0.21215277777777777
	],
	"63": [
		0.1572265625,
		0.1920138888888889
	],
	"64": [
		0.5193359375,
		0.19270833333333334
	],
	"65": [
		0.407421875,
		0.1857638888888889
	],
	"66": [
		0.3474609375,
		0.1840277777777778
	],
	"67": [
		0.2240234375,
		0.1951388888888889
	],
	"68": [
		0.5404296875,
		0.1892361111111111
	],
	"69": [
		0.8029296875,
		0.19270833333333334
	],
	"70": [
		0.419140625,
		0.20347222222222222
	],
	"71": [
		0.8126953125,
		0.2048611111111111
	],
	"72": [
		0.023046875,
		0.18506944444444445
	],
	"73": [
		0.6083984375,
		0.1798611111111111
	],
	"74": [
		0.29765625,
		0.16701388888888888
	],
	"75": [
		0.85703125,
		0.20277777777777778
	],
	"76": [
		0.35390625,
		0.20069444444444445
	],
	"77": [
		0.198828125,
		0.17743055555555556
	],
	"78": [
		0.7865234375,
		0.20173611111111112
	],
	"79": [
		0.8830078125,
		0.20798611111111112
	],
	"80": [
		0.2685546875,
		0.19270833333333334
	],
	"81": [
		0.8724609375,
		0.19166666666666668
	],
	"82": [
		0.8806640625,
		0.20590277777777777
	],
	"83": [
		0.856640625,
		0.20347222222222222
	],
	"84": [
		0.3306640625,
		0.18506944444444445
	],
	"85": [
		0.33203125,
		0.19756944444444444
	],
	"86": [
		0.7865234375,
		0.20555555555555555
	],
	"87": [
		0.550390625,
		0.20208333333333334
	],
	"88": [
		0.4845703125,
		0.20347222222222222
	],
	"89": [
		0.0671875,
		0.1875
	],
	"90": [
		0.13359375,
		0.18993055555555555
	],
	"91": [
		0.8556640625,
		0.20694444444444443
	],
	"92": [
		0.5478515625,
		0.2013888888888889
	],
	"93": [
		0.06875,
		0.16180555555555556
	],
	"94": [
		0.1978515625,
		0.18854166666666666
	],
	"95": [
		0.8099609375,
		0.20625
	],
	"96": [
		0.091796875,
		0.18819444444444444
	],
	"97": [
		0.654296875,
		0.9409722222222222
	],
	"98": [
		0.915234375,
		0.18506944444444445
	],
	"99": [
		0.3947265625,
		0.1857638888888889
	],
	"100": [
		0.7875,
		0.19131944444444443
	],
	"101": [
		0.353125,
		0.203125
	],
	"102": [
		0.525390625,
		0.20173611111111112
	],
	"103": [
		0.3935546875,
		0.19791666666666666
	],
	"104": [
		0.198046875,
		0.19027777777777777
	],
	"105": [
		0.393359375,
		0.19791666666666666
	],
	"106": [
		0.588671875,
		0.17256944444444444
	],
	"107": [
		0.090625,
		0.16631944444444444
	],
	"108": [
		0.7931640625,
		0.20833333333333334
	],
	"109": [
		0.858203125,
		0.19131944444444443
	],
	"110": [
		0.1353515625,
		0.1857638888888889
	],
	"111": [
		0.5224609375,
		0.19409722222222223
	],
	"112": [
		0.8859375,
		0.41458333333333336
	],
	"113": [
		0.459765625,
		0.20034722222222223
	],
	"114": [
		0.85390625,
		0.19791666666666666
	],
	"115": [
		0.442578125,
		0.38958333333333334
	],
	"116": [
		0.1365234375,
		0.17569444444444443
	],
	"117": [
		0.8681640625,
		0.20902777777777778
	],
	"118": [
		0.0654296875,
		0.17395833333333333
	],
	"119": [
		0.3291015625,
		0.19444444444444445
	],
	"120": [
		0.3419921875,
		0.2013888888888889
	],
	"121": [
		0.022265625,
		0.18715277777777778
	],
	"122": [
		0.4611328125,
		0.19409722222222223
	],
	"123": [
		0.4177734375,
		0.20277777777777778
	],
	"124": [
		0.886328125,
		0.4027777777777778
	],
	"125": [
		0.44140625,
		0.40243055555555557
	],
	"126": [
		0.2533203125,
		0.17291666666666666
	],
	"127": [
		0.1453125,
		0.19375
	],
	"128": [
		0.0630859375,
		0.17604166666666668
	],
	"129": [
		0.8853515625,
		0.4204861111111111
	],
	"130": [
		0.276171875,
		0.19791666666666666
	],
	"131": [
		0.4578125,
		0.1920138888888889
	],
	"132": [
		0.8,
		0.19826388888888888
	],
	"133": [
		0.759375,
		0.19027777777777777
	],
	"134": [
		0.268359375,
		0.18333333333333332
	],
	"135": [
		0.1966796875,
		0.42465277777777777
	],
	"136": [
		0.0787109375,
		0.18993055555555555
	],
	"137": [
		0.869140625,
		0.19791666666666666
	],
	"138": [
		0.392578125,
		0.1892361111111111
	],
	"139": [
		0.2681640625,
		0.19270833333333334
	],
	"140": [
		0.0642578125,
		0.18958333333333333
	],
	"141": [
		0.442578125,
		0.41180555555555554
	],
	"142": [
		0.4427734375,
		0.41180555555555554
	],
	"143": [
		0.337890625,
		0.17118055555555556
	],
	"144": [
		0.0712890625,
		0.16875
	],
	"145": [
		0.8859375,
		0.4166666666666667
	],
	"146": [
		0.53671875,
		0.2048611111111111
	],
	"147": [
		0.4724609375,
		0.1857638888888889
	],
	"148": [
		0.786328125,
		0.1951388888888889
	],
	"149": [
		0.8857421875,
		0.40625
	],
	"150": [
		0.5255859375,
		0.190625
	],
	"151": [
		0.4072265625,
		0.203125
	],
	"152": [
		0.7318359375,
		0.17048611111111112
	],
	"153": [
		0.4630859375,
		0.18680555555555556
	],
	"154": [
		0.528125,
		0.20277777777777778
	],
	"155": [
		0.2517578125,
		0.1763888888888889
	],
	"156": [
		0.65703125,
		0.7010416666666667
	],
	"157": [
		0.6197265625,
		0.17708333333333334
	],
	"158": [
		0.442578125,
		0.4125
	],
	"159": [
		0.6607421875,
		0.2326388888888889
	],
	"160": [
		0.2216796875,
		0.19270833333333334
	],
	"161": [
		0.43984375,
		0.3972222222222222
	],
	"162": [
		0.0884765625,
		0.1875
	],
	"163": [
		0.3408203125,
		0.18229166666666666
	],