{
	"0": [
		0.409375,
		0.044444444444444446
	],
	"1": [
		0.3671875,
		0.04722222222222222
	],
	"2": [
		0.0140625,
		0.05277777777777778
	],
	"3": [
		0.6671875,
		0.058333333333333334
	],
	"4": [
		0.0546875,
		0.06111111111111111
	],
	"5": [
		0.8953125,
		0.07777777777777778
	],
	"6": [
		0.7546875,
		0.08333333333333333
	],
	"7": [
		0.9921875,
		0.08888888888888889
	],
	"8": [
		0.203125,
		0.09444444444444444
	],
	"9": [
		0.0546875,
		0.11388888888888889
	],
	"10": [
		0.7546875,
		0.11944444444444445
	],
	"11": [
		0.90625,
		0.125
	],
	"12": [
		0.0359375,
		0.12777777777777777
	],
	"13": [
		0.4703125,
		0.13055555555555556
	],
	"14": [
		0.509375,
		0.13055555555555556
	],
	"15": [
		0.303125,
		0.13333333333333333
	],
	"16": [
		0.3359375,
		0.13333333333333333
	],
	"17": [
		0.540625,
		0.13333333333333333
	],
	"18": [
		0.58125,
		0.13333333333333333
	],
	"19": [
		0.615625,
		0.1527777777777778
	],
	"20": [
		0.765625,
		0.16111111111111112
	],
	"21": [
		0.8078125,
		0.16111111111111112
	],
	"22": [
		0.1734375,
		0.1638888888888889
	],
	"23": [
		0.1421875,
		0.16666666666666666
	],
	"24": [
		0.2796875,
		0.16944444444444445
	],
	"25": [
		0.359375,
		0.175
	],
	"26": [
		0.403125,
		0.17777777777777778
	],
	"27": [
		0.6859375,
		0.17777777777777778
	],
	"28": [
		0.44375,
		0.18055555555555555
	],
	"29": [
		0.3296875,
		0.18333333333333332
	],
	"30": [
		0.590625,
		0.19166666666666668
	],
	"31": [
		0.084375,
		0.19722222222222222
	],
	"32": [
		0.1109375,
		0.2
	],
	"33": [
		0.14375,
		0.2
	],
	"34": [
		0.165625,
		0.2
	],
	"35": [
		0.528125,
		0.20555555555555555
	],
	"36": [
		0.0421875,
		0.2111111111111111
	],
	"37": [
		0.3125,
		0.21388888888888888
	],
	"38": [
		0.39375,
		0.21944444444444444
	],
	"39": [
		0.0484375,
		0.25277777777777777
	],
	"40": [
		0.071875,
		0.25555555555555554
	],
	"41": [
		0.859375,
		0.25833333333333336
	],
	"42": [
		0.5625,
		0.28055555555555556
	],
	"43": [
		0.4609375,
		0.29444444444444445
	],
	"44": [
		0.51875,
		0.29444444444444445
	],
	"45": [
		0.4609375,
		0.33611111111111114
	],
	"46": [
		0.978125,
		0.3527777777777778
	],
	"47": [
		0.709375,
		0.3861111111111111
	],
	"48": [
		0.903125,
		0.4111111111111111
	],
	"49": [
		0.7078125,
		0.4361111111111111
	],
	"50": [
		0.9234375,
		0.4388888888888889
	],
	"51": [
		0.95,
		0.4583333333333333
	],
	"52": [
		0.996875,
		0.48055555555555557
	],
	"53": [
		0.834375,
		0.6222222222222222
	],
	"54": [
		0.653125,
		0.6444444444444445
	],
	"55": [
		0.834375,
		0.6583333333333333
	],
	"56": [
		0.5078125,
		0.7055555555555556
	],
	"57": [
		0.5078125,
		0.7555555555555555
	],
	"58": [
		0.1140625,
		0.8111111111111111
	],
	"59": [
		0.1515625,
		0.8138888888888889
	],
	"60": [
		0.209375,
		0.8222222222222222
	],
	"61": [
		0.2484375,
		0.8305555555555556
	],
	"62": [
		0.3015625,
		0.8361111111111111
	],
	"63": [
		0.3890625,
		0.85
	],
	"64": [
		0.1953125,
		0.8555555555555555
	],
	"65": [
		0.228125,
		0.8555555555555555
	],
	"66": [
		0.2671875,
		0.8638888888888889
	],
	"67": [
		0.4890625,
		0.8666666666666667
	],
	"68": [
		0.3,
		0.8694444444444445
	],
	"69": [
		0.3515625,
		0.8777777777777778
	],
	"70": [
		0.540625,
		0.8805555555555555
	],
	"71": [
		0.5734375,
		0.8805555555555555
	],
	"72": [
		0.6,
		0.8888888888888888
	],
	"73": [
		0.634375,
		0.8944444444444445
	],
	"74": [
		0.1484375,
		0.9
	],
	"75": [
		0.659375,
		0.9
	],
	"76": [
		0.2890625,
		0.9083333333333333
	],
	"77": [
		0.6921875,
		0.9083333333333333
	],
	"78": [
		0.525,
		0.9111111111111111
	],
	"79": [
		0.71875,
		0.9138888888888889
	],
	"80": [
		0.7515625,
		0.9166666666666666
	],
	"81": [
		0.603125,
		0.9222222222222223
	],
	"82": [
		0.790625,
		0.925
	],
	"83": [
		0.6359375,
		0.9277777777777778
	],
	"84": [
		0.11875,
		0.9388888888888889
	],
	"85": [
		0.8625,
		0.9388888888888889
	],
	"86": [
		0.915625,
		0.95
	],
	"87": [
		0.9515625,
		0.9583333333333334
	],
	"88": [
		0.98125,
		0.9666666666666667
	],
	"89": [
		0.8921875,
		0.9805555555555555
	],
	"90": [
		0.928125,
		0.9861111111111112
	]
}