{
	"CornerNorthWest": [
		0.3089887640449438,
		0.27340118105289607
	],
	"CornerNorthEast": [
		0.7148876404494382,
		0.3069281493534298
	],
	"CornerSouthWest": [
		0.3146067415730337,
		0.804121120743812
	],
	"CornerSouthEast": [
		0.7216642754662841,
		0.844052410721932
	]
}