{
	"CornerNorthWest": [
		0.03932584269662921,
		0.9153035882504068
	],
	"CornerNorthEast": [
		0.037921348314606744,
		0.03288515885929605
	],
	"CornerSouthWest": [
		0.6980337078651685,
		0.8851588592960521
	],
	"CornerSouthEast": [
		0.9311797752808989,
		0.07399160743341612
	]
}