{
	"CornerNorthWest": [
		0.13342696629213482,
		0.4275070651708487
	],
	"CornerNorthEast": [
		0.12219101123595505,
		0.11783848591247752
	],
	"CornerSouthEast": [
		0.703012912482066,
		0.9098227284405241
	],
	"CornerSouthWest": [
		0.15730337078651685,
		0.8659758499614627
	]
}