{
	"0": [
		0.3431640625,
		0.09965277777777778
	],
	"1": [
		0.291796875,
		0.06145833333333333
	],
	"2": [
		0.4916015625,
		0.10798611111111112
	],
	"3": [
		0.453125,
		0.09340277777777778
	],
	"4": [
		0.2146484375,
		0.04791666666666667
	],
	"5": [
		0.3044921875,
		0.084375
	],
	"6": [
		0.6845703125,
		0.11180555555555556
	],
	"7": [
		0.305859375,
		0.08541666666666667
	],
	"8": [
		0.2962890625,
		0.06875
	],
	"9": [
		0.0892578125,
		0.09444444444444444
	],
	"10": [
		0.41640625,
		0.103125
	],
	"11": [
		0.2935546875,
		0.09722222222222222
	],
	"12": [
		0.4150390625,
		0.10659722222222222
	],
	"13": [
		0.6447265625,
		0.11909722222222222
	],
	"14": [
		0.3421875,
		0.09861111111111111
	],
	"15": [
		0.2529296875,
		0.03958333333333333
	],
	"16": [
		0.309765625,
		0.08472222222222223
	],
	"17": [
		0.45390625,
		0.09131944444444444
	],
	"18": [
		0.5291015625,
		0.10138888888888889
	],
	"19": [
		0.5291015625,
		0.10138888888888889
	],
	"20": [
		0.4537109375,
		0.090625
	],
	"21": [
		0.6037109375,
		0.1125
	],
	"22": [
		0.6068359375,
		0.10659722222222222
	],
	"23": [
		0.648828125,
		0.10381944444444445
	],
	"24": [
		0.49140625,
		0.10659722222222222
	],
	"25": [
		0.2943359375,
		0.10486111111111111
	],
	"26": [
		0.2552734375,
		0.04548611111111111
	],
	"27": [
		0.37890625,
		0.09340277777777778
	],
	"28": [
		0.4146484375,
		0.11041666666666666
	],
	"29": [
		0.3791015625,
		0.09791666666666667
	],
	"30": [
		0.5294921875,
		0.10138888888888889
	],
	"31": [
		0.31015625,
		0.08368055555555555
	],
	"32": [
		0.4912109375,
		0.1125
	],
	"33": [
		0.1080078125,
		0.10277777777777777
	],
	"34": [
		0.1087890625,
		0.10069444444444445
	],
	"35": [
		0.4138671875,
		0.11770833333333333
	],
	"36": [
		0.484375,
		0.08923611111111111
	],
	"37": [
		0.2533203125,
		0.042708333333333334
	],
	"38": [
		0.6060546875,
		0.10520833333333333
	],
	"39": [
		0.341796875,
		0.11458333333333333
	],
	"40": [
		0.6548828125,
		0.103125
	],
	"41": [
		0.569921875,
		0.09583333333333334
	],
	"42": [
		0.3033203125,
		0.09409722222222222
	],
	"43": [
		0.567578125,
		0.11597222222222223
	],
	"44": [
		0.215234375,
		0.04791666666666667
	],
	"45": [
		0.2109375,
		0.10729166666666666
	],
	"46": [
		0.29140625,
		0.06215277777777778
	],
	"47": [
		0.648828125,
		0.10381944444444445
	],
	"48": [
		0.3041015625,
		0.09375
	],
	"49": [
		0.4140625,
		0.11319444444444444
	],
	"50": [
		0.37890625,
		0.09305555555555556
	],
	"51": [
		0.491015625,
		0.11527777777777778
	],
	"52": [
		0.60625,
		0.10520833333333333
	],
	"53": [
		0.568359375,
		0.11006944444444444
	],
	"54": [
		0.56796875,
		0.11041666666666666
	],
	"55": [
		0.5291015625,
		0.10138888888888889
	],
	"56": [
		0.37890625,
		0.09583333333333334
	],
	"57": [
		0.64453125,
		0.11909722222222222
	],
	"58": [
		0.5681640625,
		0.1111111111111111
	],
	"59": [
		0.4146484375,
		0.11006944444444444
	],
	"60": [
		0.453515625,
		0.09166666666666666
	],
	"61": [
		0.25546875,
		0.043055555555555555
	],
	"62": [
		0.4166015625,
		0.10277777777777777
	],
	"63": [
		0.3083984375,
		0.08402777777777778
	],
	"64": [
		0.341796875,
		0.11215277777777778
	],
	"65": [
		0.0900390625,
		0.09409722222222222
	],
	"66": [
		0.3095703125,
		0.08333333333333333
	],
	"67": [
		0.5669921875,
		0.11597222222222223
	],
	"68": [
		0.60625,
		0.10555555555555556
	],
	"69": [
		0.6548828125,
		0.103125
	],
	"70": [
		0.5095703125,
		0.8784722222222222
	],
	"71": [
		0.4142578125,
		0.109375
	],
	"72": [
		0.6064453125,
		0.8909722222222223
	],
	"73": [
		0.2046875,
		0.10555555555555556
	],
	"74": [
		0.491796875,
		0.11458333333333333
	],
	"75": [
		0.252734375,
		0.04826388888888889
	],
	"76": [
		0.5294921875,
		0.10138888888888889
	],
	"77": [
		0.25390625,
		0.04201388888888889
	],
	"78": [
		0.29375,
		0.10486111111111111
	],
	"79": [
		0.526953125,
		0.10972222222222222
	],
	"80": [
		0.6064453125,
		0.10520833333333333
	],
	"81": [
		0.60625,
		0.11215277777777778
	],
	"82": [
		0.3431640625,
		0.09930555555555555
	],
	"83": [
		0.106640625,
		0.09618055555555556
	],
	"84": [
		0.2962890625,
		0.06145833333333333
	],
	"85": [
		0.0244140625,
		0.8246527777777778
	],
	"86": [
		0.5681640625,
		0.1111111111111111
	],
	"87": [
		0.60078125,
		0.8920138888888889
	],
	"88": [
		0.5986328125,
		0.890625
	],
	"89": [
		0.292578125,
		0.06770833333333333
	],
	"90": [
		0.598828125,
		0.8913194444444444
	],
	"91": [
		0.491796875,
		0.10833333333333334
	],
	"92": [
		0.6845703125,
		0.11145833333333334
	],
	"93": [
		0.3009765625,
		0.09791666666666667
	],
	"94": [
		0.2912109375,
		0.06180555555555556
	],
	"95": [
		0.6748046875,
		0.9013888888888889
	],
	"96": [
		0.2892578125,
		0.11006944444444444
	],
	"97": [
		0.2923828125,
		0.06319444444444444
	],
	"98": [
		0.30546875,
		0.08854166666666667
	],
	"99": [
		0.3412109375,
		0.10347222222222222
	],
	"100": [
		0.4533203125,
		0.09166666666666666
	],
	"101": [
		0.342578125,
		0.10069444444444445
	],
	"102": [
		0.6333984375,
		0.8965277777777778
	],
	"103": [
		0.143359375,
		0.10486111111111111
	],
	"104": [
		0.4533203125,
		0.0920138888888889
	],
	"105": [
		0.29375,
		0.10729166666666666
	],
	"106": [
		0.080078125,
		0.09513888888888888
	],
	"107": [
		0.341796875,
		0.103125
	],
	"108": [
		0.447265625,
		0.10520833333333333
	],
	"109": [
		0.0279296875,
		0.8243055555555555
	],
	"110": [
		0.491796875,
		0.11006944444444444
	],
	"111": [
		0.29296875,
		0.06770833333333333
	],
	"112": [
		0.305078125,
		0.08611111111111111
	],
	"113": [
		0.5359375,
		0.8833333333333333
	],
	"114": [
		0.094921875,
		0.10243055555555555
	],
	"115": [
		0.68125,
		0.10659722222222222
	],
	"116": [
		0.107421875,
		0.10381944444444445
	],
	"117": [
		0.491796875,
		0.11006944444444444
	],
	"118": [
		0.60625,
		0.10555555555555556
	],
	"119": [
		0.273046875,
		0.05138888888888889
	],
	"120": [
		0.5294921875,
		0.10173611111111111
	],
	"121": [
		0.6845703125,
		0.1076388888888889
	],
	"122": [
		0.2927734375,
		0.10555555555555556
	],
	"123": [
		0.2927734375,
		0.06388888888888888
	],
	"124": [
		0.31015625,
		0.08472222222222223
	],
	"125": [
		0.2533203125,
		0.04201388888888889
	],
	"126": [
		0.3048828125,
		0.08819444444444445
	],
	"127": [
		0.5291015625,
		0.10104166666666667
	],
	"128": [
		0.108203125,
		0.10347222222222222
	],
	"129": [
		0.343359375,
		0.10243055555555555
	],
	"130": [
		0.578125,
		0.10069444444444445
	],
	"131": [
		0.2953125,
		0.10486111111111111
	],
	"132": [
		0.2962890625,
		0.06145833333333333
	],
	"133": [
		0.02421875,
		0.825
	],
	"134": [
		0.106640625,
		0.09618055555555556
	],
	"135": [
		0.205078125,
		0.10659722222222222
	],
	"136": [
		0.5291015625,
		0.10173611111111111
	],
	"137": [
		0.1078125,
		0.10104166666666667
	],
	"138": [
		0.3357421875,
		0.8555555555555555
	],
	"139": [
		0.060546875,
		0.8295138888888889
	],
	"140": [
		0.2078125,
		0.8451388888888889
	],
	"141": [
		0.1064453125,
		0.2708333333333333
	],
	"142": [
		0.4927734375,
		0.10034722222222223
	],
	"143": [
		0.4548828125,
		0.08576388888888889
	],
	"144": [
		0.2576171875,
		0.03819444444444445
	],
	"145": [
		0.6068359375,
		0.10694444444444444
	],
	"146": [
		0.64453125,
		0.11875
	],
	"147": [
		0.3791015625,
		0.09756944444444444
	],
	"148": [
		0.5294921875,
		0.10104166666666667
	],
	"149": [
		0.6048828125,
		0.10590277777777778
	],
	"150": [
		0.2849609375,
		0.06041666666666667
	],
	"151": [
		0.4484375,
		0.09652777777777778
	],
	"152": [
		0.1345703125,
		0.8649305555555555
	],
	"153": [
		0.6845703125,
		0.1076388888888889
	],
	"154": [
		0.37890625,
		0.09375
	],
	"155": [
		0.34296875,
		0.09513888888888888
	],
	"156": [
		0.0486328125,
		0.8555555555555555
	],
	"157": [
		0.2892578125,
		0.06701388888888889
	],
	"158": [
		0.2259765625,
		0.8722222222222222
	],
	"159": [
		0.22734375,
		0.16041666666666668
	],
	"160": [
		0.5294921875,
		0.10208333333333333
	],
	"161": [
		0.3435546875,
		0.09513888888888888
	],