{
	"PenaltyCircleNorthWest": [
		0.13623595505617977,
		0.3859831548299886
	],
	"PenaltySpotNorth": [
		0.09410112359550561,
		0.31943433503171464
	],
	"SixYardNorthForwardEast": [
		0.07724719101123595,
		0.239575751273786
	]
}