{
	"PenaltySpotNorth": [
		0.091875,
		0.3263338432299634
	],
	"SixYardNorthForwardEast": [
		0.073125,
		0.2581004032818801
	],
	"EighteenYardNorthRearEast": [
		0.0898876404494382,
		0.1929890689785149
	],
	"EighteenYardNorthForwardEast": [
		0.38764044943820225,
		0.21847033859212103
	],
	"PenaltyCircleNorthEast": [
		0.2893258426966292,
		0.27456407417658457
	],
	"PenaltyCircleNorthWest": [
		0.13342696629213482,
		0.3897038472183781
	],
	"CornerNorthEast": [
		0.20646067415730338,
		0.13938099426226075
	]
}