{
	"EighteenYardNorthForwardEast": [
		0.4002808988764045,
		0.21175189512920384
	],
	"PenaltyCircleNorthWest": [
		0.1404494382022472,
		0.3886585416928425
	],
	"EighteenYardNorthRearEast": [
		0.10393258426966293,
		0.201030280185953
	],
	"SixYardNorthForwardEast": [
		0.07303370786516854,
		0.2599991623738326
	]
}