{
	"0": [
		0.7658203125,
		0.08333333333333333
	],
	"1": [
		0.4384765625,
		0.10104166666666667
	],
	"2": [
		0.802734375,
		0.075
	],
	"3": [
		0.68515625,
		0.06319444444444444
	],
	"4": [
		0.52734375,
		0.05138888888888889
	],
	"5": [
		0.766015625,
		0.09131944444444444
	],
	"6": [
		0.444140625,
		0.09166666666666666
	],
	"7": [
		0.7609375,
		0.10555555555555556
	],
	"8": [
		0.2232421875,
		0.16770833333333332
	],
	"9": [
		0.63671875,
		0.041666666666666664
	],
	"10": [
		0.166015625,
		0.19270833333333334
	],
	"11": [
		0.3544921875,
		0.12083333333333333
	],
	"12": [
		0.3138671875,
		0.13576388888888888
	],
	"13": [
		0.3478515625,
		0.13159722222222223
	],
	"14": [
		0.14296875,
		0.17083333333333334
	],
	"15": [
		0.8482421875,
		0.05694444444444444
	],
	"16": [
		0.8125,
		0.05243055555555556
	],
	"17": [
		0.3087890625,
		0.14722222222222223
	],
	"18": [
		0.29140625,
		0.1597222222222222
	],
	"19": [
		0.176171875,
		0.18159722222222222
	],
	"20": [
		0.2890625,
		0.1284722222222222
	],
	"21": [
		0.2927734375,
		0.14756944444444445
	],
	"22": [
		0.9224609375,
		0.06770833333333333
	],
	"23": [
		0.1537109375,
		0.9399305555555556
	],
	"24": [
		0.7466796875,
		0.09791666666666667
	],
	"25": [
		0.1439453125,
		0.21041666666666667
	],
	"26": [
		0.1693359375,
		0.9427083333333334
	],
	"27": [
		0.417578125,
		0.11909722222222222
	],
	"28": [
		0.7603515625,
		0.09027777777777778
	],
	"29": [
		0.2091796875,
		0.17673611111111112
	],
	"30": [
		0.4677734375,
		0.0875
	],
	"31": [
		0.9228515625,
		0.059722222222222225
	],
	"32": [
		0.92265625,
		0.07326388888888889
	],
	"33": [
		0.4193359375,
		0.10034722222222223
	],
	"34": [
		0.29765625,
		0.11354166666666667
	],
	"35": [
		0.6662109375,
		0.04375
	],
	"36": [
		0.1498046875,
		0.9385416666666667
	],
	"37": [
		0.1615234375,
		0.16527777777777777
	],
	"38": [
		0.678125,
		0.3375
	],
	"39": [
		0.8125,
		0.059722222222222225
	],
	"40": [
		0.3271484375,
		0.13993055555555556
	],
	"41": [
		0.1923828125,
		0.18541666666666667
	],
	"42": [
		0.2294921875,
		0.17430555555555555
	],
	"43": [
		0.75390625,
		0.07569444444444444
	],
	"44": [
		0.7955078125,
		0.10451388888888889
	],
	"45": [
		0.2927734375,
		0.1329861111111111
	],
	"46": [
		0.6779296875,
		0.3628472222222222
	],
	"47": [
		0.1888671875,
		0.5836805555555555
	],
	"48": [
		0.678125,
		0.3375
	],
	"49": [
		0.4837890625,
		0.07708333333333334
	],
	"50": [
		0.19765625,
		0.18819444444444444
	],
	"51": [
		0.2962890625,
		0.12534722222222222
	],
	"52": [
		0.6779296875,
		0.33819444444444446
	],
	"53": [
		0.0193359375,
		0.9135416666666667
	],
	"54": [
		0.7111328125,
		0.06076388888888889
	],
	"55": [
		0.782421875,
		0.2204861111111111
	],
	"56": [
		0.224609375,
		0.18368055555555557
	],
	"57": [
		0.1533203125,
		0.16979166666666667
	],
	"58": [
		0.7640625,
		0.07916666666666666
	],
	"59": [
		0.4228515625,
		0.10868055555555556
	],
	"60": [
		0.148046875,
		0.19340277777777778
	],
	"61": [
		0.230859375,
		0.1798611111111111
	],
	"62": [
		0.2009765625,
		0.1736111111111111
	],
	"63": [
		0.2966796875,
		0.15347222222222223
	],
	"64": [
		0.488671875,
		0.09131944444444444
	],
	"65": [
		0.153515625,
		0.2048611111111111
	],
	"66": [
		0.68203125,
		0.3559027777777778
	],
	"67": [
		0.33828125,
		0.12916666666666668
	],
	"68": [
		0.7412109375,
		0.08229166666666667
	],
	"69": [
		0.2078125,
		0.184375
	],
	"70": [
		0.182421875,
		0.5888888888888889
	],
	"71": [
		0.14921875,
		0.17916666666666667
	],
	"72": [
		0.2310546875,
		0.165625
	],
	"73": [
		0.45,
		0.09583333333333334
	],
	"74": [
		0.7685546875,
		0.09756944444444444
	],
	"75": [
		0.66640625,
		0.052083333333333336
	],
	"76": [
		0.2875,
		0.9694444444444444
	],
	"77": [
		0.7361328125,
		0.050694444444444445
	],
	"78": [
		0.7505859375,
		0.08402777777777778
	],
	"79": [
		0.8474609375,
		0.06388888888888888
	],
	"80": [
		0.7498046875,
		0.08055555555555556
	],
	"81": [
		0.3353515625,
		0.14097222222222222
	],
	"82": [
		0.744921875,
		0.07013888888888889
	],
	"83": [
		0.4630859375,
		0.08472222222222223
	],
	"84": [
		0.6814453125,
		0.35104166666666664
	],
	"85": [
		0.5525390625,
		0.05694444444444444
	],
	"86": [
		0.463671875,
		0.0954861111111111
	],
	"87": [
		0.795703125,
		0.09965277777777778
	],
	"88": [
		0.651953125,
		0.3076388888888889
	],
	"89": [
		0.4837890625,
		0.09131944444444444
	],
	"90": [
		0.1849609375,
		0.1954861111111111
	],
	"91": [
		0.3435546875,
		0.1375
	],
	"92": [
		0.489453125,
		0.07743055555555556
	],
	"93": [
		0.3037109375,
		0.12291666666666666
	],
	"94": [
		0.12421875,
		0.27708333333333335
	],
	"95": [
		0.4533203125,
		0.09861111111111111
	],
	"96": [
		0.223046875,
		0.18020833333333333
	],
	"97": [
		0.78984375,
		0.10694444444444444
	],
	"98": [
		0.1845703125,
		0.178125
	],
	"99": [
		0.1818359375,
		0.19826388888888888
	],
	"100": [
		0.7734375,
		0.07013888888888889
	],
	"101": [
		0.6365234375,
		0.04652777777777778
	],
	"102": [
		0.702734375,
		0.05486111111111111
	],
	"103": [
		0.3626953125,
		0.1326388888888889
	],
	"104": [
		0.231640625,
		0.13159722222222223
	],
	"105": [
		0.1771484375,
		0.196875
	],
	"106": [
		0.2251953125,
		0.18020833333333333
	],
	"107": [
		0.2166015625,
		0.18506944444444445
	],
	"108": [
		0.3263671875,
		0.14548611111111112
	],
	"109": [
		0.7611328125,
		0.08784722222222222
	],
	"110": [
		0.7451171875,
		0.10173611111111111
	],
	"111": [
		0.3501953125,
		0.26284722222222223
	],
	"112": [
		0.483203125,
		0.07291666666666667
	],
	"113": [
		0.16953125,
		0.1986111111111111
	],
	"114": [
		0.3640625,
		0.11944444444444445
	],
	"115": [
		0.44921875,
		0.4236111111111111
	],
	"116": [
		0.187109375,
		0.16875
	],
	"117": [
		0.025390625,
		0.5708333333333333
	],
	"118": [
		0.79296875,
		0.10243055555555555
	],
	"119": [
		0.576953125,
		0.09027777777777778
	],
	"120": [
		0.7955078125,
		0.09409722222222222
	],
	"121": [
		0.2205078125,
		0.1579861111111111
	],
	"122": [
		0.4421875,
		0.10381944444444445
	],
	"123": [
		0.175390625,
		0.17152777777777778
	],
	"124": [
		0.7685546875,
		0.10694444444444444
	],
	"125": [
		0.230078125,
		0.5583333333333333
	],
	"126": [
		0.6576171875,
		0.04201388888888889
	],
	"127": [
		0.31015625,
		0.15208333333333332
	],
	"128": [
		0.3513671875,
		0.11458333333333333
	],
	"129": [
		0.61015625,
		0.04756944444444444
	],
	"130": [
		0.4400390625,
		0.10694444444444444
	],
	"131": [
		0.228125,
		0.15381944444444445
	],
	"132": [
		0.8478515625,
		0.06145833333333333
	],
	"133": [
		0.4421875,
		0.08333333333333333
	],
	"134": [
		0.0580078125,
		0.39861111111111114
	],
	"135": [
		0.359765625,
		0.13541666666666666
	],
	"136": [
		0.95703125,
		0.07083333333333333
	],
	"137": [
		0.227734375,
		0.16111111111111112
	],
	"138": [
		0.192578125,
		0.16909722222222223
	],
	"139": [
		0.3115234375,
		0.13020833333333334
	],
	"140": [
		0.7826171875,
		0.10138888888888889
	],
	"141": [
		0.357421875,
		0.13472222222222222
	],
	"142": [
		0.63671875,
		0.04756944444444444
	],
	"143": [
		0.5361328125,
		0.058333333333333334
	],
	"144": [
		0.43515625,
		0.43472222222222223
	],
	"145": [
		0.76015625,
		0.08645833333333333
	],
	"146": [
		0.75625,
		0.06805555555555555
	],
	"147": [
		0.359765625,
		0.11319444444444444
	],
	"148": [
		0.58125,
		0.050694444444444445
	],
	"149": [
		0.322265625,
		0.1284722222222222
	],
	"150": [
		0.489453125,
		0.06875
	],
	"151": [
		0.07734375,
		0.3902777777777778
	],
	"152": [
		0.877734375,
		0.05
	],
	"153": [
		0.306640625,
		0.11458333333333333
	],
	"154": [
		0.766015625,
		0.1
	],
	"155": [
		0.3140625,
		0.10798611111111112
	],
	"156": [
		0.2884765625,
		0.121875
	],
	"157": [
		0.1986328125,
		0.1673611111111111
	],
	"158": [
		0.2208984375,
		0.13125
	],
	"159": [
		0.448046875,
		0.10138888888888889
	],
	"160": [
		0.4634765625,
		0.07743055555555556
	],
	"161": [
		0.4498046875,
		0.08090277777777778
	],
	"162": [
		0.21953125,
		0.24375
	],