{
	"CornerNorthWest": [
		0.2050561797752809,
		0.0657703177185921
	],
	"CornerNorthEast": [
		0.7485955056179775,
		0.12605977562730153
	],
	"CornerSouthEast": [
		0.8764044943820225,
		0.8925744440256314
	],
	"CornerSouthWest": [
		0.06882022471910113,
		0.9043418686306415
	]
}