{
	"SixYardNorthRearEast": [
		0.1502808988764045,
		0.23025656148628723
	],
	"PenaltySpotNorth": [
		0.32162921348314605,
		0.3661456797404895
	],
	"EighteenYardNorthForwardEast": [
		0.7640449438202247,
		0.21138307283987023
	],
	"PenaltyCircleNorthWest": [
		0.3806179775280899,
		0.45296372751400765
	]
}