{
	"PenaltySpotNorth": [
		0.08875,
		0.32930051453205395
	],
	"SixYardNorthForwardEast": [
		0.074375,
		0.2581004032818801
	],
	"EighteenYardNorthRearEast": [
		0.09,
		0.19283363463588746
	],
	"EighteenYardNorthForwardEast": [
		0.3960674157303371,
		0.1983498764501403
	],
	"PenaltyCircleNorthEast": [
		0.29375,
		0.2877671163027859
	],
	"PenaltyCircleNorthWest": [
		0.134375,
		0.38863394057386547
	]
}