{
	"0": [
		0.7318359375,
		0.09409722222222222
	],
	"1": [
		0.4205078125,
		0.11041666666666666
	],
	"2": [
		0.7654296875,
		0.08923611111111111
	],
	"3": [
		0.65703125,
		0.07604166666666666
	],
	"4": [
		0.50546875,
		0.065625
	],
	"5": [
		0.9669921875,
		0.1076388888888889
	],
	"6": [
		0.7310546875,
		0.10381944444444445
	],
	"7": [
		0.4259765625,
		0.10173611111111111
	],
	"8": [
		0.958984375,
		0.13333333333333333
	],
	"9": [
		0.9662109375,
		0.11701388888888889
	],
	"10": [
		0.7251953125,
		0.11979166666666667
	],
	"11": [
		0.215234375,
		0.17291666666666666
	],
	"12": [
		0.6080078125,
		0.05416666666666667
	],
	"13": [
		0.160546875,
		0.19722222222222222
	],
	"14": [
		0.340234375,
		0.12916666666666668
	],
	"15": [
		0.303515625,
		0.14270833333333333
	],
	"16": [
		0.3341796875,
		0.13923611111111112
	],
	"17": [
		0.137890625,
		0.17604166666666668
	],
	"18": [
		0.8078125,
		0.07048611111111111
	],
	"19": [
		0.7759765625,
		0.06597222222222222
	],
	"20": [
		0.298046875,
		0.15381944444444445
	],
	"21": [
		0.280078125,
		0.16493055555555555
	],
	"22": [
		0.170703125,
		0.1857638888888889
	],
	"23": [
		0.2779296875,
		0.13541666666666666
	],
	"24": [
		0.28203125,
		0.15416666666666667
	],
	"25": [
		0.87890625,
		0.07951388888888888
	],
	"26": [
		0.1357421875,
		0.9107638888888889
	],
	"27": [
		0.7140625,
		0.10868055555555556
	],
	"28": [
		0.955859375,
		0.10243055555555555
	],
	"29": [
		0.1390625,
		0.2142361111111111
	],
	"30": [
		0.171875,
		0.9201388888888888
	],
	"31": [
		0.3994140625,
		0.125
	],
	"32": [
		0.7251953125,
		0.10347222222222222
	],
	"33": [
		0.2025390625,
		0.18229166666666666
	],
	"34": [
		0.448828125,
		0.09861111111111111
	],
	"35": [
		0.878515625,
		0.07256944444444445
	],
	"36": [
		0.8787109375,
		0.08645833333333333
	],
	"37": [
		0.95859375,
		0.11944444444444445
	],
	"38": [
		0.4037109375,
		0.10972222222222222
	],
	"39": [
		0.2875,
		0.11909722222222222
	],
	"40": [
		0.637109375,
		0.05659722222222222
	],
	"41": [
		0.1361328125,
		0.9114583333333334
	],
	"42": [
		0.15546875,
		0.17083333333333334
	],
	"43": [
		0.64765625,
		0.3368055555555556
	],
	"44": [
		0.7755859375,
		0.07569444444444444
	],
	"45": [
		0.3146484375,
		0.14652777777777778
	],
	"46": [
		0.185546875,
		0.190625
	],
	"47": [
		0.221875,
		0.1795138888888889
	],
	"48": [
		0.72109375,
		0.08715277777777777
	],
	"49": [
		0.759765625,
		0.11493055555555555
	],
	"50": [
		0.28046875,
		0.14166666666666666
	],
	"51": [
		0.64765625,
		0.36180555555555555
	],
	"52": [
		0.941796875,
		0.13784722222222223
	],
	"53": [
		0.323046875,
		0.9524305555555556
	],
	"54": [
		0.1806640625,
		0.5756944444444444
	],
	"55": [
		0.01796875,
		0.8923611111111112
	],
	"56": [
		0.64765625,
		0.33645833333333336
	],
	"57": [
		0.462109375,
		0.08854166666666667
	],
	"58": [
		0.1896484375,
		0.19340277777777778
	],
	"59": [
		0.2859375,
		0.13194444444444445
	],
	"60": [
		0.6474609375,
		0.3375
	],
	"61": [
		0.02578125,
		0.8916666666666667
	],
	"62": [
		0.6806640625,
		0.07361111111111111
	],
	"63": [
		0.7478515625,
		0.22465277777777778
	],
	"64": [
		0.2166015625,
		0.18888888888888888
	],
	"65": [
		0.148828125,
		0.17395833333333333
	],
	"66": [
		0.728515625,
		0.09166666666666666
	],
	"67": [
		0.40703125,
		0.11840277777777777
	],
	"68": [
		0.1439453125,
		0.19756944444444444
	],
	"69": [
		0.2228515625,
		0.18506944444444445
	],
	"70": [
		0.19375,
		0.1795138888888889
	],
	"71": [
		0.2857421875,
		0.16145833333333334
	],
	"72": [
		0.4681640625,
		0.10208333333333333
	],
	"73": [
		0.1490234375,
		0.20833333333333334
	],
	"74": [
		0.6515625,
		0.35659722222222223
	],
	"75": [
		0.325,
		0.13680555555555557
	],
	"76": [
		0.7080078125,
		0.09270833333333334
	],
	"77": [
		0.201171875,
		0.18958333333333333
	],
	"78": [
		0.174609375,
		0.5809027777777778
	],
	"79": [
		0.1443359375,
		0.18368055555555557
	],
	"80": [
		0.223046875,
		0.17152777777777778
	],
	"81": [
		0.4322265625,
		0.10555555555555556
	],
	"82": [
		0.735546875,
		0.1076388888888889
	],
	"83": [
		0.977734375,
		0.12048611111111111
	],
	"84": [
		0.6359375,
		0.06527777777777778
	],
	"85": [
		0.2720703125,
		0.9392361111111112
	],
	"86": [
		0.69921875,
		0.06458333333333334
	],
	"87": [
		0.9689453125,
		0.12256944444444444
	],
	"88": [
		0.7171875,
		0.09652777777777778
	],
	"89": [
		0.807421875,
		0.0763888888888889
	],
	"90": [
		0.7158203125,
		0.09131944444444444
	],
	"91": [
		0.321875,
		0.14791666666666667
	],
	"92": [
		0.712109375,
		0.08229166666666667
	],
	"93": [
		0.4421875,
		0.09583333333333334
	],
	"94": [
		0.9505859375,
		0.10486111111111111
	],
	"95": [
		0.651171875,
		0.35
	],
	"96": [
		0.5296875,
		0.06805555555555555
	],
	"97": [
		0.4453125,
		0.10520833333333333
	],
	"98": [
		0.7595703125,
		0.10972222222222222
	],
	"99": [
		0.621484375,
		0.30868055555555557
	],
	"100": [
		0.4619140625,
		0.10243055555555555
	],
	"101": [
		0.1791015625,
		0.2
	],
	"102": [
		0.329296875,
		0.1451388888888889
	],
	"103": [
		0.4681640625,
		0.08819444444444445
	],
	"104": [
		0.2921875,
		0.13020833333333334
	],
	"105": [
		0.1197265625,
		0.27847222222222223
	],
	"106": [
		0.4361328125,
		0.10833333333333334
	],
	"107": [
		0.21484375,
		0.1857638888888889
	],
	"108": [
		0.7525390625,
		0.11770833333333333
	],
	"109": [
		0.178515625,
		0.18263888888888888
	],
	"110": [
		0.175390625,
		0.20243055555555556
	],
	"111": [
		0.739453125,
		0.08125
	],
	"112": [
		0.608203125,
		0.059027777777777776
	],
	"113": [
		0.67109375,
		0.06736111111111111
	],
	"114": [
		0.3494140625,
		0.13993055555555556
	],
	"115": [
		0.2228515625,
		0.14027777777777778
	],
	"116": [
		0.17109375,
		0.20069444444444445
	],
	"117": [
		0.2173828125,
		0.18506944444444445
	],
	"118": [
		0.208984375,
		0.19027777777777777
	],
	"119": [
		0.3142578125,
		0.15243055555555557
	],
	"120": [
		0.7271484375,
		0.10034722222222223
	],
	"121": [
		0.98203125,
		0.12118055555555556
	],
	"122": [
		0.7109375,
		0.11180555555555556
	],
	"123": [
		0.9572265625,
		0.09270833333333334
	],
	"124": [
		0.3365234375,
		0.26631944444444444
	],
	"125": [
		0.4609375,
		0.084375
	],
	"126": [
		0.1642578125,
		0.203125
	],
	"127": [
		0.3501953125,
		0.12708333333333333
	],
	"128": [
		0.430078125,
		0.4204861111111111
	],
	"129": [
		0.9421875,
		0.11701388888888889
	],
	"130": [
		0.1806640625,
		0.17430555555555555
	],
	"131": [
		0.9615234375,
		0.10659722222222222
	],
	"132": [
		0.97734375,
		0.13472222222222222
	],
	"133": [
		0.037109375,
		0.5649305555555556
	],
	"134": [
		0.941796875,
		0.1111111111111111
	],
	"135": [
		0.981640625,
		0.1284722222222222
	],
	"136": [
		0.7556640625,
		0.11284722222222222
	],
	"137": [
		0.551171875,
		0.10104166666666667
	],
	"138": [
		0.7578125,
		0.10555555555555556
	],
	"139": [
		0.21171875,
		0.16354166666666667
	],
	"140": [
		0.4244140625,
		0.11284722222222222
	],
	"141": [
		0.1697265625,
		0.17673611111111112
	],
	"142": [
		0.736328125,
		0.11666666666666667
	],
	"143": [
		0.2244140625,
		0.5475694444444444
	],
	"144": [
		0.6291015625,
		0.05486111111111111
	],
	"145": [
		0.299609375,
		0.15868055555555555
	],
	"146": [
		0.337109375,
		0.12291666666666666
	],
	"147": [
		0.5830078125,
		0.059375
	],
	"148": [
		0.4228515625,
		0.11631944444444445
	],
	"149": [
		0.2197265625,
		0.1607638888888889
	],
	"150": [
		0.80859375,
		0.07430555555555556
	],
	"151": [
		0.4240234375,
		0.09340277777777778
	],
	"152": [
		0.0529296875,
		0.39791666666666664
	],
	"153": [
		0.95078125,
		0.12604166666666666
	],
	"154": [
		0.966015625,
		0.12534722222222222
	],
	"155": [
		0.970703125,
		0.12986111111111112
	],
	"156": [
		0.34453125,
		0.1440972222222222
	],
	"157": [
		0.9583984375,
		0.12013888888888889
	],
	"158": [
		0.909765625,
		0.08333333333333333
	],
	"159": [
		0.2197265625,
		0.1673611111111111
	],
	"160": [
		0.1853515625,
		0.17465277777777777
	],
	"161": [
		0.3001953125,
		0.13680555555555557
	],