{
	"0": [
		0.7724609375,
		0.08125
	],
	"1": [
		0.439453125,
		0.1
	],
	"2": [
		0.81015625,
		0.07152777777777777
	],
	"3": [
		0.690625,
		0.06041666666666667
	],
	"4": [
		0.529296875,
		0.04895833333333333
	],
	"5": [
		0.77265625,
		0.08888888888888889
	],
	"6": [
		0.4455078125,
		0.09027777777777778
	],
	"7": [
		0.7671875,
		0.103125
	],
	"8": [
		0.2208984375,
		0.16701388888888888
	],
	"9": [
		0.6408203125,
		0.03854166666666667
	],
	"10": [
		0.162109375,
		0.19236111111111112
	],
	"11": [
		0.353515625,
		0.11979166666666667
	],
	"12": [
		0.312109375,
		0.13472222222222222
	],
	"13": [
		0.3470703125,
		0.13090277777777778
	],
	"14": [
		0.140625,
		0.1701388888888889
	],
	"15": [
		0.8564453125,
		0.05347222222222222
	],
	"16": [
		0.81953125,
		0.04895833333333333
	],
	"17": [
		0.3076171875,
		0.14652777777777778
	],
	"18": [
		0.290234375,
		0.159375
	],
	"19": [
		0.1728515625,
		0.18090277777777777
	],
	"20": [
		0.2876953125,
		0.12743055555555555
	],
	"21": [
		0.291796875,
		0.14652777777777778
	],
	"22": [
		0.9322265625,
		0.06388888888888888
	],
	"23": [
		0.1474609375,
		0.9541666666666667
	],
	"24": [
		0.753515625,
		0.09479166666666666
	],
	"25": [
		0.140625,
		0.209375
	],
	"26": [
		0.1689453125,
		0.9600694444444444
	],
	"27": [
		0.41875,
		0.11701388888888889
	],
	"28": [
		0.76640625,
		0.08784722222222222
	],
	"29": [
		0.2072265625,
		0.17569444444444443
	],
	"30": [
		0.469140625,
		0.08541666666666667
	],
	"31": [
		0.933203125,
		0.05590277777777778
	],
	"32": [
		0.9326171875,
		0.06979166666666667
	],
	"33": [
		0.4201171875,
		0.09861111111111111
	],
	"34": [
		0.2962890625,
		0.11180555555555556
	],
	"35": [
		0.6701171875,
		0.040625
	],
	"36": [
		0.1478515625,
		0.9538194444444444
	],
	"37": [
		0.158203125,
		0.1638888888888889
	],
	"38": [
		0.6828125,
		0.3388888888888889
	],
	"39": [
		0.8197265625,
		0.05625
	],
	"40": [
		0.3263671875,
		0.13923611111111112
	],
	"41": [
		0.1888671875,
		0.18472222222222223
	],
	"42": [
		0.22734375,
		0.1736111111111111
	],
	"43": [
		0.76015625,
		0.07291666666666667
	],
	"44": [
		0.8029296875,
		0.10208333333333333
	],
	"45": [
		0.2912109375,
		0.13159722222222223
	],
	"46": [
		0.6822265625,
		0.3645833333333333
	],
	"47": [
		0.1869140625,
		0.5881944444444445
	],
	"48": [
		0.6828125,
		0.3388888888888889
	],
	"49": [
		0.48515625,
		0.075
	],
	"50": [
		0.1947265625,
		0.1875
	],
	"51": [
		0.2947265625,
		0.12395833333333334
	],
	"52": [
		0.6822265625,
		0.33958333333333335
	],
	"53": [
		0.7162109375,
		0.057291666666666664
	],
	"54": [
		0.7892578125,
		0.21979166666666666
	],
	"55": [
		0.2224609375,
		0.18333333333333332
	],
	"56": [
		0.149609375,
		0.16909722222222223
	],
	"57": [
		0.77109375,
		0.0763888888888889
	],
	"58": [
		0.4234375,
		0.10729166666666666
	],
	"59": [
		0.1447265625,
		0.19270833333333334
	],
	"60": [
		0.2287109375,
		0.1795138888888889
	],
	"61": [
		0.1982421875,
		0.17256944444444444
	],
	"62": [
		0.2951171875,
		0.1527777777777778
	],
	"63": [
		0.4900390625,
		0.08923611111111111
	],
	"64": [
		0.15,
		0.20416666666666666
	],
	"65": [
		0.686328125,
		0.3572916666666667
	],
	"66": [
		0.3373046875,
		0.128125
	],
	"67": [
		0.7474609375,
		0.07881944444444444
	],
	"68": [
		0.2052734375,
		0.18333333333333332
	],
	"69": [
		0.1802734375,
		0.5934027777777777
	],
	"70": [
		0.145703125,
		0.17847222222222223
	],
	"71": [
		0.22890625,
		0.16527777777777777
	],
	"72": [
		0.451171875,
		0.09444444444444444
	],
	"73": [
		0.7755859375,
		0.09513888888888888
	],
	"74": [
		0.670703125,
		0.04895833333333333
	],
	"75": [
		0.743359375,
		0.04652777777777778
	],
	"76": [
		0.7568359375,
		0.08090277777777778
	],
	"77": [
		0.85546875,
		0.06041666666666667
	],
	"78": [
		0.7564453125,
		0.07743055555555556
	],
	"79": [
		0.334375,
		0.14027777777777778
	],
	"80": [
		0.7513671875,
		0.06597222222222222
	],
	"81": [
		0.464453125,
		0.08263888888888889
	],
	"82": [
		0.6857421875,
		0.3524305555555556
	],
	"83": [
		0.555078125,
		0.05451388888888889
	],
	"84": [
		0.4654296875,
		0.09340277777777778
	],
	"85": [
		0.803125,
		0.096875
	],
	"86": [
		0.6560546875,
		0.30833333333333335
	],
	"87": [
		0.48515625,
		0.08923611111111111
	],
	"88": [
		0.1818359375,
		0.1951388888888889
	],
	"89": [
		0.3427734375,
		0.13680555555555557
	],
	"90": [
		0.4908203125,
		0.07534722222222222
	],
	"91": [
		0.3021484375,
		0.12152777777777778
	],
	"92": [
		0.1201171875,
		0.27743055555555557
	],
	"93": [
		0.4544921875,
		0.09722222222222222
	],
	"94": [
		0.22109375,
		0.1795138888888889
	],
	"95": [
		0.79609375,
		0.10451388888888889
	],
	"96": [
		0.1810546875,
		0.17743055555555556
	],
	"97": [
		0.178515625,
		0.19791666666666666
	],
	"98": [
		0.7796875,
		0.06736111111111111
	],
	"99": [
		0.641015625,
		0.043055555555555555
	],
	"100": [
		0.707421875,
		0.05138888888888889
	],
	"101": [
		0.362109375,
		0.13194444444444445
	],
	"102": [
		0.22890625,
		0.12986111111111112
	],
	"103": [
		0.173046875,
		0.19652777777777777
	],
	"104": [
		0.223046875,
		0.1798611111111111
	],
	"105": [
		0.2138671875,
		0.1840277777777778
	],
	"106": [
		0.3255859375,
		0.14479166666666668
	],
	"107": [
		0.767578125,
		0.08506944444444445
	],
	"108": [
		0.751953125,
		0.09930555555555555
	],
	"109": [
		0.3494140625,
		0.26284722222222223
	],
	"110": [
		0.484375,
		0.07083333333333333
	],
	"111": [
		0.166015625,
		0.19826388888888888
	],
	"112": [
		0.36328125,
		0.11840277777777777
	],
	"113": [
		0.4509765625,
		0.42604166666666665
	],
	"114": [
		0.18359375,
		0.1684027777777778
	],
	"115": [
		0.017578125,
		0.5767361111111111
	],
	"116": [
		0.7998046875,
		0.1
	],
	"117": [
		0.5791015625,
		0.08819444444444445
	],
	"118": [
		0.8029296875,
		0.09131944444444444
	],
	"119": [
		0.2177734375,
		0.15659722222222222
	],
	"120": [
		0.44375,
		0.10243055555555555
	],
	"121": [
		0.1720703125,
		0.17083333333333334
	],
	"122": [
		0.775390625,
		0.10451388888888889
	],
	"123": [
		0.2267578125,
		0.5631944444444444
	],
	"124": [
		0.662109375,
		0.03888888888888889
	],
	"125": [
		0.308984375,
		0.15138888888888888
	],
	"126": [
		0.350390625,
		0.11354166666666667
	],
	"127": [
		0.6134765625,
		0.044097222222222225
	],
	"128": [
		0.4412109375,
		0.10520833333333333
	],
	"129": [
		0.2255859375,
		0.1527777777777778
	],
	"130": [
		0.8556640625,
		0.05798611111111111
	],
	"131": [
		0.443359375,
		0.08194444444444444
	],
	"132": [
		0.05390625,
		0.40069444444444446
	],
	"133": [
		0.3591796875,
		0.13472222222222222
	],
	"134": [
		0.9685546875,
		0.06597222222222222
	],
	"135": [
		0.2255859375,
		0.1607638888888889
	],
	"136": [
		0.1890625,
		0.16805555555555557
	],
	"137": [
		0.31015625,
		0.12881944444444443
	],
	"138": [
		0.7892578125,
		0.09895833333333333
	],
	"139": [
		0.356640625,
		0.13402777777777777
	],
	"140": [
		0.641015625,
		0.044444444444444446
	],
	"141": [
		0.53828125,
		0.05590277777777778
	],
	"142": [
		0.439453125,
		0.43472222222222223
	],
	"143": [
		0.7669921875,
		0.08402777777777778
	],
	"144": [
		0.7630859375,
		0.0642361111111111
	],
	"145": [
		0.3591796875,
		0.11215277777777778
	],
	"146": [
		0.584375,
		0.04791666666666667
	],
	"147": [
		0.320703125,
		0.12743055555555555
	],
	"148": [
		0.491015625,
		0.06666666666666667
	],
	"149": [
		0.0716796875,
		0.3927083333333333
	],
	"150": [
		0.8869140625,
		0.04583333333333333
	],
	"151": [
		0.3052734375,
		0.11354166666666667
	],
	"152": [
		0.77265625,
		0.09722222222222222
	],
	"153": [
		0.312890625,
		0.10694444444444444
	],
	"154": [
		0.2869140625,
		0.12048611111111111
	],
	"155": [
		0.1958984375,
		0.16597222222222222
	],
	"156": [
		0.2177734375,
		0.12986111111111112
	],
	"157": [
		0.4494140625,
		0.1
	],
	"158": [
		0.4646484375,
		0.07534722222222222
	],
	"159": [
		0.45078125,
		0.07916666666666666
	],
	"160": [
		0.2162109375,
		0.24375
	],
	"161": [
		0.200390625,
		0.14131944444444444
	],