{
	"SixYardNorthForwardEast": [
		0.6615168539325843,
		0.4103699603284436
	],
	"SixYardNorthForwardWest": [
		0.22456961020688407,
		0.6206883250026776
	],
	"EighteenYardNorthRearEast": [
		0.6975309146541583,
		0.2808777787413192
	],
	"EighteenYardNorthForwardWest": [
		0.40730337078651685,
		0.8974997693514162
	],
	"SixYardNorthRearEast": [
		0.47191011235955055,
		0.39560845096411107
	]
}