{
	"0": [
		0.5015625,
		0.11944444444444445
	],
	"1": [
		0.4453125,
		0.18888888888888888
	],
	"2": [
		0.3921875,
		0.325
	],
	"3": [
		0.334375,
		0.35
	],
	"4": [
		0.55625,
		0.16944444444444445
	],
	"5": [
		0.6140625,
		0.18611111111111112
	],
	"6": [
		0.446875,
		0.45555555555555555
	],
	"7": [
		0.3890625,
		0.4388888888888889
	],
	"8": [
		0.725,
		0.4388888888888889
	],
	"9": [
		0.6671875,
		0.45555555555555555
	],
	"10": [
		0.7796875,
		0.41388888888888886
	],
	"11": [
		0.7234375,
		0.44166666666666665
	],
	"12": [
		0.725,
		0.33055555555555555
	],
	"13": [
		0.6671875,
		0.31666666666666665
	],
	"14": [
		0.446875,
		0.31666666666666665
	],
	"15": [
		0.3890625,
		0.3277777777777778
	],
	"16": [
		0.334375,
		0.41388888888888886
	],
	"17": [
		0.390625,
		0.4388888888888889
	],
	"18": [
		0.946875,
		0.8916666666666667
	],
	"19": [
		0.8890625,
		0.8861111111111111
	],
	"20": [
		0.55625,
		0.2
	],
	"21": [
		0.5546875,
		0.30277777777777776
	],
	"22": [
		0.5546875,
		0.3
	],
	"23": [
		0.55625,
		0.4027777777777778
	],
	"24": [
		0.5546875,
		0.4
	],
	"25": [
		0.55625,
		0.5027777777777778
	],
	"26": [
		0.553125,
		0.7
	],
	"27": [
		0.5546875,
		0.8027777777777778
	],
	"28": [
		0.446875,
		0.8722222222222222
	],
	"29": [
		0.3890625,
		0.875
	],
	"30": [
		0.8359375,
		0.8861111111111111
	],
	"31": [
		0.778125,
		0.8833333333333333
	],
	"32": [
		0.3359375,
		0.8722222222222222
	],
	"33": [
		0.278125,
		0.8722222222222222
	],
	"34": [
		0.725,
		0.8805555555555555
	],
	"35": [
		0.6671875,
		0.8805555555555555
	],
	"36": [
		0.7796875,
		0.35
	],
	"37": [
		0.7234375,
		0.33055555555555555
	],
	"38": [
		0.778125,
		0.1638888888888889
	],
	"39": [
		0.8328125,
		0.19166666666666668
	],
	"40": [
		0.5015625,
		0.46111111111111114
	],
	"41": [
		0.4453125,
		0.4527777777777778
	],
	"42": [
		0.66875,
		0.4527777777777778
	],
	"43": [
		0.6125,
		0.46111111111111114
	],
	"44": [
		0.66875,
		0.18888888888888888
	],
	"45": [
		0.6125,
		0.18611111111111112
	],
	"46": [
		0.725,
		0.19166666666666668
	],
	"47": [
		0.66875,
		0.18888888888888888
	],
	"48": [
		0.390625,
		0.875
	],
	"49": [
		0.334375,
		0.8722222222222222
	],
	"50": [
		0.5015625,
		0.875
	],
	"51": [
		0.4453125,
		0.8722222222222222
	],
	"52": [
		0.5171875,
		0.2
	],
	"53": [
		0.5546875,
		0.2722222222222222
	],
	"54": [
		0.66875,
		0.31666666666666665
	],
	"55": [
		0.6140625,
		0.3138888888888889
	],
	"56": [
		1,
		0.8944444444444445
	],
	"57": [
		0.9453125,
		0.8916666666666667
	],
	"58": [
		0.0578125,
		0.18055555555555555
	],
	"59": [
		0.00625,
		0.18333333333333332
	],
	"60": [
		0.553125,
		0.6138888888888889
	],
	"61": [
		0.55625,
		0.7027777777777777
	],
	"62": [
		0.559375,
		0.16666666666666666
	],
	"63": [
		0.5171875,
		0.2
	],
	"64": [
		0.309375,
		0.4
	],
	"65": [
		0.315625,
		0.48055555555555557
	],
	"66": [
		0.3328125,
		0.10555555555555556
	],
	"67": [
		0.2875,
		0.10833333333333334
	],
	"68": [
		0.1921875,
		0.4166666666666667
	],
	"69": [
		0.225,
		0.46944444444444444
	],
	"70": [
		0.5546875,
		0.7972222222222223
	],
	"71": [
		0.5484375,
		0.875
	],
	"72": [
		0.1,
		0.875
	],
	"73": [
		0.05625,
		0.8777777777777778
	],
	"74": [
		0.55625,
		0.2
	],
	"75": [
		0.51875,
		0.23055555555555557
	],
	"76": [
		0.71875,
		0.5444444444444444
	],
	"77": [
		0.678125,
		0.5527777777777778
	],
	"78": [
		0.559375,
		0.16666666666666666
	],
	"79": [
		0.51875,
		0.16944444444444445
	],
	"80": [
		0.215625,
		0.4
	],
	"81": [
		0.2015625,
		0.4666666666666667
	],
	"82": [
		0.215625,
		0.4
	],
	"83": [
		0.221875,
		0.46944444444444444
	],
	"84": [
		0.55625,
		0.18888888888888888
	],
	"85": [
		0.5171875,
		0.19444444444444445
	],
	"86": [
		0.9609375,
		0.9222222222222223
	],
	"87": [
		1,
		0.9277777777777778
	],
	"88": [
		0.6328125,
		0.1638888888888889
	],
	"89": [
		0.66875,
		0.18888888888888888
	],
	"90": [
		0.65,
		0.16666666666666666
	],
	"91": [
		0.6125,
		0.17222222222222222
	],
	"92": [
		0.55625,
		0.21944444444444444
	],
	"93": [
		0.51875,
		0.225
	],
	"94": [
		0.2046875,
		0.4027777777777778
	],
	"95": [
		0.20625,
		0.46944444444444444
	],
	"96": [
		0.09375,
		0.18055555555555555
	],
	"97": [
		0.05625,
		0.18055555555555555
	],
	"98": [
		0.2234375,
		0.4027777777777778
	],
	"99": [
		0.1921875,
		0.4388888888888889
	],
	"100": [
		0.3265625,
		0.40555555555555556
	],
	"101": [
		0.3015625,
		0.4527777777777778
	],
	"102": [
		0.6375,
		0.6555555555555556
	],
	"103": [
		0.6640625,
		0.7
	],
	"104": [
		0.1609375,
		0.9055555555555556
	],
	"105": [
		0.125,
		0.9055555555555556
	],
	"106": [
		0.778125,
		0.3472222222222222
	],
	"107": [
		0.7703125,
		0.4083333333333333
	],
	"108": [
		0.040625,
		0.18888888888888888
	],
	"109": [
		0.0078125,
		0.16666666666666666
	],
	"110": [
		0.4328125,
		0.15555555555555556
	],
	"111": [
		0.3984375,
		0.16666666666666666
	],
	"112": [
		0.8109375,
		0.9194444444444444
	],
	"113": [
		0.7765625,
		0.9111111111111111
	],
	"114": [
		0.553125,
		0.5
	],
	"115": [
		0.55625,
		0.5611111111111111
	],
	"116": [
		0.16875,
		0.875
	],
	"117": [
		0.134375,
		0.875
	],
	"118": [
		0.3015625,
		0.4305555555555556
	],
	"119": [
		0.31875,
		0.48333333333333334
	],
	"120": [
		0.696875,
		0.5388888888888889
	],
	"121": [
		0.7203125,
		0.5833333333333334
	],
	"122": [
		0.225,
		0.4305555555555556
	],
	"123": [
		0.1921875,
		0.4166666666666667
	],
	"124": [
		0.3140625,
		0.3055555555555556
	],
	"125": [
		0.3359375,
		0.35
	],
	"126": [
		0.6984375,
		0.4722222222222222
	],
	"127": [
		0.6671875,
		0.4527777777777778
	],
	"128": [
		0.5,
		0.1
	],
	"129": [
		0.4859375,
		0.1527777777777778
	],
	"130": [
		0.1921875,
		0.4166666666666667
	],
	"131": [
		0.20625,
		0.46944444444444444
	],
	"132": [
		0.690625,
		0.5416666666666666
	],
	"133": [
		0.7203125,
		0.5666666666666667
	],
	"134": [
		0.55625,
		0.24722222222222223
	],
	"135": [
		0.5234375,
		0.24722222222222223
	],
	"136": [
		0.540625,
		0.2
	],
	"137": [
		0.5234375,
		0.24722222222222223
	],
	"138": [
		0.7078125,
		0.4444444444444444
	],
	"139": [
		0.68125,
		0.475
	],
	"140": [
		0.2171875,
		0.18888888888888888
	],
	"141": [
		0.1859375,
		0.19444444444444445
	],
	"142": [
		0.5953125,
		0.16666666666666666
	],
	"143": [
		0.5703125,
		0.2
	],
	"144": [
		0.1984375,
		0.875
	],
	"145": [
		0.1671875,
		0.875
	],
	"146": [
		0.225,
		0.4305555555555556
	],
	"147": [
		0.2015625,
		0.4666666666666667
	],
	"148": [
		0.7734375,
		0.3972222222222222
	],
	"149": [
		0.75,
		0.43333333333333335
	],
	"150": [
		0.8,
		0.3861111111111111
	],
	"151": [
		0.778125,
		0.3472222222222222
	],
	"152": [
		0.709375,
		0.5444444444444444
	],
	"153": [
		0.721875,
		0.5944444444444444
	],
	"154": [
		0.340625,
		0.2972222222222222
	],
	"155": [
		0.334375,
		0.35
	],
	"156": [
		0.76875,
		0.3472222222222222
	],
	"157": [
		0.7796875,
		0.3972222222222222
	],
	"158": [
		0.5,
		0.14444444444444443
	],
	"159": [
		0.4703125,
		0.14722222222222223
	],
	"160": [
		0.540625,
		0.2
	],
	"161": [
		0.5421875,
		0.25277777777777777
	],
	"162": [
		0.2796875,
		0.8722222222222222
	],
	"163": [
		0.25,
		0.8722222222222222
	],
	"164": [
		0.253125,
		0.9055555555555556
	],
	"165": [
		0.2234375,
		0.9055555555555556
	],
	"166": [
		0.30625,
		0.9027777777777778
	],
	"167": [
		0.3359375,
		0.9027777777777778
	],
	"168": [
		0.4734375,
		0.11388888888888889
	],
	"169": [
		0.496875,
		0.14444444444444443
	],
	"170": [
		0.334375,
		0.35
	],
	"171": [
		0.3109375,
		0.38055555555555554
	],
	"172": [
		0.2484375,
		0.10833333333333334
	],
	"173": [
		0.2296875,
		0.14722222222222223
	],
	"174": [
		0.6546875,
		0.7
	],
	"175": [
		0.66875,
		0.7444444444444445
	],
	"176": [
		0.4453125,
		0.7833333333333333
	],
	"177": [
		0.41875,
		0.7666666666666667
	],
	"178": [
		0.0578125,
		0.8777777777777778
	],
	"179": [
		0.0296875,
		0.8777777777777778
	],
	"180": [
		0.51875,
		0.16944444444444445
	],
	"181": [
		0.540625,
		0.2
	],