{
	"0": [
		0.778125,
		0.21666666666666667
	],
	"1": [
		0.81875,
		0.2972222222222222
	],
	"2": [
		0.5609375,
		0.3
	],
	"3": [
		0.5578125,
		0.40555555555555556
	],
	"4": [
		0.81875,
		0.2
	],
	"5": [
		0.80625,
		0.30277777777777776
	],
	"6": [
		0.828125,
		0.2
	],
	"7": [
		0.7890625,
		0.2777777777777778
	],
	"8": [
		0.446875,
		0.3416666666666667
	],
	"9": [
		0.3890625,
		0.35555555555555557
	],
	"10": [
		0.725,
		0.35555555555555557
	],
	"11": [
		0.6671875,
		0.3416666666666667
	],
	"12": [
		0.446875,
		0.48333333333333334
	],
	"13": [
		0.3890625,
		0.46944444444444444
	],
	"14": [
		0.725,
		0.4722222222222222
	],
	"15": [
		0.6671875,
		0.48333333333333334
	],
	"16": [
		0.390625,
		0.46944444444444444
	],
	"17": [
		0.334375,
		0.4444444444444444
	],
	"18": [
		0.7796875,
		0.45
	],
	"19": [
		0.7234375,
		0.475
	],
	"20": [
		0.5578125,
		0.5
	],
	"21": [
		0.5609375,
		0.6027777777777777
	],
	"22": [
		0.5578125,
		0.6
	],
	"23": [
		0.5609375,
		0.7027777777777777
	],
	"24": [
		0.5609375,
		0.7
	],
	"25": [
		0.5578125,
		0.8027777777777778
	],
	"26": [
		0.5609375,
		0.8
	],
	"27": [
		0.5578125,
		0.9027777777777778
	],
	"28": [
		0.946875,
		0.9361111111111111
	],
	"29": [
		0.8890625,
		0.9305555555555556
	],
	"30": [
		0.6140625,
		0.19444444444444445
	],
	"31": [
		0.55625,
		0.19166666666666668
	],
	"32": [
		0.8359375,
		0.21388888888888888
	],
	"33": [
		0.778125,
		0.21666666666666667
	],
	"34": [
		0.559375,
		0.4
	],
	"35": [
		0.5578125,
		0.5027777777777778
	],
	"36": [
		0.5578125,
		0.9138888888888889
	],
	"37": [
		0.5,
		0.9166666666666666
	],
	"38": [
		0.1140625,
		0.13055555555555556
	],
	"39": [
		0.05625,
		0.13055555555555556
	],
	"40": [
		0.390625,
		0.3527777777777778
	],
	"41": [
		0.334375,
		0.375
	],
	"42": [
		0.81875,
		0.30277777777777776
	],
	"43": [
		0.778125,
		0.375
	],
	"44": [
		0.7796875,
		0.375
	],
	"45": [
		0.7234375,
		0.35555555555555557
	],
	"46": [
		0.4453125,
		0.48333333333333334
	],
	"47": [
		0.5015625,
		0.49166666666666664
	],
	"48": [
		0.66875,
		0.48333333333333334
	],
	"49": [
		0.6125,
		0.49166666666666664
	],
	"50": [
		0.66875,
		0.3416666666666667
	],
	"51": [
		0.6125,
		0.33611111111111114
	],
	"52": [
		0.4453125,
		0.21388888888888888
	],
	"53": [
		0.3890625,
		0.21666666666666667
	],
	"54": [
		0.7796875,
		0.21666666666666667
	],
	"55": [
		0.7234375,
		0.21388888888888888
	],
	"56": [
		0.6140625,
		0.4888888888888889
	],
	"57": [
		0.5578125,
		0.49166666666666664
	],
	"58": [
		0.66875,
		0.19166666666666668
	],
	"59": [
		0.6125,
		0.19166666666666668
	],
	"60": [
		0.890625,
		0.9305555555555556
	],
	"61": [
		0.834375,
		0.9305555555555556
	],
	"62": [
		0.5203125,
		0.19444444444444445
	],
	"63": [
		0.559375,
		0.2638888888888889
	],
	"64": [
		0.3390625,
		0.13333333333333333
	],
	"65": [
		0.284375,
		0.13055555555555556
	],
	"66": [
		0.5,
		0.13333333333333333
	],
	"67": [
		0.4609375,
		0.2
	],
	"68": [
		0.9984375,
		0.9388888888888889
	],
	"69": [
		0.9453125,
		0.9361111111111111
	],
	"70": [
		0.7953125,
		0.21388888888888888
	],
	"71": [
		0.81875,
		0.2972222222222222
	],
	"72": [
		0.5953125,
		0.20277777777777778
	],
	"73": [
		0.559375,
		0.26944444444444443
	],
	"74": [
		0.7234375,
		0.7055555555555556
	],
	"75": [
		0.6859375,
		0.7694444444444445
	],
	"76": [
		0.5609375,
		0.2111111111111111
	],
	"77": [
		0.559375,
		0.30277777777777776
	],
	"78": [
		0.7796875,
		0.9277777777777778
	],
	"79": [
		0.728125,
		0.925
	],
	"80": [
		0.559375,
		0.2111111111111111
	],
	"81": [
		0.5203125,
		0.26944444444444443
	],
	"82": [
		0.4453125,
		0.1111111111111111
	],
	"83": [
		0.4828125,
		0.17222222222222222
	],
	"84": [
		0.225,
		0.9166666666666666
	],
	"85": [
		0.175,
		0.9166666666666666
	],
	"86": [
		0.103125,
		0.43333333333333335
	],
	"87": [
		0.06875,
		0.49722222222222223
	],
	"88": [
		0.7859375,
		0.21666666666666667
	],
	"89": [
		0.7984375,
		0.3
	],
	"90": [
		0.0578125,
		0.9194444444444444
	],
	"91": [
		0.009375,
		0.9222222222222223
	],
	"92": [
		0.0578125,
		0.20277777777777778
	],
	"93": [
		0.0109375,
		0.20555555555555555
	],
	"94": [
		0.828125,
		0.9611111111111111
	],
	"95": [
		0.7828125,
		0.9583333333333334
	],
	"96": [
		0.6015625,
		0.9194444444444444
	],
	"97": [
		0.55625,
		0.9194444444444444
	],
	"98": [
		0.66875,
		0.9222222222222223
	],
	"99": [
		0.6234375,
		0.9222222222222223
	],
	"100": [
		0.6046875,
		0.33055555555555555
	],
	"101": [
		0.5828125,
		0.4
	],
	"102": [
		0.5421875,
		0.19722222222222222
	],
	"103": [
		0.5234375,
		0.26944444444444443
	],
	"104": [
		0.0875,
		0.425
	],
	"105": [
		0.06875,
		0.49722222222222223
	],
	"106": [
		0.2234375,
		0.4083333333333333
	],
	"107": [
		0.2296875,
		0.4861111111111111
	],
	"108": [
		0.3359375,
		0.9166666666666666
	],
	"109": [
		0.2921875,
		0.9166666666666666
	],
	"110": [
		0.5203125,
		0.20555555555555555
	],
	"111": [
		0.559375,
		0.2388888888888889
	],
	"112": [
		0.5203125,
		0.19444444444444445
	],
	"113": [
		0.5296875,
		0.26944444444444443
	],
	"114": [
		0.5328125,
		0.19444444444444445
	],
	"115": [
		0.5421875,
		0.26944444444444443
	],
	"116": [
		0.0828125,
		0.425
	],
	"117": [
		0.0921875,
		0.5
	],
	"118": [
		0.1703125,
		0.7138888888888889
	],
	"119": [
		0.1921875,
		0.7777777777777778
	],
	"120": [
		0.5203125,
		0.19444444444444445
	],
	"121": [
		0.559375,
		0.21666666666666667
	],
	"122": [
		0.809375,
		0.4027777777777778
	],
	"123": [
		0.7796875,
		0.4527777777777778
	],
	"124": [
		0.0703125,
		0.4361111111111111
	],
	"125": [
		0.0890625,
		0.5
	],
	"126": [
		0.559375,
		0.21388888888888888
	],
	"127": [
		0.5203125,
		0.23055555555555557
	],
	"128": [
		0.221875,
		0.13333333333333333
	],
	"129": [
		0.1953125,
		0.18611111111111112
	],
	"130": [
		0.546875,
		0.19444444444444445
	],
	"131": [
		0.5203125,
		0.24722222222222223
	],
	"132": [
		0.7046875,
		0.7055555555555556
	],
	"133": [
		0.6890625,
		0.7694444444444445
	],
	"134": [
		0.0578125,
		0.18055555555555555
	],
	"135": [
		0.01875,
		0.17777777777777778
	],
	"136": [
		0.70625,
		0.9222222222222223
	],
	"137": [
		0.6671875,
		0.9222222222222223
	],
	"138": [
		0.321875,
		0.10833333333333334
	],
	"139": [
		0.296875,
		0.16111111111111112
	],
	"140": [
		0.584375,
		0.5
	],
	"141": [
		0.5578125,
		0.55
	],
	"142": [
		0.359375,
		0.6
	],
	"143": [
		0.3421875,
		0.6611111111111111
	],
	"144": [
		0.178125,
		0.7111111111111111
	],
	"145": [
		0.1859375,
		0.7777777777777778
	],
	"146": [
		0.590625,
		0.49166666666666664
	],
	"147": [
		0.5578125,
		0.525
	],
	"148": [
		0.5578125,
		0.18888888888888888
	],
	"149": [
		0.5203125,
		0.19444444444444445
	],
	"150": [
		0.559375,
		0.2111111111111111
	],
	"151": [
		0.584375,
		0.2611111111111111
	],
	"152": [
		0.5984375,
		0.33055555555555555
	],
	"153": [
		0.5953125,
		0.3972222222222222
	],
	"154": [
		0.4109375,
		0.18055555555555555
	],
	"155": [
		0.446875,
		0.19722222222222222
	],
	"156": [
		0.103125,
		0.4388888888888889
	],
	"157": [
		0.06875,
		0.4638888888888889
	],
	"158": [
		0.309375,
		0.40555555555555556
	],
	"159": [
		0.3375,
		0.44722222222222224
	],
	"160": [
		0.0703125,
		0.4361111111111111
	],
	"161": [
		0.0734375,
		0.5
	],
	"162": [
		0.7203125,
		0.7111111111111111
	],
	"163": [
		0.6859375,
		0.7305555555555555
	],
	"164": [
		0.153125,
		0.95
	],
	"165": [
		0.1171875,
		0.9527777777777777
	],
	"166": [
		0.0578125,
		0.9527777777777777
	],
	"167": [
		0.021875,
		0.9527777777777777
	],
	"168": [
		0.809375,
		0.4027777777777778
	],
	"169": [
		0.778125,
		0.375
	],
	"170": [
		0.5578125,
		0.5
	],
	"171": [
		0.5796875,
		0.5472222222222223
	],
	"172": [
		0.3375,
		0.37222222222222223
	],
	"173": [
		0.309375,
		0.40555555555555556
	],
	"174": [
		0.0703125,
		0.44166666666666665
	],
	"175": [
		0.103125,
		0.45555555555555555
	],
	"176": [
		0.5,
		0.16111111111111112
	],
	"177": [
		0.4671875,
		0.17222222222222222
	],