{
	"EighteenYardNorthForwardEast": [
		0.393646408839779,
		0.21979310633664195
	],
	"PenaltyCircleNorthEast": [
		0.292817679558011,
		0.28144239226033424
	]
}