{
	"0": [
		0.784375,
		0.20833333333333334
	],
	"1": [
		0.8359375,
		0.2916666666666667
	],
	"2": [
		0.559375,
		0.48055555555555557
	],
	"3": [
		0.5,
		0.46944444444444444
	],
	"4": [
		0.8359375,
		0.38333333333333336
	],
	"5": [
		0.778125,
		0.3611111111111111
	],
	"6": [
		0.8359375,
		0.4527777777777778
	],
	"7": [
		0.778125,
		0.475
	],
	"8": [
		0.725,
		0.8833333333333333
	],
	"9": [
		0.6671875,
		0.8777777777777778
	],
	"10": [
		0.7796875,
		0.8861111111111111
	],
	"11": [
		0.721875,
		0.8805555555555555
	],
	"12": [
		0.8359375,
		0.8916666666666667
	],
	"13": [
		0.778125,
		0.8861111111111111
	],
	"14": [
		0.725,
		0.2111111111111111
	],
	"15": [
		0.6671875,
		0.21388888888888888
	],
	"16": [
		0.634375,
		0.4
	],
	"17": [
		0.6328125,
		0.5027777777777778
	],
	"18": [
		0.725,
		0.48333333333333334
	],
	"19": [
		0.6671875,
		0.4861111111111111
	],
	"20": [
		0.225,
		0.8611111111111112
	],
	"21": [
		0.1671875,
		0.8638888888888889
	],
	"22": [
		0.446875,
		0.8694444444444445
	],
	"23": [
		0.3890625,
		0.8666666666666667
	],
	"24": [
		0.66875,
		0.8777777777777778
	],
	"25": [
		0.6109375,
		0.875
	],
	"26": [
		0.946875,
		0.8972222222222223
	],
	"27": [
		0.8890625,
		0.8944444444444445
	],
	"28": [
		0.634375,
		0.3
	],
	"29": [
		0.634375,
		0.4027777777777778
	],
	"30": [
		0.55625,
		0.2111111111111111
	],
	"31": [
		0.5,
		0.23333333333333334
	],
	"32": [
		0.4453125,
		0.45
	],
	"33": [
		0.5015625,
		0.4722222222222222
	],
	"34": [
		0.6171875,
		0.2111111111111111
	],
	"35": [
		0.659375,
		0.28055555555555556
	],
	"36": [
		0.5015625,
		0.3527777777777778
	],
	"37": [
		0.4453125,
		0.36944444444444446
	],
	"38": [
		0.7796875,
		0.3611111111111111
	],
	"39": [
		0.7234375,
		0.35
	],
	"40": [
		0.7796875,
		0.4722222222222222
	],
	"41": [
		0.7234375,
		0.48333333333333334
	],
	"42": [
		0.890625,
		0.8944444444444445
	],
	"43": [
		0.834375,
		0.8888888888888888
	],
	"44": [
		0.66875,
		0.21388888888888888
	],
	"45": [
		0.6125,
		0.2111111111111111
	],
	"46": [
		0.16875,
		0.8611111111111112
	],
	"47": [
		0.1125,
		0.8638888888888889
	],
	"48": [
		0.2796875,
		0.8638888888888889
	],
	"49": [
		0.2234375,
		0.8611111111111112
	],
	"50": [
		0.390625,
		0.8666666666666667
	],
	"51": [
		0.334375,
		0.8666666666666667
	],
	"52": [
		0.5,
		0.2
	],
	"53": [
		0.553125,
		0.22777777777777777
	],
	"54": [
		0.6421875,
		0.20833333333333334
	],
	"55": [
		0.634375,
		0.30277777777777776
	],
	"56": [
		0.153125,
		0.12222222222222222
	],
	"57": [
		0.1125,
		0.18333333333333332
	],
	"58": [
		0.6671875,
		0.21388888888888888
	],
	"59": [
		0.6328125,
		0.2861111111111111
	],
	"60": [
		0.63125,
		0.2111111111111111
	],
	"61": [
		0.64375,
		0.30277777777777776
	],
	"62": [
		0.45,
		0.36666666666666664
	],
	"63": [
		0.40625,
		0.40555555555555556
	],
	"64": [
		0.40625,
		0.4083333333333333
	],
	"65": [
		0.446875,
		0.4527777777777778
	],
	"66": [
		0.5453125,
		0.3472222222222222
	],
	"67": [
		0.5,
		0.3527777777777778
	],
	"68": [
		0.634375,
		0.8
	],
	"69": [
		0.628125,
		0.8777777777777778
	],
	"70": [
		0.046875,
		0.8638888888888889
	],
	"71": [
		0.003125,
		0.8611111111111112
	],
	"72": [
		0.16875,
		0.225
	],
	"73": [
		0.125,
		0.225
	],
	"74": [
		0.9875,
		0.9
	],
	"75": [
		0.9453125,
		0.8972222222222223
	],
	"76": [
		0.1640625,
		0.4305555555555556
	],
	"77": [
		0.153125,
		0.5027777777777778
	],
	"78": [
		0.1671875,
		0.4305555555555556
	],
	"79": [
		0.175,
		0.5027777777777778
	],
	"80": [
		0.3328125,
		0.13333333333333333
	],
	"81": [
		0.353125,
		0.19722222222222222
	],
	"82": [
		0.6125,
		0.2111111111111111
	],
	"83": [
		0.5875,
		0.26944444444444443
	],
	"84": [
		0.7796875,
		0.1361111111111111
	],
	"85": [
		0.80625,
		0.19166666666666668
	],
	"86": [
		0.20625,
		0.21666666666666667
	],
	"87": [
		0.1671875,
		0.225
	],
	"88": [
		0.878125,
		0.925
	],
	"89": [
		0.8390625,
		0.9194444444444444
	],
	"90": [
		0.6125,
		0.33611111111111114
	],
	"91": [
		0.59375,
		0.3972222222222222
	],
	"92": [
		0.59375,
		0.4861111111111111
	],
	"93": [
		0.55625,
		0.475
	],
	"94": [
		0.334375,
		0.225
	],
	"95": [
		0.296875,
		0.23055555555555557
	],
	"96": [
		0.5890625,
		0.225
	],
	"97": [
		0.6140625,
		0.275
	],
	"98": [
		0.6125,
		0.2111111111111111
	],
	"99": [
		0.6015625,
		0.275
	],
	"100": [
		0.6,
		0.2111111111111111
	],
	"101": [
		0.6109375,
		0.275
	],
	"102": [
		0.609375,
		0.33611111111111114
	],
	"103": [
		0.6109375,
		0.4027777777777778
	],
	"104": [
		0.865625,
		0.41944444444444445
	],
	"105": [
		0.834375,
		0.45555555555555555
	],
	"106": [
		0.1515625,
		0.44166666666666665
	],
	"107": [
		0.16875,
		0.5
	],
	"108": [
		0.103125,
		0.125
	],
	"109": [
		0.1109375,
		0.18888888888888888
	],
	"110": [
		0.528125,
		0.1361111111111111
	],
	"111": [
		0.55625,
		0.17777777777777778
	],
	"112": [
		0.66875,
		0.4861111111111111
	],
	"113": [
		0.6328125,
		0.4888888888888889
	],
	"114": [
		0.8203125,
		0.2361111111111111
	],
	"115": [
		0.784375,
		0.2361111111111111
	],
	"116": [
		0.559375,
		0.44722222222222224
	],
	"117": [
		0.56875,
		0.5083333333333333
	],
	"118": [
		0.646875,
		0.15833333333333333
	],
	"119": [
		0.6140625,
		0.18055555555555555
	],
	"120": [
		0.3171875,
		0.3
	],
	"121": [
		0.3328125,
		0.35555555555555557
	],
	"122": [
		0.3609375,
		0.13333333333333333
	],
	"123": [
		0.390625,
		0.16111111111111112
	],
	"124": [
		0.334375,
		0.2972222222222222
	],
	"125": [
		0.31875,
		0.35
	],
	"126": [
		0.834375,
		0.3333333333333333
	],
	"127": [
		0.809375,
		0.37222222222222223
	],
	"128": [
		0.34375,
		0.3
	],
	"129": [
		0.3328125,
		0.35555555555555557
	],
	"130": [
		0.6140625,
		0.22777777777777777
	],
	"131": [
		0.584375,
		0.25277777777777777
	],
	"132": [
		0.1234375,
		0.1361111111111111
	],
	"133": [
		0.1109375,
		0.18888888888888888
	],
	"134": [
		0.6578125,
		0.2611111111111111
	],
	"135": [
		0.634375,
		0.3
	],
	"136": [
		0.3359375,
		0.3
	],
	"137": [
		0.3390625,
		0.35555555555555557
	],
	"138": [
		0.321875,
		0.3
	],
	"139": [
		0.3203125,
		0.35555555555555557
	],
	"140": [
		0.115625,
		0.8611111111111112
	],
	"141": [
		0.084375,
		0.8638888888888889
	],
	"142": [
		0.265625,
		0.8944444444444445
	],
	"143": [
		0.234375,
		0.8916666666666667
	],
	"144": [
		0.6140625,
		0.2638888888888889
	],
	"145": [
		0.584375,
		0.24722222222222223
	],
	"146": [
		0.090625,
		0.1527777777777778
	],
	"147": [
		0.1140625,
		0.18888888888888888
	],
	"148": [
		0.3109375,
		0.6027777777777777
	],
	"149": [
		0.2875,
		0.6388888888888888
	],
	"150": [
		0.3640625,
		0.13333333333333333
	],
	"151": [
		0.3421875,
		0.17222222222222222
	],
	"152": [
		0.628125,
		0.14444444444444443
	],
	"153": [
		0.6125,
		0.19166666666666668
	],
	"154": [
		0.2890625,
		0.4388888888888889
	],
	"155": [
		0.3046875,
		0.4861111111111111
	],
	"156": [
		0.8625,
		0.40555555555555556
	],
	"157": [
		0.834375,
		0.38333333333333336
	],
	"158": [
		0.3046875,
		0.5972222222222222
	],
	"159": [
		0.3171875,
		0.6472222222222223
	],
	"160": [
		0.0921875,
		0.14444444444444443
	],
	"161": [
		0.1171875,
		0.175
	],
	"162": [
		0.84375,
		0.3
	],
	"163": [
		0.8328125,
		0.35
	],
	"164": [
		0.80625,
		0.15555555555555556
	],
	"165": [
		0.7765625,
		0.1638888888888889
	],
	"166": [
		0.6140625,
		0.2388888888888889
	],
	"167": [
		0.584375,
		0.23055555555555557
	],
	"168": [
		0.55625,
		0.8722222222222222
	],
	"169": [
		0.5859375,
		0.875
	],
	"170": [
		0.5859375,
		0.22777777777777777
	],
	"171": [
		0.5984375,
		0.275
	],
	"172": [
		0.5796875,
		0.15833333333333333
	],
	"173": [
		0.6015625,
		0.19166666666666668
	],
	"174": [
		0.7515625,
		0.725
	],
	"175": [
		0.7296875,
		0.7583333333333333
	],
	"176": [
		0.7296875,
		0.725
	],
	"177": [
		0.7515625,
		0.7583333333333333
	],
	"178": [
		0.196875,
		0.12777777777777777
	],
	"179": [
		0.19375,
		0.17777777777777778
	],
	"180": [
		0.1453125,
		0.125
	],