{
	"CornerNorthWest": [
		0.06741573033707865,
		0.11235762610259485
	],
	"CornerNorthEast": [
		0.9157303370786517,
		0.0876937569581228
	],
	"CornerSouthEast": [
		0.9185393258426966,
		0.9235248779652308
	],
	"CornerSouthWest": [
		0.07443820224719101,
		0.9043418686306415
	]
}