{
	"0": [
		0.55,
		0.04201388888888889
	],
	"1": [
		0.3859375,
		0.03958333333333333
	],
	"2": [
		0.7224609375,
		0.05
	],
	"3": [
		0.6626953125,
		0.05173611111111111
	],
	"4": [
		0.2681640625,
		0.036458333333333336
	],
	"5": [
		0.4685546875,
		0.043055555555555555
	],
	"6": [
		0.9203125,
		0.06388888888888888
	],
	"7": [
		0.4615234375,
		0.03194444444444444
	],
	"8": [
		0.407421875,
		0.03958333333333333
	],
	"9": [
		0.091796875,
		0.09513888888888888
	],
	"10": [
		0.626953125,
		0.03888888888888889
	],
	"11": [
		0.3029296875,
		0.09618055555555556
	],
	"12": [
		0.6345703125,
		0.05173611111111111
	],
	"13": [
		0.901171875,
		0.06840277777777778
	],
	"14": [
		0.5416015625,
		0.03576388888888889
	],
	"15": [
		0.3263671875,
		0.033680555555555554
	],
	"16": [
		0.490625,
		0.04479166666666667
	],
	"17": [
		0.663671875,
		0.042708333333333334
	],
	"18": [
		0.7525390625,
		0.052083333333333336
	],
	"19": [
		0.7525390625,
		0.052083333333333336
	],
	"20": [
		0.66953125,
		0.040625
	],
	"21": [
		0.8205078125,
		0.06215277777777778
	],
	"22": [
		0.8435546875,
		0.06111111111111111
	],
	"23": [
		0.8974609375,
		0.049652777777777775
	],
	"24": [
		0.7134765625,
		0.041666666666666664
	],
	"25": [
		0.2947265625,
		0.10138888888888889
	],
	"26": [
		0.3037109375,
		0.03298611111111111
	],
	"27": [
		0.5833984375,
		0.03784722222222222
	],
	"28": [
		0.6310546875,
		0.05625
	],
	"29": [
		0.5736328125,
		0.04826388888888889
	],
	"30": [
		0.7548828125,
		0.044097222222222225
	],
	"31": [
		0.496875,
		0.03333333333333333
	],
	"32": [
		0.7162109375,
		0.057291666666666664
	],
	"33": [
		0.1095703125,
		0.10243055555555555
	],
	"34": [
		0.11015625,
		0.10034722222222223
	],
	"35": [
		0.6310546875,
		0.06354166666666666
	],
	"36": [
		0.691796875,
		0.03333333333333333
	],
	"37": [
		0.3064453125,
		0.03854166666666667
	],
	"38": [
		0.8478515625,
		0.041666666666666664
	],
	"39": [
		0.5451171875,
		0.05659722222222222
	],
	"40": [
		0.8984375,
		0.050694444444444445
	],
	"41": [
		0.8048828125,
		0.04027777777777778
	],
	"42": [
		0.463671875,
		0.04861111111111111
	],
	"43": [
		0.807421875,
		0.06875
	],
	"44": [
		0.271484375,
		0.03680555555555556
	],
	"45": [
		0.2384765625,
		0.10798611111111112
	],
	"46": [
		0.378125,
		0.03923611111111111
	],
	"47": [
		0.05078125,
		0.0920138888888889
	],
	"48": [
		0.8974609375,
		0.049652777777777775
	],
	"49": [
		0.461328125,
		0.046875
	],
	"50": [
		0.6314453125,
		0.058680555555555555
	],
	"51": [
		0.583984375,
		0.05451388888888889
	],
	"52": [
		0.718359375,
		0.0625
	],
	"53": [
		0.850390625,
		0.06145833333333333
	],
	"54": [
		0.805078125,
		0.04791666666666667
	],
	"55": [
		0.8048828125,
		0.050347222222222224
	],
	"56": [
		0.7513671875,
		0.050347222222222224
	],
	"57": [
		0.572265625,
		0.03923611111111111
	],
	"58": [
		0.9015625,
		0.06840277777777778
	],
	"59": [
		0.8080078125,
		0.06076388888888889
	],
	"60": [
		0.634375,
		0.05763888888888889
	],
	"61": [
		0.6708984375,
		0.059375
	],
	"62": [
		0.30625,
		0.033680555555555554
	],
	"63": [
		0.631640625,
		0.043402777777777776
	],
	"64": [
		0.4849609375,
		0.033680555555555554
	],
	"65": [
		0.5462890625,
		0.05520833333333333
	],
	"66": [
		0.0931640625,
		0.09513888888888888
	],
	"67": [
		0.293359375,
		0.10451388888888889
	],
	"68": [
		0.5005859375,
		0.04722222222222222
	],
	"69": [
		0.807421875,
		0.06840277777777778
	],
	"70": [
		0.8439453125,
		0.05416666666666667
	],
	"71": [
		0.898828125,
		0.050347222222222224
	],
	"72": [
		0.7330078125,
		0.9375
	],
	"73": [
		0.631640625,
		0.05555555555555555
	],
	"74": [
		0.851953125,
		0.9572916666666667
	],
	"75": [
		0.2140625,
		0.10520833333333333
	],
	"76": [
		0.7189453125,
		0.06388888888888888
	],
	"77": [
		0.290625,
		0.040625
	],
	"78": [
		0.7587890625,
		0.06458333333333334
	],
	"79": [
		0.3080078125,
		0.03611111111111111
	],
	"80": [
		0.3017578125,
		0.10173611111111111
	],
	"81": [
		0.740625,
		0.06284722222222222
	],
	"82": [
		0.8486328125,
		0.06458333333333334
	],
	"83": [
		0.829296875,
		0.06701388888888889
	],
	"84": [
		0.548828125,
		0.03958333333333333
	],
	"85": [
		0.1095703125,
		0.096875
	],
	"86": [
		0.419140625,
		0.04513888888888889
	],
	"87": [
		0.88828125,
		0.03090277777777778
	],
	"88": [
		0.184375,
		0.846875
	],
	"89": [
		0.8080078125,
		0.06111111111111111
	],
	"90": [
		0.85234375,
		0.9600694444444444
	],
	"91": [
		0.798828125,
		0.9493055555555555
	],
	"92": [
		0.3833984375,
		0.043402777777777776
	],
	"93": [
		0.8197265625,
		0.9548611111111112
	],
	"94": [
		0.7154296875,
		0.04618055555555556
	],
	"95": [
		0.9275390625,
		0.06631944444444444
	],
	"96": [
		0.46484375,
		0.050347222222222224
	],
	"97": [
		0.38125,
		0.03611111111111111
	],
	"98": [
		0.8923828125,
		0.9659722222222222
	],
	"99": [
		0.2974609375,
		0.10347222222222222
	],
	"100": [
		0.383203125,
		0.04027777777777778
	],
	"101": [
		0.33828125,
		0.03854166666666667
	],
	"102": [
		0.4634765625,
		0.043055555555555555
	],
	"103": [
		0.5451171875,
		0.04722222222222222
	],
	"104": [
		0.04609375,
		0.090625
	],
	"105": [
		0.105078125,
		0.8888888888888888
	],
	"106": [
		0.6705078125,
		0.059375
	],
	"107": [
		0.546875,
		0.044097222222222225
	],
	"108": [
		0.8884765625,
		0.9663194444444444
	],
	"109": [
		0.1431640625,
		0.10416666666666667
	],
	"110": [
		0.673046875,
		0.06111111111111111
	],
	"111": [
		0.2966796875,
		0.10138888888888889
	],
	"112": [
		0.0830078125,
		0.09513888888888888
	],
	"113": [
		0.548828125,
		0.052083333333333336
	],
	"114": [
		0.6517578125,
		0.05798611111111111
	],
	"115": [
		0.1775390625,
		0.8454861111111112
	],
	"116": [
		0.718359375,
		0.05590277777777778
	],
	"117": [
		0.382421875,
		0.04097222222222222
	],
	"118": [
		0.4685546875,
		0.043402777777777776
	],
	"119": [
		0.7671875,
		0.9444444444444444
	],
	"120": [
		0.88828125,
		0.03125
	],
	"121": [
		0.0962890625,
		0.10173611111111111
	],
	"122": [
		0.9056640625,
		0.05138888888888889
	],
	"123": [
		0.1087890625,
		0.10347222222222222
	],
	"124": [
		0.141015625,
		0.10520833333333333
	],
	"125": [
		0.718359375,
		0.05625
	],
	"126": [
		0.8306640625,
		0.050694444444444445
	],
	"127": [
		0.296875,
		0.04618055555555556
	],
	"128": [
		0.758984375,
		0.0642361111111111
	],
	"129": [
		0.9279296875,
		0.05243055555555556
	],
	"130": [
		0.2990234375,
		0.10277777777777777
	],
	"131": [
		0.3861328125,
		0.041666666666666664
	],
	"132": [
		0.50078125,
		0.050347222222222224
	],
	"133": [
		0.3091796875,
		0.034722222222222224
	],
	"134": [
		0.4630859375,
		0.04236111111111111
	],
	"135": [
		0.7529296875,
		0.06284722222222222
	],
	"136": [
		0.147265625,
		0.8413194444444444
	],
	"137": [
		0.109765625,
		0.103125
	],
	"138": [
		0.553125,
		0.05243055555555556
	],
	"139": [
		0.8126953125,
		0.04826388888888889
	],
	"140": [
		0.0443359375,
		0.08854166666666667
	],
	"141": [
		0.2953125,
		0.10138888888888889
	],
	"142": [
		0.4193359375,
		0.04583333333333333
	],
	"143": [
		0.181640625,
		0.8451388888888889
	],
	"144": [
		0.1095703125,
		0.096875
	],
	"145": [
		0.2173828125,
		0.10659722222222222
	],
	"146": [
		0.7607421875,
		0.0375
	],
	"147": [
		0.064453125,
		0.9305555555555556
	],
	"148": [
		0.109375,
		0.10069444444444445
	],
	"149": [
		0.5248046875,
		0.9003472222222222
	],
	"150": [
		0.226953125,
		0.8541666666666666
	],
	"151": [
		0.4001953125,
		0.8805555555555555
	],
	"152": [
		0.276953125,
		0.24097222222222223
	],
	"153": [
		0.72265625,
		0.044444444444444446
	],
	"154": [
		0.6681640625,
		0.034027777777777775
	],
	"155": [
		0.3390625,
		0.04131944444444444
	],
	"156": [
		0.8451171875,
		0.06631944444444444
	],
	"157": [
		0.9,
		0.06979166666666667
	],
	"158": [
		0.578125,
		0.05520833333333333
	],
	"159": [
		0.7521484375,
		0.059027777777777776
	],
	"160": [
		0.8244140625,
		0.049305555555555554
	],
	"161": [
		0.3017578125,
		0.05486111111111111
	],