{
	"PenaltySpotNorth": [
		0.091875,
		0.3263338432299634
	],
	"SixYardNorthForwardEast": [
		0.073125,
		0.2581004032818801
	],
	"EighteenYardNorthRearEast": [
		0.09410112359550561,
		0.18494785777107678
	],
	"EighteenYardNorthForwardEast": [
		0.39325842696629215,
		0.21979310633664195
	],
	"PenaltyCircleNorthEast": [
		0.30337078651685395,
		0.2868031997319596
	],
	"PenaltyCircleNorthWest": [
		0.14185393258426968,
		0.38061733048540436
	],
	"CornerNorthEast": [
		0.20646067415730338,
		0.13938099426226075
	]
}