{
	"0": [
		0.5078125,
		0.19444444444444445
	],
	"1": [
		0.5578125,
		0.2916666666666667
	],
	"2": [
		0.4984375,
		0.13055555555555556
	],
	"3": [
		0.4453125,
		0.19722222222222222
	],
	"4": [
		0.49375,
		0.11666666666666667
	],
	"5": [
		0.45,
		0.2
	],
	"6": [
		0.8125,
		0.2
	],
	"7": [
		0.7984375,
		0.30833333333333335
	],
	"8": [
		0.55625,
		0.125
	],
	"9": [
		0.5109375,
		0.2
	],
	"10": [
		0.478125,
		0.1111111111111111
	],
	"11": [
		0.446875,
		0.20277777777777778
	],
	"12": [
		0.3921875,
		0.3472222222222222
	],
	"13": [
		0.334375,
		0.36666666666666664
	],
	"14": [
		0.784375,
		0.2111111111111111
	],
	"15": [
		0.8125,
		0.30277777777777776
	],
	"16": [
		0.825,
		0.20277777777777778
	],
	"17": [
		0.784375,
		0.2777777777777778
	],
	"18": [
		0.7796875,
		0.4444444444444444
	],
	"19": [
		0.7234375,
		0.4722222222222222
	],
	"20": [
		0.725,
		0.35555555555555557
	],
	"21": [
		0.6671875,
		0.3416666666666667
	],
	"22": [
		0.446875,
		0.4861111111111111
	],
	"23": [
		0.3890625,
		0.4722222222222222
	],
	"24": [
		0.725,
		0.46944444444444444
	],
	"25": [
		0.6671875,
		0.48333333333333334
	],
	"26": [
		0.446875,
		0.3388888888888889
	],
	"27": [
		0.3890625,
		0.35
	],
	"28": [
		0.7796875,
		0.38055555555555554
	],
	"29": [
		0.7234375,
		0.35555555555555557
	],
	"30": [
		0.334375,
		0.45
	],
	"31": [
		0.390625,
		0.475
	],
	"32": [
		0.5515625,
		0.5
	],
	"33": [
		0.5484375,
		0.6027777777777777
	],
	"34": [
		0.5484375,
		0.6
	],
	"35": [
		0.5515625,
		0.7027777777777777
	],
	"36": [
		0.559375,
		0.18611111111111112
	],
	"37": [
		0.5015625,
		0.18888888888888888
	],
	"38": [
		0.5578125,
		0.925
	],
	"39": [
		0.5,
		0.9222222222222223
	],
	"40": [
		0.946875,
		0.9388888888888889
	],
	"41": [
		0.8890625,
		0.9361111111111111
	],
	"42": [
		0.6140625,
		0.18888888888888888
	],
	"43": [
		0.55625,
		0.18888888888888888
	],
	"44": [
		0.55,
		0.20555555555555555
	],
	"45": [
		0.55,
		0.30833333333333335
	],
	"46": [
		0.8359375,
		0.2111111111111111
	],
	"47": [
		0.778125,
		0.2111111111111111
	],
	"48": [
		0.225,
		0.9222222222222223
	],
	"49": [
		0.1671875,
		0.9222222222222223
	],
	"50": [
		0.3359375,
		0.9222222222222223
	],
	"51": [
		0.278125,
		0.9222222222222223
	],
	"52": [
		0.6140625,
		0.925
	],
	"53": [
		0.55625,
		0.925
	],
	"54": [
		0.4453125,
		0.48333333333333334
	],
	"55": [
		0.5015625,
		0.49166666666666664
	],
	"56": [
		0.66875,
		0.3416666666666667
	],
	"57": [
		0.6125,
		0.33611111111111114
	],
	"58": [
		0.66875,
		0.48333333333333334
	],
	"59": [
		0.6125,
		0.4888888888888889
	],
	"60": [
		0.0578125,
		0.925
	],
	"61": [
		0.0015625,
		0.9305555555555556
	],
	"62": [
		0.6125,
		0.33611111111111114
	],
	"63": [
		0.55625,
		0.3333333333333333
	],
	"64": [
		0.5484375,
		0.7
	],
	"65": [
		0.55,
		0.8
	],
	"66": [
		0.66875,
		0.9277777777777778
	],
	"67": [
		0.6125,
		0.925
	],
	"68": [
		0.834375,
		0.9333333333333333
	],
	"69": [
		0.778125,
		0.9305555555555556
	],
	"70": [
		0.5203125,
		0.2
	],
	"71": [
		0.5578125,
		0.2722222222222222
	],
	"72": [
		0.5078125,
		0.20555555555555555
	],
	"73": [
		0.55625,
		0.25277777777777777
	],
	"74": [
		0.8171875,
		0.3111111111111111
	],
	"75": [
		0.778125,
		0.38055555555555554
	],
	"76": [
		0.4984375,
		0.1361111111111111
	],
	"77": [
		0.44375,
		0.14166666666666666
	],
	"78": [
		1,
		0.9416666666666667
	],
	"79": [
		0.9453125,
		0.9388888888888889
	],
	"80": [
		0.3328125,
		0.13055555555555556
	],
	"81": [
		0.278125,
		0.13055555555555556
	],
	"82": [
		0.721875,
		0.9277777777777778
	],
	"83": [
		0.6671875,
		0.9277777777777778
	],
	"84": [
		0.8109375,
		0.3
	],
	"85": [
		0.7859375,
		0.3861111111111111
	],
	"86": [
		0.55,
		0.30833333333333335
	],
	"87": [
		0.5515625,
		0.4027777777777778
	],
	"88": [
		0.609375,
		0.3194444444444444
	],
	"89": [
		0.584375,
		0.39444444444444443
	],
	"90": [
		0.0765625,
		0.4222222222222222
	],
	"91": [
		0.0609375,
		0.5027777777777778
	],
	"92": [
		0.825,
		0.20277777777777778
	],
	"93": [
		0.778125,
		0.18611111111111112
	],
	"94": [
		0.659375,
		0.18888888888888888
	],
	"95": [
		0.6125,
		0.18888888888888888
	],
	"96": [
		0.5890625,
		0.13055555555555556
	],
	"97": [
		0.55625,
		0.18888888888888888
	],
	"98": [
		0.3359375,
		0.4527777777777778
	],
	"99": [
		0.296875,
		0.4083333333333333
	],
	"100": [
		0.2203125,
		0.40555555555555556
	],
	"101": [
		0.2140625,
		0.4861111111111111
	],
	"102": [
		0.5015625,
		0.1638888888888889
	],
	"103": [
		0.45625,
		0.15833333333333333
	],
	"104": [
		0.721875,
		0.7166666666666667
	],
	"105": [
		0.6875,
		0.7694444444444445
	],
	"106": [
		0.890625,
		0.9361111111111111
	],
	"107": [
		0.8453125,
		0.9333333333333333
	],
	"108": [
		0.821875,
		0.9666666666666667
	],
	"109": [
		0.778125,
		0.9611111111111111
	],
	"110": [
		0.5515625,
		0.23055555555555557
	],
	"111": [
		0.5078125,
		0.22777777777777777
	],
	"112": [
		0.721875,
		0.7305555555555555
	],
	"113": [
		0.678125,
		0.7305555555555555
	],
	"114": [
		0.8109375,
		0.9305555555555556
	],
	"115": [
		0.7796875,
		0.9805555555555555
	],
	"116": [
		0.3359375,
		0.36666666666666664
	],
	"117": [
		0.2984375,
		0.4
	],
	"118": [
		0.446875,
		0.12777777777777777
	],
	"119": [
		0.4796875,
		0.17222222222222222
	],
	"120": [
		0.0921875,
		0.45
	],
	"121": [
		0.0609375,
		0.49722222222222223
	],
	"122": [
		0.0421875,
		0.9583333333333334
	],
	"123": [
		0.0015625,
		0.9638888888888889
	],
	"124": [
		0.9859375,
		0.2
	],
	"125": [
		0.946875,
		0.20555555555555555
	],
	"126": [
		0.465625,
		0.13055555555555556
	],
	"127": [
		0.5,
		0.1638888888888889
	],
	"128": [
		0.08125,
		0.4305555555555556
	],
	"129": [
		0.0546875,
		0.48055555555555557
	],
	"130": [
		0.2171875,
		0.4083333333333333
	],
	"131": [
		0.225,
		0.475
	],
	"132": [
		0.6125,
		0.3194444444444444
	],
	"133": [
		0.578125,
		0.34444444444444444
	],
	"134": [
		0.8140625,
		0.3
	],
	"135": [
		0.784375,
		0.3388888888888889
	],
	"136": [
		0.0609375,
		0.4444444444444444
	],
	"137": [
		0.0765625,
		0.5027777777777778
	],
	"138": [
		0.66875,
		0.20833333333333334
	],
	"139": [
		0.634375,
		0.19166666666666668
	],
	"140": [
		0.534375,
		0.2
	],
	"141": [
		0.5078125,
		0.2388888888888889
	],
	"142": [
		0.803125,
		0.40555555555555556
	],
	"143": [
		0.778125,
		0.44722222222222224
	],
	"144": [
		0.721875,
		0.7555555555555555
	],
	"145": [
		0.69375,
		0.7222222222222222
	],
	"146": [
		0.590625,
		0.49444444444444446
	],
	"147": [
		0.56875,
		0.5388888888888889
	],
	"148": [
		0.328125,
		0.9638888888888889
	],
	"149": [
		0.2953125,
		0.9555555555555556
	],
	"150": [
		0.49375,
		0.11666666666666667
	],
	"151": [
		0.4828125,
		0.17222222222222222
	],
	"152": [
		0.2265625,
		0.11666666666666667
	],
	"153": [
		0.2359375,
		0.17222222222222222
	],
	"154": [
		0.3546875,
		0.625
	],
	"155": [
		0.378125,
		0.6638888888888889
	],
	"156": [
		0.4234375,
		0.17777777777777778
	],
	"157": [
		0.3921875,
		0.18611111111111112
	],
	"158": [
		0.8203125,
		0.13055555555555556
	],
	"159": [
		0.7890625,
		0.13333333333333333
	],
	"160": [
		0.815625,
		0.325
	],
	"161": [
		0.784375,
		0.3277777777777778
	],
	"162": [
		0.3578125,
		0.10277777777777777
	],
	"163": [
		0.3796875,
		0.14166666666666666
	],
	"164": [
		0.790625,
		0.30277777777777776
	],
	"165": [
		0.8125,
		0.3416666666666667
	],
	"166": [
		0.3890625,
		0.21944444444444444
	],
	"167": [
		0.3609375,
		0.19722222222222222
	],
	"168": [
		0.8109375,
		0.2722222222222222
	],
	"169": [
		0.7859375,
		0.24166666666666667
	],
	"170": [
		0.2265625,
		0.11666666666666667
	],
	"171": [
		0.221875,
		0.16944444444444445
	],
	"172": [
		0.478125,
		0.1111111111111111
	],
	"173": [
		0.4984375,
		0.15
	],
	"174": [
		0.4734375,
		0.11944444444444445
	],
	"175": [
		0.4765625,
		0.17222222222222222
	],
	"176": [
		0.01875,
		0.2
	],
	"177": [
		0.0484375,
		0.20555555555555555
	],
	"178": [
		0.7859375,
		0.31666666666666665
	],