{
	"0": [
		0.7966796875,
		0.19826388888888888
	],
	"1": [
		0.783984375,
		0.20416666666666666
	],
	"2": [
		0.0587890625,
		0.1857638888888889
	],
	"3": [
		0.8560546875,
		0.20347222222222222
	],
	"4": [
		0.2689453125,
		0.18680555555555556
	],
	"5": [
		0.1099609375,
		0.18125
	],
	"6": [
		0.37578125,
		0.18993055555555555
	],
	"7": [
		0.33359375,
		0.18888888888888888
	],
	"8": [
		0.2837890625,
		0.16527777777777777
	],
	"9": [
		0.4009765625,
		0.19166666666666668
	],
	"10": [
		0.533984375,
		0.19305555555555556
	],
	"11": [
		0.52734375,
		0.1996527777777778
	],
	"12": [
		0.8658203125,
		0.19826388888888888
	],
	"13": [
		0.4583984375,
		0.19895833333333332
	],
	"14": [
		0.200390625,
		0.184375
	],
	"15": [
		0.4412109375,
		0.19236111111111112
	],
	"16": [
		0.77265625,
		0.19826388888888888
	],
	"17": [
		0.84140625,
		0.19722222222222222
	],
	"18": [
		0.0673828125,
		0.1795138888888889
	],
	"19": [
		0.257421875,
		0.19270833333333334
	],
	"20": [
		0.1771484375,
		0.18472222222222223
	],
	"21": [
		0.39453125,
		0.196875
	],
	"22": [
		0.3642578125,
		0.17326388888888888
	],
	"23": [
		0.1275390625,
		0.18854166666666666
	],
	"24": [
		0.2484375,
		0.18506944444444445
	],
	"25": [
		0.4673828125,
		0.19375
	],
	"26": [
		0.04296875,
		0.18020833333333333
	],
	"27": [
		0.18828125,
		0.190625
	],
	"28": [
		0.40625,
		0.18368055555555557
	],
	"29": [
		0.912890625,
		0.19722222222222222
	],
	"30": [
		0.329296875,
		0.19756944444444444
	],
	"31": [
		0.2046875,
		0.17777777777777778
	],
	"32": [
		0.3111328125,
		0.190625
	],
	"33": [
		0.8,
		0.18819444444444444
	],
	"34": [
		0.339453125,
		0.1840277777777778
	],
	"35": [
		0.2529296875,
		0.1986111111111111
	],
	"36": [
		0.1986328125,
		0.1798611111111111
	],
	"37": [
		0.4728515625,
		0.19479166666666667
	],
	"38": [
		0.273828125,
		0.18055555555555555
	],
	"39": [
		0.1814453125,
		0.19305555555555556
	],
	"40": [
		0.3783203125,
		0.20208333333333334
	],
	"41": [
		0.073046875,
		0.1798611111111111
	],
	"42": [
		0.1408203125,
		0.18263888888888888
	],
	"43": [
		0.1142578125,
		0.18993055555555555
	],
	"44": [
		0.31328125,
		0.1996527777777778
	],
	"45": [
		0.1341796875,
		0.17673611111111112
	],
	"46": [
		0.26640625,
		0.18194444444444444
	],
	"47": [
		0.53828125,
		0.18715277777777778
	],
	"48": [
		0.5115234375,
		0.20625
	],
	"49": [
		0.776953125,
		0.2076388888888889
	],
	"50": [
		0.1365234375,
		0.18090277777777777
	],
	"51": [
		0.240625,
		0.20034722222222223
	],
	"52": [
		0.6853515625,
		0.17256944444444444
	],
	"53": [
		0.06484375,
		0.17465277777777777
	],
	"54": [
		0.875,
		0.19166666666666668
	],
	"55": [
		0.27421875,
		0.19791666666666666
	],
	"56": [
		0.046484375,
		0.18680555555555556
	],
	"57": [
		0.46328125,
		0.18888888888888888
	],
	"58": [
		0.091015625,
		0.15625
	],
	"59": [
		0.4466796875,
		0.20381944444444444
	],
	"60": [
		0.7591796875,
		0.16944444444444445
	],
	"61": [
		0.8439453125,
		0.21284722222222222
	],
	"62": [
		0.140625,
		0.1954861111111111
	],
	"63": [
		0.5083984375,
		0.1951388888888889
	],
	"64": [
		0.395703125,
		0.18645833333333334
	],
	"65": [
		0.33515625,
		0.1840277777777778
	],
	"66": [
		0.2076171875,
		0.19652777777777777
	],
	"67": [
		0.530078125,
		0.19027777777777777
	],
	"68": [
		0.794921875,
		0.19305555555555556
	],
	"69": [
		0.4064453125,
		0.203125
	],
	"70": [
		0.8046875,
		0.20625
	],
	"71": [
		0.598828125,
		0.18090277777777777
	],
	"72": [
		0.2837890625,
		0.165625
	],
	"73": [
		0.848046875,
		0.203125
	],
	"74": [
		0.3400390625,
		0.2013888888888889
	],
	"75": [
		0.182421875,
		0.17743055555555556
	],
	"76": [
		0.7783203125,
		0.2013888888888889
	],
	"77": [
		0.8748046875,
		0.20833333333333334
	],
	"78": [
		0.255859375,
		0.19375
	],
	"79": [
		0.8654296875,
		0.19236111111111112
	],
	"80": [
		0.8732421875,
		0.20694444444444443
	],
	"81": [
		0.84765625,
		0.20381944444444444
	],
	"82": [
		0.3171875,
		0.18645833333333334
	],
	"83": [
		0.3185546875,
		0.1996527777777778
	],
	"84": [
		0.7779296875,
		0.20520833333333333
	],
	"85": [
		0.5388671875,
		0.203125
	],
	"86": [
		0.47265625,
		0.2048611111111111
	],
	"87": [
		0.0484375,
		0.1875
	],
	"88": [
		0.1154296875,
		0.190625
	],
	"89": [
		0.8462890625,
		0.2076388888888889
	],
	"90": [
		0.5384765625,
		0.20416666666666666
	],
	"91": [
		0.051171875,
		0.16180555555555556
	],
	"92": [
		0.1818359375,
		0.18888888888888888
	],
	"93": [
		0.802734375,
		0.20694444444444443
	],
	"94": [
		0.073828125,
		0.18888888888888888
	],
	"95": [
		0.6447265625,
		0.9479166666666666
	],
	"96": [
		0.907421875,
		0.18541666666666667
	],
	"97": [
		0.38203125,
		0.18645833333333334
	],
	"98": [
		0.7787109375,
		0.1909722222222222
	],
	"99": [
		0.3400390625,
		0.20451388888888888
	],
	"100": [
		0.514453125,
		0.20243055555555556
	],
	"101": [
		0.3806640625,
		0.19791666666666666
	],
	"102": [
		0.181640625,
		0.190625
	],
	"103": [
		0.38046875,
		0.19791666666666666
	],
	"104": [
		0.5779296875,
		0.17326388888888888
	],
	"105": [
		0.0724609375,
		0.1684027777777778
	],
	"106": [
		0.78515625,
		0.20868055555555556
	],
	"107": [
		0.850390625,
		0.19166666666666668
	],
	"108": [
		0.1189453125,
		0.18611111111111112
	],
	"109": [
		0.5125,
		0.19479166666666667
	],
	"110": [
		0.878125,
		0.41631944444444446
	],
	"111": [
		0.4466796875,
		0.20069444444444445
	],
	"112": [
		0.845703125,
		0.19826388888888888
	],
	"113": [
		0.43046875,
		0.39375
	],
	"114": [
		0.1212890625,
		0.17673611111111112
	],
	"115": [
		0.86015625,
		0.20972222222222223
	],
	"116": [
		0.0474609375,
		0.17430555555555555
	],
	"117": [
		0.3146484375,
		0.19444444444444445
	],
	"118": [
		0.3294921875,
		0.20173611111111112
	],
	"119": [
		0.4501953125,
		0.1951388888888889
	],
	"120": [
		0.4064453125,
		0.20520833333333333
	],
	"121": [
		0.877734375,
		0.4048611111111111
	],
	"122": [
		0.430078125,
		0.4048611111111111
	],
	"123": [
		0.2404296875,
		0.17291666666666666
	],
	"124": [
		0.1294921875,
		0.19444444444444445
	],
	"125": [
		0.04609375,
		0.17604166666666668
	],
	"126": [
		0.878515625,
		0.4204861111111111
	],
	"127": [
		0.262890625,
		0.19826388888888888
	],
	"128": [
		0.446875,
		0.19236111111111112
	],
	"129": [
		0.7921875,
		0.1986111111111111
	],
	"130": [
		0.749609375,
		0.190625
	],
	"131": [
		0.25625,
		0.184375
	],
	"132": [
		0.187109375,
		0.428125
	],
	"133": [
		0.0619140625,
		0.18958333333333333
	],
	"134": [
		0.8611328125,
		0.19826388888888888
	],
	"135": [
		0.38046875,
		0.1892361111111111
	],
	"136": [
		0.255859375,
		0.19375
	],
	"137": [
		0.0466796875,
		0.1875
	],
	"138": [
		0.43046875,
		0.41458333333333336
	],
	"139": [
		0.4306640625,
		0.41458333333333336
	],
	"140": [
		0.3251953125,
		0.17118055555555556
	],
	"141": [
		0.055078125,
		0.16979166666666667
	],
	"142": [
		0.877734375,
		0.4184027777777778
	],
	"143": [
		0.5275390625,
		0.20555555555555555
	],
	"144": [
		0.4625,
		0.18715277777777778
	],
	"145": [
		0.7779296875,
		0.19444444444444445
	],
	"146": [
		0.87734375,
		0.4079861111111111
	],
	"147": [
		0.5146484375,
		0.19131944444444443
	],
	"148": [
		0.3958984375,
		0.20381944444444444
	],
	"149": [
		0.7228515625,
		0.17118055555555556
	],
	"150": [
		0.4529296875,
		0.1875
	],
	"151": [
		0.5177734375,
		0.20416666666666666
	],
	"152": [
		0.23984375,
		0.17673611111111112
	],
	"153": [
		0.6466796875,
		0.6902777777777778
	],
	"154": [
		0.611328125,
		0.17743055555555556
	],
	"155": [
		0.43046875,
		0.4152777777777778
	],
	"156": [
		0.6513671875,
		0.23541666666666666
	],
	"157": [
		0.2072265625,
		0.19756944444444444
	],
	"158": [
		0.428125,
		0.4010416666666667
	],
	"159": [
		0.0724609375,
		0.19166666666666668
	],
	"160": [
		0.3283203125,
		0.1829861111111111
	],
	"161": [
		0.3140625,
		0.18819444444444444
	],
	"162": [
		0.6416015625,
		0.1829861111111111
	],
	"163": [
		0.5291015625,
		0.1954861111111111
	],
	"164": [
		0.1404296875,
		0.19652777777777777
	],