{
	"0": [
		0.23515625,
		0.15486111111111112
	],
	"1": [
		0.2875,
		0.06180555555555556
	],
	"2": [
		0.3509765625,
		0.16770833333333332
	],
	"3": [
		0.318359375,
		0.16527777777777777
	],
	"4": [
		0.2091796875,
		0.050347222222222224
	],
	"5": [
		0.2923828125,
		0.08715277777777777
	],
	"6": [
		0.5150390625,
		0.17430555555555555
	],
	"7": [
		0.2849609375,
		0.0920138888888889
	],
	"8": [
		0.28984375,
		0.06979166666666667
	],
	"9": [
		0.043359375,
		0.1232638888888889
	],
	"10": [
		0.2853515625,
		0.16354166666666667
	],
	"11": [
		0.2505859375,
		0.10659722222222222
	],
	"12": [
		0.2853515625,
		0.16458333333333333
	],
	"13": [
		0.482421875,
		0.17569444444444443
	],
	"14": [
		0.23515625,
		0.15486111111111112
	],
	"15": [
		0.2462890625,
		0.04652777777777778
	],
	"16": [
		0.2927734375,
		0.08680555555555555
	],
	"17": [
		0.31796875,
		0.1625
	],
	"18": [
		0.383203125,
		0.17048611111111112
	],
	"19": [
		0.383203125,
		0.17048611111111112
	],
	"20": [
		0.31796875,
		0.16145833333333334
	],
	"21": [
		0.448828125,
		0.17291666666666666
	],
	"22": [
		0.4486328125,
		0.17083333333333334
	],
	"23": [
		0.481640625,
		0.16631944444444444
	],
	"24": [
		0.351171875,
		0.16701388888888888
	],
	"25": [
		0.2298828125,
		0.12743055555555555
	],
	"26": [
		0.253515625,
		0.051041666666666666
	],
	"27": [
		0.253515625,
		0.14930555555555555
	],
	"28": [
		0.2857421875,
		0.16631944444444444
	],
	"29": [
		0.253125,
		0.1517361111111111
	],
	"30": [
		0.383203125,
		0.17048611111111112
	],
	"31": [
		0.2943359375,
		0.08541666666666667
	],
	"32": [
		0.351171875,
		0.16805555555555557
	],
	"33": [
		0.0607421875,
		0.12534722222222222
	],
	"34": [
		0.0626953125,
		0.11909722222222222
	],
	"35": [
		0.2859375,
		0.17222222222222222
	],
	"36": [
		0.34765625,
		0.14965277777777777
	],
	"37": [
		0.25,
		0.04861111111111111
	],
	"38": [
		0.4486328125,
		0.17118055555555556
	],
	"39": [
		0.2228515625,
		0.17291666666666666
	],
	"40": [
		0.48828125,
		0.15416666666666667
	],
	"41": [
		0.4162109375,
		0.16284722222222223
	],
	"42": [
		0.2599609375,
		0.10659722222222222
	],
	"43": [
		0.41640625,
		0.17430555555555555
	],
	"44": [
		0.2087890625,
		0.05
	],
	"45": [
		0.1328125,
		0.13923611111111112
	],
	"46": [
		0.2875,
		0.0625
	],
	"47": [
		0.481640625,
		0.16631944444444444
	],
	"48": [
		0.26171875,
		0.10277777777777777
	],
	"49": [
		0.285546875,
		0.16805555555555557
	],
	"50": [
		0.253515625,
		0.14965277777777777
	],
	"51": [
		0.351171875,
		0.16944444444444445
	],
	"52": [
		0.4486328125,
		0.17048611111111112
	],
	"53": [
		0.4158203125,
		0.17083333333333334
	],
	"54": [
		0.4158203125,
		0.17083333333333334
	],
	"55": [
		0.383203125,
		0.17048611111111112
	],
	"56": [
		0.253515625,
		0.14965277777777777
	],
	"57": [
		0.4822265625,
		0.1753472222222222
	],
	"58": [
		0.4158203125,
		0.17118055555555556
	],
	"59": [
		0.2857421875,
		0.16631944444444444
	],
	"60": [
		0.31796875,
		0.16319444444444445
	],
	"61": [
		0.2525390625,
		0.049305555555555554
	],
	"62": [
		0.285546875,
		0.16493055555555555
	],
	"63": [
		0.2951171875,
		0.08611111111111111
	],
	"64": [
		0.2228515625,
		0.171875
	],
	"65": [
		0.0431640625,
		0.12395833333333334
	],
	"66": [
		0.2943359375,
		0.08611111111111111
	],
	"67": [
		0.41640625,
		0.1736111111111111
	],
	"68": [
		0.4486328125,
		0.1701388888888889
	],
	"69": [
		0.48828125,
		0.15416666666666667
	],
	"70": [
		0.37265625,
		0.8329861111111111
	],
	"71": [
		0.2849609375,
		0.165625
	],
	"72": [
		0.4583984375,
		0.8399305555555555
	],
	"73": [
		0.13125,
		0.12777777777777777
	],
	"74": [
		0.351171875,
		0.16944444444444445
	],
	"75": [
		0.2515625,
		0.052083333333333336
	],
	"76": [
		0.383203125,
		0.17048611111111112
	],
	"77": [
		0.2505859375,
		0.04826388888888889
	],
	"78": [
		0.2298828125,
		0.12743055555555555
	],
	"79": [
		0.383203125,
		0.1736111111111111
	],
	"80": [
		0.4486328125,
		0.17118055555555556
	],
	"81": [
		0.448828125,
		0.17326388888888888
	],
	"82": [
		0.23515625,
		0.15486111111111112
	],
	"83": [
		0.0751953125,
		0.10972222222222222
	],
	"84": [
		0.290625,
		0.06145833333333333
	],
	"85": [
		0.4158203125,
		0.17118055555555556
	],
	"86": [
		0.4458984375,
		0.8395833333333333
	],
	"87": [
		0.4474609375,
		0.8392361111111111
	],
	"88": [
		0.2873046875,
		0.06875
	],
	"89": [
		0.4484375,
		0.8392361111111111
	],
	"90": [
		0.3509765625,
		0.16770833333333332
	],
	"91": [
		0.5150390625,
		0.17395833333333333
	],
	"92": [
		0.2388671875,
		0.12569444444444444
	],
	"93": [
		0.2873046875,
		0.0625
	],
	"94": [
		0.5146484375,
		0.8447916666666667
	],
	"95": [
		0.192578125,
		0.13020833333333334
	],
	"96": [
		0.2876953125,
		0.06354166666666666
	],
	"97": [
		0.266015625,
		0.09861111111111111
	],
	"98": [
		0.2296875,
		0.15625
	],
	"99": [
		0.31796875,
		0.1625
	],
	"100": [
		0.2341796875,
		0.15590277777777778
	],
	"101": [
		0.4814453125,
		0.8416666666666667
	],
	"102": [
		0.078125,
		0.13229166666666667
	],
	"103": [
		0.31796875,
		0.1625
	],
	"104": [
		0.2234375,
		0.13576388888888888
	],
	"105": [
		0.028125,
		0.12361111111111112
	],
	"106": [
		0.2294921875,
		0.15555555555555556
	],
	"107": [
		0.31796875,
		0.16979166666666667
	],
	"108": [
		0.351171875,
		0.1684027777777778
	],
	"109": [
		0.2880859375,
		0.06875
	],
	"110": [
		0.2849609375,
		0.0920138888888889
	],
	"111": [
		0.395703125,
		0.8364583333333333
	],
	"112": [
		0.04140625,
		0.1440972222222222
	],
	"113": [
		0.51484375,
		0.1736111111111111
	],
	"114": [
		0.0541015625,
		0.140625
	],
	"115": [
		0.351171875,
		0.1684027777777778
	],
	"116": [
		0.4486328125,
		0.1701388888888889
	],
	"117": [
		0.2703125,
		0.052083333333333336
	],
	"118": [
		0.383203125,
		0.17048611111111112
	],
	"119": [
		0.5150390625,
		0.17326388888888888
	],
	"120": [
		0.2353515625,
		0.11909722222222222
	],
	"121": [
		0.2880859375,
		0.0642361111111111
	],
	"122": [
		0.29375,
		0.08645833333333333
	],
	"123": [
		0.25,
		0.04791666666666667
	],
	"124": [
		0.2720703125,
		0.09583333333333334
	],
	"125": [
		0.3833984375,
		0.17048611111111112
	],
	"126": [
		0.058984375,
		0.12638888888888888
	],
	"127": [
		0.2333984375,
		0.15555555555555556
	],
	"128": [
		0.4228515625,
		0.1527777777777778
	],
	"129": [
		0.2265625,
		0.13159722222222223
	],
	"130": [
		0.290625,
		0.06145833333333333
	],
	"131": [
		0.0751953125,
		0.10972222222222222
	],
	"132": [
		0.12734375,
		0.1371527777777778
	],
	"133": [
		0.383203125,
		0.17048611111111112
	],
	"134": [
		0.0626953125,
		0.12083333333333333
	],
	"135": [
		0.2392578125,
		0.8229166666666666
	],
	"136": [
		0.1021484375,
		0.8180555555555555
	],
	"137": [
		0.3513671875,
		0.16354166666666667
	],
	"138": [
		0.31796875,
		0.1625
	],
	"139": [
		0.2490234375,
		0.04652777777777778
	],
	"140": [
		0.448828125,
		0.17118055555555556
	],
	"141": [
		0.4818359375,
		0.17465277777777777
	],
	"142": [
		0.2529296875,
		0.15520833333333334
	],
	"143": [
		0.3833984375,
		0.17048611111111112
	],
	"144": [
		0.448828125,
		0.17118055555555556
	],
	"145": [
		0.2828125,
		0.06041666666666667
	],
	"146": [
		0.31796875,
		0.1642361111111111
	],
	"147": [
		0.0482421875,
		0.8395833333333333
	],
	"148": [
		0.5150390625,
		0.17326388888888888
	],
	"149": [
		0.253515625,
		0.14895833333333333
	],
	"150": [
		0.2373046875,
		0.15625
	],
	"151": [
		0.2861328125,
		0.06805555555555555
	],
	"152": [
		0.1251953125,
		0.840625
	],
	"153": [
		0.121875,
		0.20208333333333334
	],
	"154": [
		0.3833984375,
		0.17048611111111112
	],
	"155": [
		0.23515625,
		0.15486111111111112
	],
	"156": [
		0.383203125,
		0.17048611111111112
	],
	"157": [
		0.41640625,
		0.175
	],
	"158": [
		0.2080078125,
		0.04895833333333333
	],
	"159": [
		0.0609375,
		0.12638888888888888
	],
	"160": [
		0.0537109375,
		0.14375
	],
	"161": [
		0.448828125,
		0.17118055555555556
	],
	"162": [
		0.266796875,
		0.09583333333333334
	],