{
	"0": [
		0.8142578125,
		0.1954861111111111
	],
	"1": [
		0.8025390625,
		0.20208333333333334
	],
	"2": [
		0.090234375,
		0.18263888888888888
	],
	"3": [
		0.8734375,
		0.20069444444444445
	],
	"4": [
		0.294140625,
		0.184375
	],
	"5": [
		0.1421875,
		0.1753472222222222
	],
	"6": [
		0.400390625,
		0.18541666666666667
	],
	"7": [
		0.3580078125,
		0.1875
	],
	"8": [
		0.3115234375,
		0.16666666666666666
	],
	"9": [
		0.42421875,
		0.18993055555555555
	],
	"10": [
		0.5541015625,
		0.19305555555555556
	],
	"11": [
		0.5470703125,
		0.19826388888888888
	],
	"12": [
		0.8837890625,
		0.1951388888888889
	],
	"13": [
		0.480078125,
		0.19618055555555555
	],
	"14": [
		0.227734375,
		0.18194444444444444
	],
	"15": [
		0.466015625,
		0.18680555555555556
	],
	"16": [
		0.7921875,
		0.19340277777777778
	],
	"17": [
		0.03203125,
		0.17395833333333333
	],
	"18": [
		0.860546875,
		0.1920138888888889
	],
	"19": [
		0.0990234375,
		0.17881944444444445
	],
	"20": [
		0.2822265625,
		0.18958333333333333
	],
	"21": [
		0.207421875,
		0.17916666666666667
	],
	"22": [
		0.4173828125,
		0.1951388888888889
	],
	"23": [
		0.0236328125,
		0.17743055555555556
	],
	"24": [
		0.3908203125,
		0.16875
	],
	"25": [
		0.1568359375,
		0.1857638888888889
	],
	"26": [
		0.2734375,
		0.18125
	],
	"27": [
		0.4884765625,
		0.19270833333333334
	],
	"28": [
		0.076171875,
		0.17395833333333333
	],
	"29": [
		0.2166015625,
		0.18784722222222222
	],
	"30": [
		0.42890625,
		0.17847222222222223
	],
	"31": [
		0.93203125,
		0.19340277777777778
	],
	"32": [
		0.3533203125,
		0.19444444444444445
	],
	"33": [
		0.233984375,
		0.17569444444444443
	],
	"34": [
		0.3369140625,
		0.184375
	],
	"35": [
		0.819140625,
		0.18680555555555556
	],
	"36": [
		0.3642578125,
		0.178125
	],
	"37": [
		0.0361328125,
		0.16493055555555555
	],
	"38": [
		0.2771484375,
		0.19479166666666667
	],
	"39": [
		0.226953125,
		0.17604166666666668
	],
	"40": [
		0.4953125,
		0.18472222222222223
	],
	"41": [
		0.29921875,
		0.1763888888888889
	],
	"42": [
		0.212109375,
		0.19236111111111112
	],
	"43": [
		0.4029296875,
		0.19826388888888888
	],
	"44": [
		0.1048828125,
		0.171875
	],
	"45": [
		0.1705078125,
		0.17604166666666668
	],
	"46": [
		0.1455078125,
		0.18993055555555555
	],
	"47": [
		0.339453125,
		0.19930555555555557
	],
	"48": [
		0.1638671875,
		0.1753472222222222
	],
	"49": [
		0.2912109375,
		0.17881944444444445
	],
	"50": [
		0.558203125,
		0.184375
	],
	"51": [
		0.5318359375,
		0.20347222222222222
	],
	"52": [
		0.7947265625,
		0.2065972222222222
	],
	"53": [
		0.1662109375,
		0.1798611111111111
	],
	"54": [
		0.2626953125,
		0.19791666666666666
	],
	"55": [
		0.7037109375,
		0.16979166666666667
	],
	"56": [
		0.0966796875,
		0.17222222222222222
	],
	"57": [
		0.8923828125,
		0.18611111111111112
	],
	"58": [
		0.3037109375,
		0.19583333333333333
	],
	"59": [
		0.0791015625,
		0.1857638888888889
	],
	"60": [
		0.48515625,
		0.18506944444444445
	],
	"61": [
		0.1255859375,
		0.1527777777777778
	],
	"62": [
		0.4681640625,
		0.20173611111111112
	],
	"63": [
		0.779296875,
		0.165625
	],
	"64": [
		0.862109375,
		0.20902777777777778
	],
	"65": [
		0.173046875,
		0.19131944444444443
	],
	"66": [
		0.5310546875,
		0.1892361111111111
	],
	"67": [
		0.41953125,
		0.1840277777777778
	],
	"68": [
		0.359375,
		0.18263888888888888
	],
	"69": [
		0.237890625,
		0.19409722222222223
	],
	"70": [
		0.5509765625,
		0.18715277777777778
	],
	"71": [
		0.8130859375,
		0.18993055555555555
	],
	"72": [
		0.43203125,
		0.20069444444444445
	],
	"73": [
		0.8220703125,
		0.20104166666666667
	],
	"74": [
		0.0408203125,
		0.1840277777777778
	],
	"75": [
		0.029296875,
		0.16875
	],
	"76": [
		0.61796875,
		0.17847222222222223
	],
	"77": [
		0.3095703125,
		0.16631944444444444
	],
	"78": [
		0.86796875,
		0.20034722222222223
	],
	"79": [
		0.3681640625,
		0.1996527777777778
	],
	"80": [
		0.2134765625,
		0.17604166666666668
	],
	"81": [
		0.79765625,
		0.2
	],
	"82": [
		0.894140625,
		0.20520833333333333
	],
	"83": [
		0.280078125,
		0.190625
	],
	"84": [
		0.8830078125,
		0.18888888888888888
	],
	"85": [
		0.891015625,
		0.20347222222222222
	],
	"86": [
		0.8677734375,
		0.20104166666666667
	],
	"87": [
		0.34375,
		0.18333333333333332
	],
	"88": [
		0.3451171875,
		0.1951388888888889
	],
	"89": [
		0.02109375,
		0.9694444444444444
	],
	"90": [
		0.01875,
		0.18020833333333333
	],
	"91": [
		0.0173828125,
		0.9652777777777778
	],
	"92": [
		0.798046875,
		0.20381944444444444
	],
	"93": [
		0.5615234375,
		0.1996527777777778
	],
	"94": [
		0.4958984375,
		0.2013888888888889
	],
	"95": [
		0.083984375,
		0.184375
	],
	"96": [
		0.14921875,
		0.18715277777777778
	],
	"97": [
		0.8666015625,
		0.20590277777777777
	],
	"98": [
		0.558203125,
		0.20034722222222223
	],
	"99": [
		0.084765625,
		0.16006944444444443
	],
	"100": [
		0.2126953125,
		0.1875
	],
	"101": [
		0.8201171875,
		0.2048611111111111
	],
	"102": [
		0.10703125,
		0.18472222222222223
	],
	"103": [
		0.6654296875,
		0.9350694444444444
	],
	"104": [
		0.925,
		0.18263888888888888
	],
	"105": [
		0.407421875,
		0.1840277777777778
	],
	"106": [
		0.7984375,
		0.18958333333333333
	],
	"107": [
		0.2099609375,
		0.9673611111111111
	],
	"108": [
		0.3646484375,
		0.19791666666666666
	],
	"109": [
		0.537109375,
		0.2
	],
	"110": [
		0.4076171875,
		0.19618055555555555
	],
	"111": [
		0.212109375,
		0.18958333333333333
	],
	"112": [
		0.4072265625,
		0.19652777777777777
	],
	"113": [
		0.6,
		0.17152777777777778
	],
	"114": [
		0.106640625,
		0.16284722222222223
	],
	"115": [
		0.8029296875,
		0.20694444444444443
	],
	"116": [
		0.8685546875,
		0.18888888888888888
	],
	"117": [
		0.1498046875,
		0.18368055555555557
	],
	"118": [
		0.5333984375,
		0.1920138888888889
	],
	"119": [
		0.8966796875,
		0.4125
	],
	"120": [
		0.4724609375,
		0.19826388888888888
	],
	"121": [
		0.863671875,
		0.1954861111111111
	],
	"122": [
		0.4541015625,
		0.3857638888888889
	],
	"123": [
		0.150390625,
		0.1736111111111111
	],
	"124": [
		0.8779296875,
		0.20625
	],
	"125": [
		0.082421875,
		0.17152777777777778
	],
	"126": [
		0.343359375,
		0.19305555555555556
	],
	"127": [
		0.35390625,
		0.19930555555555557
	],
	"128": [
		0.037109375,
		0.18159722222222222
	],
	"129": [
		0.4724609375,
		0.1920138888888889
	],
	"130": [
		0.4287109375,
		0.19895833333333332
	],
	"131": [
		0.896484375,
		0.39895833333333336
	],
	"132": [
		0.4529296875,
		0.39861111111111114
	],
	"133": [
		0.2654296875,
		0.1701388888888889
	],
	"134": [
		0.159375,
		0.19236111111111112
	],
	"135": [
		0.0791015625,
		0.17430555555555555
	],
	"136": [
		0.8939453125,
		0.42083333333333334
	],
	"137": [
		0.027734375,
		0.184375
	],
	"138": [
		0.2880859375,
		0.1954861111111111
	],
	"139": [
		0.46875,
		0.18958333333333333
	],
	"140": [
		0.809765625,
		0.19583333333333333
	],
	"141": [
		0.770703125,
		0.1892361111111111
	],
	"142": [
		0.28046875,
		0.18090277777777777
	],
	"143": [
		0.2029296875,
		0.41875
	],
	"144": [
		0.09375,
		0.18819444444444444
	],
	"145": [
		0.87890625,
		0.1954861111111111
	],
	"146": [
		0.4041015625,
		0.1875
	],
	"147": [
		0.2798828125,
		0.19027777777777777
	],
	"148": [
		0.08125,
		0.18854166666666666
	],
	"149": [
		0.453515625,
		0.40868055555555555
	],
	"150": [
		0.4541015625,
		0.4079861111111111
	],
	"151": [
		0.349609375,
		0.16805555555555557
	],
	"152": [
		0.0861328125,
		0.16597222222222222
	],
	"153": [
		0.895703125,
		0.4166666666666667
	],
	"154": [
		0.5470703125,
		0.20381944444444444
	],
	"155": [
		0.483203125,
		0.18333333333333332
	],
	"156": [
		0.79609375,
		0.19340277777777778
	],
	"157": [
		0.1771484375,
		0.9690972222222223
	],
	"158": [
		0.896484375,
		0.403125
	],
	"159": [
		0.537109375,
		0.18888888888888888
	],
	"160": [
		0.0357421875,
		0.9666666666666667
	],
	"161": [
		0.41875,
		0.20104166666666667
	],
	"162": [
		0.743359375,
		0.16770833333333332
	],
	"163": [
		0.4740234375,
		0.18472222222222223
	],