{
	"EighteenYardNorthForwardEast": [
		0.38202247191011235,
		0.22437494233785404
	],
	"PenaltyCircleNorthWest": [
		0.12921348314606743,
		0.3926561490912446
	],
	"SixYardNorthForwardEast": [
		0.06741573033707865,
		0.26865947043085153
	],
	"EighteenYardNorthRearEast": [
		0.08286516853932584,
		0.19485192360918904
	]
}