{
	"CornerNorthWest": [
		0.20084269662921347,
		0.1983498764501403
	],
	"CornerNorthEast": [
		0.7148876404494382,
		0.3069281493534298
	],
	"CornerSouthWest": [
		0.28370786516853935,
		0.7853582945931231
	],
	"CornerSouthEast": [
		0.7092696629213483,
		0.835831121007108
	]
}