{
	"0": [
		0.4484375,
		0.45555555555555555
	],
	"1": [
		0.3875,
		0.4222222222222222
	],
	"2": [
		0.446875,
		0.35
	],
	"3": [
		0.3890625,
		0.375
	],
	"4": [
		0.725,
		0.3527777777777778
	],
	"5": [
		0.6671875,
		0.3416666666666667
	],
	"6": [
		0.725,
		0.4583333333333333
	],
	"7": [
		0.6671875,
		0.46944444444444444
	],
	"8": [
		0.5921875,
		0.19166666666666668
	],
	"9": [
		0.5890625,
		0.29444444444444445
	],
	"10": [
		0.5921875,
		0.6
	],
	"11": [
		0.5890625,
		0.7027777777777777
	],
	"12": [
		0.5921875,
		0.7
	],
	"13": [
		0.5890625,
		0.8027777777777778
	],
	"14": [
		0.6140625,
		0.8444444444444444
	],
	"15": [
		0.55625,
		0.8416666666666667
	],
	"16": [
		0.946875,
		0.8611111111111112
	],
	"17": [
		0.8890625,
		0.8583333333333333
	],
	"18": [
		0.8359375,
		0.23333333333333334
	],
	"19": [
		0.778125,
		0.23333333333333334
	],
	"20": [
		0.3359375,
		0.8361111111111111
	],
	"21": [
		0.278125,
		0.8361111111111111
	],
	"22": [
		0.7234375,
		0.35
	],
	"23": [
		0.7796875,
		0.37222222222222223
	],
	"24": [
		0.7796875,
		0.4388888888888889
	],
	"25": [
		0.7234375,
		0.46111111111111114
	],
	"26": [
		0.6015625,
		0.20555555555555555
	],
	"27": [
		0.6125,
		0.3055555555555556
	],
	"28": [
		0.5015625,
		0.4666666666666667
	],
	"29": [
		0.4453125,
		0.4527777777777778
	],
	"30": [
		0.5015625,
		0.225
	],
	"31": [
		0.4453125,
		0.23333333333333334
	],
	"32": [
		0.5015625,
		0.3416666666666667
	],
	"33": [
		0.4453125,
		0.35
	],
	"34": [
		0.390625,
		0.15555555555555556
	],
	"35": [
		0.334375,
		0.1527777777777778
	],
	"36": [
		0.55625,
		0.46944444444444444
	],
	"37": [
		0.5,
		0.4666666666666667
	],
	"38": [
		1,
		0.8666666666666667
	],
	"39": [
		0.9453125,
		0.8611111111111112
	],
	"40": [
		1,
		0.23055555555555557
	],
	"41": [
		0.9453125,
		0.23333333333333334
	],
	"42": [
		0.1671875,
		0.225
	],
	"43": [
		0.1125,
		0.225
	],
	"44": [
		0.3890625,
		0.8388888888888889
	],
	"45": [
		0.334375,
		0.8388888888888889
	],
	"46": [
		0.6109375,
		0.20555555555555555
	],
	"47": [
		0.5890625,
		0.29444444444444445
	],
	"48": [
		0.446875,
		0.35
	],
	"49": [
		0.3953125,
		0.3416666666666667
	],
	"50": [
		0.721875,
		0.85
	],
	"51": [
		0.6703125,
		0.8472222222222222
	],
	"52": [
		0.496875,
		0.8416666666666667
	],
	"53": [
		0.4453125,
		0.8416666666666667
	],
	"54": [
		0.7296875,
		0.20555555555555555
	],
	"55": [
		0.778125,
		0.2361111111111111
	],
	"56": [
		0.8265625,
		0.2222222222222222
	],
	"57": [
		0.7765625,
		0.20555555555555555
	],
	"58": [
		0.578125,
		0.20833333333333334
	],
	"59": [
		0.6140625,
		0.2722222222222222
	],
	"60": [
		0.7796875,
		0.23333333333333334
	],
	"61": [
		0.7296875,
		0.23333333333333334
	],
	"62": [
		0.0671875,
		0.4388888888888889
	],
	"63": [
		0.1015625,
		0.5027777777777778
	],
	"64": [
		0.3390625,
		0.7222222222222222
	],
	"65": [
		0.365625,
		0.7944444444444444
	],
	"66": [
		0.6609375,
		0.8472222222222222
	],
	"67": [
		0.6125,
		0.8444444444444444
	],
	"68": [
		0.890625,
		0.8583333333333333
	],
	"69": [
		0.84375,
		0.8555555555555555
	],
	"70": [
		0.06875,
		0.14722222222222223
	],
	"71": [
		0.1140625,
		0.16111111111111112
	],
	"72": [
		0.29375,
		0.1527777777777778
	],
	"73": [
		0.3296875,
		0.20277777777777778
	],
	"74": [
		0.090625,
		0.12777777777777777
	],
	"75": [
		0.05625,
		0.18055555555555555
	],
	"76": [
		0.7796875,
		0.8527777777777777
	],
	"77": [
		0.734375,
		0.85
	],
	"78": [
		0.3875,
		0.7305555555555555
	],
	"79": [
		0.4125,
		0.7972222222222223
	],
	"80": [
		0.0828125,
		0.4305555555555556
	],
	"81": [
		0.1015625,
		0.5027777777777778
	],
	"82": [
		0.3375,
		0.14444444444444443
	],
	"83": [
		0.371875,
		0.19166666666666668
	],
	"84": [
		0.390625,
		0.30833333333333335
	],
	"85": [
		0.421875,
		0.35833333333333334
	],
	"86": [
		0.390625,
		0.2972222222222222
	],
	"87": [
		0.4046875,
		0.36666666666666664
	],
	"88": [
		0.1015625,
		0.45
	],
	"89": [
		0.075,
		0.5055555555555555
	],
	"90": [
		0.6109375,
		0.20555555555555555
	],
	"91": [
		0.5828125,
		0.25833333333333336
	],
	"92": [
		0.3390625,
		0.7222222222222222
	],
	"93": [
		0.3453125,
		0.7916666666666666
	],
	"94": [
		0.8109375,
		0.4027777777777778
	],
	"95": [
		0.778125,
		0.44166666666666665
	],
	"96": [
		0.825,
		0.8861111111111111
	],
	"97": [
		0.7859375,
		0.8805555555555555
	],
	"98": [
		0.096875,
		0.1388888888888889
	],
	"99": [
		0.0671875,
		0.18333333333333332
	],
	"100": [
		0.41875,
		0.33055555555555555
	],
	"101": [
		0.3890625,
		0.375
	],
	"102": [
		0.81875,
		0.8527777777777777
	],
	"103": [
		0.7890625,
		0.8972222222222223
	],
	"104": [
		0.421875,
		0.8
	],
	"105": [
		0.3890625,
		0.7638888888888888
	],
	"106": [
		0.5234375,
		0.14444444444444443
	],
	"107": [
		0.50625,
		0.20555555555555555
	],
	"108": [
		0.0921875,
		0.4361111111111111
	],
	"109": [
		0.0859375,
		0.5027777777777778
	],
	"110": [
		0.778125,
		0.36944444444444446
	],
	"111": [
		0.8109375,
		0.4027777777777778
	],
	"112": [
		0.1015625,
		0.4666666666666667
	],
	"113": [
		0.0671875,
		0.4388888888888889
	],
	"114": [
		0.85625,
		0.3111111111111111
	],
	"115": [
		0.88125,
		0.3611111111111111
	],
	"116": [
		0.7140625,
		0.6972222222222222
	],
	"117": [
		0.721875,
		0.7611111111111111
	],
	"118": [
		0.54375,
		0.15833333333333333
	],
	"119": [
		0.515625,
		0.2
	],
	"120": [
		0.071875,
		0.5055555555555555
	],
	"121": [
		0.1,
		0.5472222222222223
	],
	"122": [
		0.1015625,
		0.45
	],
	"123": [
		0.0671875,
		0.4722222222222222
	],
	"124": [
		0.3171875,
		0.41388888888888886
	],
	"125": [
		0.3015625,
		0.4722222222222222
	],
	"126": [
		0.5328125,
		0.2
	],
	"127": [
		0.496875,
		0.20833333333333334
	],
	"128": [
		0.03125,
		0.6388888888888888
	],
	"129": [
		0.034375,
		0.7027777777777777
	],
	"130": [
		0.5,
		0.15833333333333333
	],
	"131": [
		0.5296875,
		0.19444444444444445
	],
	"132": [
		0.578125,
		0.20833333333333334
	],
	"133": [
		0.6125,
		0.225
	],
	"134": [
		0.5265625,
		0.14444444444444443
	],
	"135": [
		0.51875,
		0.20555555555555555
	],
	"136": [
		0.853125,
		0.39444444444444443
	],
	"137": [
		0.8453125,
		0.45555555555555555
	],
	"138": [
		0.071875,
		0.12777777777777777
	],
	"139": [
		0.1,
		0.1638888888888889
	],
	"140": [
		0.1015625,
		0.5027777777777778
	],
	"141": [
		0.06875,
		0.5222222222222223
	],
	"142": [
		0.3859375,
		0.1388888888888889
	],
	"143": [
		0.3625,
		0.18333333333333332
	],
	"144": [
		0.3296875,
		0.43333333333333335
	],
	"145": [
		0.3015625,
		0.4666666666666667
	],
	"146": [
		0.071875,
		0.12777777777777777
	],
	"147": [
		0.0875,
		0.18055555555555555
	],
	"148": [
		0.5890625,
		0.5444444444444444
	],
	"149": [
		0.5921875,
		0.6027777777777777
	],
	"150": [
		0.9921875,
		0.8972222222222223
	],
	"151": [
		0.959375,
		0.8916666666666667
	],
	"152": [
		0.584375,
		0.25277777777777777
	],
	"153": [
		0.6140625,
		0.2777777777777778
	],
	"154": [
		0.66875,
		0.46944444444444444
	],
	"155": [
		0.6359375,
		0.4722222222222222
	],
	"156": [
		0.321875,
		0.8666666666666667
	],
	"157": [
		0.2890625,
		0.8666666666666667
	],
	"158": [
		0.5234375,
		0.14444444444444443
	],
	"159": [
		0.5328125,
		0.2
	],
	"160": [
		0.85625,
		0.3
	],
	"161": [
		0.865625,
		0.35555555555555557
	],
	"162": [
		0.1015625,
		0.5027777777777778
	],
	"163": [
		0.08125,
		0.5472222222222223
	],
	"164": [
		0.06875,
		0.5055555555555555
	],
	"165": [
		0.1,
		0.5194444444444445
	],
	"166": [
		0.703125,
		0.55
	],
	"167": [
		0.7109375,
		0.6055555555555555
	],
	"168": [
		0.3046875,
		0.43333333333333335
	],
	"169": [
		0.3328125,
		0.46111111111111114
	],
	"170": [
		0.084375,
		0.4305555555555556
	],
	"171": [
		0.0671875,
		0.4777777777777778
	],
	"172": [
		0.0875,
		0.18055555555555555
	],
	"173": [
		0.05625,
		0.18055555555555555
	],
	"174": [
		0.93125,
		0.15833333333333333
	],
	"175": [
		0.90625,
		0.19166666666666668
	],
	"176": [
		0.465625,
		0.19722222222222222
	],