{
	"CornerNorthWest": [
		0.18679775280898878,
		0.18762826150688947
	],
	"CornerNorthEast": [
		0.8132022471910112,
		0.2412363362231436
	],
	"CornerSouthEast": [
		0.8188202247191011,
		0.887213636554006
	],
	"CornerSouthWest": [
		0.1853932584269663,
		0.849687984252628
	]
}