{
	"CornerNorthWest": [
		0.17696629213483145,
		0.22247351007245467
	],
	"CornerNorthEast": [
		0.7092696629213483,
		0.25463835490220715
	],
	"CornerSouthEast": [
		0.7289325842696629,
		0.8764920216107551
	],
	"CornerSouthWest": [
		0.16713483146067415,
		0.8282447543661264
	]
}