{
	"0": [
		0.7716796875,
		0.19270833333333334
	],
	"1": [
		0.759375,
		0.2013888888888889
	],
	"2": [
		0.8349609375,
		0.20034722222222223
	],
	"3": [
		0.2240234375,
		0.18263888888888888
	],
	"4": [
		0.051953125,
		0.1829861111111111
	],
	"5": [
		0.3357421875,
		0.18680555555555556
	],
	"6": [
		0.29140625,
		0.18229166666666666
	],
	"7": [
		0.2361328125,
		0.15868055555555555
	],
	"8": [
		0.363671875,
		0.18958333333333333
	],
	"9": [
		0.5029296875,
		0.19444444444444445
	],
	"10": [
		0.4953125,
		0.19652777777777777
	],
	"11": [
		0.8443359375,
		0.19236111111111112
	],
	"12": [
		0.4236328125,
		0.1951388888888889
	],
	"13": [
		0.151171875,
		0.17743055555555556
	],
	"14": [
		0.403515625,
		0.19236111111111112
	],
	"15": [
		0.7490234375,
		0.19479166666666667
	],
	"16": [
		0.818359375,
		0.19444444444444445
	],
	"17": [
		0.2119140625,
		0.1892361111111111
	],
	"18": [
		0.124609375,
		0.18541666666666667
	],
	"19": [
		0.355859375,
		0.19270833333333334
	],
	"20": [
		0.3205078125,
		0.17222222222222222
	],
	"21": [
		0.0748046875,
		0.1857638888888889
	],
	"22": [
		0.2056640625,
		0.18125
	],
	"23": [
		0.4318359375,
		0.19409722222222223
	],
	"24": [
		0.1400390625,
		0.18819444444444444
	],
	"25": [
		0.3646484375,
		0.18819444444444444
	],
	"26": [
		0.891015625,
		0.196875
	],
	"27": [
		0.28828125,
		0.19479166666666667
	],
	"28": [
		0.155078125,
		0.18125
	],
	"29": [
		0.267578125,
		0.18611111111111112
	],
	"30": [
		0.7765625,
		0.18611111111111112
	],
	"31": [
		0.2947265625,
		0.18993055555555555
	],
	"32": [
		0.2099609375,
		0.19652777777777777
	],
	"33": [
		0.1494140625,
		0.17395833333333333
	],
	"34": [
		0.4322265625,
		0.190625
	],
	"35": [
		0.2251953125,
		0.18159722222222222
	],
	"36": [
		0.127734375,
		0.1857638888888889
	],
	"37": [
		0.3365234375,
		0.1951388888888889
	],
	"38": [
		0.083984375,
		0.18611111111111112
	],
	"39": [
		0.0560546875,
		0.184375
	],
	"40": [
		0.267578125,
		0.19375
	],
	"41": [
		0.0802734375,
		0.16909722222222223
	],
	"42": [
		0.219140625,
		0.1753472222222222
	],
	"43": [
		0.5025390625,
		0.19375
	],
	"44": [
		0.4755859375,
		0.2
	],
	"45": [
		0.7505859375,
		0.20416666666666666
	],
	"46": [
		0.0833984375,
		0.18125
	],
	"47": [
		0.2001953125,
		0.19618055555555555
	],
	"48": [
		0.65546875,
		0.16666666666666666
	],
	"49": [
		0.8494140625,
		0.1920138888888889
	],
	"50": [
		0.2255859375,
		0.19791666666666666
	],
	"51": [
		0.4275390625,
		0.18194444444444444
	],
	"52": [
		0.03125,
		0.153125
	],
	"53": [
		0.4076171875,
		0.19756944444444444
	],
	"54": [
		0.73203125,
		0.16805555555555557
	],
	"55": [
		0.8212890625,
		0.20798611111111112
	],
	"56": [
		0.0837890625,
		0.19166666666666668
	],
	"57": [
		0.4748046875,
		0.19270833333333334
	],
	"58": [
		0.356640625,
		0.1829861111111111
	],
	"59": [
		0.2947265625,
		0.18993055555555555
	],
	"60": [
		0.1552734375,
		0.19375
	],
	"61": [
		0.497265625,
		0.184375
	],
	"62": [
		0.769921875,
		0.18715277777777778
	],
	"63": [
		0.36484375,
		0.20173611111111112
	],
	"64": [
		0.7755859375,
		0.20277777777777778
	],
	"65": [
		0.5671875,
		0.17916666666666667
	],
	"66": [
		0.2361328125,
		0.15868055555555555
	],
	"67": [
		0.825390625,
		0.1996527777777778
	],
	"68": [
		0.2947265625,
		0.19895833333333332
	],
	"69": [
		0.129296875,
		0.17291666666666666
	],
	"70": [
		0.75234375,
		0.1986111111111111
	],
	"71": [
		0.848828125,
		0.20416666666666666
	],
	"72": [
		0.2103515625,
		0.1909722222222222
	],
	"73": [
		0.8443359375,
		0.1857638888888889
	],
	"74": [
		0.8494140625,
		0.20416666666666666
	],
	"75": [
		0.823828125,
		0.20034722222222223
	],
	"76": [
		0.273046875,
		0.18472222222222223
	],
	"77": [
		0.2765625,
		0.196875
	],
	"78": [
		0.7517578125,
		0.20277777777777778
	],
	"79": [
		0.5025390625,
		0.20277777777777778
	],
	"80": [
		0.4328125,
		0.20173611111111112
	],
	"81": [
		0.055859375,
		0.18506944444444445
	],
	"82": [
		0.821875,
		0.203125
	],
	"83": [
		0.5025390625,
		0.20347222222222222
	],
	"84": [
		0.127734375,
		0.18229166666666666
	],
	"85": [
		0.776171875,
		0.2048611111111111
	],
	"86": [
		0.88671875,
		0.1829861111111111
	],
	"87": [
		0.3400390625,
		0.1840277777777778
	],
	"88": [
		0.7544921875,
		0.1875
	],
	"89": [
		0.2947265625,
		0.19930555555555557
	],
	"90": [
		0.4783203125,
		0.19895833333333332
	],
	"91": [
		0.3369140625,
		0.19236111111111112
	],
	"92": [
		0.1275390625,
		0.1840277777777778
	],
	"93": [
		0.3369140625,
		0.19305555555555556
	],
	"94": [
		0.548828125,
		0.1701388888888889
	],
	"95": [
		0.7611328125,
		0.20590277777777777
	],
	"96": [
		0.8271484375,
		0.18854166666666666
	],
	"97": [
		0.065234375,
		0.1829861111111111
	],
	"98": [
		0.476953125,
		0.1909722222222222
	],
	"99": [
		0.8541015625,
		0.4184027777777778
	],
	"100": [
		0.407421875,
		0.19652777777777777
	],
	"101": [
		0.8232421875,
		0.19340277777777778
	],
	"102": [
		0.3896484375,
		0.4027777777777778
	],
	"103": [
		0.06875,
		0.17395833333333333
	],
	"104": [
		0.83828125,
		0.2065972222222222
	],
	"105": [
		0.2669921875,
		0.18888888888888888
	],
	"106": [
		0.28828125,
		0.19756944444444444
	],
	"107": [
		0.4126953125,
		0.1920138888888889
	],
	"108": [
		0.36484375,
		0.20173611111111112
	],
	"109": [
		0.8533203125,
		0.41041666666666665
	],
	"110": [
		0.3892578125,
		0.4107638888888889
	],
	"111": [
		0.196484375,
		0.17083333333333334
	],
	"112": [
		0.0775390625,
		0.1892361111111111
	],
	"113": [
		0.8529296875,
		0.42430555555555555
	],
	"114": [
		0.216796875,
		0.1954861111111111
	],
	"115": [
		0.407421875,
		0.18819444444444444
	],
	"116": [
		0.7685546875,
		0.1951388888888889
	],
	"117": [
		0.7203125,
		0.18611111111111112
	],
	"118": [
		0.2099609375,
		0.18194444444444444
	],
	"119": [
		0.1541015625,
		0.4375
	],
	"120": [
		0.8396484375,
		0.1951388888888889
	],
	"121": [
		0.3376953125,
		0.1857638888888889
	],
	"122": [
		0.2103515625,
		0.1909722222222222
	],
	"123": [
		0.388671875,
		0.415625
	],
	"124": [
		0.389453125,
		0.41631944444444446
	],
	"125": [
		0.2791015625,
		0.16354166666666667
	],
	"126": [
		0.853515625,
		0.4201388888888889
	],
	"127": [
		0.4953125,
		0.20069444444444445
	],
	"128": [
		0.4279296875,
		0.18229166666666666
	],
	"129": [
		0.7525390625,
		0.19166666666666668
	],
	"130": [
		0.8541015625,
		0.41215277777777776
	],
	"131": [
		0.4826171875,
		0.18888888888888888
	],
	"132": [
		0.357421875,
		0.19826388888888888
	],
	"133": [
		0.6935546875,
		0.1684027777777778
	],
	"134": [
		0.41796875,
		0.18472222222222223
	],
	"135": [
		0.4857421875,
		0.2013888888888889
	],
	"136": [
		0.1984375,
		0.175
	],
	"137": [
		0.6154296875,
		0.7215277777777778
	],
	"138": [
		0.583203125,
		0.17430555555555555
	],
	"139": [
		0.3888671875,
		0.4166666666666667
	],
	"140": [
		0.6185546875,
		0.23819444444444443
	],
	"141": [
		0.1548828125,
		0.19375
	],
	"142": [
		0.3890625,
		0.4079861111111111
	],
	"143": [
		0.2875,
		0.17916666666666667
	],
	"144": [
		0.2681640625,
		0.1829861111111111
	],
	"145": [
		0.6166015625,
		0.18020833333333333
	],
	"146": [
		0.496484375,
		0.1909722222222222
	],
	"147": [
		0.0841796875,
		0.19305555555555556
	],
	"148": [
		0.30546875,
		0.16180555555555556
	],
	"149": [
		0.2064453125,
		0.1840277777777778
	],
	"150": [
		0.3255859375,
		0.16875
	],
	"151": [
		0.8533203125,
		0.4111111111111111
	],
	"152": [
		0.127734375,
		0.17847222222222223
	],
	"153": [
		0.69375,
		0.17222222222222222
	],
	"154": [
		0.075390625,
		0.17222222222222222
	],
	"155": [
		0.148046875,
		0.19166666666666668
	],
	"156": [
		0.3892578125,
		0.39826388888888886
	],
	"157": [
		0.6154296875,
		0.7295138888888889
	],
	"158": [
		0.25625,
		0.15833333333333333
	],
	"159": [
		0.2333984375,
		0.17222222222222222
	],
	"160": [
		0.2271484375,
		0.86875
	],
	"161": [
		0.3580078125,
		0.17777777777777778
	],
	"162": [
		0.3890625,
		0.41770833333333335
	],
	"163": [
		0.2033203125,
		0.16770833333333332
	],