{
	"PenaltySpotNorth": [
		0.091875,
		0.3263338432299634
	],
	"SixYardNorthForwardEast": [
		0.073125,
		0.2581004032818801
	],
	"EighteenYardNorthRearEast": [
		0.0875,
		0.19580030593797804
	],
	"EighteenYardNorthForwardEast": [
		0.3967861557478368,
		0.22843369026097438
	]
}