{
	"0": [
		0.7796875,
		0.19479166666666667
	],
	"1": [
		0.7669921875,
		0.203125
	],
	"2": [
		0.019140625,
		0.1829861111111111
	],
	"3": [
		0.8419921875,
		0.20243055555555556
	],
	"4": [
		0.23828125,
		0.1840277777777778
	],
	"5": [
		0.0703125,
		0.18229166666666666
	],
	"6": [
		0.3490234375,
		0.18854166666666666
	],
	"7": [
		0.3052734375,
		0.18472222222222223
	],
	"8": [
		0.2515625,
		0.16111111111111112
	],
	"9": [
		0.3755859375,
		0.1892361111111111
	],
	"10": [
		0.5126953125,
		0.19305555555555556
	],
	"11": [
		0.5046875,
		0.19826388888888888
	],
	"12": [
		0.851171875,
		0.1954861111111111
	],
	"13": [
		0.435546875,
		0.196875
	],
	"14": [
		0.1673828125,
		0.18020833333333333
	],
	"15": [
		0.4154296875,
		0.19305555555555556
	],
	"16": [
		0.7568359375,
		0.196875
	],
	"17": [
		0.82578125,
		0.196875
	],
	"18": [
		0.027734375,
		0.17430555555555555
	],
	"19": [
		0.22734375,
		0.19166666666666668
	],
	"20": [
		0.14140625,
		0.18680555555555556
	],
	"21": [
		0.3681640625,
		0.19479166666666667
	],
	"22": [
		0.33515625,
		0.17326388888888888
	],
	"23": [
		0.0921875,
		0.18680555555555556
	],
	"24": [
		0.2193359375,
		0.1829861111111111
	],
	"25": [
		0.44375,
		0.19270833333333334
	],
	"26": [
		0.155078125,
		0.18958333333333333
	],
	"27": [
		0.377734375,
		0.18784722222222222
	],
	"28": [
		0.89765625,
		0.19756944444444444
	],
	"29": [
		0.3015625,
		0.19722222222222222
	],
	"30": [
		0.1712890625,
		0.1795138888888889
	],
	"31": [
		0.282421875,
		0.18888888888888888
	],
	"32": [
		0.784765625,
		0.18680555555555556
	],
	"33": [
		0.3091796875,
		0.18715277777777778
	],
	"34": [
		0.2251953125,
		0.19722222222222222
	],
	"35": [
		0.1658203125,
		0.1763888888888889
	],
	"36": [
		0.446484375,
		0.19479166666666667
	],
	"37": [
		0.24140625,
		0.18125
	],
	"38": [
		0.1453125,
		0.18854166666666666
	],
	"39": [
		0.35078125,
		0.19791666666666666
	],
	"40": [
		0.031640625,
		0.1795138888888889
	],
	"41": [
		0.10234375,
		0.18541666666666667
	],
	"42": [
		0.07578125,
		0.18645833333333334
	],
	"43": [
		0.2822265625,
		0.19652777777777777
	],
	"44": [
		0.0982421875,
		0.17222222222222222
	],
	"45": [
		0.2349609375,
		0.178125
	],
	"46": [
		0.5130859375,
		0.19305555555555556
	],
	"47": [
		0.4875,
		0.20277777777777778
	],
	"48": [
		0.7587890625,
		0.20590277777777777
	],
	"49": [
		0.1015625,
		0.18055555555555555
	],
	"50": [
		0.21328125,
		0.19756944444444444
	],
	"51": [
		0.665625,
		0.1701388888888889
	],
	"52": [
		0.0265625,
		0.16944444444444445
	],
	"53": [
		0.8572265625,
		0.19305555555555556
	],
	"54": [
		0.2419921875,
		0.2
	],
	"55": [
		0.43984375,
		0.18472222222222223
	],
	"56": [
		0.050390625,
		0.15520833333333334
	],
	"57": [
		0.4205078125,
		0.20034722222222223
	],
	"58": [
		0.740234375,
		0.16944444444444445
	],
	"59": [
		0.82890625,
		0.21041666666666667
	],
	"60": [
		0.1025390625,
		0.19479166666666667
	],
	"61": [
		0.4857421875,
		0.1954861111111111
	],
	"62": [
		0.3693359375,
		0.18506944444444445
	],
	"63": [
		0.308984375,
		0.18715277777777778
	],
	"64": [
		0.1720703125,
		0.19583333333333333
	],
	"65": [
		0.5080078125,
		0.18715277777777778
	],
	"66": [
		0.778515625,
		0.1892361111111111
	],
	"67": [
		0.377734375,
		0.2013888888888889
	],
	"68": [
		0.785546875,
		0.20520833333333333
	],
	"69": [
		0.5771484375,
		0.18055555555555555
	],
	"70": [
		0.2515625,
		0.16111111111111112
	],
	"71": [
		0.8322265625,
		0.20173611111111112
	],
	"72": [
		0.3091796875,
		0.2013888888888889
	],
	"73": [
		0.146484375,
		0.175
	],
	"74": [
		0.7607421875,
		0.20034722222222223
	],
	"75": [
		0.8568359375,
		0.2065972222222222
	],
	"76": [
		0.2263671875,
		0.19236111111111112
	],
	"77": [
		0.85078125,
		0.1892361111111111
	],
	"78": [
		0.856640625,
		0.20590277777777777
	],
	"79": [
		0.83125,
		0.20208333333333334
	],
	"80": [
		0.2875,
		0.18611111111111112
	],
	"81": [
		0.2896484375,
		0.1986111111111111
	],
	"82": [
		0.76015625,
		0.20451388888888888
	],
	"83": [
		0.5130859375,
		0.203125
	],
	"84": [
		0.446484375,
		0.20381944444444444
	],
	"85": [
		0.075390625,
		0.1875
	],
	"86": [
		0.8296875,
		0.20555555555555555
	],
	"87": [
		0.5130859375,
		0.2048611111111111
	],
	"88": [
		0.1453125,
		0.18541666666666667
	],
	"89": [
		0.78515625,
		0.20625
	],
	"90": [
		0.0314453125,
		0.1840277777777778
	],
	"91": [
		0.6244140625,
		0.9638888888888889
	],
	"92": [
		0.893359375,
		0.1840277777777778
	],
	"93": [
		0.354296875,
		0.18541666666666667
	],
	"94": [
		0.7619140625,
		0.18958333333333333
	],
	"95": [
		0.3091796875,
		0.20104166666666667
	],
	"96": [
		0.490234375,
		0.20069444444444445
	],
	"97": [
		0.351171875,
		0.19479166666666667
	],
	"98": [
		0.1453125,
		0.18680555555555556
	],
	"99": [
		0.351171875,
		0.1954861111111111
	],
	"100": [
		0.5580078125,
		0.171875
	],
	"101": [
		0.0310546875,
		0.17048611111111112
	],
	"102": [
		0.7685546875,
		0.20729166666666668
	],
	"103": [
		0.834375,
		0.190625
	],
	"104": [
		0.082421875,
		0.184375
	],
	"105": [
		0.4880859375,
		0.19270833333333334
	],
	"106": [
		0.8619140625,
		0.41875
	],
	"107": [
		0.4205078125,
		0.19826388888888888
	],
	"108": [
		0.830078125,
		0.1951388888888889
	],
	"109": [
		0.4021484375,
		0.4010416666666667
	],
	"110": [
		0.0861328125,
		0.1753472222222222
	],
	"111": [
		0.84453125,
		0.20798611111111112
	],
	"112": [
		0.2826171875,
		0.19166666666666668
	],
	"113": [
		0.3013671875,
		0.20069444444444445
	],
	"114": [
		0.4240234375,
		0.19375
	],
	"115": [
		0.378125,
		0.20243055555555556
	],
	"116": [
		0.8619140625,
		0.4097222222222222
	],
	"117": [
		0.4033203125,
		0.409375
	],
	"118": [
		0.2107421875,
		0.17256944444444444
	],
	"119": [
		0.0943359375,
		0.19236111111111112
	],
	"120": [
		0.8615234375,
		0.4239583333333333
	],
	"121": [
		0.23203125,
		0.19722222222222222
	],
	"122": [
		0.4201171875,
		0.19027777777777777
	],
	"123": [
		0.776171875,
		0.19722222222222222
	],
	"124": [
		0.729296875,
		0.18784722222222222
	],
	"125": [
		0.226171875,
		0.18333333333333332
	],
	"126": [
		0.1638671875,
		0.434375
	],
	"127": [
		0.0234375,
		0.18715277777777778
	],
	"128": [
		0.8462890625,
		0.19652777777777777
	],
	"129": [
		0.3513671875,
		0.18715277777777778
	],
	"130": [
		0.2263671875,
		0.19236111111111112
	],
	"131": [
		0.4029296875,
		0.4170138888888889
	],
	"132": [
		0.403515625,
		0.4170138888888889
	],
	"133": [
		0.2931640625,
		0.16666666666666666
	],
	"134": [
		0.0181640625,
		0.16701388888888888
	],
	"135": [
		0.862109375,
		0.4204861111111111
	],
	"136": [
		0.5056640625,
		0.20416666666666666
	],
	"137": [
		0.439453125,
		0.18611111111111112
	],
	"138": [
		0.76015625,
		0.19305555555555556
	],
	"139": [
		0.862109375,
		0.4114583333333333
	],
	"140": [
		0.49296875,
		0.190625
	],
	"141": [
		0.3697265625,
		0.20173611111111112
	],
	"142": [
		0.703125,
		0.1701388888888889
	],
	"143": [
		0.42890625,
		0.18680555555555556
	],
	"144": [
		0.495703125,
		0.20277777777777778
	],
	"145": [
		0.210546875,
		0.17673611111111112
	],
	"146": [
		0.6259765625,
		0.7201388888888889
	],
	"147": [
		0.5927734375,
		0.17604166666666668
	],
	"148": [
		0.4029296875,
		0.41770833333333335
	],
	"149": [
		0.62890625,
		0.23715277777777777
	],
	"150": [
		0.1716796875,
		0.19652777777777777
	],
	"151": [
		0.40234375,
		0.40625
	],
	"152": [
		0.03125,
		0.18993055555555555
	],
	"153": [
		0.30078125,
		0.18194444444444444
	],
	"154": [
		0.2828125,
		0.18506944444444445
	],
	"155": [
		0.6236328125,
		0.18159722222222222
	],
	"156": [
		0.5068359375,
		0.19409722222222223
	],
	"157": [
		0.1021484375,
		0.19375
	],
	"158": [
		0.319921875,
		0.16493055555555555
	],
	"159": [
		0.219921875,
		0.1857638888888889
	],
	"160": [
		0.339453125,
		0.17152777777777778
	],
	"161": [
		0.8619140625,
		0.4107638888888889
	],
	"162": [
		0.1451171875,
		0.18125
	],
	"163": [
		0.703125,
		0.17430555555555555
	],
	"164": [
		0.092578125,
		0.17395833333333333
	],