{
	"0": [
		0.890625,
		0.3638888888888889
	],
	"1": [
		0.8328125,
		0.325
	],
	"2": [
		0.6421875,
		0.19722222222222222
	],
	"3": [
		0.6234375,
		0.3
	],
	"4": [
		0.8359375,
		0.3277777777777778
	],
	"5": [
		0.7765625,
		0.30833333333333335
	],
	"6": [
		0.5015625,
		0.1638888888888889
	],
	"7": [
		0.4421875,
		0.15
	],
	"8": [
		0.446875,
		0.4361111111111111
	],
	"9": [
		0.3890625,
		0.4083333333333333
	],
	"10": [
		0.4328125,
		0.7166666666666667
	],
	"11": [
		0.3875,
		0.7861111111111111
	],
	"12": [
		0.5578125,
		0.4583333333333333
	],
	"13": [
		0.4984375,
		0.44722222222222224
	],
	"14": [
		0.7828125,
		0.4444444444444444
	],
	"15": [
		0.7234375,
		0.45555555555555555
	],
	"16": [
		0.1140625,
		0.1361111111111111
	],
	"17": [
		0.05625,
		0.16111111111111112
	],
	"18": [
		0.446875,
		0.3111111111111111
	],
	"19": [
		0.3890625,
		0.3333333333333333
	],
	"20": [
		0.8359375,
		0.42777777777777776
	],
	"21": [
		0.778125,
		0.44722222222222224
	],
	"22": [
		0.5015625,
		0.45
	],
	"23": [
		0.44375,
		0.43333333333333335
	],
	"24": [
		0.725,
		0.1388888888888889
	],
	"25": [
		0.6671875,
		0.14444444444444443
	],
	"26": [
		0.6234375,
		0.7
	],
	"27": [
		0.6203125,
		0.8027777777777778
	],
	"28": [
		0.6234375,
		0.8
	],
	"29": [
		0.6203125,
		0.9027777777777778
	],
	"30": [
		1,
		0.9333333333333333
	],
	"31": [
		0.9421875,
		0.9277777777777778
	],
	"32": [
		0.1140625,
		0.1527777777777778
	],
	"33": [
		0.05625,
		0.15
	],
	"34": [
		0.8359375,
		0.16111111111111112
	],
	"35": [
		0.778125,
		0.1638888888888889
	],
	"36": [
		0.625,
		0.2
	],
	"37": [
		0.6234375,
		0.30277777777777776
	],
	"38": [
		0.725,
		0.45555555555555555
	],
	"39": [
		0.6671875,
		0.4583333333333333
	],
	"40": [
		0.5578125,
		0.9083333333333333
	],
	"41": [
		0.5,
		0.9055555555555556
	],
	"42": [
		0.6140625,
		0.9111111111111111
	],
	"43": [
		0.55625,
		0.9083333333333333
	],
	"44": [
		0.725,
		0.9166666666666666
	],
	"45": [
		0.6671875,
		0.9138888888888889
	],
	"46": [
		0.8359375,
		0.9222222222222223
	],
	"47": [
		0.778125,
		0.9194444444444444
	],
	"48": [
		0.6140625,
		0.14166666666666666
	],
	"49": [
		0.55625,
		0.14166666666666666
	],
	"50": [
		0.446875,
		0.9027777777777778
	],
	"51": [
		0.3890625,
		0.9027777777777778
	],
	"52": [
		0.8875,
		0.39444444444444443
	],
	"53": [
		0.834375,
		0.4305555555555556
	],
	"54": [
		0.5015625,
		0.3
	],
	"55": [
		0.4453125,
		0.3111111111111111
	],
	"56": [
		0.7796875,
		0.3111111111111111
	],
	"57": [
		0.7234375,
		0.3
	],
	"58": [
		0.7796875,
		0.1638888888888889
	],
	"59": [
		0.7234375,
		0.15833333333333333
	],
	"60": [
		0.890625,
		0.16111111111111112
	],
	"61": [
		0.834375,
		0.1638888888888889
	],
	"62": [
		0.0578125,
		0.9
	],
	"63": [
		0.0015625,
		0.9027777777777778
	],
	"64": [
		0.7796875,
		0.9194444444444444
	],
	"65": [
		0.7234375,
		0.9166666666666666
	],
	"66": [
		0.890625,
		0.925
	],
	"67": [
		0.834375,
		0.9222222222222223
	],
	"68": [
		0.66875,
		0.14166666666666666
	],
	"69": [
		0.6125,
		0.14166666666666666
	],
	"70": [
		0.390625,
		0.9027777777777778
	],
	"71": [
		0.334375,
		0.9027777777777778
	],
	"72": [
		0.3875,
		0.06666666666666667
	],
	"73": [
		0.334375,
		0.08611111111111111
	],
	"74": [
		0.5578125,
		0.14166666666666666
	],
	"75": [
		0.5046875,
		0.14722222222222223
	],
	"76": [
		0.6109375,
		0.1388888888888889
	],
	"77": [
		0.571875,
		0.2
	],
	"78": [
		0.490625,
		0.12777777777777777
	],
	"79": [
		0.4453125,
		0.17222222222222222
	],
	"80": [
		0.55625,
		0.14166666666666666
	],
	"81": [
		0.6015625,
		0.18333333333333332
	],
	"82": [
		0.9390625,
		0.16111111111111112
	],
	"83": [
		0.8890625,
		0.1638888888888889
	],
	"84": [
		0.66875,
		0.4583333333333333
	],
	"85": [
		0.61875,
		0.4583333333333333
	],
	"86": [
		0.3875,
		0.7083333333333334
	],
	"87": [
		0.3765625,
		0.7916666666666666
	],
	"88": [
		0.6671875,
		0.1388888888888889
	],
	"89": [
		0.6359375,
		0.20277777777777778
	],
	"90": [
		0.053125,
		0.03888888888888889
	],
	"91": [
		0.01875,
		0.09444444444444444
	],
	"92": [
		0.9328125,
		0.1388888888888889
	],
	"93": [
		0.8890625,
		0.1638888888888889
	],
	"94": [
		0.596875,
		0.1388888888888889
	],
	"95": [
		0.56875,
		0.19444444444444445
	],
	"96": [
		0.5703125,
		0.14166666666666666
	],
	"97": [
		0.5953125,
		0.2
	],
	"98": [
		0.6484375,
		0.6472222222222223
	],
	"99": [
		0.6203125,
		0.7
	],
	"100": [
		0.8875,
		0.1388888888888889
	],
	"101": [
		0.846875,
		0.1388888888888889
	],
	"102": [
		0.603125,
		0.1388888888888889
	],
	"103": [
		0.584375,
		0.20277777777777778
	],
	"104": [
		0.5640625,
		0.14166666666666666
	],
	"105": [
		0.5828125,
		0.20555555555555555
	],
	"106": [
		0.7984375,
		0.1388888888888889
	],
	"107": [
		0.8359375,
		0.1638888888888889
	],
	"108": [
		0.471875,
		0.12777777777777777
	],
	"109": [
		0.503125,
		0.16666666666666666
	],
	"110": [
		0.5875,
		0.1388888888888889
	],
	"111": [
		0.575,
		0.20277777777777778
	],
	"112": [
		0.6203125,
		0.6388888888888888
	],
	"113": [
		0.64375,
		0.6916666666666667
	],
	"114": [
		0.55,
		0.06944444444444445
	],
	"115": [
		0.515625,
		0.09722222222222222
	],
	"116": [
		0.4921875,
		0.13333333333333333
	],
	"117": [
		0.4546875,
		0.1388888888888889
	],
	"118": [
		0.784375,
		0.5222222222222223
	],
	"119": [
		0.7875,
		0.5888888888888889
	],
	"120": [
		0.625,
		0.5
	],
	"121": [
		0.625,
		0.5666666666666667
	],
	"122": [
		0.1,
		0.9333333333333333
	],
	"123": [
		0.0625,
		0.9333333333333333
	],
	"124": [
		0.6453125,
		0.058333333333333334
	],
	"125": [
		0.6125,
		0.08611111111111111
	],
	"126": [
		0.6359375,
		0.20277777777777778
	],
	"127": [
		0.640625,
		0.26666666666666666
	],
	"128": [
		0.5875,
		0.1388888888888889
	],
	"129": [
		0.5984375,
		0.2
	],
	"130": [
		0.621875,
		0.1388888888888889
	],
	"131": [
		0.625,
		0.20277777777777778
	],
	"132": [
		0.625,
		0.4388888888888889
	],
	"133": [
		0.621875,
		0.5027777777777778
	],
	"134": [
		0.6203125,
		0.6388888888888888
	],
	"135": [
		0.6234375,
		0.7027777777777777
	],
	"136": [
		0.0578125,
		0.15
	],
	"137": [
		0.021875,
		0.1527777777777778
	],
	"138": [
		0.4140625,
		0.7166666666666667
	],
	"139": [
		0.428125,
		0.775
	],
	"140": [
		0.3875,
		0.3333333333333333
	],
	"141": [
		0.359375,
		0.37222222222222223
	],
	"142": [
		0.3890625,
		0.7361111111111112
	],
	"143": [
		0.3671875,
		0.7861111111111111
	],
	"144": [
		0.5796875,
		0.14166666666666666
	],
	"145": [
		0.6015625,
		0.18888888888888888
	],
	"146": [
		0.590625,
		0.4583333333333333
	],
	"147": [
		0.55625,
		0.45555555555555555
	],
	"148": [
		0.378125,
		0.2833333333333333
	],
	"149": [
		0.3453125,
		0.3
	],
	"150": [
		0.6015625,
		0.17222222222222222
	],
	"151": [
		0.56875,
		0.18611111111111112
	],
	"152": [
		0.0265625,
		0.05555555555555555
	],
	"153": [
		0.0578125,
		0.07777777777777778
	],
	"154": [
		0.5328125,
		0.1388888888888889
	],
	"155": [
		0.503125,
		0.16666666666666666
	],
	"156": [
		0.378125,
		0.3
	],
	"157": [
		0.3453125,
		0.28888888888888886
	],
	"158": [
		0.6453125,
		0.20277777777777778
	],
	"159": [
		0.6234375,
		0.24722222222222223
	],
	"160": [
		0.6015625,
		0.15833333333333333
	],
	"161": [
		0.5703125,
		0.16944444444444445
	],
	"162": [
		1,
		0.9666666666666667
	],
	"163": [
		0.96875,
		0.9694444444444444
	],
	"164": [
		0.2484375,
		0.13333333333333333
	],
	"165": [
		0.2234375,
		0.16666666666666666
	],
	"166": [
		0.8125,
		0.39444444444444443
	],
	"167": [
		0.8359375,
		0.4305555555555556
	],
	"168": [
		0.04375,
		0.32222222222222224
	],
	"169": [
		0.0359375,
		0.375
	],
	"170": [
		0.5984375,
		0.2
	],
	"171": [
		0.56875,
		0.20833333333333334
	],
	"172": [
		0.6390625,
		0.65
	],
	"173": [
		0.634375,
		0.7027777777777777
	],
	"174": [
		0.0796875,
		0.12777777777777777
	],
	"175": [
		0.05625,
		0.16111111111111112
	],
	"176": [
		0.8046875,
		0.31666666666666665
	],
	"177": [
		0.828125,
		0.35
	],