{
	"SixYardNorthForwardEast": [
		0.0800561797752809,
		0.26267956610964527
	],
	"EighteenYardNorthForwardEast": [
		0.3806179775280899,
		0.21711270260082924
	],
	"PenaltyCircleNorthWest": [
		0.12640449438202248,
		0.3913389454286552
	],
	"CornerNorthEast": [
		0.1952247191011236,
		0.13133978305482263
	]
}