{
	"EighteenYardNorthRearWest": [
		0.3637640449438202,
		0.4357283548856727
	],
	"EighteenYardNorthRearEast": [
		0.5868005738880918,
		0.46039222403014474
	],
	"EighteenYardNorthForwardWest": [
		0.375,
		0.641260597756273
	],
	"EighteenYardNorthForwardEast": [
		0.5926966292134831,
		0.6357797379463903
	],
	"CornerNorthWest": [
		0.21348314606741572,
		0.11509805600753618
	],
	"CornerNorthEast": [
		0.8033707865168539,
		0.15894493448659758
	],
	"CornerSouthWest": [
		0.2148876404494382,
		0.86049499015158
	]
}