{
	"0": [
		0.190625,
		0.17465277777777777
	],
	"1": [
		0.2875,
		0.06180555555555556
	],
	"2": [
		0.3033203125,
		0.1892361111111111
	],
	"3": [
		0.265234375,
		0.18645833333333334
	],
	"4": [
		0.208984375,
		0.050347222222222224
	],
	"5": [
		0.2923828125,
		0.08715277777777777
	],
	"6": [
		0.4595703125,
		0.19305555555555556
	],
	"7": [
		0.28046875,
		0.09270833333333334
	],
	"8": [
		0.28984375,
		0.06979166666666667
	],
	"9": [
		0.2375,
		0.1857638888888889
	],
	"10": [
		0.2099609375,
		0.12256944444444444
	],
	"11": [
		0.2373046875,
		0.18715277777777778
	],
	"12": [
		0.43125,
		0.19444444444444445
	],
	"13": [
		0.190625,
		0.17465277777777777
	],
	"14": [
		0.2447265625,
		0.04895833333333333
	],
	"15": [
		0.2927734375,
		0.08680555555555555
	],
	"16": [
		0.265234375,
		0.18645833333333334
	],
	"17": [
		0.330078125,
		0.18854166666666666
	],
	"18": [
		0.330078125,
		0.18854166666666666
	],
	"19": [
		0.265234375,
		0.18541666666666667
	],
	"20": [
		0.394140625,
		0.19027777777777777
	],
	"21": [
		0.394140625,
		0.19027777777777777
	],
	"22": [
		0.4298828125,
		0.18541666666666667
	],
	"23": [
		0.303125,
		0.1875
	],
	"24": [
		0.1857421875,
		0.14756944444444445
	],
	"25": [
		0.253515625,
		0.05173611111111111
	],
	"26": [
		0.2015625,
		0.17118055555555556
	],
	"27": [
		0.2375,
		0.18680555555555556
	],
	"28": [
		0.2015625,
		0.171875
	],
	"29": [
		0.330078125,
		0.18854166666666666
	],
	"30": [
		0.2939453125,
		0.08576388888888889
	],
	"31": [
		0.303125,
		0.18888888888888888
	],
	"32": [
		0.0197265625,
		0.1371527777777778
	],
	"33": [
		0.2380859375,
		0.19236111111111112
	],
	"34": [
		0.29921875,
		0.171875
	],
	"35": [
		0.25,
		0.049305555555555554
	],
	"36": [
		0.394140625,
		0.19027777777777777
	],
	"37": [
		0.1767578125,
		0.18888888888888888
	],
	"38": [
		0.4361328125,
		0.17118055555555556
	],
	"39": [
		0.36640625,
		0.18472222222222223
	],
	"40": [
		0.21796875,
		0.12743055555555555
	],
	"41": [
		0.3666015625,
		0.19305555555555556
	],
	"42": [
		0.20859375,
		0.05
	],
	"43": [
		0.0892578125,
		0.1579861111111111
	],
	"44": [
		0.2875,
		0.0625
	],
	"45": [
		0.4298828125,
		0.18541666666666667
	],
	"46": [
		0.2283203125,
		0.11805555555555555
	],
	"47": [
		0.2380859375,
		0.18784722222222222
	],
	"48": [
		0.2015625,
		0.17152777777777778
	],
	"49": [
		0.3033203125,
		0.19027777777777777
	],
	"50": [
		0.394140625,
		0.19027777777777777
	],
	"51": [
		0.3666015625,
		0.1920138888888889
	],
	"52": [
		0.3666015625,
		0.1920138888888889
	],
	"53": [
		0.330078125,
		0.18854166666666666
	],
	"54": [
		0.2015625,
		0.17152777777777778
	],
	"55": [
		0.43125,
		0.19409722222222223
	],
	"56": [
		0.3666015625,
		0.1920138888888889
	],
	"57": [
		0.2375,
		0.18680555555555556
	],
	"58": [
		0.265234375,
		0.18645833333333334
	],
	"59": [
		0.2525390625,
		0.05
	],
	"60": [
		0.23828125,
		0.1857638888888889
	],
	"61": [
		0.2947265625,
		0.08645833333333333
	],
	"62": [
		0.1775390625,
		0.18819444444444444
	],
	"63": [
		0.2939453125,
		0.08645833333333333
	],
	"64": [
		0.366796875,
		0.19340277777777778
	],
	"65": [
		0.394140625,
		0.19027777777777777
	],
	"66": [
		0.4361328125,
		0.17118055555555556
	],
	"67": [
		0.32578125,
		0.8329861111111111
	],
	"68": [
		0.23828125,
		0.1857638888888889
	],
	"69": [
		0.40703125,
		0.8378472222222222
	],
	"70": [
		0.0888671875,
		0.14756944444444445
	],
	"71": [
		0.3033203125,
		0.19027777777777777
	],
	"72": [
		0.2515625,
		0.05277777777777778
	],
	"73": [
		0.330078125,
		0.18854166666666666
	],
	"74": [
		0.2501953125,
		0.049305555555555554
	],
	"75": [
		0.1857421875,
		0.14756944444444445
	],
	"76": [
		0.3298828125,
		0.18993055555555555
	],
	"77": [
		0.394140625,
		0.19027777777777777
	],
	"78": [
		0.394140625,
		0.19027777777777777
	],
	"79": [
		0.190625,
		0.17465277777777777
	],
	"80": [
		0.033203125,
		0.12777777777777777
	],
	"81": [
		0.290625,
		0.06145833333333333
	],
	"82": [
		0.3666015625,
		0.1920138888888889
	],
	"83": [
		0.39765625,
		0.8381944444444445
	],
	"84": [
		0.39921875,
		0.8375
	],
	"85": [
		0.2873046875,
		0.06875
	],
	"86": [
		0.4017578125,
		0.8381944444444445
	],
	"87": [
		0.3033203125,
		0.1892361111111111
	],
	"88": [
		0.4595703125,
		0.19305555555555556
	],
	"89": [
		0.191796875,
		0.146875
	],
	"90": [
		0.2873046875,
		0.0625
	],
	"91": [
		0.4638671875,
		0.8413194444444444
	],
	"92": [
		0.144140625,
		0.14618055555555556
	],
	"93": [
		0.2876953125,
		0.06354166666666666
	],
	"94": [
		0.250390625,
		0.09930555555555555
	],
	"95": [
		0.184765625,
		0.17604166666666668
	],
	"96": [
		0.265234375,
		0.18645833333333334
	],
	"97": [
		0.189453125,
		0.1753472222222222
	],
	"98": [
		0.4306640625,
		0.8395833333333333
	],
	"99": [
		0.036328125,
		0.1517361111111111
	],
	"100": [
		0.265234375,
		0.18645833333333334
	],
	"101": [
		0.1787109375,
		0.15520833333333334
	],
	"102": [
		0.184765625,
		0.175
	],
	"103": [
		0.2654296875,
		0.18784722222222222
	],
	"104": [
		0.3033203125,
		0.18958333333333333
	],
	"105": [
		0.2880859375,
		0.06875
	],
	"106": [
		0.28046875,
		0.09270833333333334
	],
	"107": [
		0.3357421875,
		0.8350694444444444
	],
	"108": [
		0.4587890625,
		0.19375
	],
	"109": [
		0.3033203125,
		0.18958333333333333
	],
	"110": [
		0.394140625,
		0.19027777777777777
	],
	"111": [
		0.2703125,
		0.052083333333333336
	],
	"112": [
		0.330078125,
		0.18854166666666666
	],
	"113": [
		0.4587890625,
		0.19375
	],
	"114": [
		0.1912109375,
		0.13784722222222223
	],
	"115": [
		0.2880859375,
		0.0642361111111111
	],
	"116": [
		0.293359375,
		0.08680555555555555
	],
	"117": [
		0.24921875,
		0.049305555555555554
	],
	"118": [
		0.2546875,
		0.09722222222222222
	],
	"119": [
		0.330078125,
		0.18854166666666666
	],
	"120": [
		0.189453125,
		0.17465277777777777
	],
	"121": [
		0.372265625,
		0.16979166666666667
	],
	"122": [
		0.182421875,
		0.15138888888888888
	],
	"123": [
		0.290625,
		0.06145833333333333
	],
	"124": [
		0.033203125,
		0.12777777777777777
	],
	"125": [
		0.084765625,
		0.1545138888888889
	],
	"126": [
		0.330078125,
		0.18854166666666666
	],
	"127": [
		0.0197265625,
		0.13819444444444445
	],
	"128": [
		0.1974609375,
		0.8243055555555555
	],
	"129": [
		0.05859375,
		0.8243055555555555
	],
	"130": [
		0.304296875,
		0.184375
	],
	"131": [
		0.265234375,
		0.18645833333333334
	],
	"132": [
		0.247265625,
		0.04895833333333333
	],
	"133": [
		0.394140625,
		0.19027777777777777
	],
	"134": [
		0.4296875,
		0.19409722222222223
	],
	"135": [
		0.2015625,
		0.17395833333333333
	],
	"136": [
		0.330078125,
		0.18854166666666666
	],
	"137": [
		0.394140625,
		0.19027777777777777
	],
	"138": [
		0.2828125,
		0.06041666666666667
	],
	"139": [
		0.2654296875,
		0.18680555555555556
	],
	"140": [
		0.4587890625,
		0.19375
	],
	"141": [
		0.2015625,
		0.17152777777777778
	],
	"142": [
		0.19375,
		0.17430555555555555
	],
	"143": [
		0.2861328125,
		0.06805555555555555
	],
	"144": [
		0.0828125,
		0.8458333333333333
	],
	"145": [
		0.0759765625,
		0.21875
	],
	"146": [
		0.330078125,
		0.18854166666666666
	],
	"147": [
		0.190625,
		0.17465277777777777
	],
	"148": [
		0.330078125,
		0.18854166666666666
	],
	"149": [
		0.3666015625,
		0.19340277777777778
	],
	"150": [
		0.2080078125,
		0.04895833333333333
	],
	"151": [
		0.017578125,
		0.1423611111111111
	],
	"152": [
		0.394140625,
		0.19027777777777777
	],
	"153": [
		0.2576171875,
		0.09583333333333334
	],
	"154": [
		0.265234375,
		0.18611111111111112
	],
	"155": [
		0.303125,
		0.18888888888888888
	],
	"156": [
		0.2943359375,
		0.08298611111111111
	],
	"157": [
		0.017578125,
		0.14166666666666666
	],
	"158": [
		0.265234375,
		0.18645833333333334
	],
	"159": [
		0.0275390625,
		0.13055555555555556
	],
	"160": [
		0.265234375,
		0.18645833333333334
	],
	"161": [
		0.207421875,
		0.04895833333333333
	],
	"162": [
		0.0828125,
		0.84375
	],
	"163": [
		0.246484375,
		0.049305555555555554
	],