{
	"SixYardNorthForwardEast": [
		0.07443820224719101,
		0.26570716855798504
	],
	"EighteenYardNorthRearEast": [
		0.09550561797752809,
		0.1929890689785149
	],
	"EighteenYardNorthForwardEast": [
		0.39185393258426965,
		0.22437494233785404
	],
	"PenaltyCircleNorthEast": [
		0.2907303370786517,
		0.27751637604945106
	],
	"PenaltyCircleNorthWest": [
		0.13202247191011235,
		0.38084694159977855
	],
	"PenaltySpotNorth": [
		0.08848314606741572,
		0.3306578097610481
	]
}