{
	"0": [
		0.8068359375,
		0.19722222222222222
	],
	"1": [
		0.794921875,
		0.203125
	],
	"2": [
		0.0796875,
		0.18472222222222223
	],
	"3": [
		0.866015625,
		0.20243055555555556
	],
	"4": [
		0.28515625,
		0.18680555555555556
	],
	"5": [
		0.13125,
		0.17847222222222223
	],
	"6": [
		0.3912109375,
		0.1875
	],
	"7": [
		0.34921875,
		0.1892361111111111
	],
	"8": [
		0.3015625,
		0.1673611111111111
	],
	"9": [
		0.415625,
		0.19166666666666668
	],
	"10": [
		0.546875,
		0.19305555555555556
	],
	"11": [
		0.5396484375,
		0.19895833333333332
	],
	"12": [
		0.8755859375,
		0.19722222222222222
	],
	"13": [
		0.472265625,
		0.19791666666666666
	],
	"14": [
		0.2185546875,
		0.1840277777777778
	],
	"15": [
		0.4564453125,
		0.18888888888888888
	],
	"16": [
		0.783984375,
		0.19618055555555555
	],
	"17": [
		0.0212890625,
		0.17465277777777777
	],
	"18": [
		0.852734375,
		0.19479166666666667
	],
	"19": [
		0.088671875,
		0.18020833333333333
	],
	"20": [
		0.2734375,
		0.1909722222222222
	],
	"21": [
		0.197265625,
		0.18159722222222222
	],
	"22": [
		0.409375,
		0.19652777777777777
	],
	"23": [
		0.3806640625,
		0.17152777777777778
	],
	"24": [
		0.146875,
		0.1875
	],
	"25": [
		0.2646484375,
		0.1829861111111111
	],
	"26": [
		0.48046875,
		0.19375
	],
	"27": [
		0.0650390625,
		0.17673611111111112
	],
	"28": [
		0.206640625,
		0.18958333333333333
	],
	"29": [
		0.42109375,
		0.1798611111111111
	],
	"30": [
		0.9236328125,
		0.1954861111111111
	],
	"31": [
		0.3451171875,
		0.19618055555555555
	],
	"32": [
		0.22421875,
		0.17708333333333334
	],
	"33": [
		0.3275390625,
		0.18715277777777778
	],
	"34": [
		0.811328125,
		0.18784722222222222
	],
	"35": [
		0.35546875,
		0.18020833333333333
	],
	"36": [
		0.023828125,
		0.16493055555555555
	],
	"37": [
		0.26796875,
		0.19618055555555555
	],
	"38": [
		0.217578125,
		0.17847222222222223
	],
	"39": [
		0.4875,
		0.18888888888888888
	],
	"40": [
		0.290234375,
		0.17777777777777778
	],
	"41": [
		0.20234375,
		0.19305555555555556
	],
	"42": [
		0.39375,
		0.20069444444444445
	],
	"43": [
		0.09453125,
		0.17465277777777777
	],
	"44": [
		0.1611328125,
		0.17881944444444445
	],
	"45": [
		0.135546875,
		0.1909722222222222
	],
	"46": [
		0.3302734375,
		0.2
	],
	"47": [
		0.15390625,
		0.17708333333333334
	],
	"48": [
		0.2822265625,
		0.18055555555555555
	],
	"49": [
		0.550390625,
		0.18541666666666667
	],
	"50": [
		0.5240234375,
		0.20520833333333333
	],
	"51": [
		0.7876953125,
		0.20729166666666668
	],
	"52": [
		0.155859375,
		0.18090277777777777
	],
	"53": [
		0.25546875,
		0.1996527777777778
	],
	"54": [
		0.6962890625,
		0.17152777777777778
	],
	"55": [
		0.0859375,
		0.17395833333333333
	],
	"56": [
		0.884765625,
		0.18854166666666666
	],
	"57": [
		0.292578125,
		0.196875
	],
	"58": [
		0.068359375,
		0.18715277777777778
	],
	"59": [
		0.4775390625,
		0.18611111111111112
	],
	"60": [
		0.1140625,
		0.15486111111111112
	],
	"61": [
		0.46015625,
		0.20347222222222222
	],
	"62": [
		0.77109375,
		0.1673611111111111
	],
	"63": [
		0.8541015625,
		0.21180555555555555
	],
	"64": [
		0.1619140625,
		0.19340277777777778
	],
	"65": [
		0.5224609375,
		0.19166666666666668
	],
	"66": [
		0.4107421875,
		0.18541666666666667
	],
	"67": [
		0.35078125,
		0.1840277777777778
	],
	"68": [
		0.228125,
		0.19583333333333333
	],
	"69": [
		0.5431640625,
		0.18854166666666666
	],
	"70": [
		0.8056640625,
		0.19166666666666668
	],
	"71": [
		0.4224609375,
		0.20243055555555556
	],
	"72": [
		0.8154296875,
		0.20381944444444444
	],
	"73": [
		0.028125,
		0.1840277777777778
	],
	"74": [
		0.6109375,
		0.1795138888888889
	],
	"75": [
		0.301171875,
		0.1673611111111111
	],
	"76": [
		0.8595703125,
		0.20243055555555556
	],
	"77": [
		0.3580078125,
		0.20104166666666667
	],
	"78": [
		0.2029296875,
		0.17708333333333334
	],
	"79": [
		0.789453125,
		0.20069444444444445
	],
	"80": [
		0.884765625,
		0.20729166666666668
	],
	"81": [
		0.271484375,
		0.19236111111111112
	],
	"82": [
		0.874609375,
		0.1909722222222222
	],
	"83": [
		0.882421875,
		0.20520833333333333
	],
	"84": [
		0.8591796875,
		0.203125
	],
	"85": [
		0.3337890625,
		0.18472222222222223
	],
	"86": [
		0.3349609375,
		0.19722222222222222
	],
	"87": [
		0.789453125,
		0.20451388888888888
	],
	"88": [
		0.5533203125,
		0.2013888888888889
	],
	"89": [
		0.4876953125,
		0.20277777777777778
	],
	"90": [
		0.07265625,
		0.18611111111111112
	],
	"91": [
		0.13828125,
		0.18958333333333333
	],
	"92": [
		0.8580078125,
		0.20694444444444443
	],
	"93": [
		0.550390625,
		0.20104166666666667
	],
	"94": [
		0.0740234375,
		0.16111111111111112
	],
	"95": [
		0.2025390625,
		0.18819444444444444
	],
	"96": [
		0.8125,
		0.20520833333333333
	],
	"97": [
		0.09609375,
		0.18680555555555556
	],
	"98": [
		0.657421875,
		0.9392361111111112
	],
	"99": [
		0.9173828125,
		0.184375
	],
	"100": [
		0.398046875,
		0.18541666666666667
	],
	"101": [
		0.790234375,
		0.19027777777777777
	],
	"102": [
		0.3564453125,
		0.2013888888888889
	],
	"103": [
		0.5283203125,
		0.2013888888888889
	],
	"104": [
		0.3978515625,
		0.19756944444444444
	],
	"105": [
		0.202734375,
		0.18993055555555555
	],
	"106": [
		0.3974609375,
		0.19791666666666666
	],
	"107": [
		0.59140625,
		0.17222222222222222
	],
	"108": [
		0.0955078125,
		0.16458333333333333
	],
	"109": [
		0.795703125,
		0.2076388888888889
	],
	"110": [
		0.860546875,
		0.1909722222222222
	],
	"111": [
		0.1396484375,
		0.18541666666666667
	],
	"112": [
		0.5251953125,
		0.19375
	],
	"113": [
		0.8880859375,
		0.41388888888888886
	],
	"114": [
		0.4630859375,
		0.2
	],
	"115": [
		0.8564453125,
		0.19756944444444444
	],
	"116": [
		0.4458984375,
		0.3885416666666667
	],
	"117": [
		0.140234375,
		0.1753472222222222
	],
	"118": [
		0.8701171875,
		0.20868055555555556
	],
	"119": [
		0.0708984375,
		0.17326388888888888
	],
	"120": [
		0.332421875,
		0.19409722222222223
	],
	"121": [
		0.3453125,
		0.20104166666666667
	],
	"122": [
		0.0263671875,
		0.18472222222222223
	],
	"123": [
		0.4640625,
		0.19340277777777778
	],
	"124": [
		0.420703125,
		0.20173611111111112
	],
	"125": [
		0.88828125,
		0.4017361111111111
	],
	"126": [
		0.4447265625,
		0.4013888888888889
	],
	"127": [
		0.2564453125,
		0.17222222222222222
	],
	"128": [
		0.14921875,
		0.19375
	],
	"129": [
		0.068359375,
		0.17569444444444443
	],
	"130": [
		0.8875,
		0.4201388888888889
	],
	"131": [
		0.27890625,
		0.19722222222222222
	],
	"132": [
		0.460546875,
		0.19166666666666668
	],
	"133": [
		0.80234375,
		0.19722222222222222
	],
	"134": [
		0.7625,
		0.18993055555555555
	],
	"135": [
		0.2712890625,
		0.18263888888888888
	],
	"136": [
		0.1986328125,
		0.4222222222222222
	],
	"137": [
		0.0828125,
		0.1892361111111111
	],
	"138": [
		0.87109375,
		0.19722222222222222
	],
	"139": [
		0.3953125,
		0.1892361111111111
	],
	"140": [
		0.2708984375,
		0.1920138888888889
	],
	"141": [
		0.069921875,
		0.18888888888888888
	],
	"142": [
		0.44609375,
		0.41180555555555554
	],
	"143": [
		0.4458984375,
		0.4107638888888889
	],
	"144": [
		0.3412109375,
		0.17083333333333334
	],
	"145": [
		0.0759765625,
		0.16805555555555557
	],
	"146": [
		0.8880859375,
		0.41631944444444446
	],
	"147": [
		0.539453125,
		0.20451388888888888
	],
	"148": [
		0.475390625,
		0.18506944444444445
	],
	"149": [
		0.7890625,
		0.19409722222222223
	],
	"150": [
		0.887890625,
		0.40555555555555556
	],
	"151": [
		0.528515625,
		0.19027777777777777
	],
	"152": [
		0.410546875,
		0.20277777777777778
	],
	"153": [
		0.7353515625,
		0.16979166666666667
	],
	"154": [
		0.465625,
		0.18611111111111112
	],
	"155": [
		0.530859375,
		0.20243055555555556
	],
	"156": [
		0.2548828125,
		0.17604166666666668
	],
	"157": [
		0.659375,
		0.6982638888888889
	],
	"158": [
		0.621875,
		0.17708333333333334
	],
	"159": [
		0.44609375,
		0.4125
	],
	"160": [
		0.6638671875,
		0.23229166666666667
	],
	"161": [
		0.225,
		0.19166666666666668
	],
	"162": [
		0.44296875,
		0.39652777777777776
	],