{
	"0": [
		0.76953125,
		0.19236111111111112
	],
	"1": [
		0.757421875,
		0.2013888888888889
	],
	"2": [
		0.8328125,
		0.20034722222222223
	],
	"3": [
		0.2201171875,
		0.18229166666666666
	],
	"4": [
		0.0466796875,
		0.18263888888888888
	],
	"5": [
		0.3318359375,
		0.18680555555555556
	],
	"6": [
		0.2875,
		0.18159722222222222
	],
	"7": [
		0.23203125,
		0.15833333333333333
	],
	"8": [
		0.3599609375,
		0.18958333333333333
	],
	"9": [
		0.4990234375,
		0.19236111111111112
	],
	"10": [
		0.4919921875,
		0.1954861111111111
	],
	"11": [
		0.8421875,
		0.1920138888888889
	],
	"12": [
		0.4205078125,
		0.19479166666666667
	],
	"13": [
		0.146484375,
		0.17673611111111112
	],
	"14": [
		0.4001953125,
		0.19236111111111112
	],
	"15": [
		0.746484375,
		0.19444444444444445
	],
	"16": [
		0.8158203125,
		0.19444444444444445
	],
	"17": [
		0.2078125,
		0.18854166666666666
	],
	"18": [
		0.1201171875,
		0.18472222222222223
	],
	"19": [
		0.3525390625,
		0.19236111111111112
	],
	"20": [
		0.31640625,
		0.17222222222222222
	],
	"21": [
		0.0703125,
		0.18506944444444445
	],
	"22": [
		0.2017578125,
		0.18055555555555555
	],
	"23": [
		0.42890625,
		0.19479166666666667
	],
	"24": [
		0.1353515625,
		0.18784722222222222
	],
	"25": [
		0.3609375,
		0.18819444444444444
	],
	"26": [
		0.8890625,
		0.196875
	],
	"27": [
		0.284375,
		0.19340277777777778
	],
	"28": [
		0.15,
		0.18194444444444444
	],
	"29": [
		0.2638671875,
		0.18541666666666667
	],
	"30": [
		0.7740234375,
		0.18611111111111112
	],
	"31": [
		0.2900390625,
		0.18888888888888888
	],
	"32": [
		0.2052734375,
		0.19618055555555555
	],
	"33": [
		0.14453125,
		0.17326388888888888
	],
	"34": [
		0.42890625,
		0.19027777777777777
	],
	"35": [
		0.2208984375,
		0.18125
	],
	"36": [
		0.1224609375,
		0.18506944444444445
	],
	"37": [
		0.3326171875,
		0.19479166666666667
	],
	"38": [
		0.078125,
		0.184375
	],
	"39": [
		0.0501953125,
		0.18368055555555557
	],
	"40": [
		0.2638671875,
		0.19305555555555556
	],
	"41": [
		0.0751953125,
		0.16805555555555557
	],
	"42": [
		0.21484375,
		0.17430555555555555
	],
	"43": [
		0.4986328125,
		0.19166666666666668
	],
	"44": [
		0.471875,
		0.1996527777777778
	],
	"45": [
		0.7482421875,
		0.20451388888888888
	],
	"46": [
		0.078515625,
		0.18159722222222222
	],
	"47": [
		0.195703125,
		0.1954861111111111
	],
	"48": [
		0.651171875,
		0.16597222222222222
	],
	"49": [
		0.846484375,
		0.190625
	],
	"50": [
		0.22109375,
		0.196875
	],
	"51": [
		0.42421875,
		0.18125
	],
	"52": [
		0.0255859375,
		0.15243055555555557
	],
	"53": [
		0.403515625,
		0.19756944444444444
	],
	"54": [
		0.7296875,
		0.16770833333333332
	],
	"55": [
		0.818359375,
		0.20798611111111112
	],
	"56": [
		0.0779296875,
		0.18888888888888888
	],
	"57": [
		0.4712890625,
		0.19236111111111112
	],
	"58": [
		0.3533203125,
		0.18263888888888888
	],
	"59": [
		0.2900390625,
		0.18888888888888888
	],
	"60": [
		0.1498046875,
		0.19409722222222223
	],
	"61": [
		0.494140625,
		0.18368055555555557
	],
	"62": [
		0.7677734375,
		0.18680555555555556
	],
	"63": [
		0.3607421875,
		0.20069444444444445
	],
	"64": [
		0.7736328125,
		0.203125
	],
	"65": [
		0.5642578125,
		0.17847222222222223
	],
	"66": [
		0.23203125,
		0.15833333333333333
	],
	"67": [
		0.8232421875,
		0.1996527777777778
	],
	"68": [
		0.2900390625,
		0.19756944444444444
	],
	"69": [
		0.12421875,
		0.17222222222222222
	],
	"70": [
		0.7501953125,
		0.19895833333333332
	],
	"71": [
		0.8466796875,
		0.20416666666666666
	],
	"72": [
		0.205859375,
		0.19027777777777777
	],
	"73": [
		0.8421875,
		0.18541666666666667
	],
	"74": [
		0.846484375,
		0.20277777777777778
	],
	"75": [
		0.8208984375,
		0.20034722222222223
	],
	"76": [
		0.26953125,
		0.184375
	],
	"77": [
		0.2728515625,
		0.196875
	],
	"78": [
		0.7494140625,
		0.203125
	],
	"79": [
		0.4986328125,
		0.20104166666666667
	],
	"80": [
		0.4294921875,
		0.20104166666666667
	],
	"81": [
		0.05,
		0.1840277777777778
	],
	"82": [
		0.8189453125,
		0.203125
	],
	"83": [
		0.4986328125,
		0.20173611111111112
	],
	"84": [
		0.1224609375,
		0.18159722222222222
	],
	"85": [
		0.773828125,
		0.20416666666666666
	],
	"86": [
		0.8849609375,
		0.1829861111111111
	],
	"87": [
		0.33671875,
		0.1840277777777778
	],
	"88": [
		0.75234375,
		0.18715277777777778
	],
	"89": [
		0.2900390625,
		0.19791666666666666
	],
	"90": [
		0.474609375,
		0.19895833333333332
	],
	"91": [
		0.3328125,
		0.19236111111111112
	],
	"92": [
		0.122265625,
		0.18333333333333332
	],
	"93": [
		0.3328125,
		0.19305555555555556
	],
	"94": [
		0.5458984375,
		0.16979166666666667
	],
	"95": [
		0.7591796875,
		0.20590277777777777
	],
	"96": [
		0.825,
		0.18854166666666666
	],
	"97": [
		0.0607421875,
		0.18194444444444444
	],
	"98": [
		0.4734375,
		0.190625
	],
	"99": [
		0.85234375,
		0.4184027777777778
	],
	"100": [
		0.4033203125,
		0.19652777777777777
	],
	"101": [
		0.8208984375,
		0.19340277777777778
	],
	"102": [
		0.386328125,
		0.4027777777777778
	],
	"103": [
		0.0638671875,
		0.17326388888888888
	],
	"104": [
		0.837109375,
		0.2065972222222222
	],
	"105": [
		0.26328125,
		0.18819444444444444
	],
	"106": [
		0.284375,
		0.19618055555555555
	],
	"107": [
		0.409765625,
		0.1920138888888889
	],
	"108": [
		0.3607421875,
		0.20069444444444445
	],
	"109": [
		0.8513671875,
		0.4107638888888889
	],
	"110": [
		0.3859375,
		0.4111111111111111
	],
	"111": [
		0.1927734375,
		0.1701388888888889
	],
	"112": [
		0.07265625,
		0.18784722222222222
	],
	"113": [
		0.8509765625,
		0.42465277777777777
	],
	"114": [
		0.212890625,
		0.19444444444444445
	],
	"115": [
		0.403515625,
		0.18819444444444444
	],
	"116": [
		0.76640625,
		0.19479166666666667
	],
	"117": [
		0.7171875,
		0.18541666666666667
	],
	"118": [
		0.20546875,
		0.18159722222222222
	],
	"119": [
		0.1501953125,
		0.43819444444444444
	],
	"120": [
		0.8375,
		0.1951388888888889
	],
	"121": [
		0.3337890625,
		0.1857638888888889
	],
	"122": [
		0.205859375,
		0.19027777777777777
	],
	"123": [
		0.385546875,
		0.41597222222222224
	],
	"124": [
		0.386328125,
		0.4166666666666667
	],
	"125": [
		0.2744140625,
		0.16284722222222223
	],
	"126": [
		0.8515625,
		0.4201388888888889
	],
	"127": [
		0.4919921875,
		0.19930555555555557
	],
	"128": [
		0.4248046875,
		0.18194444444444444
	],
	"129": [
		0.750390625,
		0.19166666666666668
	],
	"130": [
		0.85234375,
		0.4125
	],
	"131": [
		0.4794921875,
		0.18854166666666666
	],
	"132": [
		0.35390625,
		0.19756944444444444
	],
	"133": [
		0.6908203125,
		0.16805555555555557
	],
	"134": [
		0.4150390625,
		0.18472222222222223
	],
	"135": [
		0.4828125,
		0.20069444444444445
	],
	"136": [
		0.1947265625,
		0.17395833333333333
	],
	"137": [
		0.6123046875,
		0.7260416666666667
	],
	"138": [
		0.580078125,
		0.17395833333333333
	],
	"139": [
		0.3857421875,
		0.4170138888888889
	],
	"140": [
		0.6154296875,
		0.23715277777777777
	],
	"141": [
		0.1494140625,
		0.19409722222222223
	],
	"142": [
		0.385546875,
		0.4083333333333333
	],
	"143": [
		0.28359375,
		0.17847222222222223
	],
	"144": [
		0.2642578125,
		0.18263888888888888
	],
	"145": [
		0.614453125,
		0.18020833333333333
	],
	"146": [
		0.493359375,
		0.19027777777777777
	],
	"147": [
		0.0783203125,
		0.190625
	],
	"148": [
		0.3015625,
		0.16111111111111112
	],
	"149": [
		0.2025390625,
		0.18333333333333332
	],
	"150": [
		0.32109375,
		0.1684027777777778
	],
	"151": [
		0.8513671875,
		0.4114583333333333
	],
	"152": [
		0.1224609375,
		0.17777777777777778
	],
	"153": [
		0.6912109375,
		0.171875
	],
	"154": [
		0.070703125,
		0.17118055555555556
	],
	"155": [
		0.143359375,
		0.1909722222222222
	],
	"156": [
		0.3853515625,
		0.3993055555555556
	],
	"157": [
		0.6125,
		0.7329861111111111
	],
	"158": [
		0.2513671875,
		0.15763888888888888
	],
	"159": [
		0.2294921875,
		0.17118055555555556
	],
	"160": [
		0.223046875,
		0.8704861111111111
	],
	"161": [
		0.3546875,
		0.17777777777777778
	],
	"162": [
		0.3859375,
		0.41805555555555557
	],