{
	"EighteenYardNorthForwardEast": [
		0.4002808988764045,
		0.21175189512920384
	],
	"PenaltyCircleNorthWest": [
		0.13202247191011235,
		0.3940193491644679
	],
	"EighteenYardNorthRearEast": [
		0.09550561797752809,
		0.1956694727143276
	],
	"SixYardNorthForwardEast": [
		0.07303370786516854,
		0.2599991623738326
	]
}