{
	"CornerNorthEast": [
		0.19803370786516855,
		0.14206139799807346
	],
	"CornerSouthWest": [
		0.6882022471910112,
		0.7290698161410563
	]
}