{
	"0": [
		0.6015625,
		0.20277777777777778
	],
	"1": [
		0.55625,
		0.275
	],
	"2": [
		0.390625,
		0.4722222222222222
	],
	"3": [
		0.3328125,
		0.4444444444444444
	],
	"4": [
		0.4984375,
		0.12777777777777777
	],
	"5": [
		0.4546875,
		0.2
	],
	"6": [
		0.5171875,
		0.19444444444444445
	],
	"7": [
		0.5578125,
		0.2722222222222222
	],
	"8": [
		0.828125,
		0.2
	],
	"9": [
		0.7875,
		0.2777777777777778
	],
	"10": [
		0.78125,
		0.44722222222222224
	],
	"11": [
		0.7234375,
		0.4722222222222222
	],
	"12": [
		0.55625,
		0.5
	],
	"13": [
		0.559375,
		0.6055555555555555
	],
	"14": [
		0.5578125,
		0.2972222222222222
	],
	"15": [
		0.55625,
		0.4027777777777778
	],
	"16": [
		0.3921875,
		0.35
	],
	"17": [
		0.334375,
		0.37222222222222223
	],
	"18": [
		0.725,
		0.35555555555555557
	],
	"19": [
		0.6671875,
		0.3416666666666667
	],
	"20": [
		0.725,
		0.4722222222222222
	],
	"21": [
		0.6671875,
		0.4861111111111111
	],
	"22": [
		0.66875,
		0.2
	],
	"23": [
		0.6109375,
		0.18888888888888888
	],
	"24": [
		0.446875,
		0.3416666666666667
	],
	"25": [
		0.3890625,
		0.3527777777777778
	],
	"26": [
		0.446875,
		0.48333333333333334
	],
	"27": [
		0.3890625,
		0.4722222222222222
	],
	"28": [
		0.559375,
		0.8
	],
	"29": [
		0.55625,
		0.9027777777777778
	],
	"30": [
		0.5578125,
		0.4
	],
	"31": [
		0.55625,
		0.5027777777777778
	],
	"32": [
		0.446875,
		0.9194444444444444
	],
	"33": [
		0.3890625,
		0.9166666666666666
	],
	"34": [
		0.6140625,
		0.19166666666666668
	],
	"35": [
		0.55625,
		0.19166666666666668
	],
	"36": [
		0.225,
		0.9194444444444444
	],
	"37": [
		0.1671875,
		0.9194444444444444
	],
	"38": [
		0.725,
		0.925
	],
	"39": [
		0.6671875,
		0.925
	],
	"40": [
		0.7234375,
		0.35555555555555557
	],
	"41": [
		0.7796875,
		0.37777777777777777
	],
	"42": [
		0.815625,
		0.2
	],
	"43": [
		0.80625,
		0.3
	],
	"44": [
		0.4453125,
		0.48333333333333334
	],
	"45": [
		0.5015625,
		0.49166666666666664
	],
	"46": [
		0.66875,
		0.48333333333333334
	],
	"47": [
		0.6125,
		0.49166666666666664
	],
	"48": [
		0.66875,
		0.3416666666666667
	],
	"49": [
		0.6125,
		0.33611111111111114
	],
	"50": [
		0.66875,
		0.925
	],
	"51": [
		0.6125,
		0.9222222222222223
	],
	"52": [
		0.7796875,
		0.9277777777777778
	],
	"53": [
		0.7234375,
		0.925
	],
	"54": [
		0.16875,
		0.9194444444444444
	],
	"55": [
		0.1125,
		0.9194444444444444
	],
	"56": [
		0.390625,
		0.9166666666666666
	],
	"57": [
		0.334375,
		0.9166666666666666
	],
	"58": [
		0.4828125,
		0.1111111111111111
	],
	"59": [
		0.4578125,
		0.2
	],
	"60": [
		0.4453125,
		0.1111111111111111
	],
	"61": [
		0.4875,
		0.175
	],
	"62": [
		0.1109375,
		0.12222222222222222
	],
	"63": [
		0.05625,
		0.1361111111111111
	],
	"64": [
		0.4453125,
		0.12777777777777777
	],
	"65": [
		0.49375,
		0.175
	],
	"66": [
		0.8203125,
		0.2
	],
	"67": [
		0.796875,
		0.28888888888888886
	],
	"68": [
		0.0578125,
		0.20277777777777778
	],
	"69": [
		0.003125,
		0.2111111111111111
	],
	"70": [
		0.7875,
		0.21388888888888888
	],
	"71": [
		0.8125,
		0.3
	],
	"72": [
		0.5578125,
		0.13055555555555556
	],
	"73": [
		0.5171875,
		0.19444444444444445
	],
	"74": [
		1,
		0.2
	],
	"75": [
		0.946875,
		0.18611111111111112
	],
	"76": [
		0.334375,
		0.13055555555555556
	],
	"77": [
		0.28125,
		0.12777777777777777
	],
	"78": [
		0.4953125,
		0.16111111111111112
	],
	"79": [
		0.446875,
		0.2
	],
	"80": [
		0.83125,
		0.9305555555555556
	],
	"81": [
		0.778125,
		0.9277777777777778
	],
	"82": [
		0.484375,
		0.13055555555555556
	],
	"83": [
		0.45,
		0.2
	],
	"84": [
		0.1140625,
		0.9194444444444444
	],
	"85": [
		0.0625,
		0.9222222222222223
	],
	"86": [
		1,
		0.9388888888888889
	],
	"87": [
		0.9484375,
		0.9361111111111111
	],
	"88": [
		0.5578125,
		0.2111111111111111
	],
	"89": [
		0.5578125,
		0.30277777777777776
	],
	"90": [
		0.0828125,
		0.4222222222222222
	],
	"91": [
		0.059375,
		0.5027777777777778
	],
	"92": [
		0.1,
		0.4388888888888889
	],
	"93": [
		0.059375,
		0.49166666666666664
	],
	"94": [
		0.721875,
		0.7083333333333334
	],
	"95": [
		0.68125,
		0.7555555555555555
	],
	"96": [
		0.5609375,
		0.18611111111111112
	],
	"97": [
		0.5125,
		0.18888888888888888
	],
	"98": [
		0.8359375,
		0.2111111111111111
	],
	"99": [
		0.7875,
		0.21388888888888888
	],
	"100": [
		0.515625,
		0.20833333333333334
	],
	"101": [
		0.5578125,
		0.25
	],
	"102": [
		0.828125,
		0.9638888888888889
	],
	"103": [
		0.78125,
		0.9611111111111111
	],
	"104": [
		0.9359375,
		0.9361111111111111
	],
	"105": [
		0.8890625,
		0.9333333333333333
	],
	"106": [
		0.5859375,
		0.49722222222222223
	],
	"107": [
		0.55625,
		0.5611111111111111
	],
	"108": [
		0.175,
		0.7
	],
	"109": [
		0.1859375,
		0.7805555555555556
	],
	"110": [
		0.55625,
		0.2111111111111111
	],
	"111": [
		0.521875,
		0.26666666666666666
	],
	"112": [
		0.60625,
		0.33055555555555555
	],
	"113": [
		0.58125,
		0.4
	],
	"114": [
		0.0828125,
		0.4222222222222222
	],
	"115": [
		0.0765625,
		0.5027777777777778
	],
	"116": [
		0.5171875,
		0.19444444444444445
	],
	"117": [
		0.534375,
		0.26666666666666666
	],
	"118": [
		0.8171875,
		0.9277777777777778
	],
	"119": [
		0.784375,
		0.9777777777777777
	],
	"120": [
		0.1,
		0.4444444444444444
	],
	"121": [
		0.0703125,
		0.5
	],
	"122": [
		0.5578125,
		0.2222222222222222
	],
	"123": [
		0.515625,
		0.20833333333333334
	],
	"124": [
		0.890625,
		0.9333333333333333
	],
	"125": [
		0.8484375,
		0.9305555555555556
	],
	"126": [
		0.5859375,
		0.3277777777777778
	],
	"127": [
		0.596875,
		0.4
	],
	"128": [
		0.721875,
		0.7138888888888889
	],
	"129": [
		0.68125,
		0.7333333333333333
	],
	"130": [
		0.55625,
		0.21388888888888888
	],
	"131": [
		0.515625,
		0.23055555555555557
	],
	"132": [
		0.3625,
		0.5972222222222222
	],
	"133": [
		0.3390625,
		0.6583333333333333
	],
	"134": [
		0.5390625,
		0.20277777777777778
	],
	"135": [
		0.51875,
		0.26666666666666666
	],
	"136": [
		0.721875,
		0.7361111111111112
	],
	"137": [
		0.68125,
		0.7277777777777777
	],
	"138": [
		0.0671875,
		0.4361111111111111
	],
	"139": [
		0.0828125,
		0.5027777777777778
	],
	"140": [
		0.0421875,
		0.9222222222222223
	],
	"141": [
		0.0015625,
		0.9222222222222223
	],
	"142": [
		0.3359375,
		0.95
	],
	"143": [
		0.2953125,
		0.95
	],
	"144": [
		0.809375,
		0.4111111111111111
	],
	"145": [
		0.7765625,
		0.4527777777777778
	],
	"146": [
		0.796875,
		0.2111111111111111
	],
	"147": [
		0.7890625,
		0.28055555555555556
	],
	"148": [
		0.475,
		0.13055555555555556
	],
	"149": [
		0.496875,
		0.18888888888888888
	],
	"150": [
		0.6,
		0.33055555555555555
	],
	"151": [
		0.5953125,
		0.4
	],
	"152": [
		0.7625,
		0.21388888888888888
	],
	"153": [
		0.7234375,
		0.21388888888888888
	],
	"154": [
		0.8234375,
		0.5361111111111111
	],
	"155": [
		0.8328125,
		0.6027777777777777
	],
	"156": [
		0.571875,
		0.2361111111111111
	],
	"157": [
		0.5640625,
		0.30277777777777776
	],
	"158": [
		0.5375,
		0.2
	],
	"159": [
		0.53125,
		0.26666666666666666
	],
	"160": [
		0.525,
		0.2
	],
	"161": [
		0.51875,
		0.26666666666666666
	],
	"162": [
		0.0921875,
		0.1111111111111111
	],
	"163": [
		0.059375,
		0.14444444444444443
	],
	"164": [
		0.55625,
		0.2111111111111111
	],
	"165": [
		0.58125,
		0.2611111111111111
	],
	"166": [
		0.3078125,
		0.4
	],
	"167": [
		0.334375,
		0.44722222222222224
	],
	"168": [
		0.0671875,
		0.4361111111111111
	],
	"169": [
		0.065625,
		0.5027777777777778
	],
	"170": [
		0.7015625,
		0.7055555555555556
	],
	"171": [
		0.6875,
		0.7666666666666667
	],
	"172": [
		0.8328125,
		0.5361111111111111
	],
	"173": [
		0.825,
		0.6
	],
	"174": [
		0.0671875,
		0.4361111111111111
	],
	"175": [
		0.0984375,
		0.46944444444444444
	],
	"176": [
		0.35625,
		0.5972222222222222
	],
	"177": [
		0.3609375,
		0.6611111111111111
	],
	"178": [
		0.2640625,
		0.32222222222222224
	],
	"179": [
		0.2328125,
		0.3527777777777778
	],
	"180": [
		0.53125,
		0.20555555555555555
	],
	"181": [
		0.540625,
		0.26666666666666666
	],