{
	"EighteenYardNorthRearWest": [
		0.4044943820224719,
		0.4690706537672237
	],
	"EighteenYardNorthRearEast": [
		0.5730337078651685,
		0.4824726724462872
	]
}