{
	"0": [
		0.55625,
		0.20555555555555555
	],
	"1": [
		0.603125,
		0.30277777777777776
	],
	"2": [
		0.60625,
		0.2
	],
	"3": [
		0.55625,
		0.28888888888888886
	],
	"4": [
		0.5546875,
		0.11944444444444445
	],
	"5": [
		0.5078125,
		0.2
	],
	"6": [
		0.55625,
		0.21944444444444444
	],
	"7": [
		0.6140625,
		0.2638888888888889
	],
	"8": [
		0.7953125,
		0.30277777777777776
	],
	"9": [
		0.8234375,
		0.4
	],
	"10": [
		0.8265625,
		0.3
	],
	"11": [
		0.78125,
		0.37222222222222223
	],
	"12": [
		0.559375,
		0.49166666666666664
	],
	"13": [
		0.5,
		0.4861111111111111
	],
	"14": [
		0.590625,
		0.3
	],
	"15": [
		0.5921875,
		0.40555555555555556
	],
	"16": [
		0.446875,
		0.475
	],
	"17": [
		0.3890625,
		0.4527777777777778
	],
	"18": [
		0.446875,
		0.3527777777777778
	],
	"19": [
		0.3890625,
		0.36944444444444446
	],
	"20": [
		0.590625,
		0.8
	],
	"21": [
		0.5828125,
		0.9027777777777778
	],
	"22": [
		0.725,
		0.35555555555555557
	],
	"23": [
		0.6671875,
		0.34444444444444444
	],
	"24": [
		0.725,
		0.48055555555555557
	],
	"25": [
		0.6671875,
		0.4888888888888889
	],
	"26": [
		0.8359375,
		0.22777777777777777
	],
	"27": [
		0.778125,
		0.2222222222222222
	],
	"28": [
		0.5875,
		0.4
	],
	"29": [
		0.590625,
		0.5027777777777778
	],
	"30": [
		0.590625,
		0.5
	],
	"31": [
		0.5875,
		0.6027777777777777
	],
	"32": [
		0.590625,
		0.6
	],
	"33": [
		0.5875,
		0.7027777777777777
	],
	"34": [
		0.5875,
		0.7
	],
	"35": [
		0.590625,
		0.8027777777777778
	],
	"36": [
		0.946875,
		0.9222222222222223
	],
	"37": [
		0.8890625,
		0.9166666666666666
	],
	"38": [
		0.6140625,
		0.9027777777777778
	],
	"39": [
		0.55625,
		0.9
	],
	"40": [
		0.8359375,
		0.9138888888888889
	],
	"41": [
		0.778125,
		0.9111111111111111
	],
	"42": [
		0.7234375,
		0.35555555555555557
	],
	"43": [
		0.7796875,
		0.37222222222222223
	],
	"44": [
		0.7796875,
		0.4638888888888889
	],
	"45": [
		0.7234375,
		0.48055555555555557
	],
	"46": [
		0.8296875,
		0.425
	],
	"47": [
		0.778125,
		0.4666666666666667
	],
	"48": [
		0.16875,
		0.8944444444444445
	],
	"49": [
		0.1125,
		0.8972222222222223
	],
	"50": [
		0.7796875,
		0.9111111111111111
	],
	"51": [
		0.7234375,
		0.9083333333333333
	],
	"52": [
		0.890625,
		0.9166666666666666
	],
	"53": [
		0.834375,
		0.9138888888888889
	],
	"54": [
		0.8296875,
		0.40555555555555556
	],
	"55": [
		0.778125,
		0.36944444444444446
	],
	"56": [
		0.5,
		0.4861111111111111
	],
	"57": [
		0.4453125,
		0.475
	],
	"58": [
		0.5,
		0.34444444444444444
	],
	"59": [
		0.4453125,
		0.3527777777777778
	],
	"60": [
		0.575,
		0.20555555555555555
	],
	"61": [
		0.55625,
		0.2972222222222222
	],
	"62": [
		0.8171875,
		0.3
	],
	"63": [
		0.8203125,
		0.3972222222222222
	],
	"64": [
		1,
		0.925
	],
	"65": [
		0.9453125,
		0.9194444444444444
	],
	"66": [
		0.8265625,
		0.3
	],
	"67": [
		0.8015625,
		0.38333333333333336
	],
	"68": [
		0.55625,
		0.20555555555555555
	],
	"69": [
		0.553125,
		0.2972222222222222
	],
	"70": [
		0.56875,
		0.20555555555555555
	],
	"71": [
		0.565625,
		0.2972222222222222
	],
	"72": [
		0.1640625,
		0.1388888888888889
	],
	"73": [
		0.1125,
		0.14166666666666666
	],
	"74": [
		0.6640625,
		0.9055555555555556
	],
	"75": [
		0.6125,
		0.9027777777777778
	],
	"76": [
		0.8265625,
		0.3138888888888889
	],
	"77": [
		0.790625,
		0.37777777777777777
	],
	"78": [
		0.725,
		0.9083333333333333
	],
	"79": [
		0.675,
		0.9055555555555556
	],
	"80": [
		0.390625,
		0.45555555555555555
	],
	"81": [
		0.35,
		0.4111111111111111
	],
	"82": [
		0.059375,
		0.1361111111111111
	],
	"83": [
		0.0125,
		0.1388888888888889
	],
	"84": [
		0.8078125,
		0.3
	],
	"85": [
		0.796875,
		0.38055555555555554
	],
	"86": [
		0.5203125,
		0.125
	],
	"87": [
		0.5015625,
		0.2
	],
	"88": [
		0.45625,
		0.225
	],
	"89": [
		0.5015625,
		0.225
	],
	"90": [
		0.046875,
		0.8972222222222223
	],
	"91": [
		0.0015625,
		0.8972222222222223
	],
	"92": [
		0.390625,
		0.36944444444444446
	],
	"93": [
		0.3515625,
		0.4027777777777778
	],
	"94": [
		0.4875,
		0.9
	],
	"95": [
		0.4453125,
		0.8972222222222223
	],
	"96": [
		0.1421875,
		0.44722222222222224
	],
	"97": [
		0.1125,
		0.5
	],
	"98": [
		0.5015625,
		0.2
	],
	"99": [
		0.4625,
		0.225
	],
	"100": [
		0.1171875,
		0.4305555555555556
	],
	"101": [
		0.13125,
		0.5
	],
	"102": [
		0.1921875,
		0.6972222222222222
	],
	"103": [
		0.20625,
		0.7666666666666667
	],
	"104": [
		0.375,
		0.8972222222222223
	],
	"105": [
		0.334375,
		0.8972222222222223
	],
	"106": [
		0.2,
		0.7
	],
	"107": [
		0.1859375,
		0.7666666666666667
	],
	"108": [
		0.6046875,
		0.3388888888888889
	],
	"109": [
		0.584375,
		0.4
	],
	"110": [
		0.1421875,
		0.44166666666666665
	],
	"111": [
		0.125,
		0.5055555555555555
	],
	"112": [
		0.1171875,
		0.4305555555555556
	],
	"113": [
		0.1125,
		0.5
	],
	"114": [
		0.9375,
		0.9527777777777777
	],
	"115": [
		0.9,
		0.9472222222222222
	],
	"116": [
		0.2,
		0.7
	],
	"117": [
		0.2,
		0.7666666666666667
	],
	"118": [
		0.3546875,
		0.11944444444444445
	],
	"119": [
		0.384375,
		0.15833333333333333
	],
	"120": [
		0.3078125,
		0.11666666666666667
	],
	"121": [
		0.2796875,
		0.15833333333333333
	],
	"122": [
		0.584375,
		0.20555555555555555
	],
	"123": [
		0.55625,
		0.24722222222222223
	],
	"124": [
		0.51875,
		0.125
	],
	"125": [
		0.5203125,
		0.18888888888888888
	],
	"126": [
		0.6125,
		0.25
	],
	"127": [
		0.590625,
		0.3
	],
	"128": [
		0.7953125,
		0.3194444444444444
	],
	"129": [
		0.8234375,
		0.35833333333333334
	],
	"130": [
		0.7234375,
		0.7194444444444444
	],
	"131": [
		0.7484375,
		0.7638888888888888
	],
	"132": [
		0.7953125,
		0.30277777777777776
	],
	"133": [
		0.8265625,
		0.33055555555555555
	],
	"134": [
		0.103125,
		0.4388888888888889
	],
	"135": [
		0.109375,
		0.5
	],
	"136": [
		0.66875,
		0.4888888888888889
	],
	"137": [
		0.634375,
		0.49166666666666664
	],
	"138": [
		0.375,
		0.13333333333333333
	],
	"139": [
		0.34375,
		0.15833333333333333
	],
	"140": [
		0.5796875,
		0.14166666666666666
	],
	"141": [
		0.6125,
		0.15833333333333333
	],
	"142": [
		0.33125,
		0.6111111111111112
	],
	"143": [
		0.30625,
		0.65
	],
	"144": [
		0.821875,
		0.25555555555555554
	],
	"145": [
		0.7984375,
		0.2972222222222222
	],
	"146": [
		0.115625,
		0.43333333333333335
	],
	"147": [
		0.1390625,
		0.475
	],
	"148": [
		0.5015625,
		0.15833333333333333
	],
	"149": [
		0.53125,
		0.18333333333333332
	],
	"150": [
		0.5359375,
		0.1361111111111111
	],
	"151": [
		0.5234375,
		0.18888888888888888
	],
	"152": [
		0.8265625,
		0.3111111111111111
	],
	"153": [
		0.7953125,
		0.325
	],
	"154": [
		0.1421875,
		0.44722222222222224
	],
	"155": [
		0.1125,
		0.4666666666666667
	],
	"156": [
		0.5875,
		0.85
	],
	"157": [
		0.5984375,
		0.9027777777777778
	],
	"158": [
		0.8265625,
		0.29444444444444445
	],
	"159": [
		0.7953125,
		0.30277777777777776
	],
	"160": [
		0.253125,
		0.4305555555555556
	],
	"161": [
		0.2484375,
		0.4861111111111111
	],
	"162": [
		0.778125,
		0.2222222222222222
	],
	"163": [
		0.746875,
		0.225
	],
	"164": [
		0.8359375,
		0.9444444444444444
	],
	"165": [
		0.8046875,
		0.9472222222222222
	],
	"166": [
		0.5109375,
		0.14444444444444443
	],
	"167": [
		0.5296875,
		0.18888888888888888
	],
	"168": [
		0.865625,
		0.22777777777777777
	],
	"169": [
		0.834375,
		0.22777777777777777
	],
	"170": [
		0.665625,
		0.2
	],
	"171": [
		0.6359375,
		0.21666666666666667
	],
	"172": [
		0.140625,
		0.125
	],
	"173": [
		0.1203125,
		0.16666666666666666
	],
	"174": [
		0.7484375,
		0.725
	],
	"175": [
		0.7265625,
		0.7638888888888888
	],
	"176": [
		0.75,
		0.2
	],
	"177": [
		0.778125,
		0.2222222222222222
	],
	"178": [
		0.8265625,
		0.3
	],
	"179": [
		0.7984375,
		0.28055555555555556
	],
	"180": [
		0.1203125,
		0.11666666666666667
	],
	"181": [
		0.134375,
		0.1638888888888889
	],
	"182": [
		0.1125,
		0.4444444444444444
	],
	"183": [
		0.1421875,
		0.4527777777777778
	],
	"184": [
		0.2015625,
		0.9277777777777778
	],