{
	"EighteenYardNorthForwardEast": [
		0.41430192962542567,
		0.21717567214826416
	],
	"PenaltyCircleNorthWest": [
		0.14188422247446084,
		0.38423388149308274
	],
	"SixYardNorthForwardEast": [
		0.07264472190692395,
		0.2505873140172279
	],
	"CornerNorthEast": [
		0.2043132803632236,
		0.1069172539806839
	]
}