{
	"CornerNorthWest": [
		0.12359550561797752,
		0.5146375172760397
	],
	"CornerNorthEast": [
		0.16573033707865167,
		0.1581438204129497
	],
	"CornerSouthEast": [
		0.48174157303370785,
		0.1527830129413243
	],
	"CornerSouthWest": [
		0.45646067415730335,
		0.4744314612388491
	]
}