{
	"0": [
		0.3375,
		0.1527777777777778
	],
	"1": [
		0.278125,
		0.19166666666666668
	],
	"2": [
		0.0515625,
		0.025
	],
	"3": [
		0.0046875,
		0.1
	],
	"4": [
		0.225,
		0.225
	],
	"5": [
		0.1671875,
		0.2638888888888889
	],
	"6": [
		0.16875,
		0.2611111111111111
	],
	"7": [
		0.1109375,
		0.2972222222222222
	],
	"8": [
		0.1140625,
		0.2972222222222222
	],
	"9": [
		0.05625,
		0.33055555555555555
	],
	"10": [
		0.171875,
		0.3138888888888889
	],
	"11": [
		0.1125,
		0.3277777777777778
	],
	"12": [
		0.0578125,
		0.33055555555555555
	],
	"13": [
		0.0015625,
		0.36666666666666664
	],
	"14": [
		0.1140625,
		0.8388888888888889
	],
	"15": [
		0.0546875,
		0.8305555555555556
	],
	"16": [
		0.05625,
		0.058333333333333334
	],
	"17": [
		0.0015625,
		0.1
	],
	"18": [
		0.1140625,
		0.10277777777777777
	],
	"19": [
		0.05625,
		0.08333333333333333
	],
	"20": [
		0.446875,
		0.05555555555555555
	],
	"21": [
		0.3890625,
		0.075
	],
	"22": [
		0.0984375,
		0.025
	],
	"23": [
		0.05625,
		0.09722222222222222
	],
	"24": [
		0.225,
		0.3
	],
	"25": [
		0.1671875,
		0.31666666666666665
	],
	"26": [
		0.05625,
		0.1
	],
	"27": [
		0.1140625,
		0.11388888888888889
	],
	"28": [
		0.28125,
		0.11666666666666667
	],
	"29": [
		0.2234375,
		0.10277777777777777
	],
	"30": [
		0.278125,
		0.2638888888888889
	],
	"31": [
		0.2234375,
		0.3
	],
	"32": [
		0.3359375,
		0.875
	],
	"33": [
		0.278125,
		0.8638888888888889
	],
	"34": [
		0.446875,
		0.8916666666666667
	],
	"35": [
		0.3890625,
		0.8805555555555555
	],
	"36": [
		0.6140625,
		0.9194444444444444
	],
	"37": [
		0.55625,
		0.9083333333333333
	],
	"38": [
		0.725,
		0.9388888888888889
	],
	"39": [
		0.6671875,
		0.9277777777777778
	],
	"40": [
		0.7796875,
		0.95
	],
	"41": [
		0.721875,
		0.9388888888888889
	],
	"42": [
		0.8359375,
		0.9611111111111111
	],
	"43": [
		0.778125,
		0.95
	],
	"44": [
		0.946875,
		0.9833333333333333
	],
	"45": [
		0.8890625,
		0.9722222222222222
	],
	"46": [
		0.225,
		0.10833333333333334
	],
	"47": [
		0.1671875,
		0.11666666666666667
	],
	"48": [
		0.225,
		0.8555555555555555
	],
	"49": [
		0.1671875,
		0.8472222222222222
	],
	"50": [
		0.5578125,
		0.9083333333333333
	],
	"51": [
		0.5,
		0.9
	],
	"52": [
		0.446875,
		0.07222222222222222
	],
	"53": [
		0.3890625,
		0.06666666666666667
	],
	"54": [
		0.66875,
		0.09444444444444444
	],
	"55": [
		0.6125,
		0.07222222222222222
	],
	"56": [
		0.16875,
		0.11388888888888889
	],
	"57": [
		0.1125,
		0.10277777777777777
	],
	"58": [
		0.390625,
		0.06944444444444445
	],
	"59": [
		0.334375,
		0.06111111111111111
	],
	"60": [
		0.16875,
		0.8472222222222222
	],
	"61": [
		0.1125,
		0.8388888888888889
	],
	"62": [
		0.2796875,
		0.8638888888888889
	],
	"63": [
		0.2234375,
		0.8555555555555555
	],
	"64": [
		0.390625,
		0.8805555555555555
	],
	"65": [
		0.334375,
		0.8722222222222222
	],
	"66": [
		0.5015625,
		0.8972222222222223
	],
	"67": [
		0.4453125,
		0.8888888888888888
	],
	"68": [
		0.66875,
		0.9277777777777778
	],
	"69": [
		0.6125,
		0.9194444444444444
	],
	"70": [
		0.0578125,
		0.8333333333333334
	],
	"71": [
		0.0015625,
		0.8277777777777777
	],
	"72": [
		0.053125,
		0.025
	],
	"73": [
		0.0203125,
		0.10555555555555556
	],
	"74": [
		0.05625,
		0.03333333333333333
	],
	"75": [
		0.096875,
		0.1
	],
	"76": [
		0.5484375,
		0.6027777777777777
	],
	"77": [
		0.5109375,
		0.675
	],
	"78": [
		0.16875,
		0.05555555555555555
	],
	"79": [
		0.1140625,
		0.044444444444444446
	],
	"80": [
		0.8890625,
		0.9722222222222222
	],
	"81": [
		0.834375,
		0.9611111111111111
	],
	"82": [
		1,
		0.9944444444444445
	],
	"83": [
		0.9453125,
		0.9833333333333333
	],
	"84": [
		0.8890625,
		0.09444444444444444
	],
	"85": [
		0.834375,
		0.09444444444444444
	],
	"86": [
		0.5859375,
		0.725
	],
	"87": [
		0.55625,
		0.8
	],
	"88": [
		0.1671875,
		0.8833333333333333
	],
	"89": [
		0.115625,
		0.8861111111111111
	],
	"90": [
		0.2734375,
		0.19722222222222222
	],
	"91": [
		0.225,
		0.225
	],
	"92": [
		0.9984375,
		0.002777777777777778
	],
	"93": [
		0.9484375,
		0.013888888888888888
	],
	"94": [
		0.4921875,
		0.075
	],
	"95": [
		0.4453125,
		0.06666666666666667
	],
	"96": [
		0.55625,
		0.6027777777777777
	],
	"97": [
		0.5109375,
		0.625
	],
	"98": [
		0.5578125,
		0.6305555555555555
	],
	"99": [
		0.5109375,
		0.625
	],
	"100": [
		0.325,
		0.13055555555555556
	],
	"101": [
		0.278125,
		0.12777777777777777
	],
	"102": [
		0.0453125,
		0.025
	],
	"103": [
		0.034375,
		0.10555555555555556
	],
	"104": [
		0.0734375,
		0.04722222222222222
	],
	"105": [
		0.1078125,
		0.10277777777777777
	],
	"106": [
		0.0546875,
		0.025
	],
	"107": [
		0.06875,
		0.10277777777777777
	],
	"108": [
		0.0296875,
		0.03333333333333333
	],
	"109": [
		0.0578125,
		0.09722222222222222
	],
	"110": [
		0.528125,
		0.6
	],
	"111": [
		0.5109375,
		0.675
	],
	"112": [
		0.553125,
		0.9472222222222222
	],
	"113": [
		0.5078125,
		0.9388888888888889
	],
	"114": [
		0.9671875,
		0.3416666666666667
	],
	"115": [
		0.9984375,
		0.4
	],
	"116": [
		0.046875,
		0.025
	],
	"117": [
		0.05625,
		0.10277777777777777
	],
	"118": [
		0.1390625,
		0.005555555555555556
	],
	"119": [
		0.16875,
		0.06388888888888888
	],
	"120": [
		0.3109375,
		0.03333333333333333
	],
	"121": [
		0.278125,
		0.08611111111111111
	],
	"122": [
		0.0546875,
		0.025
	],
	"123": [
		0.05,
		0.10277777777777777
	],
	"124": [
		0.2796875,
		0.2361111111111111
	],
	"125": [
		0.2375,
		0.21666666666666667
	],
	"126": [
		0.153125,
		0.005555555555555556
	],
	"127": [
		0.11875,
		0.05277777777777778
	],
	"128": [
		0.321875,
		0.03888888888888889
	],
	"129": [
		0.2875,
		0.08611111111111111
	],
	"130": [
		0.0984375,
		0.05277777777777778
	],
	"131": [
		0.05625,
		0.06388888888888888
	],
	"132": [
		0.446875,
		0.9277777777777778
	],
	"133": [
		0.4046875,
		0.9222222222222223
	],
	"134": [
		0.05625,
		0.04722222222222222
	],
	"135": [
		0.0859375,
		0.1
	],
	"136": [
		0.0296875,
		0.03333333333333333
	],
	"137": [
		0.0203125,
		0.10555555555555556
	],
	"138": [
		0.5203125,
		0.6055555555555555
	],
	"139": [
		0.55625,
		0.6416666666666667
	],
	"140": [
		0.403125,
		0.044444444444444446
	],
	"141": [
		0.4359375,
		0.08888888888888889
	],
	"142": [
		0.996875,
		0.3111111111111111
	],
	"143": [
		0.965625,
		0.35833333333333334
	],
	"144": [
		0.6515625,
		0.9638888888888889
	],
	"145": [
		0.6125,
		0.9555555555555556
	],
	"146": [
		0.025,
		0.05555555555555555
	],
	"147": [
		0.0578125,
		0.09166666666666666
	],
	"148": [
		0.2796875,
		0.11388888888888889
	],
	"149": [
		0.24375,
		0.1361111111111111
	],
	"150": [
		0.25,
		0.20833333333333334
	],
	"151": [
		0.2796875,
		0.25
	],
	"152": [
		0.203125,
		0.06944444444444445
	],
	"153": [
		0.1671875,
		0.05277777777777778
	],
	"154": [
		0.7015625,
		0.07222222222222222
	],
	"155": [
		0.6671875,
		0.09722222222222222
	],
	"156": [
		0.203125,
		0.05555555555555555
	],
	"157": [
		0.1671875,
		0.06388888888888888
	],
	"158": [
		0.303125,
		0.6388888888888888
	],
	"159": [
		0.2984375,
		0.7027777777777777
	],
	"160": [
		0.3140625,
		0.11388888888888889
	],
	"161": [
		0.278125,
		0.11388888888888889
	],
	"162": [
		0.303125,
		0.6388888888888888
	],
	"163": [
		0.3171875,
		0.6972222222222222
	],
	"164": [
		0.85625,
		0.005555555555555556
	],
	"165": [
		0.890625,
		0.013888888888888888
	],
	"166": [
		0.3671875,
		0.1361111111111111
	],
	"167": [
		0.334375,
		0.15555555555555556
	],
	"168": [
		0.2578125,
		0.8944444444444445
	],
	"169": [
		0.2234375,
		0.8916666666666667
	],
	"170": [
		0.7015625,
		0.08333333333333333
	],
	"171": [
		0.6671875,
		0.08333333333333333
	],
	"172": [
		0.065625,
		0.044444444444444446
	],
	"173": [
		0.0578125,
		0.10277777777777777
	],
	"174": [
		0.659375,
		0.4
	],
	"175": [
		0.64375,
		0.4527777777777778
	],
	"176": [
		0.5796875,
		0.725
	],
	"177": [
		0.5734375,
		0.7833333333333333
	],
	"178": [
		0.0578125,
		0.04722222222222222
	],
	"179": [
		0.025,
		0.05555555555555555
	],