{
	"CornerNorthWest": [
		0.2205056179775281,
		0.2358755287515182
	],
	"CornerNorthEast": [
		0.7963483146067416,
		0.1179377643757591
	],
	"CornerSouthEast": [
		0.7598314606741573,
		0.8002055322428706
	],
	"CornerSouthWest": [
		0.16292134831460675,
		0.7799974871214976
	]
}