{
	"0": [
		0.36875,
		0.041666666666666664
	],
	"1": [
		0.4421875,
		0.044444444444444446
	],
	"2": [
		0.7078125,
		0.06111111111111111
	],
	"3": [
		0.9140625,
		0.06388888888888888
	],
	"4": [
		0.0015625,
		0.06944444444444445
	],
	"5": [
		0.0640625,
		0.075
	],
	"6": [
		0.76875,
		0.07777777777777778
	],
	"7": [
		0.209375,
		0.09722222222222222
	],
	"8": [
		0.675,
		0.1
	],
	"9": [
		0.0015625,
		0.10277777777777777
	],
	"10": [
		0.6984375,
		0.1111111111111111
	],
	"11": [
		0.76875,
		0.11388888888888889
	],
	"12": [
		0.04375,
		0.12222222222222222
	],
	"13": [
		0.246875,
		0.125
	],
	"14": [
		0.521875,
		0.125
	],
	"15": [
		0.9078125,
		0.125
	],
	"16": [
		0.628125,
		0.14722222222222223
	],
	"17": [
		0.8921875,
		0.15833333333333333
	],
	"18": [
		0.2640625,
		0.1638888888888889
	],
	"19": [
		0.6546875,
		0.17222222222222222
	],
	"20": [
		0.696875,
		0.17222222222222222
	],
	"21": [
		0.4046875,
		0.18055555555555555
	],
	"22": [
		0.5984375,
		0.18611111111111112
	],
	"23": [
		0.63125,
		0.18611111111111112
	],
	"24": [
		0.0828125,
		0.19166666666666668
	],
	"25": [
		0.11875,
		0.19444444444444445
	],
	"26": [
		0.171875,
		0.19444444444444445
	],
	"27": [
		0.0453125,
		0.20833333333333334
	],
	"28": [
		0.2828125,
		0.20833333333333334
	],
	"29": [
		0.371875,
		0.21388888888888888
	],
	"30": [
		0.4046875,
		0.21388888888888888
	],
	"31": [
		0.8578125,
		0.21388888888888888
	],
	"32": [
		0.890625,
		0.21388888888888888
	],
	"33": [
		0.559375,
		0.23055555555555557
	],
	"34": [
		0.0796875,
		0.25
	],
	"35": [
		0.8671875,
		0.25833333333333336
	],
	"36": [
		0.9015625,
		0.25833333333333336
	],
	"37": [
		0.5625,
		0.2777777777777778
	],
	"38": [
		0.009375,
		0.2861111111111111
	],
	"39": [
		0.8671875,
		0.325
	],
	"40": [
		0.9015625,
		0.325
	],
	"41": [
		0.4734375,
		0.35
	],
	"42": [
		0.9859375,
		0.3527777777777778
	],
	"43": [
		0.3546875,
		0.38055555555555554
	],
	"44": [
		0.1421875,
		0.38333333333333336
	],
	"45": [
		0.7078125,
		0.38333333333333336
	],
	"46": [
		0.3796875,
		0.3861111111111111
	],
	"47": [
		0.115625,
		0.4
	],
	"48": [
		0.921875,
		0.4111111111111111
	],
	"49": [
		0.946875,
		0.44166666666666665
	],
	"50": [
		0.3328125,
		0.44722222222222224
	],
	"51": [
		0.70625,
		0.44722222222222224
	],
	"52": [
		0.009375,
		0.46944444444444444
	],
	"53": [
		0.990625,
		0.46944444444444444
	],
	"54": [
		0.58125,
		0.4777777777777778
	],
	"55": [
		0.6328125,
		0.48055555555555557
	],
	"56": [
		0.65,
		0.5944444444444444
	],
	"57": [
		0.75625,
		0.6138888888888889
	],
	"58": [
		0.775,
		0.6138888888888889
	],
	"59": [
		0.65,
		0.6277777777777778
	],
	"60": [
		0.8171875,
		0.6472222222222223
	],
	"61": [
		0.8171875,
		0.6805555555555556
	],
	"62": [
		0.746875,
		0.6972222222222222
	],
	"63": [
		0.0734375,
		0.8027777777777778
	],
	"64": [
		0.1203125,
		0.8138888888888889
	],
	"65": [
		0.175,
		0.8166666666666667
	],
	"66": [
		0.196875,
		0.825
	],
	"67": [
		0.2859375,
		0.8333333333333334
	],
	"68": [
		0.303125,
		0.8361111111111111
	],
	"69": [
		0.40625,
		0.8527777777777777
	],
	"70": [
		0.1921875,
		0.8555555555555555
	],
	"71": [
		0.2265625,
		0.8555555555555555
	],
	"72": [
		0.4375,
		0.8583333333333333
	],
	"73": [
		0.4546875,
		0.8611111111111112
	],
	"74": [
		0.50625,
		0.8694444444444445
	],
	"75": [
		0.5234375,
		0.8722222222222222
	],
	"76": [
		0.359375,
		0.8777777777777778
	],
	"77": [
		0.5859375,
		0.8833333333333333
	],
	"78": [
		0.3953125,
		0.8861111111111111
	],
	"79": [
		0.4390625,
		0.8916666666666667
	],
	"80": [
		0.6109375,
		0.8944444444444445
	],
	"81": [
		0.6453125,
		0.8972222222222223
	],
	"82": [
		0.478125,
		0.9
	],
	"83": [
		0.6703125,
		0.9027777777777778
	],
	"84": [
		0.5359375,
		0.9111111111111111
	],
	"85": [
		0.71875,
		0.9111111111111111
	],
	"86": [
		0.56875,
		0.9166666666666666
	],
	"87": [
		0.7453125,
		0.9166666666666666
	],
	"88": [
		0.25,
		0.9194444444444444
	],
	"89": [
		0.7703125,
		0.9222222222222223
	],
	"90": [
		0.803125,
		0.9277777777777778
	],
	"91": [
		0.3109375,
		0.9333333333333333
	],
	"92": [
		0.8375,
		0.9361111111111111
	],
	"93": [
		0.1234375,
		0.9388888888888889
	],
	"94": [
		0.709375,
		0.9444444444444444
	],
	"95": [
		0.8796875,
		0.9444444444444444
	],
	"96": [
		0.7421875,
		0.95
	],
	"97": [
		0.934375,
		0.9555555555555556
	],
	"98": [
		0.909375,
		0.9861111111111112
	]
}