{
	"CornerNorthWest": [
		0.2893258426966292,
		0.1581438204129497
	],
	"CornerNorthEast": [
		0.6544943820224719,
		0.22783431754408007
	],
	"CornerSouthEast": [
		0.6587078651685393,
		0.8818528290823805
	],
	"CornerSouthWest": [
		0.2893258426966292,
		0.6808225488964276
	]
}