{
	"0": [
		0.6671875,
		0.2111111111111111
	],
	"1": [
		0.615625,
		0.3
	],
	"2": [
		0.7875,
		0.19722222222222222
	],
	"3": [
		0.8265625,
		0.3
	],
	"4": [
		0.5703125,
		0.20833333333333334
	],
	"5": [
		0.615625,
		0.2916666666666667
	],
	"6": [
		0.3890625,
		0.425
	],
	"7": [
		0.4484375,
		0.4666666666666667
	],
	"8": [
		0.4484375,
		0.3611111111111111
	],
	"9": [
		0.3890625,
		0.3972222222222222
	],
	"10": [
		0.778125,
		0.36666666666666664
	],
	"11": [
		0.8359375,
		0.39444444444444443
	],
	"12": [
		0.8359375,
		0.4444444444444444
	],
	"13": [
		0.778125,
		0.4722222222222222
	],
	"14": [
		0.7796875,
		0.4722222222222222
	],
	"15": [
		0.721875,
		0.4861111111111111
	],
	"16": [
		0.5578125,
		0.4888888888888889
	],
	"17": [
		0.5,
		0.4777777777777778
	],
	"18": [
		0.6171875,
		0.7
	],
	"19": [
		0.6125,
		0.8027777777777778
	],
	"20": [
		0.946875,
		0.9083333333333333
	],
	"21": [
		0.8890625,
		0.9027777777777778
	],
	"22": [
		0.615625,
		0.3
	],
	"23": [
		0.6171875,
		0.4027777777777778
	],
	"24": [
		0.6140625,
		0.5
	],
	"25": [
		0.6140625,
		0.6027777777777777
	],
	"26": [
		0.6140625,
		0.6
	],
	"27": [
		0.6140625,
		0.7027777777777777
	],
	"28": [
		0.8265625,
		0.3
	],
	"29": [
		0.784375,
		0.36944444444444446
	],
	"30": [
		0.5015625,
		0.48055555555555557
	],
	"31": [
		0.4453125,
		0.4638888888888889
	],
	"32": [
		0.5015625,
		0.35
	],
	"33": [
		0.4453125,
		0.3638888888888889
	],
	"34": [
		0.7796875,
		0.36666666666666664
	],
	"35": [
		0.7234375,
		0.3527777777777778
	],
	"36": [
		0.6125,
		0.2111111111111111
	],
	"37": [
		0.5703125,
		0.2777777777777778
	],
	"38": [
		0.5015625,
		0.23055555555555557
	],
	"39": [
		0.4453125,
		0.22777777777777777
	],
	"40": [
		0.7234375,
		0.8944444444444445
	],
	"41": [
		0.6671875,
		0.8916666666666667
	],
	"42": [
		0.890625,
		0.9027777777777778
	],
	"43": [
		0.834375,
		0.9
	],
	"44": [
		0.2796875,
		0.8777777777777778
	],
	"45": [
		0.2234375,
		0.8777777777777778
	],
	"46": [
		1,
		0.9138888888888889
	],
	"47": [
		0.9453125,
		0.9083333333333333
	],
	"48": [
		0.1140625,
		0.14722222222222223
	],
	"49": [
		0.059375,
		0.14722222222222223
	],
	"50": [
		0.6671875,
		0.2111111111111111
	],
	"51": [
		0.6125,
		0.2111111111111111
	],
	"52": [
		0.6140625,
		0.20833333333333334
	],
	"53": [
		0.6171875,
		0.30277777777777776
	],
	"54": [
		0.39375,
		0.1527777777777778
	],
	"55": [
		0.340625,
		0.15555555555555556
	],
	"56": [
		0.83125,
		0.3055555555555556
	],
	"57": [
		0.79375,
		0.37222222222222223
	],
	"58": [
		0.6140625,
		0.8
	],
	"59": [
		0.6203125,
		0.8916666666666667
	],
	"60": [
		0.665625,
		0.4888888888888889
	],
	"61": [
		0.6140625,
		0.49444444444444446
	],
	"62": [
		0.71875,
		0.20833333333333334
	],
	"63": [
		0.6671875,
		0.2111111111111111
	],
	"64": [
		0.83125,
		0.3
	],
	"65": [
		0.8046875,
		0.37777777777777777
	],
	"66": [
		0.3859375,
		0.15833333333333333
	],
	"67": [
		0.3375,
		0.13333333333333333
	],
	"68": [
		0.615625,
		0.2388888888888889
	],
	"69": [
		0.5703125,
		0.2777777777777778
	],
	"70": [
		0.5765625,
		0.20833333333333334
	],
	"71": [
		0.5984375,
		0.2861111111111111
	],
	"72": [
		0.596875,
		0.20833333333333334
	],
	"73": [
		0.5796875,
		0.28888888888888886
	],
	"74": [
		0.828125,
		0.3
	],
	"75": [
		0.8171875,
		0.38333333333333336
	],
	"76": [
		0.3375,
		0.12777777777777777
	],
	"77": [
		0.375,
		0.18055555555555555
	],
	"78": [
		0.8328125,
		0.33611111111111114
	],
	"79": [
		0.7890625,
		0.36944444444444446
	],
	"80": [
		0.5734375,
		0.225
	],
	"81": [
		0.615625,
		0.2638888888888889
	],
	"82": [
		0.725,
		0.48333333333333334
	],
	"83": [
		0.678125,
		0.4888888888888889
	],
	"84": [
		0.540625,
		0.19166666666666668
	],
	"85": [
		0.5,
		0.23333333333333334
	],
	"86": [
		0.778125,
		0.8972222222222223
	],
	"87": [
		0.73125,
		0.8944444444444445
	],
	"88": [
		0.8203125,
		0.3
	],
	"89": [
		0.8,
		0.375
	],
	"90": [
		0.5859375,
		0.20833333333333334
	],
	"91": [
		0.5765625,
		0.28888888888888886
	],
	"92": [
		0.5859375,
		0.20833333333333334
	],
	"93": [
		0.5921875,
		0.28888888888888886
	],
	"94": [
		0.80625,
		0.3
	],
	"95": [
		0.8125,
		0.38055555555555554
	],
	"96": [
		0.834375,
		0.2361111111111111
	],
	"97": [
		0.80625,
		0.3
	],
	"98": [
		0.725,
		0.3527777777777778
	],
	"99": [
		0.6796875,
		0.3472222222222222
	],
	"100": [
		0.8046875,
		0.33055555555555555
	],
	"101": [
		0.834375,
		0.39166666666666666
	],
	"102": [
		0.615625,
		0.24166666666666667
	],
	"103": [
		0.5703125,
		0.24166666666666667
	],
	"104": [
		0.8796875,
		0.2361111111111111
	],
	"105": [
		0.834375,
		0.2361111111111111
	],
	"106": [
		0.5921875,
		0.20833333333333334
	],
	"107": [
		0.5703125,
		0.2777777777777778
	],
	"108": [
		0.6,
		0.18888888888888888
	],
	"109": [
		0.55625,
		0.18888888888888888
	],
	"110": [
		0.378125,
		0.8805555555555555
	],
	"111": [
		0.334375,
		0.8805555555555555
	],
	"112": [
		0.80625,
		0.30277777777777776
	],
	"113": [
		0.8359375,
		0.35833333333333334
	],
	"114": [
		0.446875,
		0.8833333333333333
	],
	"115": [
		0.4046875,
		0.8805555555555555
	],
	"116": [
		0.6140625,
		0.8888888888888888
	],
	"117": [
		0.571875,
		0.8861111111111111
	],
	"118": [
		0.29375,
		0.30277777777777776
	],
	"119": [
		0.3234375,
		0.35555555555555557
	],
	"120": [
		0.2734375,
		0.4222222222222222
	],
	"121": [
		0.2796875,
		0.49444444444444446
	],
	"122": [
		0.615625,
		0.23333333333333334
	],
	"123": [
		0.6421875,
		0.28888888888888886
	],
	"124": [
		0.1484375,
		0.43333333333333335
	],
	"125": [
		0.134375,
		0.5
	],
	"126": [
		0.5515625,
		0.14444444444444443
	],
	"127": [
		0.5828125,
		0.18888888888888888
	],
	"128": [
		0.5703125,
		0.2361111111111111
	],
	"129": [
		0.5984375,
		0.2861111111111111
	],
	"130": [
		0.615625,
		0.2388888888888889
	],
	"131": [
		0.6296875,
		0.30277777777777776
	],
	"132": [
		0.2125,
		0.7
	],
	"133": [
		0.225,
		0.7638888888888888
	],
	"134": [
		0.221875,
		0.7
	],
	"135": [
		0.215625,
		0.7666666666666667
	],
	"136": [
		0.146875,
		0.43333333333333335
	],
	"137": [
		0.15,
		0.5
	],
	"138": [
		0.3171875,
		0.5972222222222222
	],
	"139": [
		0.2984375,
		0.6527777777777778
	],
	"140": [
		0.315625,
		0.3
	],
	"141": [
		0.3,
		0.35833333333333334
	],
	"142": [
		0.5359375,
		0.8833333333333333
	],
	"143": [
		0.5,
		0.8861111111111111
	],
	"144": [
		0.1328125,
		0.4444444444444444
	],
	"145": [
		0.15,
		0.5
	],
	"146": [
		0.6015625,
		0.3416666666666667
	],
	"147": [
		0.59375,
		0.4027777777777778
	],
	"148": [
		0.7796875,
		0.14722222222222223
	],
	"149": [
		0.7921875,
		0.20555555555555555
	],
	"150": [
		0.3,
		0.3
	],
	"151": [
		0.3125,
		0.35833333333333334
	],
	"152": [
		0.81875,
		0.2361111111111111
	],
	"153": [
		0.7859375,
		0.21944444444444444
	],
	"154": [
		0.3125,
		0.2972222222222222
	],
	"155": [
		0.3203125,
		0.35555555555555557
	],
	"156": [
		0.3125,
		0.5972222222222222
	],
	"157": [
		0.325,
		0.6527777777777778
	],
	"158": [
		0.1625,
		0.4722222222222222
	],
	"159": [
		0.1328125,
		0.4444444444444444
	],
	"160": [
		0.3921875,
		0.12777777777777777
	],
	"161": [
		0.4171875,
		0.16666666666666666
	],
	"162": [
		0.5328125,
		0.225
	],
	"163": [
		0.5,
		0.23055555555555557
	],
	"164": [
		0.325,
		0.9083333333333333
	],
	"165": [
		0.2921875,
		0.9111111111111111
	],
	"166": [
		0.5,
		0.20555555555555555
	],
	"167": [
		0.4671875,
		0.20555555555555555
	],
	"168": [
		0.8046875,
		0.32222222222222224
	],
	"169": [
		0.8359375,
		0.3388888888888889
	],
	"170": [
		0.0984375,
		0.14444444444444443
	],
	"171": [
		0.0734375,
		0.18055555555555555
	],
	"172": [
		0.0703125,
		0.12777777777777777
	],
	"173": [
		0.0828125,
		0.18055555555555555
	],
	"174": [
		0.0765625,
		0.12777777777777777
	],
	"175": [
		0.0609375,
		0.17777777777777778
	],
	"176": [
		0.1625,
		0.4666666666666667
	],
	"177": [
		0.134375,
		0.49444444444444446
	],
	"178": [
		0.8515625,
		0.13055555555555556
	],