{
	"0": [
		0.971875,
		0.09861111111111111
	],
	"1": [
		0.9669921875,
		0.11527777777777778
	],
	"2": [
		0.71328125,
		0.09930555555555555
	],
	"3": [
		0.4072265625,
		0.11527777777777778
	],
	"4": [
		0.7447265625,
		0.09618055555555556
	],
	"5": [
		0.6396484375,
		0.08159722222222222
	],
	"6": [
		0.491015625,
		0.071875
	],
	"7": [
		0.9421875,
		0.11215277777777778
	],
	"8": [
		0.7125,
		0.10972222222222222
	],
	"9": [
		0.41328125,
		0.10625
	],
	"10": [
		0.933984375,
		0.13784722222222223
	],
	"11": [
		0.9416015625,
		0.12291666666666666
	],
	"12": [
		0.707421875,
		0.1232638888888889
	],
	"13": [
		0.206640625,
		0.17569444444444443
	],
	"14": [
		0.591015625,
		0.059027777777777776
	],
	"15": [
		0.1541015625,
		0.1996527777777778
	],
	"16": [
		0.33046875,
		0.1326388888888889
	],
	"17": [
		0.2947265625,
		0.14583333333333334
	],
	"18": [
		0.3255859375,
		0.14305555555555555
	],
	"19": [
		0.130859375,
		0.1795138888888889
	],
	"20": [
		0.785546875,
		0.07569444444444444
	],
	"21": [
		0.7546875,
		0.07361111111111111
	],
	"22": [
		0.2880859375,
		0.15694444444444444
	],
	"23": [
		0.2701171875,
		0.16666666666666666
	],
	"24": [
		0.163671875,
		0.18854166666666666
	],
	"25": [
		0.268359375,
		0.13923611111111112
	],
	"26": [
		0.2732421875,
		0.1579861111111111
	],
	"27": [
		0.85546875,
		0.08541666666666667
	],
	"28": [
		0.128125,
		0.9
	],
	"29": [
		0.6951171875,
		0.11458333333333333
	],
	"30": [
		0.930859375,
		0.1076388888888889
	],
	"31": [
		0.1322265625,
		0.21631944444444445
	],
	"32": [
		0.165234375,
		0.9100694444444445
	],
	"33": [
		0.3875,
		0.12465277777777778
	],
	"34": [
		0.4076171875,
		0.9638888888888889
	],
	"35": [
		0.705078125,
		0.1111111111111111
	],
	"36": [
		0.19609375,
		0.18506944444444445
	],
	"37": [
		0.4365234375,
		0.10347222222222222
	],
	"38": [
		0.8546875,
		0.07881944444444444
	],
	"39": [
		0.854296875,
		0.09409722222222222
	],
	"40": [
		0.9328125,
		0.12604166666666666
	],
	"41": [
		0.9587890625,
		0.08784722222222222
	],
	"42": [
		0.3912109375,
		0.11597222222222223
	],
	"43": [
		0.2802734375,
		0.121875
	],
	"44": [
		0.6197265625,
		0.06180555555555556
	],
	"45": [
		0.13359375,
		0.9024305555555555
	],
	"46": [
		0.148828125,
		0.17395833333333333
	],
	"47": [
		0.630078125,
		0.33541666666666664
	],
	"48": [
		0.75546875,
		0.08333333333333333
	],
	"49": [
		0.3060546875,
		0.15
	],
	"50": [
		0.178515625,
		0.19375
	],
	"51": [
		0.97265625,
		0.09236111111111112
	],
	"52": [
		0.213671875,
		0.18194444444444444
	],
	"53": [
		0.7025390625,
		0.09305555555555556
	],
	"54": [
		0.739453125,
		0.12048611111111111
	],
	"55": [
		0.271875,
		0.14479166666666668
	],
	"56": [
		0.6298828125,
		0.3625
	],
	"57": [
		0.9169921875,
		0.14027777777777778
	],
	"58": [
		0.315625,
		0.940625
	],
	"59": [
		0.1744140625,
		0.5715277777777777
	],
	"60": [
		0.02265625,
		0.8836805555555556
	],
	"61": [
		0.630078125,
		0.3350694444444444
	],
	"62": [
		0.44765625,
		0.09409722222222222
	],
	"63": [
		0.18359375,
		0.1954861111111111
	],
	"64": [
		0.4103515625,
		0.9638888888888889
	],
	"65": [
		0.2775390625,
		0.13472222222222222
	],
	"66": [
		0.6298828125,
		0.33645833333333336
	],
	"67": [
		0.0265625,
		0.8826388888888889
	],
	"68": [
		0.6630859375,
		0.0798611111111111
	],
	"69": [
		0.7279296875,
		0.22708333333333333
	],
	"70": [
		0.974609375,
		0.1375
	],
	"71": [
		0.20859375,
		0.19166666666666668
	],
	"72": [
		0.1421875,
		0.17743055555555556
	],
	"73": [
		0.40703125,
		0.9635416666666666
	],
	"74": [
		0.708984375,
		0.09756944444444444
	],
	"75": [
		0.3951171875,
		0.12256944444444444
	],
	"76": [
		0.1375,
		0.20034722222222223
	],
	"77": [
		0.21484375,
		0.18784722222222222
	],
	"78": [
		0.1873046875,
		0.18194444444444444
	],
	"79": [
		0.276953125,
		0.16527777777777777
	],
	"80": [
		0.427734375,
		0.9684027777777777
	],
	"81": [
		0.4548828125,
		0.10694444444444444
	],
	"82": [
		0.1431640625,
		0.2107638888888889
	],
	"83": [
		0.6337890625,
		0.35694444444444445
	],
	"84": [
		0.314453125,
		0.14131944444444444
	],
	"85": [
		0.6884765625,
		0.096875
	],
	"86": [
		0.194140625,
		0.19236111111111112
	],
	"87": [
		0.1662109375,
		0.5777777777777777
	],
	"88": [
		0.1376953125,
		0.18611111111111112
	],
	"89": [
		0.215234375,
		0.17430555555555555
	],
	"90": [
		0.420703125,
		0.109375
	],
	"91": [
		0.9734375,
		0.14444444444444443
	],
	"92": [
		0.7173828125,
		0.11215277777777778
	],
	"93": [
		0.9552734375,
		0.12430555555555556
	],
	"94": [
		0.61796875,
		0.07083333333333333
	],
	"95": [
		0.2654296875,
		0.9288194444444444
	],
	"96": [
		0.679296875,
		0.07326388888888889
	],
	"97": [
		0.9453125,
		0.12604166666666666
	],
	"98": [
		0.6986328125,
		0.10243055555555555
	],
	"99": [
		0.966796875,
		0.13541666666666666
	],
	"100": [
		0.7853515625,
		0.08159722222222222
	],
	"101": [
		0.697265625,
		0.09652777777777778
	],
	"102": [
		0.31171875,
		0.1517361111111111
	],
	"103": [
		0.6935546875,
		0.0875
	],
	"104": [
		0.4294921875,
		0.10104166666666667
	],
	"105": [
		0.9251953125,
		0.10972222222222222
	],
	"106": [
		0.633984375,
		0.34965277777777776
	],
	"107": [
		0.5154296875,
		0.07395833333333333
	],
	"108": [
		0.9591796875,
		0.09479166666666666
	],
	"109": [
		0.4330078125,
		0.10972222222222222
	],
	"110": [
		0.7392578125,
		0.11493055555555555
	],
	"111": [
		0.6037109375,
		0.30868055555555557
	],
	"112": [
		0.447265625,
		0.10833333333333334
	],
	"113": [
		0.17265625,
		0.20243055555555556
	],
	"114": [
		0.319921875,
		0.1482638888888889
	],
	"115": [
		0.4546875,
		0.09305555555555556
	],
	"116": [
		0.9771484375,
		0.10034722222222223
	],
	"117": [
		0.2833984375,
		0.13333333333333333
	],
	"118": [
		0.1140625,
		0.2798611111111111
	],
	"119": [
		0.42421875,
		0.11284722222222222
	],
	"120": [
		0.2064453125,
		0.18888888888888888
	],
	"121": [
		0.7322265625,
		0.12222222222222222
	],
	"122": [
		0.1716796875,
		0.18541666666666667
	],
	"123": [
		0.1689453125,
		0.20520833333333333
	],
	"124": [
		0.720703125,
		0.0875
	],
	"125": [
		0.5921875,
		0.06458333333333334
	],
	"126": [
		0.6525390625,
		0.07291666666666667
	],
	"127": [
		0.3388671875,
		0.14375
	],
	"128": [
		0.2150390625,
		0.1440972222222222
	],
	"129": [
		0.1642578125,
		0.20277777777777778
	],
	"130": [
		0.2095703125,
		0.18784722222222222
	],
	"131": [
		0.201953125,
		0.19270833333333334
	],
	"132": [
		0.3052734375,
		0.15590277777777778
	],
	"133": [
		0.7083984375,
		0.10694444444444444
	],
	"134": [
		0.9650390625,
		0.12638888888888888
	],
	"135": [
		0.69140625,
		0.11493055555555555
	],
	"136": [
		0.93203125,
		0.09791666666666667
	],
	"137": [
		0.32578125,
		0.2673611111111111
	],
	"138": [
		0.4470703125,
		0.08958333333333333
	],
	"139": [
		0.158203125,
		0.20520833333333333
	],
	"140": [
		0.339453125,
		0.13090277777777778
	],
	"141": [
		0.4150390625,
		0.41944444444444445
	],
	"142": [
		0.9166015625,
		0.11979166666666667
	],
	"143": [
		0.1740234375,
		0.17708333333333334
	],
	"144": [
		0.937109375,
		0.11145833333333334
	],
	"145": [
		0.9572265625,
		0.14097222222222222
	],
	"146": [
		0.037109375,
		0.5618055555555556
	],
	"147": [
		0.9162109375,
		0.11319444444444444
	],
	"148": [
		0.9642578125,
		0.1326388888888889
	],
	"149": [
		0.7353515625,
		0.11770833333333333
	],
	"150": [
		0.535546875,
		0.10590277777777778
	],
	"151": [
		0.7365234375,
		0.11076388888888888
	],
	"152": [
		0.2033203125,
		0.16666666666666666
	],
	"153": [
		0.4107421875,
		0.11736111111111111
	],
	"154": [
		0.1630859375,
		0.1798611111111111
	],
	"155": [
		0.7181640625,
		0.12256944444444444
	],
	"156": [
		0.2146484375,
		0.5444444444444444
	],
	"157": [
		0.97734375,
		0.14340277777777777
	],
	"158": [
		0.6115234375,
		0.06041666666666667
	],
	"159": [
		0.2892578125,
		0.16284722222222223
	],
	"160": [
		0.3279296875,
		0.1267361111111111
	],
	"161": [
		0.56640625,
		0.06388888888888888
	],