{
	"SixYardNorthForwardEast": [
		0.07303370786516854,
		0.25685026293938557
	],
	"EighteenYardNorthRearEast": [
		0.09550561797752809,
		0.1929890689785149
	],
	"EighteenYardNorthForwardEast": [
		0.39185393258426965,
		0.21847033859212103
	],
	"PenaltyCircleNorthEast": [
		0.29213483146067415,
		0.27456407417658457
	],
	"PenaltyCircleNorthWest": [
		0.13202247191011235,
		0.38084694159977855
	],
	"PenaltySpotNorth": [
		0.08848314606741572,
		0.3277055078881816
	]
}