{
	"0": [
		0.230859375,
		0.10590277777777778
	],
	"1": [
		0.5962890625,
		0.11666666666666667
	],
	"2": [
		0.4474609375,
		0.11006944444444444
	],
	"3": [
		0.7552734375,
		0.12569444444444444
	],
	"4": [
		0.6884765625,
		0.11736111111111111
	],
	"5": [
		0.3103515625,
		0.09479166666666666
	],
	"6": [
		0.37578125,
		0.10277777777777777
	],
	"7": [
		0.521875,
		0.115625
	],
	"8": [
		0.92578125,
		0.1329861111111111
	],
	"9": [
		0.5044921875,
		0.09826388888888889
	],
	"10": [
		0.4576171875,
		0.10347222222222222
	],
	"11": [
		0.09296875,
		0.11736111111111111
	],
	"12": [
		0.430859375,
		0.0920138888888889
	],
	"13": [
		0.6572265625,
		0.10520833333333333
	],
	"14": [
		0.301953125,
		0.10347222222222222
	],
	"15": [
		0.67578125,
		0.12430555555555556
	],
	"16": [
		0.9109375,
		0.13125
	],
	"17": [
		0.5798828125,
		0.10347222222222222
	],
	"18": [
		0.3845703125,
		0.09826388888888889
	],
	"19": [
		0.53203125,
		0.11006944444444444
	],
	"20": [
		0.6873046875,
		0.10902777777777778
	],
	"21": [
		0.9408203125,
		0.11979166666666667
	],
	"22": [
		0.7703125,
		0.12048611111111111
	],
	"23": [
		0.7703125,
		0.12048611111111111
	],
	"24": [
		0.6947265625,
		0.10729166666666666
	],
	"25": [
		0.649609375,
		0.08368055555555555
	],
	"26": [
		0.8392578125,
		0.12708333333333333
	],
	"27": [
		0.6337890625,
		0.08402777777777778
	],
	"28": [
		0.8537109375,
		0.12569444444444444
	],
	"29": [
		0.9029296875,
		0.11493055555555555
	],
	"30": [
		0.463671875,
		0.09513888888888888
	],
	"31": [
		0.7361328125,
		0.1076388888888889
	],
	"32": [
		0.2830078125,
		0.10208333333333333
	],
	"33": [
		0.361328125,
		0.096875
	],
	"34": [
		0.615234375,
		0.10381944444444445
	],
	"35": [
		0.6609375,
		0.115625
	],
	"36": [
		0.9462890625,
		0.11388888888888889
	],
	"37": [
		0.6083984375,
		0.11145833333333334
	],
	"38": [
		0.7744140625,
		0.11145833333333334
	],
	"39": [
		0.5380859375,
		0.10034722222222223
	],
	"40": [
		0.9431640625,
		0.1267361111111111
	],
	"41": [
		0.739453125,
		0.12916666666666668
	],
	"42": [
		0.3904296875,
		0.09027777777777778
	],
	"43": [
		0.132421875,
		0.11284722222222222
	],
	"44": [
		0.137109375,
		0.10625
	],
	"45": [
		0.6607421875,
		0.128125
	],
	"46": [
		0.719140625,
		0.10208333333333333
	],
	"47": [
		0.362109375,
		0.10625
	],
	"48": [
		0.7935546875,
		0.09791666666666667
	],
	"49": [
		0.8587890625,
		0.11180555555555556
	],
	"50": [
		0.5830078125,
		0.12222222222222222
	],
	"51": [
		0.9076171875,
		0.121875
	],
	"52": [
		0.81875,
		0.11041666666666666
	],
	"53": [
		0.51171875,
		0.11493055555555555
	],
	"54": [
		0.825390625,
		0.12743055555555555
	],
	"55": [
		0.044921875,
		0.13020833333333334
	],
	"56": [
		0.3080078125,
		0.09131944444444444
	],
	"57": [
		0.2462890625,
		0.10833333333333334
	],
	"58": [
		0.4326171875,
		0.11388888888888889
	],
	"59": [
		0.0876953125,
		0.12534722222222222
	],
	"60": [
		0.9783203125,
		0.09583333333333334
	],
	"61": [
		0.3166015625,
		0.08923611111111111
	],
	"62": [
		0.9056640625,
		0.13055555555555556
	],
	"63": [
		0.50703125,
		0.11493055555555555
	],
	"64": [
		0.66484375,
		0.12291666666666666
	],
	"65": [
		0.6162109375,
		0.12152777777777778
	],
	"66": [
		0.74375,
		0.12569444444444444
	],
	"67": [
		0.8931640625,
		0.096875
	],
	"68": [
		0.9810546875,
		0.09375
	],
	"69": [
		0.8759765625,
		0.09166666666666666
	],
	"70": [
		0.8595703125,
		0.12916666666666668
	],
	"71": [
		0.82265625,
		0.12152777777777778
	],
	"72": [
		0.819140625,
		0.1295138888888889
	],
	"73": [
		0.9482421875,
		0.13576388888888888
	],
	"74": [
		0.8119140625,
		0.08854166666666667
	],
	"75": [
		0.5453125,
		0.07881944444444444
	],
	"76": [
		0.769140625,
		0.11493055555555555
	],
	"77": [
		0.6064453125,
		0.10486111111111111
	],
	"78": [
		0.9146484375,
		0.1326388888888889
	],
	"79": [
		0.825,
		0.11597222222222223
	],
	"80": [
		0.66953125,
		0.125
	],
	"81": [
		0.69453125,
		0.12638888888888888
	],
	"82": [
		0.3671875,
		0.10277777777777777
	],
	"83": [
		0.8111328125,
		0.08333333333333333
	],
	"84": [
		0.6654296875,
		0.1076388888888889
	],
	"85": [
		0.5275390625,
		0.10069444444444445
	],
	"86": [
		0.587890625,
		0.12118055555555556
	],
	"87": [
		0.09453125,
		0.11354166666666667
	],
	"88": [
		0.2904296875,
		0.10798611111111112
	],
	"89": [
		0.5396484375,
		0.11597222222222223
	],
	"90": [
		0.8166015625,
		0.09513888888888888
	],
	"91": [
		0.828515625,
		0.1329861111111111
	],
	"92": [
		0.8533203125,
		0.11840277777777777
	],
	"93": [
		0.9103515625,
		0.12013888888888889
	],
	"94": [
		0.7732421875,
		0.9305555555555556
	],
	"95": [
		0.66640625,
		0.11944444444444445
	],
	"96": [
		0.9103515625,
		0.9579861111111111
	],
	"97": [
		0.2271484375,
		0.10868055555555556
	],
	"98": [
		0.4021484375,
		0.07083333333333333
	],
	"99": [
		0.4419921875,
		0.07465277777777778
	],
	"100": [
		0.2181640625,
		0.10798611111111112
	],
	"101": [
		0.748046875,
		0.12916666666666668
	],
	"102": [
		0.3197265625,
		0.10347222222222222
	],
	"103": [
		0.776171875,
		0.13125
	],
	"104": [
		0.3716796875,
		0.10381944444444445
	],
	"105": [
		0.2984375,
		0.10590277777777778
	],
	"106": [
		0.758203125,
		0.1329861111111111
	],
	"107": [
		0.858203125,
		0.13402777777777777
	],
	"108": [
		0.8412109375,
		0.13541666666666666
	],
	"109": [
		0.048828125,
		0.12638888888888888
	],
	"110": [
		0.51640625,
		0.08958333333333333
	],
	"111": [
		0.589453125,
		0.11041666666666666
	],
	"112": [
		0.13828125,
		0.103125
	],
	"113": [
		0.9458984375,
		0.13541666666666666
	],
	"114": [
		0.46484375,
		0.11354166666666667
	],
	"115": [
		0.8970703125,
		0.09791666666666667
	],
	"116": [
		0.2732421875,
		0.8402777777777778
	],
	"117": [
		0.38203125,
		0.09270833333333334
	],
	"118": [
		0.827734375,
		0.12083333333333333
	],
	"119": [
		0.893359375,
		0.95625
	],
	"120": [
		0.8220703125,
		0.9423611111111111
	],
	"121": [
		0.44296875,
		0.1111111111111111
	],
	"122": [
		0.175390625,
		0.10694444444444444
	],
	"123": [
		0.842578125,
		0.9475694444444445
	],
	"124": [
		0.9712890625,
		0.07951388888888888
	],
	"125": [
		0.73984375,
		0.11944444444444445
	],
	"126": [
		0.7916015625,
		0.09513888888888888
	],
	"127": [
		0.928515625,
		0.1361111111111111
	],
	"128": [
		0.5150390625,
		0.11736111111111111
	],
	"129": [
		0.9720703125,
		0.38645833333333335
	],
	"130": [
		0.43515625,
		0.09930555555555555
	],
	"131": [
		0.9109375,
		0.9604166666666667
	],
	"132": [
		0.2943359375,
		0.10798611111111112
	],
	"133": [
		0.4400390625,
		0.10381944444444445
	],
	"134": [
		0.3921875,
		0.1076388888888889
	],
	"135": [
		0.511328125,
		0.10208333333333333
	],
	"136": [
		0.584375,
		0.1076388888888889
	],
	"137": [
		0.6091796875,
		0.09166666666666666
	],
	"138": [
		0.040625,
		0.1388888888888889
	],
	"139": [
		0.0751953125,
		0.11736111111111111
	],
	"140": [
		0.19296875,
		0.8729166666666667
	],
	"141": [
		0.6947265625,
		0.12743055555555555
	],
	"142": [
		0.586328125,
		0.10590277777777778
	],
	"143": [
		0.9228515625,
		0.9625
	],
	"144": [
		0.0306640625,
		0.14930555555555555
	],
	"145": [
		0.181640625,
		0.10729166666666666
	],
	"146": [
		0.6998046875,
		0.12916666666666668
	],
	"147": [
		0.4517578125,
		0.096875
	],
	"148": [
		0.9787109375,
		0.4128472222222222
	],
	"149": [
		0.2880859375,
		0.10208333333333333
	],
	"150": [
		0.9822265625,
		0.4197916666666667
	],
	"151": [
		0.0884765625,
		0.11458333333333333
	],
	"152": [
		0.5931640625,
		0.11840277777777777
	],
	"153": [
		0.67734375,
		0.128125
	],
	"154": [
		0.256640625,
		0.8375
	],
	"155": [
		0.743359375,
		0.11423611111111111
	],
	"156": [
		0.437890625,
		0.11215277777777778
	],
	"157": [
		0.836328125,
		0.08472222222222223
	],
	"158": [
		0.521484375,
		0.11944444444444445
	],
	"159": [
		0.811328125,
		0.9395833333333333
	],
	"160": [
		0.892578125,
		0.10243055555555555
	],
	"161": [
		0.5171875,
		0.08229166666666667
	],
	"162": [
		0.095703125,
		0.12534722222222222
	],