{
	"0": [
		0.2884765625,
		0.12430555555555556
	],
	"1": [
		0.28828125,
		0.06180555555555556
	],
	"2": [
		0.41953125,
		0.13472222222222222
	],
	"3": [
		0.3841796875,
		0.1232638888888889
	],
	"4": [
		0.209765625,
		0.049305555555555554
	],
	"5": [
		0.2966796875,
		0.08576388888888889
	],
	"6": [
		0.5986328125,
		0.134375
	],
	"7": [
		0.296484375,
		0.08819444444444445
	],
	"8": [
		0.290625,
		0.06979166666666667
	],
	"9": [
		0.078125,
		0.09791666666666667
	],
	"10": [
		0.348046875,
		0.13055555555555556
	],
	"11": [
		0.26953125,
		0.09791666666666667
	],
	"12": [
		0.348046875,
		0.13125
	],
	"13": [
		0.561328125,
		0.14201388888888888
	],
	"14": [
		0.2884765625,
		0.1232638888888889
	],
	"15": [
		0.24921875,
		0.03854166666666667
	],
	"16": [
		0.299609375,
		0.08472222222222223
	],
	"17": [
		0.384375,
		0.12256944444444444
	],
	"18": [
		0.455078125,
		0.12743055555555555
	],
	"19": [
		0.455078125,
		0.12743055555555555
	],
	"20": [
		0.383984375,
		0.12222222222222222
	],
	"21": [
		0.526953125,
		0.13680555555555557
	],
	"22": [
		0.52734375,
		0.1329861111111111
	],
	"23": [
		0.5646484375,
		0.1295138888888889
	],
	"24": [
		0.4189453125,
		0.13402777777777777
	],
	"25": [
		0.2650390625,
		0.10381944444444445
	],
	"26": [
		0.254296875,
		0.04513888888888889
	],
	"27": [
		0.315234375,
		0.11770833333333333
	],
	"28": [
		0.3484375,
		0.13506944444444444
	],
	"29": [
		0.3150390625,
		0.12256944444444444
	],
	"30": [
		0.455078125,
		0.12743055555555555
	],
	"31": [
		0.300390625,
		0.08333333333333333
	],
	"32": [
		0.4189453125,
		0.13819444444444445
	],
	"33": [
		0.100390625,
		0.10486111111111111
	],
	"34": [
		0.101171875,
		0.10208333333333333
	],
	"35": [
		0.3484375,
		0.1423611111111111
	],
	"36": [
		0.4142578125,
		0.11666666666666667
	],
	"37": [
		0.2513671875,
		0.041666666666666664
	],
	"38": [
		0.5271484375,
		0.13090277777777778
	],
	"39": [
		0.2814453125,
		0.14027777777777778
	],
	"40": [
		0.5703125,
		0.12430555555555556
	],
	"41": [
		0.49296875,
		0.12361111111111112
	],
	"42": [
		0.2923828125,
		0.09652777777777778
	],
	"43": [
		0.489453125,
		0.14166666666666666
	],
	"44": [
		0.209375,
		0.04895833333333333
	],
	"45": [
		0.182421875,
		0.11458333333333333
	],
	"46": [
		0.28828125,
		0.0625
	],
	"47": [
		0.5646484375,
		0.1295138888888889
	],
	"48": [
		0.2921875,
		0.09583333333333334
	],
	"49": [
		0.3482421875,
		0.13784722222222223
	],
	"50": [
		0.3154296875,
		0.11979166666666667
	],
	"51": [
		0.4189453125,
		0.13993055555555556
	],
	"52": [
		0.52734375,
		0.13090277777777778
	],
	"53": [
		0.48984375,
		0.1375
	],
	"54": [
		0.48984375,
		0.13784722222222223
	],
	"55": [
		0.455078125,
		0.12743055555555555
	],
	"56": [
		0.3150390625,
		0.11979166666666667
	],
	"57": [
		0.5611328125,
		0.14166666666666666
	],
	"58": [
		0.48984375,
		0.13854166666666667
	],
	"59": [
		0.3484375,
		0.13472222222222222
	],
	"60": [
		0.3841796875,
		0.121875
	],
	"61": [
		0.253515625,
		0.042708333333333334
	],
	"62": [
		0.348828125,
		0.13055555555555556
	],
	"63": [
		0.29921875,
		0.08472222222222223
	],
	"64": [
		0.2814453125,
		0.13784722222222223
	],
	"65": [
		0.0783203125,
		0.09826388888888889
	],
	"66": [
		0.300390625,
		0.08402777777777778
	],
	"67": [
		0.4892578125,
		0.14131944444444444
	],
	"68": [
		0.5275390625,
		0.13055555555555556
	],
	"69": [
		0.5703125,
		0.12430555555555556
	],
	"70": [
		0.4388671875,
		0.8579861111111111
	],
	"71": [
		0.348046875,
		0.13368055555555555
	],
	"72": [
		0.5365234375,
		0.8670138888888889
	],
	"73": [
		0.178515625,
		0.11180555555555556
	],
	"74": [
		0.4193359375,
		0.13958333333333334
	],
	"75": [
		0.2517578125,
		0.04652777777777778
	],
	"76": [
		0.455078125,
		0.12743055555555555
	],
	"77": [
		0.2517578125,
		0.04097222222222222
	],
	"78": [
		0.2650390625,
		0.10381944444444445
	],
	"79": [
		0.4552734375,
		0.13576388888888888
	],
	"80": [
		0.5271484375,
		0.13055555555555556
	],
	"81": [
		0.526953125,
		0.1361111111111111
	],
	"82": [
		0.2884765625,
		0.12430555555555556
	],
	"83": [
		0.1001953125,
		0.09652777777777778
	],
	"84": [
		0.29140625,
		0.06145833333333333
	],
	"85": [
		0.48984375,
		0.13854166666666667
	],
	"86": [
		0.5205078125,
		0.865625
	],
	"87": [
		0.5240234375,
		0.8666666666666667
	],
	"88": [
		0.28828125,
		0.06875
	],
	"89": [
		0.523046875,
		0.8666666666666667
	],
	"90": [
		0.41953125,
		0.13472222222222222
	],
	"91": [
		0.598828125,
		0.13541666666666666
	],
	"92": [
		0.2853515625,
		0.10104166666666667
	],
	"93": [
		0.2880859375,
		0.0625
	],
	"94": [
		0.60546875,
		0.8743055555555556
	],
	"95": [
		0.24765625,
		0.11805555555555555
	],
	"96": [
		0.2884765625,
		0.06354166666666666
	],
	"97": [
		0.2951171875,
		0.09131944444444444
	],
	"98": [
		0.283984375,
		0.12708333333333333
	],
	"99": [
		0.384375,
		0.12256944444444444
	],
	"100": [
		0.287890625,
		0.12430555555555556
	],
	"101": [
		0.5578125,
		0.8694444444444445
	],
	"102": [
		0.1140625,
		0.10833333333333334
	],
	"103": [
		0.384375,
		0.12256944444444444
	],
	"104": [
		0.2634765625,
		0.10625
	],
	"105": [
		0.0619140625,
		0.09722222222222222
	],
	"106": [
		0.2837890625,
		0.12708333333333333
	],
	"107": [
		0.38125,
		0.13090277777777778
	],
	"108": [
		0.41953125,
		0.13576388888888888
	],
	"109": [
		0.2888671875,
		0.06875
	],
	"110": [
		0.296484375,
		0.08819444444444445
	],
	"111": [
		0.4646484375,
		0.8607638888888889
	],
	"112": [
		0.085546875,
		0.11319444444444444
	],
	"113": [
		0.5982421875,
		0.13368055555555555
	],
	"114": [
		0.098828125,
		0.10659722222222222
	],
	"115": [
		0.41953125,
		0.13576388888888888
	],
	"116": [
		0.5275390625,
		0.13055555555555556
	],
	"117": [
		0.2708984375,
		0.052083333333333336
	],
	"118": [
		0.455078125,
		0.12743055555555555
	],
	"119": [
		0.598828125,
		0.13125
	],
	"120": [
		0.2609375,
		0.10347222222222222
	],
	"121": [
		0.2888671875,
		0.0642361111111111
	],
	"122": [
		0.3,
		0.08402777777777778
	],
	"123": [
		0.2513671875,
		0.04097222222222222
	],
	"124": [
		0.2958984375,
		0.09027777777777778
	],
	"125": [
		0.455078125,
		0.12708333333333333
	],
	"126": [
		0.1001953125,
		0.10486111111111111
	],
	"127": [
		0.2875,
		0.12465277777777778
	],
	"128": [
		0.5005859375,
		0.12361111111111112
	],
	"129": [
		0.262109375,
		0.10486111111111111
	],
	"130": [
		0.29140625,
		0.06145833333333333
	],
	"131": [
		0.1001953125,
		0.09652777777777778
	],
	"132": [
		0.1771484375,
		0.11631944444444445
	],
	"133": [
		0.455078125,
		0.12777777777777777
	],
	"134": [
		0.100390625,
		0.10277777777777777
	],
	"135": [
		0.2830078125,
		0.840625
	],
	"136": [
		0.1537109375,
		0.8322916666666667
	],
	"137": [
		0.053515625,
		0.2916666666666667
	],
	"138": [
		0.4189453125,
		0.13020833333333334
	],
	"139": [
		0.3841796875,
		0.11701388888888889
	],
	"140": [
		0.251953125,
		0.03854166666666667
	],
	"141": [
		0.5267578125,
		0.1326388888888889
	],
	"142": [
		0.5609375,
		0.14166666666666666
	],
	"143": [
		0.3154296875,
		0.12395833333333334
	],
	"144": [
		0.455078125,
		0.12708333333333333
	],
	"145": [
		0.5267578125,
		0.1326388888888889
	],
	"146": [
		0.2830078125,
		0.06041666666666667
	],
	"147": [
		0.382421875,
		0.12222222222222222
	],
	"148": [
		0.0853515625,
		0.8524305555555556
	],
	"149": [
		0.598828125,
		0.13125
	],
	"150": [
		0.315234375,
		0.11805555555555555
	],
	"151": [
		0.2908203125,
		0.12291666666666666
	],
	"152": [
		0.2865234375,
		0.06805555555555555
	],
	"153": [
		0.1728515625,
		0.8565972222222222
	],
	"154": [
		0.175390625,
		0.17395833333333333
	],
	"155": [
		0.455078125,
		0.12708333333333333
	],
	"156": [
		0.2888671875,
		0.12152777777777778
	],
	"157": [
		0.455078125,
		0.12743055555555555
	],
	"158": [
		0.489453125,
		0.14270833333333333
	],
	"159": [
		0.209375,
		0.046875
	],
	"160": [
		0.1001953125,
		0.10555555555555556
	],
	"161": [
		0.0982421875,
		0.10694444444444444
	],