{
	"SixYardNorthForwardEast": [
		0.047752808988764044,
		0.1863366954351669
	],
	"PenaltyCircleNorthWest": [
		0.10393258426966293,
		0.3560361859207653
	]
}