{
	"CornerNorthWest": [
		0.36657303370786515,
		0.2760815847887088
	],
	"CornerNorthEast": [
		0.827247191011236,
		0.16990665410636294
	],
	"CornerSouthWest": [
		0.35814606741573035,
		0.7505130460275579
	],
	"CornerSouthEast": [
		0.6207865168539326,
		0.7505130460275579
	]
}