{
	"0": [
		0.8359375,
		0.3277777777777778
	],
	"1": [
		0.7765625,
		0.3055555555555556
	],
	"2": [
		0.446875,
		0.44166666666666665
	],
	"3": [
		0.3875,
		0.41944444444444445
	],
	"4": [
		0.390625,
		0.31666666666666665
	],
	"5": [
		0.3359375,
		0.35833333333333334
	],
	"6": [
		0.8359375,
		0.4222222222222222
	],
	"7": [
		0.778125,
		0.4444444444444444
	],
	"8": [
		0.6109375,
		0.12777777777777777
	],
	"9": [
		0.66875,
		0.14444444444444443
	],
	"10": [
		0.446875,
		0.3
	],
	"11": [
		0.3890625,
		0.31666666666666665
	],
	"12": [
		0.725,
		0.2972222222222222
	],
	"13": [
		0.6671875,
		0.28888888888888886
	],
	"14": [
		0.609375,
		0.7
	],
	"15": [
		0.60625,
		0.8027777777777778
	],
	"16": [
		0.609375,
		0.8
	],
	"17": [
		0.60625,
		0.9027777777777778
	],
	"18": [
		0.946875,
		0.9444444444444444
	],
	"19": [
		0.8890625,
		0.9388888888888889
	],
	"20": [
		0.5578125,
		0.12777777777777777
	],
	"21": [
		0.5,
		0.13055555555555556
	],
	"22": [
		0.6140625,
		0.13055555555555556
	],
	"23": [
		0.55625,
		0.13333333333333333
	],
	"24": [
		0.60625,
		0.2
	],
	"25": [
		0.6078125,
		0.30277777777777776
	],
	"26": [
		0.6078125,
		0.3
	],
	"27": [
		0.60625,
		0.4027777777777778
	],
	"28": [
		0.725,
		0.9305555555555556
	],
	"29": [
		0.6671875,
		0.9277777777777778
	],
	"30": [
		0.8359375,
		0.9361111111111111
	],
	"31": [
		0.778125,
		0.9333333333333333
	],
	"32": [
		0.446875,
		0.1527777777777778
	],
	"33": [
		0.3890625,
		0.1527777777777778
	],
	"34": [
		0.8359375,
		0.1527777777777778
	],
	"35": [
		0.778125,
		0.1527777777777778
	],
	"36": [
		0.946875,
		0.15
	],
	"37": [
		0.8890625,
		0.15
	],
	"38": [
		0.1140625,
		0.9194444444444444
	],
	"39": [
		0.05625,
		0.9194444444444444
	],
	"40": [
		0.5015625,
		0.14166666666666666
	],
	"41": [
		0.4453125,
		0.1527777777777778
	],
	"42": [
		0.5015625,
		0.4527777777777778
	],
	"43": [
		0.4453125,
		0.44166666666666665
	],
	"44": [
		0.7796875,
		0.44166666666666665
	],
	"45": [
		0.7234375,
		0.4527777777777778
	],
	"46": [
		0.503125,
		0.2916666666666667
	],
	"47": [
		0.446875,
		0.3
	],
	"48": [
		0.89375,
		0.1361111111111111
	],
	"49": [
		0.934375,
		0.20555555555555555
	],
	"50": [
		0.0578125,
		0.1388888888888889
	],
	"51": [
		0.0015625,
		0.13333333333333333
	],
	"52": [
		1,
		0.9472222222222222
	],
	"53": [
		0.94375,
		0.9416666666666667
	],
	"54": [
		0.890625,
		0.15
	],
	"55": [
		0.834375,
		0.1527777777777778
	],
	"56": [
		0.5015625,
		0.9222222222222223
	],
	"57": [
		0.4453125,
		0.9194444444444444
	],
	"58": [
		0.6125,
		0.925
	],
	"59": [
		0.55625,
		0.9222222222222223
	],
	"60": [
		0.7796875,
		0.9333333333333333
	],
	"61": [
		0.7234375,
		0.9305555555555556
	],
	"62": [
		0.890625,
		0.9388888888888889
	],
	"63": [
		0.834375,
		0.9361111111111111
	],
	"64": [
		0.7796875,
		0.1527777777777778
	],
	"65": [
		0.7234375,
		0.1527777777777778
	],
	"66": [
		0.0578125,
		0.9194444444444444
	],
	"67": [
		0.0015625,
		0.9194444444444444
	],
	"68": [
		0.390625,
		0.9194444444444444
	],
	"69": [
		0.334375,
		0.9194444444444444
	],
	"70": [
		0.884375,
		0.36944444444444446
	],
	"71": [
		0.834375,
		0.325
	],
	"72": [
		0.725,
		0.4527777777777778
	],
	"73": [
		0.6703125,
		0.4583333333333333
	],
	"74": [
		0.4484375,
		0.12777777777777777
	],
	"75": [
		0.5015625,
		0.14166666666666666
	],
	"76": [
		0.5015625,
		0.1527777777777778
	],
	"77": [
		0.4546875,
		0.11666666666666667
	],
	"78": [
		0.7296875,
		0.2972222222222222
	],
	"79": [
		0.7796875,
		0.30833333333333335
	],
	"80": [
		0.55,
		0.4583333333333333
	],
	"81": [
		0.5,
		0.4527777777777778
	],
	"82": [
		0.715625,
		0.13055555555555556
	],
	"83": [
		0.6671875,
		0.13333333333333333
	],
	"84": [
		0.28125,
		0.7083333333333334
	],
	"85": [
		0.2796875,
		0.7944444444444444
	],
	"86": [
		0.59375,
		0.13055555555555556
	],
	"87": [
		0.5578125,
		0.18611111111111112
	],
	"88": [
		0.346875,
		0.39444444444444443
	],
	"89": [
		0.390625,
		0.4222222222222222
	],
	"90": [
		0.6078125,
		0.4
	],
	"91": [
		0.60625,
		0.48055555555555557
	],
	"92": [
		0.875,
		0.3972222222222222
	],
	"93": [
		0.834375,
		0.4222222222222222
	],
	"94": [
		0.334375,
		0.058333333333333334
	],
	"95": [
		0.2953125,
		0.08888888888888889
	],
	"96": [
		0.6109375,
		0.12777777777777777
	],
	"97": [
		0.60625,
		0.20277777777777778
	],
	"98": [
		0.334375,
		0.08055555555555556
	],
	"99": [
		0.2953125,
		0.05277777777777778
	],
	"100": [
		0.3109375,
		0.23055555555555557
	],
	"101": [
		0.3203125,
		0.30277777777777776
	],
	"102": [
		0.2953125,
		0.05277777777777778
	],
	"103": [
		0.3265625,
		0.1
	],
	"104": [
		0.1671875,
		0.9527777777777777
	],
	"105": [
		0.1265625,
		0.9555555555555556
	],
	"106": [
		0.3359375,
		0.06944444444444445
	],
	"107": [
		0.2953125,
		0.06944444444444445
	],
	"108": [
		0.8765625,
		0.12777777777777777
	],
	"109": [
		0.8359375,
		0.12777777777777777
	],
	"110": [
		0.26875,
		0.9527777777777777
	],
	"111": [
		0.228125,
		0.9527777777777777
	],
	"112": [
		0.5828125,
		0.13055555555555556
	],
	"113": [
		0.5640625,
		0.19166666666666668
	],
	"114": [
		0.2625,
		0.14722222222222223
	],
	"115": [
		0.2234375,
		0.14722222222222223
	],
	"116": [
		0.1515625,
		0.9194444444444444
	],
	"117": [
		0.1125,
		0.9194444444444444
	],
	"118": [
		0.3078125,
		0.24166666666666667
	],
	"119": [
		0.334375,
		0.2916666666666667
	],
	"120": [
		0.559375,
		0.12777777777777777
	],
	"121": [
		0.578125,
		0.18611111111111112
	],
	"122": [
		0.3734375,
		0.08055555555555556
	],
	"123": [
		0.3453125,
		0.03611111111111111
	],
	"124": [
		0.671875,
		0.12222222222222222
	],
	"125": [
		0.6359375,
		0.14166666666666666
	],
	"126": [
		0.09375,
		0.14166666666666666
	],
	"127": [
		0.05625,
		0.14166666666666666
	],
	"128": [
		0.890625,
		0.9805555555555555
	],
	"129": [
		0.8546875,
		0.9722222222222222
	],
	"130": [
		0.5546875,
		0.12777777777777777
	],
	"131": [
		0.5578125,
		0.19166666666666668
	],
	"132": [
		0.3703125,
		0.9555555555555556
	],
	"133": [
		0.334375,
		0.9527777777777777
	],
	"134": [
		0.0265625,
		0.05
	],
	"135": [
		0.0578125,
		0.08055555555555556
	],
	"136": [
		0.6375,
		0.2
	],
	"137": [
		0.6140625,
		0.24722222222222223
	],
	"138": [
		0.61875,
		0.2
	],
	"139": [
		0.6140625,
		0.2611111111111111
	],
	"140": [
		0.225,
		0.14722222222222223
	],
	"141": [
		0.190625,
		0.1527777777777778
	],
	"142": [
		0.5828125,
		0.13055555555555556
	],
	"143": [
		0.55625,
		0.16944444444444445
	],
	"144": [
		0.775,
		0.5083333333333333
	],
	"145": [
		0.7765625,
		0.5694444444444444
	],
	"146": [
		0.3359375,
		0.7472222222222222
	],
	"147": [
		0.31875,
		0.8
	],
	"148": [
		0.671875,
		0.12222222222222222
	],
	"149": [
		0.6953125,
		0.1638888888888889
	],
	"150": [
		0.9671875,
		0.9805555555555555
	],
	"151": [
		1,
		0.9861111111111112
	],
	"152": [
		0.66875,
		0.9277777777777778
	],
	"153": [
		0.6359375,
		0.9277777777777778
	],
	"154": [
		0.0546875,
		0.04722222222222222
	],
	"155": [
		0.0265625,
		0.07222222222222222
	],
	"156": [
		0.6265625,
		0.03611111111111111
	],
	"157": [
		0.6125,
		0.08611111111111111
	],
	"158": [
		0.6515625,
		0.4583333333333333
	],
	"159": [
		0.6203125,
		0.4583333333333333
	],
	"160": [
		0.3140625,
		0.04722222222222222
	],
	"161": [
		0.3234375,
		0.1
	],
	"162": [
		0.546875,
		0.05277777777777778
	],
	"163": [
		0.525,
		0.09166666666666666
	],
	"164": [
		0.5265625,
		0.044444444444444446
	],
	"165": [
		0.5484375,
		0.08333333333333333
	],
	"166": [
		0.5265625,
		0.044444444444444446
	],
	"167": [
		0.5125,
		0.09166666666666666
	],
	"168": [
		0.5234375,
		0.044444444444444446
	],
	"169": [
		0.528125,
		0.09722222222222222
	],
	"170": [
		0.3140625,
		0.04722222222222222
	],
	"171": [
		0.2953125,
		0.08888888888888889
	],
	"172": [
		0.3265625,
		0.25833333333333336
	],
	"173": [
		0.3078125,
		0.3
	],
	"174": [
		0.4359375,
		0.12777777777777777
	],
	"175": [
		0.4140625,
		0.1638888888888889
	],