{
	"0": [
		0.4775390625,
		0.05520833333333333
	],
	"1": [
		0.32265625,
		0.05
	],
	"2": [
		0.643359375,
		0.06666666666666667
	],
	"3": [
		0.5955078125,
		0.0642361111111111
	],
	"4": [
		0.24140625,
		0.043402777777777776
	],
	"5": [
		0.3990234375,
		0.05347222222222222
	],
	"6": [
		0.84296875,
		0.07604166666666666
	],
	"7": [
		0.39609375,
		0.049652777777777775
	],
	"8": [
		0.34765625,
		0.049652777777777775
	],
	"9": [
		0.091796875,
		0.09513888888888888
	],
	"10": [
		0.5548828125,
		0.05486111111111111
	],
	"11": [
		0.3001953125,
		0.09444444444444444
	],
	"12": [
		0.55703125,
		0.06354166666666666
	],
	"13": [
		0.816796875,
		0.08055555555555556
	],
	"14": [
		0.4724609375,
		0.050694444444444445
	],
	"15": [
		0.28203125,
		0.0375
	],
	"16": [
		0.4279296875,
		0.05694444444444444
	],
	"17": [
		0.5958984375,
		0.05520833333333333
	],
	"18": [
		0.6818359375,
		0.0642361111111111
	],
	"19": [
		0.6818359375,
		0.0642361111111111
	],
	"20": [
		0.597265625,
		0.05138888888888889
	],
	"21": [
		0.7509765625,
		0.07430555555555556
	],
	"22": [
		0.7681640625,
		0.07013888888888889
	],
	"23": [
		0.8181640625,
		0.06319444444444444
	],
	"24": [
		0.63984375,
		0.05694444444444444
	],
	"25": [
		0.2923828125,
		0.10069444444444445
	],
	"26": [
		0.267578125,
		0.04131944444444444
	],
	"27": [
		0.51484375,
		0.05173611111111111
	],
	"28": [
		0.5546875,
		0.07048611111111111
	],
	"29": [
		0.51015625,
		0.06111111111111111
	],
	"30": [
		0.6828125,
		0.06041666666666667
	],
	"31": [
		0.4345703125,
		0.04826388888888889
	],
	"32": [
		0.6392578125,
		0.071875
	],
	"33": [
		0.1095703125,
		0.10243055555555555
	],
	"34": [
		0.11015625,
		0.10034722222222223
	],
	"35": [
		0.5556640625,
		0.0763888888888889
	],
	"36": [
		0.6251953125,
		0.044097222222222225
	],
	"37": [
		0.2796875,
		0.04097222222222222
	],
	"38": [
		0.770703125,
		0.06354166666666666
	],
	"39": [
		0.4744140625,
		0.071875
	],
	"40": [
		0.8212890625,
		0.06458333333333334
	],
	"41": [
		0.73046875,
		0.05486111111111111
	],
	"42": [
		0.3962890625,
		0.06145833333333333
	],
	"43": [
		0.7265625,
		0.0798611111111111
	],
	"44": [
		0.24375,
		0.043055555555555555
	],
	"45": [
		0.228125,
		0.10833333333333334
	],
	"46": [
		0.3169921875,
		0.05138888888888889
	],
	"47": [
		0.04609375,
		0.08888888888888889
	],
	"48": [
		0.8181640625,
		0.06319444444444444
	],
	"49": [
		0.3939453125,
		0.06180555555555556
	],
	"50": [
		0.5544921875,
		0.07222222222222222
	],
	"51": [
		0.51484375,
		0.05555555555555555
	],
	"52": [
		0.6400390625,
		0.07465277777777778
	],
	"53": [
		0.770703125,
		0.06631944444444444
	],
	"54": [
		0.7275390625,
		0.0642361111111111
	],
	"55": [
		0.72734375,
		0.06805555555555555
	],
	"56": [
		0.6814453125,
		0.0642361111111111
	],
	"57": [
		0.5087890625,
		0.05520833333333333
	],
	"58": [
		0.8171875,
		0.08055555555555556
	],
	"59": [
		0.7263671875,
		0.07222222222222222
	],
	"60": [
		0.55703125,
		0.06840277777777778
	],
	"61": [
		0.5984375,
		0.059375
	],
	"62": [
		0.2720703125,
		0.041666666666666664
	],
	"63": [
		0.5576171875,
		0.06041666666666667
	],
	"64": [
		0.420703125,
		0.04618055555555556
	],
	"65": [
		0.4751953125,
		0.06840277777777778
	],
	"66": [
		0.09296875,
		0.09479166666666666
	],
	"67": [
		0.2912109375,
		0.10347222222222222
	],
	"68": [
		0.4349609375,
		0.051041666666666666
	],
	"69": [
		0.7265625,
		0.07951388888888888
	],
	"70": [
		0.7697265625,
		0.06736111111111111
	],
	"71": [
		0.8212890625,
		0.06458333333333334
	],
	"72": [
		0.6525390625,
		0.9173611111111111
	],
	"73": [
		0.55546875,
		0.06805555555555555
	],
	"74": [
		0.7712890625,
		0.9357638888888888
	],
	"75": [
		0.2087890625,
		0.10520833333333333
	],
	"76": [
		0.6408203125,
		0.07534722222222222
	],
	"77": [
		0.259375,
		0.046875
	],
	"78": [
		0.6828125,
		0.06388888888888888
	],
	"79": [
		0.278125,
		0.040625
	],
	"80": [
		0.3001953125,
		0.10034722222222223
	],
	"81": [
		0.66640625,
		0.07430555555555556
	],
	"82": [
		0.76953125,
		0.06701388888888889
	],
	"83": [
		0.7533203125,
		0.078125
	],
	"84": [
		0.47734375,
		0.05277777777777778
	],
	"85": [
		0.1091796875,
		0.09618055555555556
	],
	"86": [
		0.3544921875,
		0.04583333333333333
	],
	"87": [
		0.1224609375,
		0.8402777777777778
	],
	"88": [
		0.7263671875,
		0.07222222222222222
	],
	"89": [
		0.7669921875,
		0.9385416666666667
	],
	"90": [
		0.7369140625,
		0.9322916666666666
	],
	"91": [
		0.3201171875,
		0.05451388888888889
	],
	"92": [
		0.743359375,
		0.9350694444444444
	],
	"93": [
		0.6408203125,
		0.06458333333333334
	],
	"94": [
		0.8466796875,
		0.0763888888888889
	],
	"95": [
		0.396484375,
		0.0625
	],
	"96": [
		0.318359375,
		0.050347222222222224
	],
	"97": [
		0.8390625,
		0.9486111111111111
	],
	"98": [
		0.29609375,
		0.10243055555555555
	],
	"99": [
		0.319921875,
		0.05173611111111111
	],
	"100": [
		0.3958984375,
		0.05659722222222222
	],
	"101": [
		0.47421875,
		0.06215277777777778
	],
	"102": [
		0.0392578125,
		0.08611111111111111
	],
	"103": [
		0.0484375,
		0.8826388888888889
	],
	"104": [
		0.5978515625,
		0.059722222222222225
	],
	"105": [
		0.475,
		0.057291666666666664
	],
	"106": [
		0.8142578125,
		0.9454861111111111
	],
	"107": [
		0.1431640625,
		0.10416666666666667
	],
	"108": [
		0.5990234375,
		0.059027777777777776
	],
	"109": [
		0.2953125,
		0.10069444444444445
	],
	"110": [
		0.0830078125,
		0.09513888888888888
	],
	"111": [
		0.47734375,
		0.06215277777777778
	],
	"112": [
		0.582421875,
		0.06944444444444445
	],
	"113": [
		0.126953125,
		0.8392361111111111
	],
	"114": [
		0.6400390625,
		0.06805555555555555
	],
	"115": [
		0.3189453125,
		0.05451388888888889
	],
	"116": [
		0.3978515625,
		0.05416666666666667
	],
	"117": [
		0.6791015625,
		0.9232638888888889
	],
	"118": [
		0.0962890625,
		0.10173611111111111
	],
	"119": [
		0.8275390625,
		0.06354166666666666
	],
	"120": [
		0.1087890625,
		0.10347222222222222
	],
	"121": [
		0.1296875,
		0.10520833333333333
	],
	"122": [
		0.6400390625,
		0.06840277777777778
	],
	"123": [
		0.75703125,
		0.06354166666666666
	],
	"124": [
		0.2833984375,
		0.050347222222222224
	],
	"125": [
		0.6826171875,
		0.06388888888888888
	],
	"126": [
		0.8521484375,
		0.06770833333333333
	],
	"127": [
		0.29765625,
		0.10173611111111111
	],
	"128": [
		0.3203125,
		0.05173611111111111
	],
	"129": [
		0.434375,
		0.053125
	],
	"130": [
		0.2759765625,
		0.03993055555555555
	],
	"131": [
		0.39609375,
		0.05590277777777778
	],
	"132": [
		0.68046875,
		0.06805555555555555
	],
	"133": [
		0.101953125,
		0.8354166666666667
	],
	"134": [
		0.109765625,
		0.103125
	],
	"135": [
		0.480078125,
		0.0642361111111111
	],
	"136": [
		0.7357421875,
		0.06076388888888889
	],
	"137": [
		0.0357421875,
		0.08402777777777778
	],
	"138": [
		0.293359375,
		0.10069444444444445
	],
	"139": [
		0.3544921875,
		0.04895833333333333
	],
	"140": [
		0.121484375,
		0.8388888888888889
	],
	"141": [
		0.1091796875,
		0.09618055555555556
	],
	"142": [
		0.209375,
		0.10659722222222222
	],
	"143": [
		0.6833984375,
		0.05659722222222222
	],
	"144": [
		0.109375,
		0.10069444444444445
	],
	"145": [
		0.456640625,
		0.8850694444444445
	],
	"146": [
		0.1724609375,
		0.8461805555555556
	],
	"147": [
		0.3333984375,
		0.8690972222222222
	],
	"148": [
		0.2173828125,
		0.2465277777777778
	],
	"149": [
		0.646875,
		0.05694444444444444
	],
	"150": [
		0.597265625,
		0.04895833333333333
	],
	"151": [
		0.289453125,
		0.03576388888888889
	],
	"152": [
		0.767578125,
		0.07291666666666667
	],
	"153": [
		0.8162109375,
		0.08125
	],
	"154": [
		0.5125,
		0.065625
	],
	"155": [
		0.68046875,
		0.06701388888888889
	],
	"156": [
		0.7509765625,
		0.06076388888888889
	],
	"157": [
		0.2931640625,
		0.057291666666666664
	],
	"158": [
		0.0365234375,
		0.08541666666666667
	],
	"159": [
		0.059375,
		0.8711805555555555
	],
	"160": [
		0.582421875,
		0.05416666666666667
	],
	"161": [
		0.2484375,
		0.8899305555555556
	],