{
	"SixYardNorthForwardEast": [
		0.018541409147095178,
		0.17800027812543456
	],
	"PenaltySpotNorth": [
		0.038318912237330034,
		0.25513373197978956
	]
}