{
	"0": [
		0.3359375,
		0.4444444444444444
	],
	"1": [
		0.2796875,
		0.3972222222222222
	],
	"2": [
		0.175,
		0.7194444444444444
	],
	"3": [
		0.2171875,
		0.7972222222222223
	],
	"4": [
		0.446875,
		0.4722222222222222
	],
	"5": [
		0.3875,
		0.4583333333333333
	],
	"6": [
		0.5015625,
		0.4777777777777778
	],
	"7": [
		0.4421875,
		0.46944444444444444
	],
	"8": [
		0.7796875,
		0.3527777777777778
	],
	"9": [
		0.721875,
		0.3277777777777778
	],
	"10": [
		0.6140625,
		0.9361111111111111
	],
	"11": [
		0.5546875,
		0.9361111111111111
	],
	"12": [
		0.5578125,
		0.1527777777777778
	],
	"13": [
		0.5,
		0.175
	],
	"14": [
		0.390625,
		0.46111111111111114
	],
	"15": [
		0.3328125,
		0.44166666666666665
	],
	"16": [
		0.725,
		0.33055555555555555
	],
	"17": [
		0.6671875,
		0.31666666666666665
	],
	"18": [
		0.446875,
		0.16666666666666666
	],
	"19": [
		0.3890625,
		0.17777777777777778
	],
	"20": [
		0.334375,
		0.3388888888888889
	],
	"21": [
		0.28125,
		0.38055555555555554
	],
	"22": [
		0.446875,
		0.3138888888888889
	],
	"23": [
		0.3890625,
		0.32222222222222224
	],
	"24": [
		0.6140625,
		0.15555555555555556
	],
	"25": [
		0.55625,
		0.1527777777777778
	],
	"26": [
		0.546875,
		0.2
	],
	"27": [
		0.5484375,
		0.30277777777777776
	],
	"28": [
		0.546875,
		0.3
	],
	"29": [
		0.5484375,
		0.4027777777777778
	],
	"30": [
		0.546875,
		0.8
	],
	"31": [
		0.5484375,
		0.9027777777777778
	],
	"32": [
		0.5578125,
		0.9361111111111111
	],
	"33": [
		0.5,
		0.9333333333333333
	],
	"34": [
		0.8359375,
		0.9444444444444444
	],
	"35": [
		0.778125,
		0.9416666666666667
	],
	"36": [
		0.446875,
		0.175
	],
	"37": [
		0.3921875,
		0.14166666666666666
	],
	"38": [
		0.725,
		0.9388888888888889
	],
	"39": [
		0.6671875,
		0.9388888888888889
	],
	"40": [
		0.7796875,
		0.4361111111111111
	],
	"41": [
		0.7234375,
		0.4583333333333333
	],
	"42": [
		0.66875,
		0.17222222222222222
	],
	"43": [
		0.6125,
		0.1527777777777778
	],
	"44": [
		0.390625,
		0.32222222222222224
	],
	"45": [
		0.334375,
		0.3388888888888889
	],
	"46": [
		0.66875,
		0.3194444444444444
	],
	"47": [
		0.6125,
		0.3111111111111111
	],
	"48": [
		0.546875,
		0.6027777777777777
	],
	"49": [
		0.55,
		0.7027777777777777
	],
	"50": [
		0.546875,
		0.7
	],
	"51": [
		0.55,
		0.8
	],
	"52": [
		0.66875,
		0.9388888888888889
	],
	"53": [
		0.6125,
		0.9361111111111111
	],
	"54": [
		0.890625,
		0.9472222222222222
	],
	"55": [
		0.834375,
		0.9444444444444444
	],
	"56": [
		0.5015625,
		0.1527777777777778
	],
	"57": [
		0.4453125,
		0.1527777777777778
	],
	"58": [
		0.7234375,
		0.17777777777777778
	],
	"59": [
		0.6671875,
		0.17777777777777778
	],
	"60": [
		0.16875,
		0.9361111111111111
	],
	"61": [
		0.1125,
		0.9361111111111111
	],
	"62": [
		0.94375,
		0.95
	],
	"63": [
		0.8890625,
		0.9472222222222222
	],
	"64": [
		0.5546875,
		0.4777777777777778
	],
	"65": [
		0.5,
		0.4777777777777778
	],
	"66": [
		0.725,
		0.45555555555555555
	],
	"67": [
		0.6734375,
		0.4722222222222222
	],
	"68": [
		0.8359375,
		0.16111111111111112
	],
	"69": [
		0.7859375,
		0.17777777777777778
	],
	"70": [
		0.7859375,
		0.1527777777777778
	],
	"71": [
		0.8359375,
		0.1638888888888889
	],
	"72": [
		0.790625,
		0.14444444444444443
	],
	"73": [
		0.8359375,
		0.18055555555555555
	],
	"74": [
		1,
		0.1638888888888889
	],
	"75": [
		0.9515625,
		0.17222222222222222
	],
	"76": [
		0.1140625,
		0.9361111111111111
	],
	"77": [
		0.065625,
		0.9388888888888889
	],
	"78": [
		0.8359375,
		0.9805555555555555
	],
	"79": [
		0.7875,
		0.9777777777777777
	],
	"80": [
		1,
		0.9527777777777777
	],
	"81": [
		0.9515625,
		0.95
	],
	"82": [
		0.8171875,
		0.3888888888888889
	],
	"83": [
		0.775,
		0.3472222222222222
	],
	"84": [
		0.9390625,
		0.9833333333333333
	],
	"85": [
		0.8921875,
		0.9805555555555555
	],
	"86": [
		0.0953125,
		0.4027777777777778
	],
	"87": [
		0.0609375,
		0.4583333333333333
	],
	"88": [
		0.8171875,
		0.39444444444444443
	],
	"89": [
		0.778125,
		0.4361111111111111
	],
	"90": [
		0.6578125,
		0.4722222222222222
	],
	"91": [
		0.6125,
		0.475
	],
	"92": [
		0.0609375,
		0.41388888888888886
	],
	"93": [
		0.0921875,
		0.4722222222222222
	],
	"94": [
		0.5671875,
		0.2
	],
	"95": [
		0.55625,
		0.2777777777777778
	],
	"96": [
		0.09375,
		0.4
	],
	"97": [
		0.0765625,
		0.4722222222222222
	],
	"98": [
		0.0765625,
		0.3972222222222222
	],
	"99": [
		0.0953125,
		0.4666666666666667
	],
	"100": [
		0.7640625,
		0.17777777777777778
	],
	"101": [
		0.7234375,
		0.1527777777777778
	],
	"102": [
		0.090625,
		0.4
	],
	"103": [
		0.0921875,
		0.4722222222222222
	],
	"104": [
		0.1125,
		0.9722222222222222
	],
	"105": [
		0.071875,
		0.975
	],
	"106": [
		0.7640625,
		0.17777777777777778
	],
	"107": [
		0.7234375,
		0.17777777777777778
	],
	"108": [
		0.0984375,
		0.4388888888888889
	],
	"109": [
		0.0609375,
		0.41388888888888886
	],
	"110": [
		0.8203125,
		0.9416666666666667
	],
	"111": [
		0.790625,
		0.9888888888888889
	],
	"112": [
		0.6515625,
		0.15555555555555556
	],
	"113": [
		0.6125,
		0.16666666666666666
	],
	"114": [
		0.2109375,
		0.7694444444444445
	],
	"115": [
		0.171875,
		0.7805555555555556
	],
	"116": [
		0.096875,
		0.4027777777777778
	],
	"117": [
		0.0609375,
		0.4305555555555556
	],
	"118": [
		0.2125,
		0.9694444444444444
	],
	"119": [
		0.1734375,
		0.9694444444444444
	],
	"120": [
		0.6953125,
		0.6972222222222222
	],
	"121": [
		0.721875,
		0.7472222222222222
	],
	"122": [
		0.1796875,
		0.7138888888888889
	],
	"123": [
		0.171875,
		0.7805555555555556
	],
	"124": [
		0.2328125,
		0.25
	],
	"125": [
		0.25625,
		0.30277777777777776
	],
	"126": [
		0.2484375,
		0.24444444444444444
	],
	"127": [
		0.2296875,
		0.30277777777777776
	],
	"128": [
		0.0765625,
		0.3972222222222222
	],
	"129": [
		0.0609375,
		0.4583333333333333
	],
	"130": [
		0.8625,
		0.5166666666666667
	],
	"131": [
		0.890625,
		0.5611111111111111
	],
	"132": [
		0.45,
		0.6361111111111111
	],
	"133": [
		0.4765625,
		0.6833333333333333
	],
	"134": [
		0.6140625,
		0.475
	],
	"135": [
		0.5765625,
		0.4777777777777778
	],
	"136": [
		0.0390625,
		0.9388888888888889
	],
	"137": [
		0.0015625,
		0.9416666666666667
	],
	"138": [
		0.0953125,
		0.45555555555555555
	],
	"139": [
		0.0609375,
		0.43333333333333335
	],
	"140": [
		0.878125,
		0.5111111111111111
	],
	"141": [
		0.890625,
		0.5722222222222222
	],
	"142": [
		0.7234375,
		0.7055555555555556
	],
	"143": [
		0.7078125,
		0.7638888888888888
	],
	"144": [
		0.3140625,
		0.975
	],
	"145": [
		0.278125,
		0.9666666666666667
	],
	"146": [
		0.0375,
		0.16666666666666666
	],
	"147": [
		0.0015625,
		0.16666666666666666
	],
	"148": [
		0.096875,
		0.425
	],
	"149": [
		0.0609375,
		0.425
	],
	"150": [
		0.4984375,
		0.1527777777777778
	],
	"151": [
		0.525,
		0.19444444444444445
	],
	"152": [
		0.4609375,
		0.625
	],
	"153": [
		0.4734375,
		0.6833333333333333
	],
	"154": [
		0.0359375,
		0.08333333333333333
	],
	"155": [
		0.0015625,
		0.07777777777777778
	],
	"156": [
		0.0953125,
		0.45
	],
	"157": [
		0.0609375,
		0.4527777777777778
	],
	"158": [
		0.7171875,
		0.7055555555555556
	],
	"159": [
		0.71875,
		0.7666666666666667
	],
	"160": [
		0.0328125,
		0.06666666666666667
	],
	"161": [
		0.0015625,
		0.09166666666666666
	],
	"162": [
		0.2515625,
		0.24444444444444444
	],
	"163": [
		0.24375,
		0.30277777777777776
	],
	"164": [
		0.2,
		0.16666666666666666
	],
	"165": [
		0.1671875,
		0.17222222222222222
	],
	"166": [
		0.2328125,
		0.24444444444444444
	],
	"167": [
		0.2359375,
		0.30277777777777776
	],
	"168": [
		0.725,
		0.1527777777777778
	],
	"169": [
		0.6921875,
		0.15555555555555556
	],
	"170": [
		0.725,
		0.7111111111111111
	],
	"171": [
		0.6953125,
		0.7361111111111112
	],
	"172": [
		0.6953125,
		0.7305555555555555
	],
	"173": [
		0.71875,
		0.7666666666666667
	],
	"174": [
		0.16875,
		0.17222222222222222
	],
	"175": [
		0.1390625,
		0.18333333333333332
	],
	"176": [
		0.2546875,
		0.26666666666666666
	],