{
	"SixYardNorthForwardEast": [
		0.0800561797752809,
		0.26267956610964527
	],
	"EighteenYardNorthForwardEast": [
		0.39747191011235955,
		0.201030280185953
	],
	"PenaltyCircleNorthWest": [
		0.13623595505617977,
		0.36989571554215356
	],
	"CornerNorthEast": [
		0.199438202247191,
		0.13938099426226075
	]
}