{
	"0": [
		0.39375,
		0.3527777777777778
	],
	"1": [
		0.334375,
		0.38055555555555554
	],
	"2": [
		0.390625,
		0.46944444444444444
	],
	"3": [
		0.3328125,
		0.4361111111111111
	],
	"4": [
		0.834375,
		0.20833333333333334
	],
	"5": [
		0.790625,
		0.2777777777777778
	],
	"6": [
		0.446875,
		0.48333333333333334
	],
	"7": [
		0.3890625,
		0.4666666666666667
	],
	"8": [
		0.446875,
		0.3416666666666667
	],
	"9": [
		0.3890625,
		0.35555555555555557
	],
	"10": [
		0.725,
		0.35555555555555557
	],
	"11": [
		0.6671875,
		0.3416666666666667
	],
	"12": [
		0.725,
		0.475
	],
	"13": [
		0.6671875,
		0.4861111111111111
	],
	"14": [
		0.5625,
		0.5
	],
	"15": [
		0.565625,
		0.6027777777777777
	],
	"16": [
		0.5625,
		0.6
	],
	"17": [
		0.565625,
		0.7027777777777777
	],
	"18": [
		0.5625,
		0.7
	],
	"19": [
		0.565625,
		0.8027777777777778
	],
	"20": [
		0.5578125,
		0.19444444444444445
	],
	"21": [
		0.5,
		0.19166666666666668
	],
	"22": [
		0.5625,
		0.3
	],
	"23": [
		0.5640625,
		0.4027777777777778
	],
	"24": [
		0.725,
		0.9222222222222223
	],
	"25": [
		0.6671875,
		0.9194444444444444
	],
	"26": [
		0.3359375,
		0.13055555555555556
	],
	"27": [
		0.278125,
		0.13055555555555556
	],
	"28": [
		0.6140625,
		0.19166666666666668
	],
	"29": [
		0.55625,
		0.19166666666666668
	],
	"30": [
		0.446875,
		0.21388888888888888
	],
	"31": [
		0.3890625,
		0.21388888888888888
	],
	"32": [
		0.7796875,
		0.375
	],
	"33": [
		0.7234375,
		0.3527777777777778
	],
	"34": [
		0.7796875,
		0.4527777777777778
	],
	"35": [
		0.7234375,
		0.475
	],
	"36": [
		0.6015625,
		0.19444444444444445
	],
	"37": [
		0.5625,
		0.26944444444444443
	],
	"38": [
		0.5015625,
		0.4888888888888889
	],
	"39": [
		0.4453125,
		0.48055555555555557
	],
	"40": [
		0.8359375,
		0.21388888888888888
	],
	"41": [
		0.7796875,
		0.21666666666666667
	],
	"42": [
		0.66875,
		0.4861111111111111
	],
	"43": [
		0.6125,
		0.4888888888888889
	],
	"44": [
		0.5625,
		0.8
	],
	"45": [
		0.5640625,
		0.9
	],
	"46": [
		0.5015625,
		0.9166666666666666
	],
	"47": [
		0.4453125,
		0.9138888888888889
	],
	"48": [
		0.7796875,
		0.925
	],
	"49": [
		0.7234375,
		0.9222222222222223
	],
	"50": [
		0.834375,
		0.9277777777777778
	],
	"51": [
		0.778125,
		0.925
	],
	"52": [
		0.8171875,
		0.3055555555555556
	],
	"53": [
		0.778125,
		0.375
	],
	"54": [
		1,
		0.9361111111111111
	],
	"55": [
		0.9453125,
		0.9333333333333333
	],
	"56": [
		0.7796875,
		0.21666666666666667
	],
	"57": [
		0.8171875,
		0.2861111111111111
	],
	"58": [
		0.115625,
		0.13055555555555556
	],
	"59": [
		0.0625,
		0.13055555555555556
	],
	"60": [
		0.5625,
		0.21388888888888888
	],
	"61": [
		0.5765625,
		0.30277777777777776
	],
	"62": [
		0.5640625,
		0.2111111111111111
	],
	"63": [
		0.5640625,
		0.30277777777777776
	],
	"64": [
		0.8234375,
		0.2
	],
	"65": [
		0.790625,
		0.26666666666666666
	],
	"66": [
		0.1734375,
		0.7
	],
	"67": [
		0.1984375,
		0.775
	],
	"68": [
		0.55,
		0.19444444444444445
	],
	"69": [
		0.528125,
		0.2722222222222222
	],
	"70": [
		0.0921875,
		0.12222222222222222
	],
	"71": [
		0.05625,
		0.18055555555555555
	],
	"72": [
		0.6609375,
		0.19166666666666668
	],
	"73": [
		0.6125,
		0.19444444444444445
	],
	"74": [
		0.525,
		0.19722222222222222
	],
	"75": [
		0.54375,
		0.2722222222222222
	],
	"76": [
		0.6046875,
		0.33055555555555555
	],
	"77": [
		0.5828125,
		0.4027777777777778
	],
	"78": [
		1,
		0.20555555555555555
	],
	"79": [
		0.9546875,
		0.2111111111111111
	],
	"80": [
		0.83125,
		0.9583333333333334
	],
	"81": [
		0.7859375,
		0.9611111111111111
	],
	"82": [
		0.1765625,
		0.7
	],
	"83": [
		0.165625,
		0.7777777777777778
	],
	"84": [
		1,
		0.2
	],
	"85": [
		0.95625,
		0.18611111111111112
	],
	"86": [
		0.8140625,
		0.4111111111111111
	],
	"87": [
		0.778125,
		0.45555555555555555
	],
	"88": [
		0.76875,
		0.21666666666666667
	],
	"89": [
		0.725,
		0.21666666666666667
	],
	"90": [
		0.225,
		0.9138888888888889
	],
	"91": [
		0.18125,
		0.9138888888888889
	],
	"92": [
		0.5328125,
		0.19722222222222222
	],
	"93": [
		0.525,
		0.2722222222222222
	],
	"94": [
		0.090625,
		0.425
	],
	"95": [
		0.0734375,
		0.49444444444444446
	],
	"96": [
		0.1828125,
		0.7
	],
	"97": [
		0.1875,
		0.775
	],
	"98": [
		0.2265625,
		0.12777777777777777
	],
	"99": [
		0.2578125,
		0.17777777777777778
	],
	"100": [
		0.8125,
		0.40555555555555556
	],
	"101": [
		0.775,
		0.37222222222222223
	],
	"102": [
		0.81875,
		0.925
	],
	"103": [
		0.7890625,
		0.975
	],
	"104": [
		0.540625,
		0.2
	],
	"105": [
		0.54375,
		0.2722222222222222
	],
	"106": [
		0.8046875,
		0.125
	],
	"107": [
		0.7953125,
		0.19444444444444445
	],
	"108": [
		0.3296875,
		0.1111111111111111
	],
	"109": [
		0.303125,
		0.1638888888888889
	],
	"110": [
		0.2671875,
		0.3
	],
	"111": [
		0.240625,
		0.3527777777777778
	],
	"112": [
		0.446875,
		0.9138888888888889
	],
	"113": [
		0.4078125,
		0.9138888888888889
	],
	"114": [
		0.3546875,
		0.5972222222222222
	],
	"115": [
		0.346875,
		0.6638888888888889
	],
	"116": [
		0.584375,
		0.5111111111111111
	],
	"117": [
		0.5625,
		0.5666666666666667
	],
	"118": [
		0.7984375,
		0.3
	],
	"119": [
		0.8171875,
		0.35833333333333334
	],
	"120": [
		0.5625,
		0.21388888888888888
	],
	"121": [
		0.5875,
		0.2638888888888889
	],
	"122": [
		0.66875,
		0.34444444444444444
	],
	"123": [
		0.63125,
		0.3388888888888889
	],
	"124": [
		0.24375,
		0.3
	],
	"125": [
		0.2640625,
		0.35555555555555557
	],
	"126": [
		0.0734375,
		0.44166666666666665
	],
	"127": [
		0.1078125,
		0.4638888888888889
	],
	"128": [
		0.103125,
		0.11388888888888889
	],
	"129": [
		0.0734375,
		0.15
	],
	"130": [
		0.159375,
		0.9472222222222222
	],
	"131": [
		0.1234375,
		0.95
	],
	"132": [
		0.5546875,
		0.19444444444444445
	],
	"133": [
		0.5234375,
		0.225
	],
	"134": [
		0.7890625,
		0.3194444444444444
	],
	"135": [
		0.8171875,
		0.35833333333333334
	],
	"136": [
		0.8140625,
		0.5194444444444445
	],
	"137": [
		0.8359375,
		0.5694444444444444
	],
	"138": [
		0.2921875,
		0.10555555555555556
	],
	"139": [
		0.303125,
		0.1638888888888889
	],
	"140": [
		0.478125,
		0.19444444444444445
	],
	"141": [
		0.4453125,
		0.21388888888888888
	],
	"142": [
		0.4390625,
		0.19166666666666668
	],
	"143": [
		0.4046875,
		0.18888888888888888
	],
	"144": [
		0.090625,
		0.20555555555555555
	],
	"145": [
		0.05625,
		0.20833333333333334
	],
	"146": [
		0.2796875,
		0.125
	],
	"147": [
		0.30625,
		0.16111111111111112
	],
	"148": [
		0.5625,
		0.5
	],
	"149": [
		0.5828125,
		0.5472222222222223
	],
	"150": [
		0.2921875,
		0.10555555555555556
	],
	"151": [
		0.315625,
		0.14722222222222223
	],
	"152": [
		0.490625,
		0.14444444444444443
	],
	"153": [
		0.4578125,
		0.15
	],
	"154": [
		0.478125,
		0.3416666666666667
	],
	"155": [
		0.4453125,
		0.34444444444444444
	],
	"156": [
		0.1453125,
		0.9166666666666666
	],
	"157": [
		0.1125,
		0.9166666666666666
	],
	"158": [
		0.946875,
		0.9333333333333333
	],
	"159": [
		0.9140625,
		0.9333333333333333
	],
	"160": [
		0.5796875,
		0.1111111111111111
	],
	"161": [
		0.55625,
		0.15
	],
	"162": [
		0.2265625,
		0.4305555555555556
	],
	"163": [
		0.23125,
		0.4861111111111111
	],
	"164": [
		0.8078125,
		0.5305555555555556
	],
	"165": [
		0.8359375,
		0.5555555555555556
	],
	"166": [
		0.2609375,
		0.3
	],
	"167": [
		0.2640625,
		0.35555555555555557
	],
	"168": [
		0.71875,
		0.6444444444444445
	],
	"169": [
		0.7171875,
		0.7
	],
	"170": [
		0.0265625,
		0.18055555555555555
	],
	"171": [
		0.0578125,
		0.18055555555555555
	],
	"172": [
		0.2546875,
		0.9138888888888889
	],
	"173": [
		0.2234375,
		0.9138888888888889
	],
	"174": [
		0.3125,
		0.1111111111111111
	],
	"175": [
		0.303125,
		0.1638888888888889
	],
	"176": [
		0.0859375,
		0.4305555555555556
	],
	"177": [
		0.1078125,
		0.46944444444444444
	],
	"178": [
		0.2453125,
		0.12777777777777777
	],
	"179": [
		0.2578125,
		0.17777777777777778
	],
	"180": [
		0.2484375,
		0.3
	],
	"181": [
		0.240625,
		0.3527777777777778
	],