{
	"0": [
		0.2396484375,
		0.1527777777777778
	],
	"1": [
		0.2875,
		0.06180555555555556
	],
	"2": [
		0.355859375,
		0.16527777777777777
	],
	"3": [
		0.3236328125,
		0.1625
	],
	"4": [
		0.2091796875,
		0.050347222222222224
	],
	"5": [
		0.2923828125,
		0.08715277777777777
	],
	"6": [
		0.5220703125,
		0.17222222222222222
	],
	"7": [
		0.28515625,
		0.0920138888888889
	],
	"8": [
		0.28984375,
		0.06979166666666667
	],
	"9": [
		0.0474609375,
		0.12083333333333333
	],
	"10": [
		0.2904296875,
		0.16111111111111112
	],
	"11": [
		0.2537109375,
		0.10486111111111111
	],
	"12": [
		0.2904296875,
		0.16180555555555556
	],
	"13": [
		0.4884765625,
		0.1736111111111111
	],
	"14": [
		0.2396484375,
		0.1527777777777778
	],
	"15": [
		0.246875,
		0.04583333333333333
	],
	"16": [
		0.2927734375,
		0.08680555555555555
	],
	"17": [
		0.3232421875,
		0.159375
	],
	"18": [
		0.388671875,
		0.16701388888888888
	],
	"19": [
		0.388671875,
		0.16701388888888888
	],
	"20": [
		0.3234375,
		0.15833333333333333
	],
	"21": [
		0.455078125,
		0.16909722222222223
	],
	"22": [
		0.45546875,
		0.1701388888888889
	],
	"23": [
		0.487890625,
		0.1642361111111111
	],
	"24": [
		0.3560546875,
		0.16458333333333333
	],
	"25": [
		0.234375,
		0.125
	],
	"26": [
		0.2537109375,
		0.050694444444444445
	],
	"27": [
		0.25859375,
		0.14652777777777778
	],
	"28": [
		0.2908203125,
		0.1638888888888889
	],
	"29": [
		0.258203125,
		0.14965277777777777
	],
	"30": [
		0.388671875,
		0.16701388888888888
	],
	"31": [
		0.2943359375,
		0.08541666666666667
	],
	"32": [
		0.3560546875,
		0.16597222222222222
	],
	"33": [
		0.064453125,
		0.12361111111111112
	],
	"34": [
		0.066796875,
		0.11736111111111111
	],
	"35": [
		0.2908203125,
		0.1701388888888889
	],
	"36": [
		0.3529296875,
		0.14722222222222223
	],
	"37": [
		0.250390625,
		0.04826388888888889
	],
	"38": [
		0.45546875,
		0.16979166666666667
	],
	"39": [
		0.2271484375,
		0.1701388888888889
	],
	"40": [
		0.4947265625,
		0.15208333333333332
	],
	"41": [
		0.4220703125,
		0.16006944444444443
	],
	"42": [
		0.262890625,
		0.10451388888888889
	],
	"43": [
		0.422265625,
		0.17222222222222222
	],
	"44": [
		0.2087890625,
		0.05
	],
	"45": [
		0.1373046875,
		0.1371527777777778
	],
	"46": [
		0.2875,
		0.0625
	],
	"47": [
		0.487890625,
		0.1642361111111111
	],
	"48": [
		0.2646484375,
		0.10173611111111111
	],
	"49": [
		0.290625,
		0.16597222222222222
	],
	"50": [
		0.25859375,
		0.146875
	],
	"51": [
		0.3560546875,
		0.1673611111111111
	],
	"52": [
		0.45546875,
		0.16909722222222223
	],
	"53": [
		0.4216796875,
		0.1684027777777778
	],
	"54": [
		0.4216796875,
		0.1684027777777778
	],
	"55": [
		0.388671875,
		0.16701388888888888
	],
	"56": [
		0.25859375,
		0.146875
	],
	"57": [
		0.4884765625,
		0.17291666666666666
	],
	"58": [
		0.4216796875,
		0.16875
	],
	"59": [
		0.2908203125,
		0.1638888888888889
	],
	"60": [
		0.3232421875,
		0.16006944444444443
	],
	"61": [
		0.252734375,
		0.04895833333333333
	],
	"62": [
		0.290625,
		0.16215277777777778
	],
	"63": [
		0.2951171875,
		0.08611111111111111
	],
	"64": [
		0.2271484375,
		0.16909722222222223
	],
	"65": [
		0.0470703125,
		0.12152777777777778
	],
	"66": [
		0.2943359375,
		0.08611111111111111
	],
	"67": [
		0.422265625,
		0.17152777777777778
	],
	"68": [
		0.45546875,
		0.16875
	],
	"69": [
		0.4947265625,
		0.15208333333333332
	],
	"70": [
		0.37734375,
		0.8347222222222223
	],
	"71": [
		0.2900390625,
		0.16319444444444445
	],
	"72": [
		0.461328125,
		0.8416666666666667
	],
	"73": [
		0.1357421875,
		0.12569444444444444
	],
	"74": [
		0.3560546875,
		0.1673611111111111
	],
	"75": [
		0.2517578125,
		0.05173611111111111
	],
	"76": [
		0.388671875,
		0.16701388888888888
	],
	"77": [
		0.25078125,
		0.04791666666666667
	],
	"78": [
		0.234375,
		0.125
	],
	"79": [
		0.388671875,
		0.1701388888888889
	],
	"80": [
		0.45546875,
		0.16979166666666667
	],
	"81": [
		0.4552734375,
		0.17048611111111112
	],
	"82": [
		0.2396484375,
		0.1527777777777778
	],
	"83": [
		0.0791015625,
		0.1076388888888889
	],
	"84": [
		0.290625,
		0.06145833333333333
	],
	"85": [
		0.4216796875,
		0.16875
	],
	"86": [
		0.4515625,
		0.8416666666666667
	],
	"87": [
		0.4529296875,
		0.8413194444444444
	],
	"88": [
		0.2873046875,
		0.06875
	],
	"89": [
		0.45390625,
		0.8413194444444444
	],
	"90": [
		0.355859375,
		0.16527777777777777
	],
	"91": [
		0.5212890625,
		0.17048611111111112
	],
	"92": [
		0.24375,
		0.12361111111111112
	],
	"93": [
		0.2873046875,
		0.0625
	],
	"94": [
		0.518359375,
		0.8465277777777778
	],
	"95": [
		0.1978515625,
		0.1284722222222222
	],
	"96": [
		0.2876953125,
		0.06354166666666666
	],
	"97": [
		0.2673828125,
		0.09791666666666667
	],
	"98": [
		0.234375,
		0.15347222222222223
	],
	"99": [
		0.3232421875,
		0.159375
	],
	"100": [
		0.2388671875,
		0.15347222222222223
	],
	"101": [
		0.4916015625,
		0.8440972222222223
	],
	"102": [
		0.08203125,
		0.1295138888888889
	],
	"103": [
		0.3232421875,
		0.159375
	],
	"104": [
		0.2279296875,
		0.1329861111111111
	],
	"105": [
		0.0326171875,
		0.12118055555555556
	],
	"106": [
		0.2341796875,
		0.1527777777777778
	],
	"107": [
		0.323046875,
		0.1673611111111111
	],
	"108": [
		0.3560546875,
		0.16631944444444444
	],
	"109": [
		0.2880859375,
		0.06875
	],
	"110": [
		0.28515625,
		0.0920138888888889
	],
	"111": [
		0.3998046875,
		0.8375
	],
	"112": [
		0.0455078125,
		0.14201388888888888
	],
	"113": [
		0.521875,
		0.17152777777777778
	],
	"114": [
		0.0580078125,
		0.1371527777777778
	],
	"115": [
		0.3560546875,
		0.16631944444444444
	],
	"116": [
		0.45546875,
		0.16875
	],
	"117": [
		0.2705078125,
		0.052083333333333336
	],
	"118": [
		0.388671875,
		0.16701388888888888
	],
	"119": [
		0.5220703125,
		0.17118055555555556
	],
	"120": [
		0.239453125,
		0.11666666666666667
	],
	"121": [
		0.2880859375,
		0.0642361111111111
	],
	"122": [
		0.29375,
		0.08645833333333333
	],
	"123": [
		0.250390625,
		0.04756944444444444
	],
	"124": [
		0.2734375,
		0.0954861111111111
	],
	"125": [
		0.388671875,
		0.16666666666666666
	],
	"126": [
		0.0626953125,
		0.12395833333333334
	],
	"127": [
		0.2380859375,
		0.15347222222222223
	],
	"128": [
		0.4287109375,
		0.15034722222222222
	],
	"129": [
		0.230859375,
		0.12881944444444443
	],
	"130": [
		0.290625,
		0.06145833333333333
	],
	"131": [
		0.0791015625,
		0.1076388888888889
	],
	"132": [
		0.131640625,
		0.13472222222222222
	],
	"133": [
		0.388671875,
		0.16701388888888888
	],
	"134": [
		0.06640625,
		0.11909722222222222
	],
	"135": [
		0.2439453125,
		0.8236111111111111
	],
	"136": [
		0.107421875,
		0.8190972222222223
	],
	"137": [
		0.3560546875,
		0.16111111111111112
	],
	"138": [
		0.3228515625,
		0.15902777777777777
	],
	"139": [
		0.249609375,
		0.04583333333333333
	],
	"140": [
		0.455078125,
		0.16770833333333332
	],
	"141": [
		0.4880859375,
		0.17222222222222222
	],
	"142": [
		0.2580078125,
		0.1527777777777778
	],
	"143": [
		0.388671875,
		0.16666666666666666
	],
	"144": [
		0.455078125,
		0.16770833333333332
	],
	"145": [
		0.2828125,
		0.06041666666666667
	],
	"146": [
		0.3232421875,
		0.16145833333333334
	],
	"147": [
		0.0529296875,
		0.8402777777777778
	],
	"148": [
		0.5220703125,
		0.17118055555555556
	],
	"149": [
		0.25859375,
		0.14618055555555556
	],
	"150": [
		0.2416015625,
		0.15416666666666667
	],
	"151": [
		0.2861328125,
		0.06805555555555555
	],
	"152": [
		0.1287109375,
		0.8413194444444444
	],
	"153": [
		0.1267578125,
		0.1996527777777778
	],
	"154": [
		0.388671875,
		0.16666666666666666
	],
	"155": [
		0.2396484375,
		0.1527777777777778
	],
	"156": [
		0.388671875,
		0.16701388888888888
	],
	"157": [
		0.422265625,
		0.17291666666666666
	],
	"158": [
		0.2080078125,
		0.04895833333333333
	],
	"159": [
		0.064453125,
		0.12430555555555556
	],
	"160": [
		0.0576171875,
		0.13958333333333334
	],
	"161": [
		0.455078125,
		0.16770833333333332
	],
	"162": [
		0.2677734375,
		0.09583333333333334
	],