{
	"CornerNorthEast": [
		0.1925751690236861,
		0.14813928410797608
	],
	"EighteenYardNorthForwardEast": [
		0.38454181612287386,
		0.2171633013173145
	],
	"PenaltyCircleNorthWest": [
		0.125,
		0.3966997529002806
	],
	"SixYardNorthForwardEast": [
		0.06882022471910113,
		0.2599991623738326
	]
}