{
	"EighteenYardNorthForwardEast": [
		0.38454181612287386,
		0.2171633013173145
	],
	"PenaltyCircleNorthWest": [
		0.12640449438202248,
		0.3886585416928425
	],
	"SixYardNorthForwardEast": [
		0.06882022471910113,
		0.2599991623738326
	],
	"EighteenYardNorthRearEast": [
		0.09831460674157304,
		0.18226745403526406
	]
}