{
	"GoalPostNorthWest": [
		0.1713961407491487,
		0.4978334638475594
	],
	"EighteenYardNorthForwardWest": [
		0.40635641316685583,
		0.8887496737144349
	],
	"SixYardNorthForwardEast": [
		0.6526674233825198,
		0.4243278517358392
	],
	"SixYardNorthRearEast": [
		0.4551645856980704,
		0.38423388149308274
	],
	"SixYardNorthForwardWest": [
		0.2133938706015891,
		0.6080918820151396
	]
}