{
	"0": [
		0.50625,
		0.20555555555555555
	],
	"1": [
		0.5578125,
		0.2916666666666667
	],
	"2": [
		0.4890625,
		0.11944444444444445
	],
	"3": [
		0.4453125,
		0.19722222222222222
	],
	"4": [
		0.5515625,
		0.12222222222222222
	],
	"5": [
		0.509375,
		0.2
	],
	"6": [
		0.6140625,
		0.19722222222222222
	],
	"7": [
		0.5546875,
		0.175
	],
	"8": [
		0.725,
		0.34444444444444444
	],
	"9": [
		0.665625,
		0.325
	],
	"10": [
		0.446875,
		0.4583333333333333
	],
	"11": [
		0.3875,
		0.4444444444444444
	],
	"12": [
		0.4484375,
		0.18055555555555555
	],
	"13": [
		0.3890625,
		0.175
	],
	"14": [
		0.6140625,
		0.8638888888888889
	],
	"15": [
		0.5546875,
		0.8611111111111112
	],
	"16": [
		0.725,
		0.43333333333333335
	],
	"17": [
		0.6671875,
		0.4527777777777778
	],
	"18": [
		0.446875,
		0.3194444444444444
	],
	"19": [
		0.3890625,
		0.33055555555555555
	],
	"20": [
		0.5578125,
		0.18055555555555555
	],
	"21": [
		0.5,
		0.17777777777777778
	],
	"22": [
		0.540625,
		0.2
	],
	"23": [
		0.5390625,
		0.30277777777777776
	],
	"24": [
		0.5390625,
		0.3
	],
	"25": [
		0.540625,
		0.4027777777777778
	],
	"26": [
		0.5390625,
		0.4
	],
	"27": [
		0.540625,
		0.5027777777777778
	],
	"28": [
		0.6140625,
		0.4583333333333333
	],
	"29": [
		0.55625,
		0.46111111111111114
	],
	"30": [
		0.5578125,
		0.8638888888888889
	],
	"31": [
		0.5,
		0.8611111111111112
	],
	"32": [
		0.946875,
		0.875
	],
	"33": [
		0.8890625,
		0.8722222222222222
	],
	"34": [
		0.725,
		0.8666666666666667
	],
	"35": [
		0.6671875,
		0.8666666666666667
	],
	"36": [
		0.390625,
		0.4444444444444444
	],
	"37": [
		0.334375,
		0.4222222222222222
	],
	"38": [
		0.390625,
		0.3277777777777778
	],
	"39": [
		0.334375,
		0.3472222222222222
	],
	"40": [
		0.66875,
		0.3277777777777778
	],
	"41": [
		0.6125,
		0.31666666666666665
	],
	"42": [
		0.66875,
		0.45
	],
	"43": [
		0.6125,
		0.4583333333333333
	],
	"44": [
		0.5375,
		0.7027777777777777
	],
	"45": [
		0.5421875,
		0.8027777777777778
	],
	"46": [
		0.7796875,
		0.19722222222222222
	],
	"47": [
		0.7234375,
		0.20277777777777778
	],
	"48": [
		0.5015625,
		0.8611111111111112
	],
	"49": [
		0.4453125,
		0.8638888888888889
	],
	"50": [
		0.66875,
		0.8666666666666667
	],
	"51": [
		0.6125,
		0.8638888888888889
	],
	"52": [
		0.7796875,
		0.8694444444444445
	],
	"53": [
		0.7234375,
		0.8666666666666667
	],
	"54": [
		0.890625,
		0.8722222222222222
	],
	"55": [
		0.834375,
		0.8694444444444445
	],
	"56": [
		0.6140625,
		0.175
	],
	"57": [
		0.559375,
		0.19444444444444445
	],
	"58": [
		0.4671875,
		0.10833333333333334
	],
	"59": [
		0.4453125,
		0.19722222222222222
	],
	"60": [
		0.5,
		0.15555555555555556
	],
	"61": [
		0.446875,
		0.17777777777777778
	],
	"62": [
		0.09375,
		0.1
	],
	"63": [
		0.05625,
		0.16944444444444445
	],
	"64": [
		0.5578125,
		0.46111111111111114
	],
	"65": [
		0.5046875,
		0.4638888888888889
	],
	"66": [
		0.79375,
		0.2
	],
	"67": [
		0.8328125,
		0.2638888888888889
	],
	"68": [
		0.7734375,
		0.40555555555555556
	],
	"69": [
		0.7234375,
		0.43333333333333335
	],
	"70": [
		0.1140625,
		0.1111111111111111
	],
	"71": [
		0.0625,
		0.12222222222222222
	],
	"72": [
		0.0578125,
		0.19166666666666668
	],
	"73": [
		0.00625,
		0.19444444444444445
	],
	"74": [
		0.540625,
		0.5
	],
	"75": [
		0.5390625,
		0.5916666666666667
	],
	"76": [
		0.771875,
		0.36944444444444446
	],
	"77": [
		0.7234375,
		0.3416666666666667
	],
	"78": [
		0.4671875,
		0.11388888888888889
	],
	"79": [
		0.5015625,
		0.17777777777777778
	],
	"80": [
		0.334375,
		0.325
	],
	"81": [
		0.303125,
		0.3888888888888889
	],
	"82": [
		0.6671875,
		0.45
	],
	"83": [
		0.6234375,
		0.48055555555555557
	],
	"84": [
		0.2796875,
		0.8611111111111112
	],
	"85": [
		0.2328125,
		0.8611111111111112
	],
	"86": [
		0.303125,
		0.40555555555555556
	],
	"87": [
		0.3046875,
		0.4861111111111111
	],
	"88": [
		0.8125,
		0.7
	],
	"89": [
		0.834375,
		0.7694444444444445
	],
	"90": [
		0.9875,
		0.8777777777777778
	],
	"91": [
		0.9453125,
		0.875
	],
	"92": [
		0.821875,
		0.23333333333333334
	],
	"93": [
		0.8125,
		0.3055555555555556
	],
	"94": [
		0.6515625,
		0.2
	],
	"95": [
		0.6109375,
		0.19444444444444445
	],
	"96": [
		0.0953125,
		0.125
	],
	"97": [
		0.0578125,
		0.09722222222222222
	],
	"98": [
		0.5390625,
		0.6333333333333333
	],
	"99": [
		0.5421875,
		0.7027777777777777
	],
	"100": [
		0.725,
		0.2
	],
	"101": [
		0.6859375,
		0.20277777777777778
	],
	"102": [
		0.0953125,
		0.8666666666666667
	],
	"103": [
		0.05625,
		0.8638888888888889
	],
	"104": [
		0.4671875,
		0.10833333333333334
	],
	"105": [
		0.4671875,
		0.17777777777777778
	],
	"106": [
		0.540625,
		0.2
	],
	"107": [
		0.5078125,
		0.23333333333333334
	],
	"108": [
		0.0578125,
		0.09722222222222222
	],
	"109": [
		0.0828125,
		0.14722222222222223
	],
	"110": [
		0.4828125,
		0.46111111111111114
	],
	"111": [
		0.4453125,
		0.45555555555555555
	],
	"112": [
		0.16875,
		0.8638888888888889
	],
	"113": [
		0.13125,
		0.8638888888888889
	],
	"114": [
		0.5171875,
		0.2
	],
	"115": [
		0.5265625,
		0.2638888888888889
	],
	"116": [
		0.2328125,
		0.11944444444444445
	],
	"117": [
		0.25,
		0.17777777777777778
	],
	"118": [
		0.65,
		0.18888888888888888
	],
	"119": [
		0.6140625,
		0.175
	],
	"120": [
		0.94375,
		0.19444444444444445
	],
	"121": [
		0.9078125,
		0.2
	],
	"122": [
		0.8328125,
		0.25277777777777777
	],
	"123": [
		0.8125,
		0.3055555555555556
	],
	"124": [
		0.5390625,
		0.8
	],
	"125": [
		0.540625,
		0.8638888888888889
	],
	"126": [
		0.65625,
		0.11944444444444445
	],
	"127": [
		0.621875,
		0.1361111111111111
	],
	"128": [
		0.9015625,
		0.09722222222222222
	],
	"129": [
		0.8890625,
		0.15555555555555556
	],
	"130": [
		0.090625,
		0.18611111111111112
	],
	"131": [
		0.05625,
		0.19166666666666668
	],
	"132": [
		0.540625,
		0.2
	],
	"133": [
		0.50625,
		0.20555555555555555
	],
	"134": [
		0.540625,
		0.20277777777777778
	],
	"135": [
		0.51875,
		0.25
	],
	"136": [
		0.4734375,
		0.1111111111111111
	],
	"137": [
		0.44375,
		0.14166666666666666
	],
	"138": [
		0.065625,
		0.09722222222222222
	],
	"139": [
		0.0890625,
		0.14166666666666666
	],
	"140": [
		0.3359375,
		0.4222222222222222
	],
	"141": [
		0.303125,
		0.40555555555555556
	],
	"142": [
		0.3125,
		0.4
	],
	"143": [
		0.3,
		0.45555555555555555
	],
	"144": [
		0.6953125,
		0.5361111111111111
	],
	"145": [
		0.6828125,
		0.5916666666666667
	],
	"146": [
		0.7484375,
		0.3527777777777778
	],
	"147": [
		0.7734375,
		0.39166666666666666
	],
	"148": [
		0.5296875,
		0.2
	],
	"149": [
		0.51875,
		0.25555555555555554
	],
	"150": [
		0.009375,
		0.17777777777777778
	],
	"151": [
		0.0390625,
		0.2
	],
	"152": [
		0.684375,
		0.5361111111111111
	],
	"153": [
		0.6859375,
		0.5916666666666667
	],
	"154": [
		0.7796875,
		0.8972222222222223
	],
	"155": [
		0.7484375,
		0.8972222222222223
	],
	"156": [
		0.875,
		0.9
	],
	"157": [
		0.84375,
		0.9
	],
	"158": [
		0.6671875,
		0.7
	],
	"159": [
		0.684375,
		0.7444444444444445
	],
	"160": [
		0.721875,
		0.10555555555555556
	],
	"161": [
		0.6953125,
		0.13055555555555556
	],
	"162": [
		0.4296875,
		0.1
	],
	"163": [
		0.4484375,
		0.14166666666666666
	],
	"164": [
		0.86875,
		0.10277777777777777
	],
	"165": [
		0.846875,
		0.1388888888888889
	],
	"166": [
		0.696875,
		0.175
	],
	"167": [
		0.6671875,
		0.17777777777777778
	],
	"168": [
		0.028125,
		0.16666666666666666
	],
	"169": [
		0.0578125,
		0.16666666666666666
	],
	"170": [
		0.834375,
		0.7166666666666667
	],
	"171": [
		0.834375,
		0.7694444444444445
	],
	"172": [
		0.2234375,
		0.4111111111111111
	],
	"173": [
		0.1984375,
		0.4388888888888889
	],
	"174": [
		0.4609375,
		0.125
	],
	"175": [
		0.478125,
		0.16666666666666666
	],
	"176": [
		0.834375,
		0.3055555555555556
	],
	"177": [
		0.8125,
		0.3388888888888889
	],
	"178": [
		0.4453125,
		0.12222222222222222
	],
	"179": [
		0.4171875,
		0.12777777777777777
	],
	"180": [
		0.4546875,
		0.13333333333333333
	],