{
	"0": [
		0.7896484375,
		0.19722222222222222
	],
	"1": [
		0.776953125,
		0.20416666666666666
	],
	"2": [
		0.04296875,
		0.18472222222222223
	],
	"3": [
		0.8501953125,
		0.20347222222222222
	],
	"4": [
		0.25625,
		0.18645833333333334
	],
	"5": [
		0.0939453125,
		0.18263888888888888
	],
	"6": [
		0.3650390625,
		0.19027777777777777
	],
	"7": [
		0.3224609375,
		0.18784722222222222
	],
	"8": [
		0.2708984375,
		0.1638888888888889
	],
	"9": [
		0.3900390625,
		0.1909722222222222
	],
	"10": [
		0.524609375,
		0.19270833333333334
	],
	"11": [
		0.517578125,
		0.19895833333333332
	],
	"12": [
		0.8599609375,
		0.19756944444444444
	],
	"13": [
		0.4490234375,
		0.19826388888888888
	],
	"14": [
		0.1873046875,
		0.18368055555555557
	],
	"15": [
		0.430078125,
		0.19305555555555556
	],
	"16": [
		0.7662109375,
		0.19895833333333332
	],
	"17": [
		0.8349609375,
		0.19756944444444444
	],
	"18": [
		0.0515625,
		0.17777777777777778
	],
	"19": [
		0.244921875,
		0.19305555555555556
	],
	"20": [
		0.162890625,
		0.18611111111111112
	],
	"21": [
		0.3830078125,
		0.19618055555555555
	],
	"22": [
		0.35234375,
		0.17395833333333333
	],
	"23": [
		0.1130859375,
		0.18819444444444444
	],
	"24": [
		0.2361328125,
		0.18472222222222223
	],
	"25": [
		0.4576171875,
		0.19305555555555556
	],
	"26": [
		0.026171875,
		0.18020833333333333
	],
	"27": [
		0.1751953125,
		0.190625
	],
	"28": [
		0.393359375,
		0.1857638888888889
	],
	"29": [
		0.90625,
		0.19791666666666666
	],
	"30": [
		0.318359375,
		0.19826388888888888
	],
	"31": [
		0.19140625,
		0.178125
	],
	"32": [
		0.2994140625,
		0.1909722222222222
	],
	"33": [
		0.79375,
		0.18784722222222222
	],
	"34": [
		0.328125,
		0.18784722222222222
	],
	"35": [
		0.24140625,
		0.19826388888888888
	],
	"36": [
		0.18515625,
		0.1795138888888889
	],
	"37": [
		0.46171875,
		0.19479166666666667
	],
	"38": [
		0.2607421875,
		0.18159722222222222
	],
	"39": [
		0.1669921875,
		0.1920138888888889
	],
	"40": [
		0.367578125,
		0.20173611111111112
	],
	"41": [
		0.05625,
		0.17881944444444445
	],
	"42": [
		0.125390625,
		0.1857638888888889
	],
	"43": [
		0.0984375,
		0.18888888888888888
	],
	"44": [
		0.3013671875,
		0.1986111111111111
	],
	"45": [
		0.120703125,
		0.17569444444444443
	],
	"46": [
		0.253515625,
		0.18125
	],
	"47": [
		0.5279296875,
		0.1920138888888889
	],
	"48": [
		0.5013671875,
		0.20520833333333333
	],
	"49": [
		0.7693359375,
		0.2076388888888889
	],
	"50": [
		0.121875,
		0.18090277777777777
	],
	"51": [
		0.229296875,
		0.1996527777777778
	],
	"52": [
		0.678125,
		0.17256944444444444
	],
	"53": [
		0.05,
		0.17291666666666666
	],
	"54": [
		0.86796875,
		0.19270833333333334
	],
	"55": [
		0.259765625,
		0.19722222222222222
	],
	"56": [
		0.0296875,
		0.18541666666666667
	],
	"57": [
		0.4541015625,
		0.18888888888888888
	],
	"58": [
		0.074609375,
		0.15659722222222222
	],
	"59": [
		0.43515625,
		0.20347222222222222
	],
	"60": [
		0.7513671875,
		0.16979166666666667
	],
	"61": [
		0.83828125,
		0.2125
	],
	"62": [
		0.1251953125,
		0.1954861111111111
	],
	"63": [
		0.4986328125,
		0.19618055555555555
	],
	"64": [
		0.384765625,
		0.18611111111111112
	],
	"65": [
		0.3244140625,
		0.1840277777777778
	],
	"66": [
		0.19375,
		0.19756944444444444
	],
	"67": [
		0.52109375,
		0.18993055555555555
	],
	"68": [
		0.7884765625,
		0.1920138888888889
	],
	"69": [
		0.39375,
		0.203125
	],
	"70": [
		0.7974609375,
		0.20625
	],
	"71": [
		0.5900390625,
		0.18125
	],
	"72": [
		0.2708984375,
		0.1638888888888889
	],
	"73": [
		0.8419921875,
		0.203125
	],
	"74": [
		0.327734375,
		0.20069444444444445
	],
	"75": [
		0.168359375,
		0.17708333333333334
	],
	"76": [
		0.7712890625,
		0.20173611111111112
	],
	"77": [
		0.86796875,
		0.20798611111111112
	],
	"78": [
		0.24375,
		0.19375
	],
	"79": [
		0.8595703125,
		0.19131944444444443
	],
	"80": [
		0.8677734375,
		0.20729166666666668
	],
	"81": [
		0.84140625,
		0.20347222222222222
	],
	"82": [
		0.305078125,
		0.18715277777777778
	],
	"83": [
		0.3076171875,
		0.2
	],
	"84": [
		0.7705078125,
		0.20555555555555555
	],
	"85": [
		0.5279296875,
		0.20416666666666666
	],
	"86": [
		0.4615234375,
		0.20416666666666666
	],
	"87": [
		0.0296875,
		0.18715277777777778
	],
	"88": [
		0.09921875,
		0.18993055555555555
	],
	"89": [
		0.8400390625,
		0.20694444444444443
	],
	"90": [
		0.5275390625,
		0.20520833333333333
	],
	"91": [
		0.035546875,
		0.16111111111111112
	],
	"92": [
		0.1671875,
		0.18819444444444444
	],
	"93": [
		0.7966796875,
		0.2076388888888889
	],
	"94": [
		0.055859375,
		0.18368055555555557
	],
	"95": [
		0.6365234375,
		0.9545138888888889
	],
	"96": [
		0.9015625,
		0.18541666666666667
	],
	"97": [
		0.3701171875,
		0.18645833333333334
	],
	"98": [
		0.771484375,
		0.190625
	],
	"99": [
		0.327734375,
		0.20173611111111112
	],
	"100": [
		0.5041015625,
		0.20208333333333334
	],
	"101": [
		0.3677734375,
		0.19756944444444444
	],
	"102": [
		0.1669921875,
		0.18993055555555555
	],
	"103": [
		0.36875,
		0.19791666666666666
	],
	"104": [
		0.5693359375,
		0.17291666666666666
	],
	"105": [
		0.0560546875,
		0.16944444444444445
	],
	"106": [
		0.7779296875,
		0.20833333333333334
	],
	"107": [
		0.8439453125,
		0.1920138888888889
	],
	"108": [
		0.1037109375,
		0.1857638888888889
	],
	"109": [
		0.5025390625,
		0.19444444444444445
	],
	"110": [
		0.8712890625,
		0.41770833333333335
	],
	"111": [
		0.43515625,
		0.20069444444444445
	],
	"112": [
		0.8396484375,
		0.19756944444444444
	],
	"113": [
		0.41953125,
		0.396875
	],
	"114": [
		0.10703125,
		0.17673611111111112
	],
	"115": [
		0.85390625,
		0.20972222222222223
	],
	"116": [
		0.030078125,
		0.17395833333333333
	],
	"117": [
		0.301953125,
		0.19375
	],
	"118": [
		0.3185546875,
		0.20208333333333334
	],
	"119": [
		0.4392578125,
		0.19479166666666667
	],
	"120": [
		0.3935546875,
		0.20381944444444444
	],
	"121": [
		0.8708984375,
		0.4065972222222222
	],
	"122": [
		0.4193359375,
		0.40729166666666666
	],
	"123": [
		0.2279296875,
		0.17326388888888888
	],
	"124": [
		0.1150390625,
		0.19444444444444445
	],
	"125": [
		0.0291015625,
		0.175
	],
	"126": [
		0.8712890625,
		0.4222222222222222
	],
	"127": [
		0.25,
		0.19826388888888888
	],
	"128": [
		0.435546875,
		0.1920138888888889
	],
	"129": [
		0.7857421875,
		0.1986111111111111
	],
	"130": [
		0.741796875,
		0.190625
	],
	"131": [
		0.244140625,
		0.18472222222222223
	],
	"132": [
		0.17734375,
		0.4305555555555556
	],
	"133": [
		0.0462890625,
		0.1892361111111111
	],
	"134": [
		0.855078125,
		0.19826388888888888
	],
	"135": [
		0.36875,
		0.1892361111111111
	],
	"136": [
		0.24375,
		0.19375
	],
	"137": [
		0.0287109375,
		0.18680555555555556
	],
	"138": [
		0.41875,
		0.4152777777777778
	],
	"139": [
		0.4197265625,
		0.41597222222222224
	],
	"140": [
		0.312890625,
		0.1701388888888889
	],
	"141": [
		0.0400390625,
		0.16909722222222223
	],
	"142": [
		0.87109375,
		0.4197916666666667
	],
	"143": [
		0.5181640625,
		0.20520833333333333
	],
	"144": [
		0.453125,
		0.18854166666666666
	],
	"145": [
		0.7703125,
		0.19444444444444445
	],
	"146": [
		0.87109375,
		0.409375
	],
	"147": [
		0.5056640625,
		0.19131944444444443
	],
	"148": [
		0.3845703125,
		0.203125
	],
	"149": [
		0.71484375,
		0.17118055555555556
	],
	"150": [
		0.443359375,
		0.1875
	],
	"151": [
		0.5083984375,
		0.20416666666666666
	],
	"152": [
		0.2275390625,
		0.17708333333333334
	],
	"153": [
		0.63828125,
		0.709375
	],
	"154": [
		0.6037109375,
		0.17743055555555556
	],
	"155": [
		0.4189453125,
		0.41597222222222224
	],
	"156": [
		0.64140625,
		0.2361111111111111
	],
	"157": [
		0.193359375,
		0.1986111111111111
	],
	"158": [
		0.417578125,
		0.40381944444444445
	],
	"159": [
		0.0556640625,
		0.19027777777777777
	],
	"160": [
		0.3169921875,
		0.18368055555555557
	],
	"161": [
		0.3017578125,
		0.18680555555555556
	],
	"162": [
		0.6333984375,
		0.18263888888888888
	],
	"163": [
		0.51953125,
		0.1954861111111111
	],