{
	"CornerNorthWest": [
		0.060393258426966294,
		0.10989655316832098
	],
	"CornerNorthEast": [
		0.9241573033707865,
		0.08845332328181932
	],
	"CornerSouthEast": [
		0.9311797752808989,
		0.9059764627046949
	],
	"CornerSouthWest": [
		0.056179775280898875,
		0.868450810403317
	]
}