{
	"PenaltyCircleNorthEast": [
		0.2955801104972376,
		0.28144239226033424
	],
	"EighteenYardNorthForwardEast": [
		0.393646408839779,
		0.21979310633664195
	],
	"EighteenYardNorthRearEast": [
		0.08839779005524862,
		0.17958705029945135
	],
	"PenaltySpotNorth": [
		0.0856353591160221,
		0.3189680445617121
	],
	"PenaltyCircleNorthWest": [
		0.13674033149171272,
		0.38329773422121705
	]
}