{
	"PenaltySpotNorth": [
		0.3501050512332074,
		0.4406024779675134
	],
	"SixYardNorthForwardEast": [
		0.3251225569042316,
		0.35599630490927026
	],
	"SixYardNorthRearEast": [
		0.1821671726884255,
		0.31806939974523024
	],
	"EighteenYardNorthForwardEast": [
		0.8053416145612112,
		0.30639958277167945
	]
}