{
	"PenaltySpotNorth": [
		0.091875,
		0.3263338432299634
	],
	"SixYardNorthForwardEast": [
		0.073125,
		0.2581004032818801
	],
	"EighteenYardNorthRearEast": [
		0.0875,
		0.19580030593797804
	],
	"EighteenYardNorthForwardEast": [
		0.3980222496909765,
		0.2254670189588838
	],
	"PenaltyCircleNorthEast": [
		0.29634831460674155,
		0.2841227959961469
	],
	"PenaltyCircleNorthWest": [
		0.14185393258426968,
		0.38061733048540436
	],
	"CornerNorthEast": [
		0.20713448733541032,
		0.1449372116017643
	]
}