{
	"CornerNorthEast": [
		0.20363164721141375,
		0.14367006003654398
	],
	"SixYardNorthForwardEast": [
		0.07392996108949416,
		0.2572696423910206
	]
}