{
	"0": [
		0.55625,
		0.11388888888888889
	],
	"1": [
		0.6078125,
		0.19722222222222222
	],
	"2": [
		0.3875,
		0.7194444444444444
	],
	"3": [
		0.3453125,
		0.8
	],
	"4": [
		0.65,
		0.19722222222222222
	],
	"5": [
		0.63125,
		0.3
	],
	"6": [
		0.446875,
		0.43333333333333335
	],
	"7": [
		0.3890625,
		0.4027777777777778
	],
	"8": [
		0.446875,
		0.3111111111111111
	],
	"9": [
		0.3890625,
		0.33611111111111114
	],
	"10": [
		0.8890625,
		0.35
	],
	"11": [
		0.8328125,
		0.3194444444444444
	],
	"12": [
		0.890625,
		0.4027777777777778
	],
	"13": [
		0.834375,
		0.43333333333333335
	],
	"14": [
		0.5671875,
		0.10555555555555556
	],
	"15": [
		0.6078125,
		0.18055555555555555
	],
	"16": [
		0.8359375,
		0.32222222222222224
	],
	"17": [
		0.778125,
		0.3055555555555556
	],
	"18": [
		0.5015625,
		0.44722222222222224
	],
	"19": [
		0.44375,
		0.4305555555555556
	],
	"20": [
		0.8359375,
		0.43333333333333335
	],
	"21": [
		0.778125,
		0.45
	],
	"22": [
		0.5578125,
		0.45555555555555555
	],
	"23": [
		0.5,
		0.44722222222222224
	],
	"24": [
		0.725,
		0.1361111111111111
	],
	"25": [
		0.6671875,
		0.14166666666666666
	],
	"26": [
		0.63125,
		0.7
	],
	"27": [
		0.628125,
		0.8027777777777778
	],
	"28": [
		0.946875,
		0.15833333333333333
	],
	"29": [
		0.8890625,
		0.16111111111111112
	],
	"30": [
		0.6328125,
		0.2
	],
	"31": [
		0.63125,
		0.30277777777777776
	],
	"32": [
		0.725,
		0.45555555555555555
	],
	"33": [
		0.6671875,
		0.4583333333333333
	],
	"34": [
		0.628125,
		0.8
	],
	"35": [
		0.6296875,
		0.9027777777777778
	],
	"36": [
		0.446875,
		0.9083333333333333
	],
	"37": [
		0.3890625,
		0.9055555555555556
	],
	"38": [
		0.6140625,
		0.9138888888888889
	],
	"39": [
		0.55625,
		0.9111111111111111
	],
	"40": [
		0.725,
		0.9194444444444444
	],
	"41": [
		0.6671875,
		0.9166666666666666
	],
	"42": [
		0.6140625,
		0.1388888888888889
	],
	"43": [
		0.55625,
		0.1388888888888889
	],
	"44": [
		0.1140625,
		0.9027777777777778
	],
	"45": [
		0.05625,
		0.9027777777777778
	],
	"46": [
		0.6125,
		0.10555555555555556
	],
	"47": [
		0.575,
		0.18333333333333332
	],
	"48": [
		0.890625,
		0.16111111111111112
	],
	"49": [
		0.834375,
		0.15
	],
	"50": [
		0.5015625,
		0.3
	],
	"51": [
		0.4453125,
		0.3111111111111111
	],
	"52": [
		0.7796875,
		0.3055555555555556
	],
	"53": [
		0.7234375,
		0.2972222222222222
	],
	"54": [
		0.7796875,
		0.44722222222222224
	],
	"55": [
		0.7234375,
		0.45555555555555555
	],
	"56": [
		0.5015625,
		0.15833333333333333
	],
	"57": [
		0.4453125,
		0.1527777777777778
	],
	"58": [
		0.66875,
		0.9166666666666666
	],
	"59": [
		0.6125,
		0.9138888888888889
	],
	"60": [
		0.7796875,
		0.9222222222222223
	],
	"61": [
		0.7234375,
		0.9194444444444444
	],
	"62": [
		0.66875,
		0.1388888888888889
	],
	"63": [
		0.6125,
		0.1388888888888889
	],
	"64": [
		0.390625,
		0.9055555555555556
	],
	"65": [
		0.334375,
		0.9055555555555556
	],
	"66": [
		0.55625,
		0.1388888888888889
	],
	"67": [
		0.6078125,
		0.175
	],
	"68": [
		0.8359375,
		0.1527777777777778
	],
	"69": [
		0.78125,
		0.16111111111111112
	],
	"70": [
		1,
		0.9388888888888889
	],
	"71": [
		0.9453125,
		0.9333333333333333
	],
	"72": [
		0.890625,
		0.9305555555555556
	],
	"73": [
		0.8359375,
		0.9277777777777778
	],
	"74": [
		0.38125,
		0.7083333333333334
	],
	"75": [
		0.35625,
		0.7916666666666666
	],
	"76": [
		0.5515625,
		0.09722222222222222
	],
	"77": [
		0.5125,
		0.16111111111111112
	],
	"78": [
		0.3890625,
		0.75
	],
	"79": [
		0.3453125,
		0.8
	],
	"80": [
		0.5484375,
		0.1388888888888889
	],
	"81": [
		0.5,
		0.16111111111111112
	],
	"82": [
		0.6109375,
		0.1388888888888889
	],
	"83": [
		0.575,
		0.2
	],
	"84": [
		0.8328125,
		0.3194444444444444
	],
	"85": [
		0.8125,
		0.4
	],
	"86": [
		0.4359375,
		0.8083333333333333
	],
	"87": [
		0.3875,
		0.8277777777777777
	],
	"88": [
		0.8234375,
		0.31666666666666665
	],
	"89": [
		0.8234375,
		0.4027777777777778
	],
	"90": [
		0.7140625,
		0.15
	],
	"91": [
		0.6671875,
		0.13055555555555556
	],
	"92": [
		0.9625,
		0.21666666666666667
	],
	"93": [
		0.9515625,
		0.3
	],
	"94": [
		0.3890625,
		0.06666666666666667
	],
	"95": [
		0.3421875,
		0.08333333333333333
	],
	"96": [
		0.63125,
		0.3
	],
	"97": [
		0.6296875,
		0.38333333333333336
	],
	"98": [
		0.2046875,
		0.3972222222222222
	],
	"99": [
		0.2234375,
		0.46944444444444444
	],
	"100": [
		0.396875,
		0.8
	],
	"101": [
		0.428125,
		0.8555555555555555
	],
	"102": [
		0.54375,
		0.29444444444444445
	],
	"103": [
		0.5,
		0.3
	],
	"104": [
		0.66875,
		0.4583333333333333
	],
	"105": [
		0.625,
		0.4583333333333333
	],
	"106": [
		0.4984375,
		0.12777777777777777
	],
	"107": [
		0.5375,
		0.16111111111111112
	],
	"108": [
		0.9484375,
		0.2
	],
	"109": [
		0.9609375,
		0.26944444444444443
	],
	"110": [
		0.859375,
		0.7333333333333333
	],
	"111": [
		0.890625,
		0.7805555555555556
	],
	"112": [
		0.2171875,
		0.4
	],
	"113": [
		0.2078125,
		0.46944444444444444
	],
	"114": [
		0.4796875,
		0.125
	],
	"115": [
		0.4484375,
		0.16944444444444445
	],
	"116": [
		0.5921875,
		0.1388888888888889
	],
	"117": [
		0.6078125,
		0.20277777777777778
	],
	"118": [
		0.6296875,
		0.6361111111111111
	],
	"119": [
		0.640625,
		0.7027777777777777
	],
	"120": [
		0.0421875,
		0.05277777777777778
	],
	"121": [
		0.015625,
		0.10277777777777777
	],
	"122": [
		0.1140625,
		0.1361111111111111
	],
	"123": [
		0.0765625,
		0.14722222222222223
	],
	"124": [
		0.103125,
		0.9361111111111111
	],
	"125": [
		0.065625,
		0.9361111111111111
	],
	"126": [
		0.390625,
		0.9388888888888889
	],
	"127": [
		0.353125,
		0.9388888888888889
	],
	"128": [
		0.584375,
		0.1388888888888889
	],
	"129": [
		0.575,
		0.20277777777777778
	],
	"130": [
		0.6515625,
		0.65
	],
	"131": [
		0.628125,
		0.7
	],
	"132": [
		0.9265625,
		0.07222222222222222
	],
	"133": [
		0.890625,
		0.08333333333333333
	],
	"134": [
		0.828125,
		0.07777777777777778
	],
	"135": [
		0.7921875,
		0.06944444444444445
	],
	"136": [
		0.6296875,
		0.4388888888888889
	],
	"137": [
		0.6328125,
		0.5027777777777778
	],
	"138": [
		0.3796875,
		0.7111111111111111
	],
	"139": [
		0.390625,
		0.7722222222222223
	],
	"140": [
		0.6890625,
		0.1361111111111111
	],
	"141": [
		0.7203125,
		0.16666666666666666
	],
	"142": [
		0.61875,
		0.05
	],
	"143": [
		0.646875,
		0.08888888888888889
	],
	"144": [
		0.6078125,
		0.16111111111111112
	],
	"145": [
		0.575,
		0.18333333333333332
	],
	"146": [
		0.2015625,
		0.9388888888888889
	],
	"147": [
		0.1671875,
		0.9361111111111111
	],
	"148": [
		0.390625,
		0.3333333333333333
	],
	"149": [
		0.365625,
		0.375
	],
	"150": [
		0.6296875,
		0.6361111111111111
	],
	"151": [
		0.621875,
		0.6944444444444444
	],
	"152": [
		0.0265625,
		0.04722222222222222
	],
	"153": [
		0.0546875,
		0.07777777777777778
	],
	"154": [
		0.553125,
		0.05277777777777778
	],
	"155": [
		0.54375,
		0.10833333333333334
	],
	"156": [
		0.621875,
		0.05
	],
	"157": [
		0.6125,
		0.10555555555555556
	],
	"158": [
		0.6078125,
		0.18611111111111112
	],
	"159": [
		0.5765625,
		0.16944444444444445
	],
	"160": [
		0.25,
		0.13055555555555556
	],
	"161": [
		0.2234375,
		0.1638888888888889
	],
	"162": [
		0.38125,
		0.2833333333333333
	],
	"163": [
		0.35,
		0.2972222222222222
	],
	"164": [
		0.38125,
		0.3
	],
	"165": [
		0.35,
		0.2861111111111111
	],
	"166": [
		0.55625,
		0.05277777777777778
	],
	"167": [
		0.534375,
		0.09444444444444444
	],
	"168": [
		0.3625,
		0.3
	],
	"169": [
		0.3859375,
		0.3388888888888889
	],
	"170": [
		0.4109375,
		0.7611111111111111
	],
	"171": [
		0.4328125,
		0.8027777777777778
	],
	"172": [
		0.2546875,
		0.1527777777777778
	],
	"173": [
		0.2234375,
		0.1638888888888889
	],
	"174": [
		0.0078125,
		0.04722222222222222
	],
	"175": [
		0.0125,
		0.10277777777777777
	],
	"176": [
		0.9203125,
		0.9694444444444444
	],
	"177": [
		0.8890625,
		0.9638888888888889
	],
	"178": [
		0.69375,
		0.29444444444444445
	],
	"179": [
		0.725,
		0.2972222222222222
	],