{
	"CornerNorthWest": [
		0.2949438202247191,
		0.16886543535620052
	],
	"CornerNorthEast": [
		0.6193820224719101,
		0.1581438204129497
	],
	"CornerSouthEast": [
		0.6376404494382022,
		0.7237090086694309
	],
	"CornerSouthWest": [
		0.28651685393258425,
		0.7344306236126816
	]
}