{
	"0": [
		0.8375,
		0.4111111111111111
	],
	"1": [
		0.778125,
		0.4388888888888889
	],
	"2": [
		0.446875,
		0.45
	],
	"3": [
		0.3875,
		0.43333333333333335
	],
	"4": [
		0.946875,
		0.9472222222222222
	],
	"5": [
		0.8875,
		0.9416666666666667
	],
	"6": [
		0.7265625,
		0.15555555555555556
	],
	"7": [
		0.6671875,
		0.1527777777777778
	],
	"8": [
		0.390625,
		0.4361111111111111
	],
	"9": [
		0.334375,
		0.4027777777777778
	],
	"10": [
		0.225,
		0.1388888888888889
	],
	"11": [
		0.1671875,
		0.16111111111111112
	],
	"12": [
		0.903125,
		0.2
	],
	"13": [
		0.8921875,
		0.30277777777777776
	],
	"14": [
		0.446875,
		0.3
	],
	"15": [
		0.3890625,
		0.3138888888888889
	],
	"16": [
		0.66875,
		0.1361111111111111
	],
	"17": [
		0.6109375,
		0.12777777777777777
	],
	"18": [
		0.725,
		0.30277777777777776
	],
	"19": [
		0.6671875,
		0.29444444444444445
	],
	"20": [
		0.725,
		0.4527777777777778
	],
	"21": [
		0.6671875,
		0.46111111111111114
	],
	"22": [
		0.890625,
		0.15555555555555556
	],
	"23": [
		0.834375,
		0.13055555555555556
	],
	"24": [
		0.390625,
		0.3138888888888889
	],
	"25": [
		0.334375,
		0.3388888888888889
	],
	"26": [
		0.5875,
		0.4
	],
	"27": [
		0.584375,
		0.5027777777777778
	],
	"28": [
		0.5859375,
		0.8
	],
	"29": [
		0.5890625,
		0.9027777777777778
	],
	"30": [
		0.6140625,
		0.13333333333333333
	],
	"31": [
		0.55625,
		0.1361111111111111
	],
	"32": [
		0.8359375,
		0.15555555555555556
	],
	"33": [
		0.778125,
		0.15833333333333333
	],
	"34": [
		0.5578125,
		0.9277777777777778
	],
	"35": [
		0.5,
		0.925
	],
	"36": [
		0.8359375,
		0.9388888888888889
	],
	"37": [
		0.778125,
		0.9361111111111111
	],
	"38": [
		0.8921875,
		0.9416666666666667
	],
	"39": [
		0.834375,
		0.9388888888888889
	],
	"40": [
		0.446875,
		0.15555555555555556
	],
	"41": [
		0.3890625,
		0.15555555555555556
	],
	"42": [
		0.834375,
		0.3388888888888889
	],
	"43": [
		0.778125,
		0.31666666666666665
	],
	"44": [
		0.5921875,
		0.2
	],
	"45": [
		0.584375,
		0.3
	],
	"46": [
		0.7796875,
		0.31666666666666665
	],
	"47": [
		0.7234375,
		0.30277777777777776
	],
	"48": [
		0.7796875,
		0.4388888888888889
	],
	"49": [
		0.7234375,
		0.4527777777777778
	],
	"50": [
		0.0578125,
		0.13333333333333333
	],
	"51": [
		0.0015625,
		0.14444444444444443
	],
	"52": [
		0.5015625,
		0.4583333333333333
	],
	"53": [
		0.4453125,
		0.45
	],
	"54": [
		0.7796875,
		0.15555555555555556
	],
	"55": [
		0.7234375,
		0.15833333333333333
	],
	"56": [
		0.66875,
		0.4583333333333333
	],
	"57": [
		0.6125,
		0.46111111111111114
	],
	"58": [
		0.7796875,
		0.9361111111111111
	],
	"59": [
		0.7234375,
		0.9333333333333333
	],
	"60": [
		0.890625,
		0.15555555555555556
	],
	"61": [
		0.834375,
		0.15555555555555556
	],
	"62": [
		0.4453125,
		0.9222222222222223
	],
	"63": [
		0.3890625,
		0.9222222222222223
	],
	"64": [
		0.5,
		0.13333333333333333
	],
	"65": [
		0.4453125,
		0.15555555555555556
	],
	"66": [
		0.5015625,
		0.08611111111111111
	],
	"67": [
		0.446875,
		0.06666666666666667
	],
	"68": [
		1,
		0.95
	],
	"69": [
		0.9453125,
		0.9444444444444444
	],
	"70": [
		0.5359375,
		0.6
	],
	"71": [
		0.534375,
		0.6972222222222222
	],
	"72": [
		0.003125,
		0.05277777777777778
	],
	"73": [
		0.053125,
		0.07222222222222222
	],
	"74": [
		0.053125,
		0.044444444444444446
	],
	"75": [
		0.003125,
		0.05555555555555555
	],
	"76": [
		0.7140625,
		0.14444444444444443
	],
	"77": [
		0.66875,
		0.16666666666666666
	],
	"78": [
		0.8921875,
		0.2
	],
	"79": [
		0.9046875,
		0.28055555555555556
	],
	"80": [
		0.9890625,
		0.9833333333333333
	],
	"81": [
		0.9421875,
		0.9777777777777777
	],
	"82": [
		0.4921875,
		0.2972222222222222
	],
	"83": [
		0.4453125,
		0.3
	],
	"84": [
		0.4953125,
		0.10555555555555556
	],
	"85": [
		0.459375,
		0.15833333333333333
	],
	"86": [
		0.4875,
		0.15555555555555556
	],
	"87": [
		0.4453125,
		0.12222222222222222
	],
	"88": [
		0.8796875,
		0.9805555555555555
	],
	"89": [
		0.834375,
		0.9722222222222222
	],
	"90": [
		0.05,
		0.03333333333333333
	],
	"91": [
		0.009375,
		0.06944444444444445
	],
	"92": [
		0.2625,
		0.725
	],
	"93": [
		0.225,
		0.7638888888888888
	],
	"94": [
		0.3359375,
		0.06388888888888888
	],
	"95": [
		0.29375,
		0.08055555555555556
	],
	"96": [
		0.459375,
		0.044444444444444446
	],
	"97": [
		0.4921875,
		0.09444444444444444
	],
	"98": [
		0.8671875,
		0.9388888888888889
	],
	"99": [
		0.834375,
		0.9861111111111112
	],
	"100": [
		0.43125,
		0.12222222222222222
	],
	"101": [
		0.3984375,
		0.16666666666666666
	],
	"102": [
		0.04375,
		0.9611111111111111
	],
	"103": [
		0.003125,
		0.9611111111111111
	],
	"104": [
		0.646875,
		0.16111111111111112
	],
	"105": [
		0.6109375,
		0.12777777777777777
	],
	"106": [
		0.4609375,
		0.10555555555555556
	],
	"107": [
		0.4875,
		0.15833333333333333
	],
	"108": [
		0.590625,
		0.13333333333333333
	],
	"109": [
		0.584375,
		0.20277777777777778
	],
	"110": [
		0.60625,
		0.044444444444444446
	],
	"111": [
		0.5734375,
		0.08333333333333333
	],
	"112": [
		0.58125,
		0.13333333333333333
	],
	"113": [
		0.5921875,
		0.2
	],
	"114": [
		0.66875,
		0.9305555555555556
	],
	"115": [
		0.6296875,
		0.9305555555555556
	],
	"116": [
		0.6109375,
		0.12777777777777777
	],
	"117": [
		0.584375,
		0.17777777777777778
	],
	"118": [
		0.75,
		0.5055555555555555
	],
	"119": [
		0.7546875,
		0.5722222222222222
	],
	"120": [
		0.0578125,
		0.925
	],
	"121": [
		0.0203125,
		0.9277777777777778
	],
	"122": [
		0.59375,
		0.9277777777777778
	],
	"123": [
		0.55625,
		0.9277777777777778
	],
	"124": [
		0.534375,
		0.13333333333333333
	],
	"125": [
		0.5546875,
		0.18888888888888888
	],
	"126": [
		0.4984375,
		0.10555555555555556
	],
	"127": [
		0.4765625,
		0.15833333333333333
	],
	"128": [
		0.4921875,
		0.09444444444444444
	],
	"129": [
		0.484375,
		0.15833333333333333
	],
	"130": [
		0.5859375,
		0.7388888888888889
	],
	"131": [
		0.5890625,
		0.8027777777777778
	],
	"132": [
		0.390625,
		0.925
	],
	"133": [
		0.3546875,
		0.9222222222222223
	],
	"134": [
		0.8625,
		0.37777777777777777
	],
	"135": [
		0.834375,
		0.3388888888888889
	],
	"136": [
		0.2875,
		0.8361111111111111
	],
	"137": [
		0.3140625,
		0.8777777777777778
	],
	"138": [
		0.1546875,
		0.4
	],
	"139": [
		0.1203125,
		0.41388888888888886
	],
	"140": [
		0.9078125,
		0.24722222222222223
	],
	"141": [
		0.8890625,
		0.3
	],
	"142": [
		0.3125,
		0.9222222222222223
	],
	"143": [
		0.278125,
		0.9222222222222223
	],
	"144": [
		0.553125,
		0.13333333333333333
	],
	"145": [
		0.5390625,
		0.18888888888888888
	],
	"146": [
		0.246875,
		0.7194444444444444
	],
	"147": [
		0.23125,
		0.7722222222222223
	],
	"148": [
		0.271875,
		0.3972222222222222
	],
	"149": [
		0.2765625,
		0.45555555555555555
	],
	"150": [
		0.375,
		0.025
	],
	"151": [
		0.3859375,
		0.08055555555555556
	],
	"152": [
		0.390625,
		0.15
	],
	"153": [
		0.3578125,
		0.15555555555555556
	],
	"154": [
		0.1453125,
		0.9611111111111111
	],
	"155": [
		0.1125,
		0.9583333333333334
	],
	"156": [
		0.3359375,
		0.9611111111111111
	],
	"157": [
		0.303125,
		0.9583333333333334
	],
	"158": [
		0.98125,
		0.06388888888888888
	],
	"159": [
		0.95625,
		0.1
	],
	"160": [
		0.55,
		0.13333333333333333
	],
	"161": [
		0.5578125,
		0.18888888888888888
	],
	"162": [
		0.2796875,
		0.275
	],
	"163": [
		0.309375,
		0.2972222222222222
	],
	"164": [
		0.5875,
		0.45
	],
	"165": [
		0.55625,
		0.4638888888888889
	],
	"166": [
		0.5015625,
		0.05277777777777778
	],
	"167": [
		0.484375,
		0.1
	],
	"168": [
		0.053125,
		0.05
	],
	"169": [
		0.025,
		0.075
	],
	"170": [
		0.778125,
		0.7
	],
	"171": [
		0.7921875,
		0.75
	],
	"172": [
		0.5375,
		0.13333333333333333
	],
	"173": [
		0.5390625,
		0.18888888888888888
	],
	"174": [
		0.7609375,
		0.13333333333333333
	],
	"175": [
		0.7296875,
		0.13333333333333333
	],
	"176": [
		0.7453125,
		0.5166666666666667
	],
	"177": [
		0.7625,
		0.5611111111111111
	],
	"178": [
		0.0125,
		0.044444444444444446
	],