{
	"0": [
		0.5935546875,
		0.05138888888888889
	],
	"1": [
		0.4296875,
		0.04479166666666667
	],
	"2": [
		0.7662109375,
		0.059722222222222225
	],
	"3": [
		0.698828125,
		0.05798611111111111
	],
	"4": [
		0.2978515625,
		0.03958333333333333
	],
	"5": [
		0.3494140625,
		0.03680555555555556
	],
	"6": [
		0.511328125,
		0.04895833333333333
	],
	"7": [
		0.9556640625,
		0.06875
	],
	"8": [
		0.49921875,
		0.035069444444444445
	],
	"9": [
		0.44609375,
		0.044444444444444446
	],
	"10": [
		0.0931640625,
		0.09618055555555556
	],
	"11": [
		0.6642578125,
		0.04375
	],
	"12": [
		0.3044921875,
		0.09652777777777778
	],
	"13": [
		0.6783203125,
		0.06041666666666667
	],
	"14": [
		0.943359375,
		0.07152777777777777
	],
	"15": [
		0.5791015625,
		0.03993055555555555
	],
	"16": [
		0.3654296875,
		0.03923611111111111
	],
	"17": [
		0.52734375,
		0.050347222222222224
	],
	"18": [
		0.699609375,
		0.04756944444444444
	],
	"19": [
		0.7892578125,
		0.05798611111111111
	],
	"20": [
		0.7892578125,
		0.05798611111111111
	],
	"21": [
		0.7048828125,
		0.044444444444444446
	],
	"22": [
		0.8611328125,
		0.06631944444444444
	],
	"23": [
		0.880859375,
		0.06631944444444444
	],
	"24": [
		0.93671875,
		0.05555555555555555
	],
	"25": [
		0.4517578125,
		0.03298611111111111
	],
	"26": [
		0.7505859375,
		0.04618055555555556
	],
	"27": [
		0.2947265625,
		0.10138888888888889
	],
	"28": [
		0.340234375,
		0.03784722222222222
	],
	"29": [
		0.619140625,
		0.04236111111111111
	],
	"30": [
		0.6693359375,
		0.059375
	],
	"31": [
		0.6115234375,
		0.05277777777777778
	],
	"32": [
		0.7921875,
		0.051041666666666666
	],
	"33": [
		0.5326171875,
		0.03958333333333333
	],
	"34": [
		0.754296875,
		0.0625
	],
	"35": [
		0.1095703125,
		0.10243055555555555
	],
	"36": [
		0.11015625,
		0.10034722222222223
	],
	"37": [
		0.66953125,
		0.06736111111111111
	],
	"38": [
		0.7294921875,
		0.03819444444444445
	],
	"39": [
		0.3421875,
		0.04375
	],
	"40": [
		0.8142578125,
		0.03298611111111111
	],
	"41": [
		0.8857421875,
		0.04722222222222222
	],
	"42": [
		0.5841796875,
		0.06111111111111111
	],
	"43": [
		0.93828125,
		0.05555555555555555
	],
	"44": [
		0.84296875,
		0.044444444444444446
	],
	"45": [
		0.50390625,
		0.051041666666666666
	],
	"46": [
		0.8486328125,
		0.07048611111111111
	],
	"47": [
		0.2982421875,
		0.04027777777777778
	],
	"48": [
		0.2416015625,
		0.1076388888888889
	],
	"49": [
		0.4173828125,
		0.044097222222222225
	],
	"50": [
		0.05625,
		0.09722222222222222
	],
	"51": [
		0.9369140625,
		0.05555555555555555
	],
	"52": [
		0.4994140625,
		0.05138888888888889
	],
	"53": [
		0.6712890625,
		0.0625
	],
	"54": [
		0.61953125,
		0.059027777777777776
	],
	"55": [
		0.7583984375,
		0.06493055555555556
	],
	"56": [
		0.92578125,
		0.035069444444444445
	],
	"57": [
		0.9033203125,
		0.03125
	],
	"58": [
		0.88671875,
		0.06527777777777778
	],
	"59": [
		0.844140625,
		0.05
	],
	"60": [
		0.84375,
		0.05277777777777778
	],
	"61": [
		0.787890625,
		0.05451388888888889
	],
	"62": [
		0.609375,
		0.044444444444444446
	],
	"63": [
		0.9453125,
		0.07048611111111111
	],
	"64": [
		0.849609375,
		0.06180555555555556
	],
	"65": [
		0.6740234375,
		0.0642361111111111
	],
	"66": [
		0.7056640625,
		0.06284722222222222
	],
	"67": [
		0.3443359375,
		0.03993055555555555
	],
	"68": [
		0.6705078125,
		0.04618055555555556
	],
	"69": [
		0.521484375,
		0.03888888888888889
	],
	"70": [
		0.5873046875,
		0.058333333333333334
	],
	"71": [
		0.094140625,
		0.0954861111111111
	],
	"72": [
		0.293359375,
		0.10451388888888889
	],
	"73": [
		0.536328125,
		0.05138888888888889
	],
	"74": [
		0.850390625,
		0.06979166666666667
	],
	"75": [
		0.88125,
		0.059722222222222225
	],
	"76": [
		0.939453125,
		0.05520833333333333
	],
	"77": [
		0.7767578125,
		0.9423611111111111
	],
	"78": [
		0.672265625,
		0.058680555555555555
	],
	"79": [
		0.8787109375,
		0.9597222222222223
	],
	"80": [
		0.2126953125,
		0.10520833333333333
	],
	"81": [
		0.76015625,
		0.06770833333333333
	],
	"82": [
		0.3044921875,
		0.043402777777777776
	],
	"83": [
		0.79453125,
		0.06736111111111111
	],
	"84": [
		0.346484375,
		0.043402777777777776
	],
	"85": [
		0.3017578125,
		0.10173611111111111
	],
	"86": [
		0.77734375,
		0.06805555555555555
	],
	"87": [
		0.885546875,
		0.06875
	],
	"88": [
		0.86640625,
		0.071875
	],
	"89": [
		0.5083984375,
		0.034027777777777775
	],
	"90": [
		0.5890625,
		0.04479166666666667
	],
	"91": [
		0.109765625,
		0.096875
	],
	"92": [
		0.4548828125,
		0.04895833333333333
	],
	"93": [
		0.926953125,
		0.03611111111111111
	],
	"94": [
		0.2291015625,
		0.8447916666666667
	],
	"95": [
		0.3646484375,
		0.03125
	],
	"96": [
		0.850390625,
		0.06388888888888888
	],
	"97": [
		0.890234375,
		0.9645833333333333
	],
	"98": [
		0.8318359375,
		0.9527777777777777
	],
	"99": [
		0.42421875,
		0.04861111111111111
	],
	"100": [
		0.853125,
		0.9586805555555555
	],
	"101": [
		0.7541015625,
		0.049652777777777775
	],
	"102": [
		0.81171875,
		0.034027777777777775
	],
	"103": [
		0.9669921875,
		0.07222222222222222
	],
	"104": [
		0.5060546875,
		0.05381944444444445
	],
	"105": [
		0.420703125,
		0.040625
	],
	"106": [
		0.9154296875,
		0.9690972222222223
	],
	"107": [
		0.2974609375,
		0.10347222222222222
	],
	"108": [
		0.423828125,
		0.044444444444444446
	],
	"109": [
		0.374609375,
		0.04236111111111111
	],
	"110": [
		0.50390625,
		0.044444444444444446
	],
	"111": [
		0.5853515625,
		0.04895833333333333
	],
	"112": [
		0.053515625,
		0.09826388888888889
	],
	"113": [
		0.1490234375,
		0.8847222222222222
	],
	"114": [
		0.7052734375,
		0.06319444444444444
	],
	"115": [
		0.586328125,
		0.046875
	],
	"116": [
		0.9087890625,
		0.96875
	],
	"117": [
		0.1431640625,
		0.10416666666666667
	],
	"118": [
		0.7095703125,
		0.06875
	],
	"119": [
		0.4357421875,
		0.034375
	],
	"120": [
		0.2966796875,
		0.10138888888888889
	],
	"121": [
		0.0845703125,
		0.09652777777777778
	],
	"122": [
		0.5900390625,
		0.058680555555555555
	],
	"123": [
		0.6884765625,
		0.06354166666666666
	],
	"124": [
		0.2201171875,
		0.8430555555555556
	],
	"125": [
		0.758203125,
		0.059027777777777776
	],
	"126": [
		0.42265625,
		0.04618055555555556
	],
	"127": [
		0.511328125,
		0.049305555555555554
	],
	"128": [
		0.8029296875,
		0.9479166666666666
	],
	"129": [
		0.926953125,
		0.036458333333333336
	],
	"130": [
		0.0962890625,
		0.10173611111111111
	],
	"131": [
		0.9505859375,
		0.059375
	],
	"132": [
		0.1087890625,
		0.10347222222222222
	],
	"133": [
		0.1431640625,
		0.10520833333333333
	],
	"134": [
		0.7587890625,
		0.058680555555555555
	],
	"135": [
		0.4234375,
		0.03229166666666667
	],
	"136": [
		0.8677734375,
		0.05555555555555555
	],
	"137": [
		0.3068359375,
		0.04756944444444444
	],
	"138": [
		0.7951171875,
		0.06909722222222223
	],
	"139": [
		0.96640625,
		0.058333333333333334
	],
	"140": [
		0.342578125,
		0.034027777777777775
	],
	"141": [
		0.2990234375,
		0.10277777777777777
	],
	"142": [
		0.4296875,
		0.04652777777777778
	],
	"143": [
		0.5357421875,
		0.05381944444444445
	],
	"144": [
		0.35078125,
		0.04201388888888889
	],
	"145": [
		0.5029296875,
		0.044444444444444446
	],
	"146": [
		0.7890625,
		0.06909722222222223
	],
	"147": [
		0.18671875,
		0.8381944444444445
	],
	"148": [
		0.109765625,
		0.103125
	],
	"149": [
		0.596484375,
		0.059027777777777776
	],
	"150": [
		0.8560546875,
		0.05555555555555555
	],
	"151": [
		0.0513671875,
		0.09756944444444444
	],
	"152": [
		0.2953125,
		0.10138888888888889
	],
	"153": [
		0.4552734375,
		0.049305555555555554
	],
	"154": [
		0.2240234375,
		0.8420138888888888
	],
	"155": [
		0.109765625,
		0.096875
	],
	"156": [
		0.2150390625,
		0.10659722222222222
	],
	"157": [
		0.799609375,
		0.03888888888888889
	],
	"158": [
		0.11015625,
		0.9270833333333334
	],
	"159": [
		0.109375,
		0.10069444444444445
	],
	"160": [
		0.5123046875,
		0.034375
	],
	"161": [
		0.56484375,
		0.9020833333333333
	],
	"162": [
		0.2755859375,
		0.853125
	],