{
	"0": [
		0.3828125,
		0.03333333333333333
	],
	"1": [
		0.45,
		0.03611111111111111
	],
	"2": [
		0.6953125,
		0.041666666666666664
	],
	"3": [
		0.721875,
		0.04722222222222222
	],
	"4": [
		0.93125,
		0.05555555555555555
	],
	"5": [
		0.95,
		0.05555555555555555
	],
	"6": [
		0.0046875,
		0.06388888888888888
	],
	"7": [
		0.5328125,
		0.06666666666666667
	],
	"8": [
		0.06875,
		0.07222222222222222
	],
	"9": [
		0.815625,
		0.07222222222222222
	],
	"10": [
		0.215625,
		0.09444444444444444
	],
	"11": [
		0.5328125,
		0.10277777777777777
	],
	"12": [
		0.815625,
		0.10555555555555556
	],
	"13": [
		0.925,
		0.10833333333333334
	],
	"14": [
		0.7734375,
		0.12222222222222222
	],
	"15": [
		0.3875,
		0.125
	],
	"16": [
		0.5625,
		0.12777777777777777
	],
	"17": [
		0.9640625,
		0.1361111111111111
	],
	"18": [
		0.6390625,
		0.1388888888888889
	],
	"19": [
		0.996875,
		0.14166666666666666
	],
	"20": [
		0.1859375,
		0.15
	],
	"21": [
		0.15625,
		0.1527777777777778
	],
	"22": [
		0.921875,
		0.1527777777777778
	],
	"23": [
		0.709375,
		0.1638888888888889
	],
	"24": [
		0.0078125,
		0.16666666666666666
	],
	"25": [
		0.43125,
		0.17222222222222222
	],
	"26": [
		0.6390625,
		0.17777777777777778
	],
	"27": [
		0.078125,
		0.18333333333333332
	],
	"28": [
		0.1140625,
		0.18611111111111112
	],
	"29": [
		0.146875,
		0.18888888888888888
	],
	"30": [
		0.940625,
		0.19166666666666668
	],
	"31": [
		0.0484375,
		0.2
	],
	"32": [
		0.2875,
		0.2
	],
	"33": [
		0.365625,
		0.20555555555555555
	],
	"34": [
		0.3984375,
		0.20555555555555555
	],
	"35": [
		0.8703125,
		0.20555555555555555
	],
	"36": [
		0.5734375,
		0.2111111111111111
	],
	"37": [
		0.5375,
		0.22777777777777777
	],
	"38": [
		0.0453125,
		0.24444444444444444
	],
	"39": [
		0.0828125,
		0.24444444444444444
	],
	"40": [
		0.8796875,
		0.25555555555555554
	],
	"41": [
		0.9171875,
		0.25555555555555554
	],
	"42": [
		0.0109375,
		0.28055555555555556
	],
	"43": [
		0.2984375,
		0.28055555555555556
	],
	"44": [
		0.5375,
		0.2916666666666667
	],
	"45": [
		0.8734375,
		0.31666666666666665
	],
	"46": [
		0.9140625,
		0.31666666666666665
	],
	"47": [
		0.23125,
		0.325
	],
	"48": [
		0.2390625,
		0.36666666666666664
	],
	"49": [
		0.5890625,
		0.375
	],
	"50": [
		0.1203125,
		0.39444444444444443
	],
	"51": [
		0.9375,
		0.40555555555555556
	],
	"52": [
		0.346875,
		0.4305555555555556
	],
	"53": [
		0.9625,
		0.4361111111111111
	],
	"54": [
		0.03125,
		0.45
	],
	"55": [
		0.9921875,
		0.4583333333333333
	],
	"56": [
		0.5890625,
		0.4777777777777778
	],
	"57": [
		0.6296875,
		0.48055555555555557
	],
	"58": [
		0.35625,
		0.49444444444444446
	],
	"59": [
		0.640625,
		0.5944444444444444
	],
	"60": [
		0.6375,
		0.6305555555555555
	],
	"61": [
		0.5015625,
		0.7111111111111111
	],
	"62": [
		0.7984375,
		0.7166666666666667
	],
	"63": [
		0.7421875,
		0.7388888888888889
	],
	"64": [
		0.7765625,
		0.7388888888888889
	],
	"65": [
		0.046875,
		0.8055555555555556
	],
	"66": [
		0.125,
		0.8138888888888889
	],
	"67": [
		0.18125,
		0.8194444444444444
	],
	"68": [
		0.203125,
		0.8277777777777777
	],
	"69": [
		0.2359375,
		0.8277777777777777
	],
	"70": [
		0.196875,
		0.8583333333333333
	],
	"71": [
		0.2296875,
		0.8583333333333333
	],
	"72": [
		0.284375,
		0.8722222222222222
	],
	"73": [
		0.5015625,
		0.875
	],
	"74": [
		0.5203125,
		0.8777777777777778
	],
	"75": [
		0.540625,
		0.8777777777777778
	],
	"76": [
		0.3984375,
		0.8888888888888888
	],
	"77": [
		0.565625,
		0.8888888888888888
	],
	"78": [
		0.6,
		0.8888888888888888
	],
	"79": [
		0.625,
		0.8972222222222223
	],
	"80": [
		0.6578125,
		0.9027777777777778
	],
	"81": [
		0.1625,
		0.9055555555555556
	],
	"82": [
		0.6828125,
		0.9083333333333333
	],
	"83": [
		0.7125,
		0.9138888888888889
	],
	"84": [
		0.7453125,
		0.9166666666666666
	],
	"85": [
		0.25625,
		0.925
	],
	"86": [
		0.6265625,
		0.9305555555555556
	],
	"87": [
		0.7984375,
		0.9305555555555556
	],
	"88": [
		0.31875,
		0.9361111111111111
	],
	"89": [
		0.6609375,
		0.9388888888888889
	],
	"90": [
		0.8515625,
		0.9416666666666667
	],
	"91": [
		0.1703125,
		0.9472222222222222
	],
	"92": [
		0.89375,
		0.95
	],
	"93": [
		0.93125,
		0.9583333333333334
	],
	"94": [
		0.9546875,
		0.9638888888888889
	],
	"95": [
		0.9921875,
		0.9722222222222222
	],
	"96": [
		0.9171875,
		0.9916666666666667
	]
}