{
	"CornerNorthEast": [
		0.19662921348314608,
		0.15010260920551158
	],
	"EighteenYardNorthForwardEast": [
		0.3820078226857888,
		0.260610806577917
	]
}