{
	"0": [
		0.1125,
		0.011111111111111112
	],
	"1": [
		0.0609375,
		0.1
	],
	"2": [
		0.225,
		0.20555555555555555
	],
	"3": [
		0.165625,
		0.24444444444444444
	],
	"4": [
		0.446875,
		0.07777777777777778
	],
	"5": [
		0.3859375,
		0.07222222222222222
	],
	"6": [
		0.16875,
		0.24166666666666667
	],
	"7": [
		0.1125,
		0.2777777777777778
	],
	"8": [
		0.0578125,
		0.3111111111111111
	],
	"9": [
		0.0015625,
		0.3472222222222222
	],
	"10": [
		0.446875,
		0.8888888888888888
	],
	"11": [
		0.3875,
		0.8777777777777778
	],
	"12": [
		0.3359375,
		0.06944444444444445
	],
	"13": [
		0.278125,
		0.08611111111111111
	],
	"14": [
		0.2796875,
		0.1361111111111111
	],
	"15": [
		0.2234375,
		0.10833333333333334
	],
	"16": [
		0.8359375,
		0.9583333333333334
	],
	"17": [
		0.778125,
		0.9444444444444444
	],
	"18": [
		0.1140625,
		0.05
	],
	"19": [
		0.05625,
		0.06111111111111111
	],
	"20": [
		0.6140625,
		0.9166666666666666
	],
	"21": [
		0.55625,
		0.9055555555555556
	],
	"22": [
		0.946875,
		0.9777777777777777
	],
	"23": [
		0.8890625,
		0.9666666666666667
	],
	"24": [
		0.0578125,
		0.04722222222222222
	],
	"25": [
		0.0046875,
		0.08888888888888889
	],
	"26": [
		0.1140625,
		0.8416666666666667
	],
	"27": [
		0.05625,
		0.8333333333333334
	],
	"28": [
		0.3359375,
		0.8722222222222222
	],
	"29": [
		0.278125,
		0.8638888888888889
	],
	"30": [
		0.5578125,
		0.9055555555555556
	],
	"31": [
		0.5,
		0.8972222222222223
	],
	"32": [
		0.6140625,
		0.09166666666666666
	],
	"33": [
		0.55625,
		0.08611111111111111
	],
	"34": [
		0.946875,
		0.008333333333333333
	],
	"35": [
		0.8890625,
		0.002777777777777778
	],
	"36": [
		0.225,
		0.8555555555555555
	],
	"37": [
		0.1671875,
		0.85
	],
	"38": [
		0.1140625,
		0.10277777777777777
	],
	"39": [
		0.05625,
		0.1
	],
	"40": [
		0.16875,
		0.30833333333333335
	],
	"41": [
		0.1125,
		0.325
	],
	"42": [
		0.0515625,
		0.025
	],
	"43": [
		0.0078125,
		0.08888888888888889
	],
	"44": [
		0.5015625,
		0.8972222222222223
	],
	"45": [
		0.4453125,
		0.8861111111111111
	],
	"46": [
		0.66875,
		0.925
	],
	"47": [
		0.6125,
		0.9138888888888889
	],
	"48": [
		0.725,
		0.9361111111111111
	],
	"49": [
		0.66875,
		0.925
	],
	"50": [
		0.890625,
		0.9666666666666667
	],
	"51": [
		0.834375,
		0.9555555555555556
	],
	"52": [
		0.66875,
		0.011111111111111112
	],
	"53": [
		0.6125,
		0.002777777777777778
	],
	"54": [
		0.1125,
		0.8416666666666667
	],
	"55": [
		0.16875,
		0.85
	],
	"56": [
		0.2796875,
		0.8638888888888889
	],
	"57": [
		0.2234375,
		0.8555555555555555
	],
	"58": [
		0.390625,
		0.8805555555555555
	],
	"59": [
		0.334375,
		0.8722222222222222
	],
	"60": [
		0.7796875,
		0.9444444444444444
	],
	"61": [
		0.7234375,
		0.9361111111111111
	],
	"62": [
		0.390625,
		0.075
	],
	"63": [
		0.334375,
		0.06944444444444445
	],
	"64": [
		0.2796875,
		0.17222222222222222
	],
	"65": [
		0.2265625,
		0.20555555555555555
	],
	"66": [
		0.0578125,
		0.8333333333333334
	],
	"67": [
		0.0015625,
		0.8277777777777777
	],
	"68": [
		0.2234375,
		0.10833333333333334
	],
	"69": [
		0.1671875,
		0.1111111111111111
	],
	"70": [
		0.16875,
		0.1111111111111111
	],
	"71": [
		0.1125,
		0.1111111111111111
	],
	"72": [
		0.2796875,
		0.11388888888888889
	],
	"73": [
		0.2234375,
		0.11388888888888889
	],
	"74": [
		0.1125,
		0.011111111111111112
	],
	"75": [
		0.0875,
		0.1
	],
	"76": [
		0.0578125,
		0.07222222222222222
	],
	"77": [
		0.003125,
		0.08888888888888889
	],
	"78": [
		0.946875,
		0.3972222222222222
	],
	"79": [
		1,
		0.425
	],
	"80": [
		0.1140625,
		0.32222222222222224
	],
	"81": [
		0.059375,
		0.3333333333333333
	],
	"82": [
		0.3296875,
		0.1388888888888889
	],
	"83": [
		0.278125,
		0.17222222222222222
	],
	"84": [
		0.890625,
		0.005555555555555556
	],
	"85": [
		0.8359375,
		0.008333333333333333
	],
	"86": [
		0.6671875,
		0.09166666666666666
	],
	"87": [
		0.6125,
		0.09166666666666666
	],
	"88": [
		0.0171875,
		0.027777777777777776
	],
	"89": [
		0.0578125,
		0.09166666666666666
	],
	"90": [
		0.053125,
		0.03333333333333333
	],
	"91": [
		0.0921875,
		0.1
	],
	"92": [
		0.10625,
		0.011111111111111112
	],
	"93": [
		0.096875,
		0.1
	],
	"94": [
		0.9953125,
		0.9888888888888889
	],
	"95": [
		0.9453125,
		0.9777777777777777
	],
	"96": [
		0.225,
		0.2833333333333333
	],
	"97": [
		0.1765625,
		0.3055555555555556
	],
	"98": [
		0.2890625,
		0.3388888888888889
	],
	"99": [
		0.325,
		0.4
	],
	"100": [
		0.659375,
		0.075
	],
	"101": [
		0.6125,
		0.1
	],
	"102": [
		0.99375,
		0.002777777777777778
	],
	"103": [
		0.9453125,
		0.011111111111111112
	],
	"104": [
		0.1125,
		0.2777777777777778
	],
	"105": [
		0.0671875,
		0.3055555555555556
	],
	"106": [
		0.0578125,
		0.05555555555555555
	],
	"107": [
		0.0140625,
		0.030555555555555555
	],
	"108": [
		0.05625,
		0.030555555555555555
	],
	"109": [
		0.0765625,
		0.10277777777777777
	],
	"110": [
		0.046875,
		0.025
	],
	"111": [
		0.05625,
		0.10277777777777777
	],
	"112": [
		0.4734375,
		0.6
	],
	"113": [
		0.465625,
		0.6777777777777778
	],
	"114": [
		0.0609375,
		0.025
	],
	"115": [
		0.05625,
		0.10277777777777777
	],
	"116": [
		0.3359375,
		0.08333333333333333
	],
	"117": [
		0.29375,
		0.06111111111111111
	],
	"118": [
		0.2234375,
		0.8916666666666667
	],
	"119": [
		0.1796875,
		0.8861111111111111
	],
	"120": [
		1,
		0.2916666666666667
	],
	"121": [
		0.9578125,
		0.3055555555555556
	],
	"122": [
		0.303125,
		0.33611111111111114
	],
	"123": [
		0.3234375,
		0.4027777777777778
	],
	"124": [
		0.6109375,
		0.9527777777777777
	],
	"125": [
		0.56875,
		0.9444444444444444
	],
	"126": [
		0.821875,
		0.9944444444444445
	],
	"127": [
		0.7796875,
		0.9861111111111112
	],
	"128": [
		0.7140625,
		0.9722222222222222
	],
	"129": [
		0.671875,
		0.9666666666666667
	],
	"130": [
		0.5578125,
		0.005555555555555556
	],
	"131": [
		0.515625,
		0.002777777777777778
	],
	"132": [
		0.915625,
		0.3472222222222222
	],
	"133": [
		0.946875,
		0.3972222222222222
	],
	"134": [
		0.946875,
		0.3111111111111111
	],
	"135": [
		0.915625,
		0.35833333333333334
	],
	"136": [
		0.7578125,
		0.002777777777777778
	],
	"137": [
		0.7234375,
		0.03611111111111111
	],
	"138": [
		0.9453125,
		0.002777777777777778
	],
	"139": [
		0.9140625,
		0.044444444444444446
	],
	"140": [
		0.109375,
		0.875
	],
	"141": [
		0.071875,
		0.8944444444444445
	],
	"142": [
		0.221875,
		0.20833333333333334
	],
	"143": [
		0.2484375,
		0.25833333333333336
	],
	"144": [
		0.2890625,
		0.6388888888888888
	],
	"145": [
		0.2984375,
		0.7055555555555556
	],
	"146": [
		0.225,
		0.10833333333333334
	],
	"147": [
		0.1921875,
		0.14444444444444443
	],
	"148": [
		0.090625,
		0.1
	],
	"149": [
		0.05625,
		0.07222222222222222
	],
	"150": [
		0.66875,
		0.002777777777777778
	],
	"151": [
		0.634375,
		0.030555555555555555
	],
	"152": [
		0.315625,
		0.9027777777777778
	],
	"153": [
		0.278125,
		0.9
	],
	"154": [
		0.290625,
		0.4166666666666667
	],
	"155": [
		0.321875,
		0.4527777777777778
	],
	"156": [
		0.221875,
		0.025
	],
	"157": [
		0.1953125,
		0.06944444444444445
	],
	"158": [
		0.9796875,
		0.022222222222222223
	],
	"159": [
		0.9453125,
		0.002777777777777778
	],
	"160": [
		0.20625,
		0.9361111111111111
	],
	"161": [
		0.1703125,
		0.9388888888888889
	],
	"162": [
		0.3234375,
		0.3972222222222222
	],
	"163": [
		0.296875,
		0.4388888888888889
	],
	"164": [
		0.4625,
		0.6444444444444445
	],
	"165": [
		0.4875,
		0.6888888888888889
	],
	"166": [
		0.98125,
		0.3
	],
	"167": [
		0.946875,
		0.3111111111111111
	],
	"168": [
		0.7578125,
		0.005555555555555556
	],
	"169": [
		0.7234375,
		0.008333333333333333
	],
	"170": [
		0.0734375,
		0.04722222222222222
	],
	"171": [
		0.05625,
		0.1
	],
	"172": [
		0.8984375,
		0.002777777777777778
	],
	"173": [
		0.9234375,
		0.044444444444444446
	],
	"174": [
		0.1046875,
		0.011111111111111112
	],
	"175": [
		0.1140625,
		0.06944444444444445
	],
	"176": [
		0.328125,
		0.05555555555555555
	],
	"177": [
		0.3,
		0.08888888888888889
	],