{
	"EighteenYardNorthForwardWest": [
		0.188125,
		0.6214565387627251
	],
	"EighteenYardNorthForwardEast": [
		0.738125,
		0.23054032889584966
	],
	"SixYardNorthForwardEast": [
		0.335,
		0.26729313495170975
	],
	"SixYardNorthRearEast": [
		0.224375,
		0.25392847820412423
	],
	"PenaltyCircleNorthEast": [
		0.33625,
		0.2472461498303315
	],
	"PenaltyCircleNorthWest": [
		0.033125,
		0.4009397024275646
	]
}