{
	"0": [
		0.914453125,
		0.10694444444444444
	],
	"1": [
		0.9173828125,
		0.11979166666666667
	],
	"2": [
		0.6705078125,
		0.10625
	],
	"3": [
		0.376953125,
		0.1232638888888889
	],
	"4": [
		0.6978515625,
		0.10868055555555556
	],
	"5": [
		0.5990234375,
		0.09270833333333334
	],
	"6": [
		0.4564453125,
		0.08125
	],
	"7": [
		0.887109375,
		0.12048611111111111
	],
	"8": [
		0.6703125,
		0.11770833333333333
	],
	"9": [
		0.3828125,
		0.11458333333333333
	],
	"10": [
		0.879296875,
		0.14479166666666668
	],
	"11": [
		0.8869140625,
		0.13125
	],
	"12": [
		0.664453125,
		0.13055555555555556
	],
	"13": [
		0.1810546875,
		0.18229166666666666
	],
	"14": [
		0.5501953125,
		0.07013888888888889
	],
	"15": [
		0.133984375,
		0.20451388888888888
	],
	"16": [
		0.3021484375,
		0.13993055555555556
	],
	"17": [
		0.270703125,
		0.15104166666666666
	],
	"18": [
		0.2974609375,
		0.15104166666666666
	],
	"19": [
		0.1115234375,
		0.18541666666666667
	],
	"20": [
		0.734765625,
		0.084375
	],
	"21": [
		0.71015625,
		0.08368055555555555
	],
	"22": [
		0.2642578125,
		0.16284722222222223
	],
	"23": [
		0.2470703125,
		0.17256944444444444
	],
	"24": [
		0.1416015625,
		0.19340277777777778
	],
	"25": [
		0.244921875,
		0.14618055555555556
	],
	"26": [
		0.25,
		0.16527777777777777
	],
	"27": [
		0.803515625,
		0.0954861111111111
	],
	"28": [
		0.1146484375,
		0.8836805555555556
	],
	"29": [
		0.6505859375,
		0.128125
	],
	"30": [
		0.8748046875,
		0.11736111111111111
	],
	"31": [
		0.111328125,
		0.21875
	],
	"32": [
		0.155859375,
		0.8930555555555556
	],
	"33": [
		0.3591796875,
		0.1329861111111111
	],
	"34": [
		0.4015625,
		0.9440972222222223
	],
	"35": [
		0.662890625,
		0.12291666666666666
	],
	"36": [
		0.173046875,
		0.19027777777777777
	],
	"37": [
		0.405859375,
		0.11215277777777778
	],
	"38": [
		0.799609375,
		0.08715277777777777
	],
	"39": [
		0.8033203125,
		0.10555555555555556
	],
	"40": [
		0.8779296875,
		0.13645833333333332
	],
	"41": [
		0.9005859375,
		0.09340277777777778
	],
	"42": [
		0.3619140625,
		0.12569444444444444
	],
	"43": [
		0.2564453125,
		0.12881944444444443
	],
	"44": [
		0.5794921875,
		0.07291666666666667
	],
	"45": [
		0.1236328125,
		0.8864583333333333
	],
	"46": [
		0.12890625,
		0.1798611111111111
	],
	"47": [
		0.4939453125,
		0.965625
	],
	"48": [
		0.5865234375,
		0.32881944444444444
	],
	"49": [
		0.710546875,
		0.09236111111111112
	],
	"50": [
		0.4521484375,
		0.9555555555555556
	],
	"51": [
		0.281640625,
		0.15694444444444444
	],
	"52": [
		0.156640625,
		0.1986111111111111
	],
	"53": [
		0.912890625,
		0.10104166666666667
	],
	"54": [
		0.18984375,
		0.18784722222222222
	],
	"55": [
		0.6591796875,
		0.103125
	],
	"56": [
		0.6919921875,
		0.13125
	],
	"57": [
		0.2494140625,
		0.14895833333333333
	],
	"58": [
		0.5884765625,
		0.3614583333333333
	],
	"59": [
		0.8619140625,
		0.14548611111111112
	],
	"60": [
		0.2921875,
		0.9201388888888888
	],
	"61": [
		0.148046875,
		0.5652777777777778
	],
	"62": [
		0.0404296875,
		0.8711805555555555
	],
	"63": [
		0.584765625,
		0.3267361111111111
	],
	"64": [
		0.41328125,
		0.10381944444444445
	],
	"65": [
		0.16171875,
		0.20104166666666667
	],
	"66": [
		0.4017578125,
		0.9440972222222223
	],
	"67": [
		0.503125,
		0.9677083333333333
	],
	"68": [
		0.2544921875,
		0.140625
	],
	"69": [
		0.4494140625,
		0.9555555555555556
	],
	"70": [
		0.5908203125,
		0.334375
	],
	"71": [
		0.0310546875,
		0.86875
	],
	"72": [
		0.6216796875,
		0.0920138888888889
	],
	"73": [
		0.6818359375,
		0.23020833333333332
	],
	"74": [
		0.9353515625,
		0.14479166666666668
	],
	"75": [
		0.18359375,
		0.19895833333333332
	],
	"76": [
		0.966796875,
		0.11979166666666667
	],
	"77": [
		0.12265625,
		0.18263888888888888
	],
	"78": [
		0.4111328125,
		0.9458333333333333
	],
	"79": [
		0.667578125,
		0.10659722222222222
	],
	"80": [
		0.366796875,
		0.13125
	],
	"81": [
		0.11796875,
		0.2076388888888889
	],
	"82": [
		0.19140625,
		0.19340277777777778
	],
	"83": [
		0.1658203125,
		0.18784722222222222
	],
	"84": [
		0.2546875,
		0.17083333333333334
	],
	"85": [
		0.4376953125,
		0.9520833333333333
	],
	"86": [
		0.4220703125,
		0.11527777777777778
	],
	"87": [
		0.1224609375,
		0.21597222222222223
	],
	"88": [
		0.5921875,
		0.3579861111111111
	],
	"89": [
		0.2892578125,
		0.1482638888888889
	],
	"90": [
		0.645703125,
		0.10416666666666667
	],
	"91": [
		0.169140625,
		0.1986111111111111
	],
	"92": [
		0.1390625,
		0.5711805555555556
	],
	"93": [
		0.11796875,
		0.19027777777777777
	],
	"94": [
		0.9650390625,
		0.15243055555555557
	],
	"95": [
		0.19296875,
		0.1795138888888889
	],
	"96": [
		0.3916015625,
		0.11770833333333333
	],
	"97": [
		0.9326171875,
		0.15208333333333332
	],
	"98": [
		0.938671875,
		0.11458333333333333
	],
	"99": [
		0.6751953125,
		0.12083333333333333
	],
	"100": [
		0.8986328125,
		0.134375
	],
	"101": [
		0.5765625,
		0.08125
	],
	"102": [
		0.241796875,
		0.9090277777777778
	],
	"103": [
		0.63203125,
		0.09236111111111112
	],
	"104": [
		0.8916015625,
		0.13402777777777777
	],
	"105": [
		0.65625,
		0.11180555555555556
	],
	"106": [
		0.9107421875,
		0.1440972222222222
	],
	"107": [
		0.734765625,
		0.08993055555555556
	],
	"108": [
		0.6546875,
		0.10590277777777778
	],
	"109": [
		0.28671875,
		0.15902777777777777
	],
	"110": [
		0.6501953125,
		0.0954861111111111
	],
	"111": [
		0.3998046875,
		0.10972222222222222
	],
	"112": [
		0.8685546875,
		0.11979166666666667
	],
	"113": [
		0.5947265625,
		0.34756944444444443
	],
	"114": [
		0.483203125,
		0.08402777777777778
	],
	"115": [
		0.8990234375,
		0.10138888888888889
	],
	"116": [
		0.402734375,
		0.11770833333333333
	],
	"117": [
		0.6931640625,
		0.1232638888888889
	],
	"118": [
		0.5603515625,
		0.30833333333333335
	],
	"119": [
		0.412109375,
		0.11770833333333333
	],
	"120": [
		0.1517578125,
		0.20729166666666668
	],
	"121": [
		0.2931640625,
		0.15625
	],
	"122": [
		0.4232421875,
		0.10104166666666667
	],
	"123": [
		0.9796875,
		0.15069444444444444
	],
	"124": [
		0.9267578125,
		0.11180555555555556
	],
	"125": [
		0.2591796875,
		0.140625
	],
	"126": [
		0.09453125,
		0.2829861111111111
	],
	"127": [
		0.3962890625,
		0.12048611111111111
	],
	"128": [
		0.1794921875,
		0.19583333333333333
	],
	"129": [
		0.6853515625,
		0.12916666666666668
	],
	"130": [
		0.1505859375,
		0.190625
	],
	"131": [
		0.1466796875,
		0.21006944444444445
	],
	"132": [
		0.678125,
		0.09756944444444444
	],
	"133": [
		0.552734375,
		0.07569444444444444
	],
	"134": [
		0.6111328125,
		0.08368055555555555
	],
	"135": [
		0.311328125,
		0.15104166666666666
	],
	"136": [
		0.1931640625,
		0.15138888888888888
	],
	"137": [
		0.1416015625,
		0.20729166666666668
	],
	"138": [
		0.187109375,
		0.19340277777777778
	],
	"139": [
		0.1767578125,
		0.1986111111111111
	],
	"140": [
		0.2787109375,
		0.1625
	],
	"141": [
		0.6662109375,
		0.11736111111111111
	],
	"142": [
		0.9072265625,
		0.13368055555555555
	],
	"143": [
		0.6482421875,
		0.12118055555555556
	],
	"144": [
		0.8748046875,
		0.10868055555555556
	],
	"145": [
		0.2978515625,
		0.26979166666666665
	],
	"146": [
		0.4115234375,
		0.09826388888888889
	],
	"147": [
		0.137109375,
		0.21006944444444445
	],
	"148": [
		0.312890625,
		0.1371527777777778
	],
	"149": [
		0.3900390625,
		0.41215277777777776
	],
	"150": [
		0.8595703125,
		0.1232638888888889
	],
	"151": [
		0.1529296875,
		0.18229166666666666
	],
	"152": [
		0.882421875,
		0.12256944444444444
	],
	"153": [
		0.901953125,
		0.1482638888888889
	],
	"154": [
		0.0349609375,
		0.5572916666666666
	],
	"155": [
		0.8591796875,
		0.11736111111111111
	],
	"156": [
		0.9072265625,
		0.13958333333333334
	],
	"157": [
		0.6884765625,
		0.12604166666666666
	],
	"158": [
		0.5001953125,
		0.11458333333333333
	],
	"159": [
		0.688671875,
		0.12013888888888889
	],
	"160": [
		0.178125,
		0.17395833333333333
	],
	"161": [
		0.38046875,
		0.12569444444444444
	],
	"162": [
		0.140234375,
		0.18506944444444445
	],