{
	"EighteenYardNorthRearEast": [
		0.08146067415730338,
		0.19030866524270218
	],
	"SixYardNorthForwardEast": [
		0.06601123595505617,
		0.26267956610964527
	],
	"PenaltyCircleNorthWest": [
		0.12921348314606743,
		0.3913389454286552
	],
	"EighteenYardNorthForwardEast": [
		0.38342696629213485,
		0.22247351007245467
	]
}