{
	"PenaltySpotNorth": [
		0.091875,
		0.3263338432299634
	],
	"SixYardNorthForwardEast": [
		0.073125,
		0.2581004032818801
	],
	"EighteenYardNorthRearEast": [
		0.086875,
		0.20470031984424975
	]
}