{
	"CornerNorthWest": [
		0.03932584269662921,
		0.9153035882504068
	],
	"CornerNorthEast": [
		0.9550561797752809,
		0.05896888218787955
	],
	"CornerSouthWest": [
		0.5955056179775281,
		0.9290057377751134
	],
	"CornerSouthEast": [
		0.9283707865168539,
		0.9086568664405076
	]
}