{
	"EighteenYardNorthRearEast": [
		0.3653095624254129,
		0.3654320272405726
	],
	"EighteenYardNorthForwardWest": [
		0.37640449438202245,
		0.6727813376889894
	],
	"EighteenYardNorthRearWest": [
		0.37154523017088864,
		0.551078974497427
	],
	"EighteenYardNorthForwardEast": [
		0.5603932584269663,
		0.6796266164254517
	]
}