{
	"PenaltySpotNorth": [
		0.091875,
		0.3263338432299634
	],
	"SixYardNorthForwardEast": [
		0.073125,
		0.2581004032818801
	],
	"EighteenYardNorthRearEast": [
		0.0898876404494382,
		0.1929890689785149
	],
	"EighteenYardNorthForwardEast": [
		0.39325842696629215,
		0.21979310633664195
	],
	"PenaltyCircleNorthEast": [
		0.30337078651685395,
		0.2868031997319596
	],
	"PenaltyCircleNorthWest": [
		0.13904494382022473,
		0.37494233785404557
	],
	"CornerNorthEast": [
		0.20646067415730338,
		0.13938099426226075
	]
}