{
	"EighteenYardNorthForwardEast": [
		0.4004944375772559,
		0.21953367635470264
	],
	"PenaltyCircleNorthEast": [
		0.3003708281829419,
		0.2848004450006953
	],
	"PenaltyCircleNorthWest": [
		0.1433868974042027,
		0.3856672692717749
	]
}