{
	"CornerNorthWest": [
		0.23595505617977527,
		0.17154583909201324
	],
	"CornerNorthEast": [
		0.6825842696629213,
		0.20371068392176572
	]
}