{
	"0": [
		0.934375,
		0.10451388888888889
	],
	"1": [
		0.936328125,
		0.11666666666666667
	],
	"2": [
		0.6849609375,
		0.10451388888888889
	],
	"3": [
		0.387890625,
		0.12048611111111111
	],
	"4": [
		0.7134765625,
		0.10451388888888889
	],
	"5": [
		0.6126953125,
		0.08888888888888889
	],
	"6": [
		0.46796875,
		0.078125
	],
	"7": [
		0.9052734375,
		0.11840277777777777
	],
	"8": [
		0.684375,
		0.115625
	],
	"9": [
		0.3935546875,
		0.11180555555555556
	],
	"10": [
		0.897265625,
		0.14305555555555555
	],
	"11": [
		0.905078125,
		0.1295138888888889
	],
	"12": [
		0.6791015625,
		0.1267361111111111
	],
	"13": [
		0.1908203125,
		0.1795138888888889
	],
	"14": [
		0.5642578125,
		0.06631944444444444
	],
	"15": [
		0.141015625,
		0.20277777777777778
	],
	"16": [
		0.3115234375,
		0.13784722222222223
	],
	"17": [
		0.27890625,
		0.14930555555555555
	],
	"18": [
		0.3068359375,
		0.1486111111111111
	],
	"19": [
		0.1177734375,
		0.18368055555555557
	],
	"20": [
		0.7515625,
		0.08125
	],
	"21": [
		0.7255859375,
		0.08055555555555556
	],
	"22": [
		0.2732421875,
		0.1607638888888889
	],
	"23": [
		0.255859375,
		0.1701388888888889
	],
	"24": [
		0.149609375,
		0.19166666666666668
	],
	"25": [
		0.2533203125,
		0.1440972222222222
	],
	"26": [
		0.25859375,
		0.16319444444444445
	],
	"27": [
		0.8208984375,
		0.09166666666666666
	],
	"28": [
		0.1181640625,
		0.8888888888888888
	],
	"29": [
		0.666015625,
		0.12256944444444444
	],
	"30": [
		0.8931640625,
		0.11423611111111111
	],
	"31": [
		0.1185546875,
		0.21770833333333334
	],
	"32": [
		0.156640625,
		0.8979166666666667
	],
	"33": [
		0.369140625,
		0.1284722222222222
	],
	"34": [
		0.4109375,
		0.9520833333333333
	],
	"35": [
		0.6771484375,
		0.11979166666666667
	],
	"36": [
		0.180859375,
		0.18854166666666666
	],
	"37": [
		0.4162109375,
		0.109375
	],
	"38": [
		0.818359375,
		0.08402777777777778
	],
	"39": [
		0.8205078125,
		0.10104166666666667
	],
	"40": [
		0.8953125,
		0.13472222222222222
	],
	"41": [
		0.91953125,
		0.09131944444444444
	],
	"42": [
		0.371875,
		0.12256944444444444
	],
	"43": [
		0.26484375,
		0.12569444444444444
	],
	"44": [
		0.592578125,
		0.06909722222222223
	],
	"45": [
		0.1267578125,
		0.8920138888888889
	],
	"46": [
		0.1359375,
		0.178125
	],
	"47": [
		0.6009765625,
		0.33125
	],
	"48": [
		0.7259765625,
		0.08958333333333333
	],
	"49": [
		0.457421875,
		0.9625
	],
	"50": [
		0.289453125,
		0.1545138888888889
	],
	"51": [
		0.165234375,
		0.19652777777777777
	],
	"52": [
		0.9328125,
		0.09791666666666667
	],
	"53": [
		0.1978515625,
		0.1857638888888889
	],
	"54": [
		0.673828125,
		0.09965277777777778
	],
	"55": [
		0.7080078125,
		0.12777777777777777
	],
	"56": [
		0.257421875,
		0.14722222222222223
	],
	"57": [
		0.601171875,
		0.3628472222222222
	],
	"58": [
		0.8796875,
		0.14479166666666668
	],
	"59": [
		0.3,
		0.9263888888888889
	],
	"60": [
		0.156640625,
		0.5673611111111111
	],
	"61": [
		0.0255859375,
		0.8736111111111111
	],
	"62": [
		0.6001953125,
		0.3298611111111111
	],
	"63": [
		0.42578125,
		0.10034722222222223
	],
	"64": [
		0.16875,
		0.19930555555555557
	],
	"65": [
		0.4111328125,
		0.9520833333333333
	],
	"66": [
		0.2626953125,
		0.13854166666666667
	],
	"67": [
		0.456640625,
		0.9635416666666666
	],
	"68": [
		0.603515625,
		0.334375
	],
	"69": [
		0.02421875,
		0.8725694444444444
	],
	"70": [
		0.635546875,
		0.08784722222222222
	],
	"71": [
		0.6970703125,
		0.22916666666666666
	],
	"72": [
		0.949609375,
		0.14027777777777778
	],
	"73": [
		0.192578125,
		0.19618055555555555
	],
	"74": [
		0.1291015625,
		0.18055555555555555
	],
	"75": [
		0.4125,
		0.9524305555555556
	],
	"76": [
		0.68203125,
		0.10416666666666667
	],
	"77": [
		0.3767578125,
		0.128125
	],
	"78": [
		0.12421875,
		0.2048611111111111
	],
	"79": [
		0.1994140625,
		0.19131944444444443
	],
	"80": [
		0.1732421875,
		0.1857638888888889
	],
	"81": [
		0.262890625,
		0.16875
	],
	"82": [
		0.4474609375,
		0.9597222222222223
	],
	"83": [
		0.433203125,
		0.1125
	],
	"84": [
		0.129296875,
		0.21388888888888888
	],
	"85": [
		0.605859375,
		0.3579861111111111
	],
	"86": [
		0.297265625,
		0.14652777777777778
	],
	"87": [
		0.6603515625,
		0.10173611111111111
	],
	"88": [
		0.177734375,
		0.19652777777777777
	],
	"89": [
		0.14765625,
		0.5732638888888889
	],
	"90": [
		0.123828125,
		0.18888888888888888
	],
	"91": [
		0.20078125,
		0.17743055555555556
	],
	"92": [
		0.4015625,
		0.11493055555555555
	],
	"93": [
		0.9484375,
		0.14756944444444445
	],
	"94": [
		0.9556640625,
		0.109375
	],
	"95": [
		0.6896484375,
		0.11805555555555555
	],
	"96": [
		0.91796875,
		0.13125
	],
	"97": [
		0.5904296875,
		0.07777777777777778
	],
	"98": [
		0.249609375,
		0.9149305555555556
	],
	"99": [
		0.64765625,
		0.084375
	],
	"100": [
		0.9095703125,
		0.13125
	],
	"101": [
		0.6703125,
		0.10868055555555556
	],
	"102": [
		0.93203125,
		0.13958333333333334
	],
	"103": [
		0.7515625,
		0.08715277777777777
	],
	"104": [
		0.669140625,
		0.10243055555555555
	],
	"105": [
		0.2955078125,
		0.15659722222222222
	],
	"106": [
		0.6650390625,
		0.09305555555555556
	],
	"107": [
		0.409765625,
		0.10694444444444444
	],
	"108": [
		0.8873046875,
		0.11701388888888889
	],
	"109": [
		0.607421875,
		0.3486111111111111
	],
	"110": [
		0.49453125,
		0.08055555555555556
	],
	"111": [
		0.9189453125,
		0.09930555555555555
	],
	"112": [
		0.412890625,
		0.11493055555555555
	],
	"113": [
		0.70859375,
		0.12083333333333333
	],
	"114": [
		0.5744140625,
		0.30868055555555557
	],
	"115": [
		0.4248046875,
		0.11458333333333333
	],
	"116": [
		0.1583984375,
		0.20590277777777777
	],
	"117": [
		0.30234375,
		0.15381944444444445
	],
	"118": [
		0.433984375,
		0.09861111111111111
	],
	"119": [
		0.9453125,
		0.10694444444444444
	],
	"120": [
		0.2677734375,
		0.13819444444444445
	],
	"121": [
		0.1005859375,
		0.2815972222222222
	],
	"122": [
		0.40546875,
		0.11770833333333333
	],
	"123": [
		0.1890625,
		0.19340277777777778
	],
	"124": [
		0.7013671875,
		0.12708333333333333
	],
	"125": [
		0.1576171875,
		0.1892361111111111
	],
	"126": [
		0.1544921875,
		0.20833333333333334
	],
	"127": [
		0.69296875,
		0.09479166666666666
	],
	"128": [
		0.5658203125,
		0.07152777777777777
	],
	"129": [
		0.6251953125,
		0.08020833333333334
	],
	"130": [
		0.3203125,
		0.14895833333333333
	],
	"131": [
		0.2005859375,
		0.14895833333333333
	],
	"132": [
		0.1498046875,
		0.20555555555555555
	],
	"133": [
		0.1951171875,
		0.1909722222222222
	],
	"134": [
		0.1861328125,
		0.196875
	],
	"135": [
		0.2876953125,
		0.16041666666666668
	],
	"136": [
		0.6802734375,
		0.11423611111111111
	],
	"137": [
		0.9275390625,
		0.13090277777777778
	],
	"138": [
		0.662890625,
		0.11875
	],
	"139": [
		0.8939453125,
		0.10520833333333333
	],
	"140": [
		0.3080078125,
		0.26875
	],
	"141": [
		0.4234375,
		0.0954861111111111
	],
	"142": [
		0.1447265625,
		0.20833333333333334
	],
	"143": [
		0.321484375,
		0.13506944444444444
	],
	"144": [
		0.39921875,
		0.41388888888888886
	],
	"145": [
		0.879296875,
		0.12256944444444444
	],
	"146": [
		0.1607421875,
		0.18055555555555555
	],
	"147": [
		0.9001953125,
		0.11944444444444445
	],
	"148": [
		0.9212890625,
		0.14652777777777778
	],
	"149": [
		0.034765625,
		0.5583333333333333
	],
	"150": [
		0.8783203125,
		0.11631944444444445
	],
	"151": [
		0.926953125,
		0.1371527777777778
	],
	"152": [
		0.704296875,
		0.1232638888888889
	],
	"153": [
		0.512109375,
		0.11180555555555556
	],
	"154": [
		0.7046875,
		0.11701388888888889
	],
	"155": [
		0.1873046875,
		0.17118055555555556
	],
	"156": [
		0.3916015625,
		0.12222222222222222
	],
	"157": [
		0.1482421875,
		0.18333333333333332
	],
	"158": [
		0.6904296875,
		0.1295138888888889
	],
	"159": [
		0.200390625,
		0.5395833333333333
	],
	"160": [
		0.9515625,
		0.14618055555555556
	],
	"161": [
		0.5857421875,
		0.06840277777777778
	],
	"162": [
		0.2755859375,
		0.16631944444444444
	],