{
	"0": [
		0.578125,
		0.002777777777777778
	],
	"1": [
		0.48125,
		0.005555555555555556
	],
	"2": [
		0.5,
		0.005555555555555556
	],
	"3": [
		0.128125,
		0.03333333333333333
	],
	"4": [
		0.4265625,
		0.04722222222222222
	],
	"5": [
		0.5265625,
		0.04722222222222222
	],
	"6": [
		0.475,
		0.05277777777777778
	],
	"7": [
		0.5703125,
		0.05277777777777778
	],
	"8": [
		0.6625,
		0.05555555555555555
	],
	"9": [
		0.690625,
		0.06944444444444445
	],
	"10": [
		0.609375,
		0.07222222222222222
	],
	"11": [
		0.9390625,
		0.07222222222222222
	],
	"12": [
		0.7421875,
		0.07777777777777778
	],
	"13": [
		0.15,
		0.08333333333333333
	],
	"14": [
		0.4140625,
		0.08333333333333333
	],
	"15": [
		0.49375,
		0.08333333333333333
	],
	"16": [
		0.4328125,
		0.09722222222222222
	],
	"17": [
		0.86875,
		0.10555555555555556
	],
	"18": [
		0.359375,
		0.10833333333333334
	],
	"19": [
		0.6671875,
		0.1111111111111111
	],
	"20": [
		0.925,
		0.11388888888888889
	],
	"21": [
		0.490625,
		0.12222222222222222
	],
	"22": [
		0.321875,
		0.125
	],
	"23": [
		0.584375,
		0.12777777777777777
	],
	"24": [
		0.0890625,
		0.14166666666666666
	],
	"25": [
		0.8046875,
		0.14166666666666666
	],
	"26": [
		0.6921875,
		0.14722222222222223
	],
	"27": [
		0.93125,
		0.1638888888888889
	],
	"28": [
		0.978125,
		0.1638888888888889
	],
	"29": [
		0.3875,
		0.16666666666666666
	],
	"30": [
		0.4203125,
		0.16666666666666666
	],
	"31": [
		0.6125,
		0.18611111111111112
	],
	"32": [
		0.059375,
		0.20277777777777778
	],
	"33": [
		0.08125,
		0.20555555555555555
	],
	"34": [
		0.5734375,
		0.2361111111111111
	],
	"35": [
		0.3328125,
		0.2388888888888889
	],
	"36": [
		0.609375,
		0.2388888888888889
	],
	"37": [
		0.478125,
		0.26666666666666666
	],
	"38": [
		0.5046875,
		0.2722222222222222
	],
	"39": [
		0.478125,
		0.3
	],
	"40": [
		0.29375,
		0.3277777777777778
	],
	"41": [
		0.25,
		0.3416666666666667
	],
	"42": [
		0.146875,
		0.35833333333333334
	],
	"43": [
		0.4140625,
		0.36666666666666664
	],
	"44": [
		0.3890625,
		0.375
	],
	"45": [
		0.7375,
		0.38055555555555554
	],
	"46": [
		0.7375,
		0.41388888888888886
	],
	"47": [
		0.040625,
		0.4222222222222222
	],
	"48": [
		0.6109375,
		0.4222222222222222
	],
	"49": [
		0.6484375,
		0.4222222222222222
	],
	"50": [
		0.428125,
		0.48333333333333334
	],
	"51": [
		0.6515625,
		0.5777777777777777
	],
	"52": [
		0.653125,
		0.6194444444444445
	],
	"53": [
		0.3484375,
		0.6305555555555555
	],
	"54": [
		0.3484375,
		0.6666666666666666
	],
	"55": [
		0.775,
		0.6722222222222223
	],
	"56": [
		0.7140625,
		0.7027777777777777
	],
	"57": [
		0.7859375,
		0.7333333333333333
	],
	"58": [
		0.76875,
		0.7361111111111112
	],
	"59": [
		0.5140625,
		0.7416666666666667
	],
	"60": [
		0.521875,
		0.7833333333333333
	],
	"61": [
		0.0375,
		0.8083333333333333
	],
	"62": [
		0.1203125,
		0.8222222222222222
	],
	"63": [
		0.1734375,
		0.825
	],
	"64": [
		0.190625,
		0.8277777777777777
	],
	"65": [
		0.209375,
		0.8361111111111111
	],
	"66": [
		0.2421875,
		0.8361111111111111
	],
	"67": [
		0.275,
		0.8472222222222222
	],
	"68": [
		0.3234375,
		0.85
	],
	"69": [
		0.3578125,
		0.8555555555555555
	],
	"70": [
		0.20625,
		0.8694444444444445
	],
	"71": [
		0.240625,
		0.8694444444444445
	],
	"72": [
		0.484375,
		0.8777777777777778
	],
	"73": [
		0.30625,
		0.8833333333333333
	],
	"74": [
		0.578125,
		0.8944444444444445
	],
	"75": [
		0.3890625,
		0.8972222222222223
	],
	"76": [
		0.6,
		0.9027777777777778
	],
	"77": [
		0.428125,
		0.9055555555555556
	],
	"78": [
		0.63125,
		0.9083333333333333
	],
	"79": [
		0.478125,
		0.9138888888888889
	],
	"80": [
		0.5140625,
		0.9222222222222223
	],
	"81": [
		0.703125,
		0.9222222222222223
	],
	"82": [
		0.725,
		0.9277777777777778
	],
	"83": [
		0.325,
		0.9305555555555556
	],
	"84": [
		0.7421875,
		0.9305555555555556
	],
	"85": [
		0.575,
		0.9333333333333333
	],
	"86": [
		0.7671875,
		0.9361111111111111
	],
	"87": [
		0.6140625,
		0.9416666666666667
	],
	"88": [
		0.8078125,
		0.9444444444444444
	],
	"89": [
		0.2734375,
		0.9527777777777777
	],
	"90": [
		0.6703125,
		0.9527777777777777
	],
	"91": [
		0.8734375,
		0.9583333333333334
	],
	"92": [
		0.3390625,
		0.9611111111111111
	],
	"93": [
		0.7078125,
		0.9611111111111111
	],
	"94": [
		0.1390625,
		0.9638888888888889
	],
	"95": [
		0.18125,
		0.9638888888888889
	],
	"96": [
		0.934375,
		0.9722222222222222
	],
	"97": [
		0.8125,
		0.9833333333333333
	],
	"98": [
		0.9828125,
		0.9861111111111112
	]
}