{
	"SixYardNorthForwardEast": [
		0.07303370786516854,
		0.25685026293938557
	],
	"EighteenYardNorthRearEast": [
		0.0997191011235955,
		0.19189962173632255
	],
	"EighteenYardNorthForwardEast": [
		0.3960674157303371,
		0.21847033859212103
	],
	"PenaltyCircleNorthEast": [
		0.29353932584269665,
		0.27751637604945106
	],
	"PenaltyCircleNorthWest": [
		0.13202247191011235,
		0.38084694159977855
	],
	"PenaltySpotNorth": [
		0.09129213483146068,
		0.3306578097610481
	]
}