{
	"EighteenYardNorthForwardEast": [
		0.06427688504326329,
		0.24030037546933666
	],
	"CenterCircleEast": [
		0.7453646477132262,
		0.32040050062578224
	],
	"CenterCircleWest": [
		0.7428924598269468,
		0.468734065730311
	],
	"CenterLineWest": [
		0.7404202719406675,
		0.8544013350020859
	],
	"CenterLineEast": [
		0.7453646477132262,
		0.19876697724006862
	]
}