{
	"0": [
		0.5556640625,
		0.04201388888888889
	],
	"1": [
		0.3912109375,
		0.03923611111111111
	],
	"2": [
		0.728125,
		0.05
	],
	"3": [
		0.66796875,
		0.052083333333333336
	],
	"4": [
		0.2724609375,
		0.036458333333333336
	],
	"5": [
		0.4736328125,
		0.043402777777777776
	],
	"6": [
		0.9259765625,
		0.0642361111111111
	],
	"7": [
		0.466796875,
		0.03159722222222222
	],
	"8": [
		0.412890625,
		0.03958333333333333
	],
	"9": [
		0.091796875,
		0.09513888888888888
	],
	"10": [
		0.6314453125,
		0.03923611111111111
	],
	"11": [
		0.3029296875,
		0.09618055555555556
	],
	"12": [
		0.6392578125,
		0.05173611111111111
	],
	"13": [
		0.90703125,
		0.06875
	],
	"14": [
		0.546484375,
		0.035416666666666666
	],
	"15": [
		0.3318359375,
		0.033680555555555554
	],
	"16": [
		0.4953125,
		0.04513888888888889
	],
	"17": [
		0.6685546875,
		0.043055555555555555
	],
	"18": [
		0.7578125,
		0.05243055555555556
	],
	"19": [
		0.7578125,
		0.05243055555555556
	],
	"20": [
		0.6744140625,
		0.04097222222222222
	],
	"21": [
		0.8267578125,
		0.0625
	],
	"22": [
		0.848828125,
		0.06145833333333333
	],
	"23": [
		0.9029296875,
		0.05
	],
	"24": [
		0.7185546875,
		0.041666666666666664
	],
	"25": [
		0.2947265625,
		0.10138888888888889
	],
	"26": [
		0.3078125,
		0.03298611111111111
	],
	"27": [
		0.588671875,
		0.03819444444444445
	],
	"28": [
		0.63515625,
		0.05625
	],
	"29": [
		0.5791015625,
		0.04861111111111111
	],
	"30": [
		0.7603515625,
		0.044444444444444446
	],
	"31": [
		0.501171875,
		0.034027777777777775
	],
	"32": [
		0.72109375,
		0.057291666666666664
	],
	"33": [
		0.1095703125,
		0.10243055555555555
	],
	"34": [
		0.11015625,
		0.10034722222222223
	],
	"35": [
		0.63515625,
		0.06354166666666666
	],
	"36": [
		0.6974609375,
		0.033680555555555554
	],
	"37": [
		0.3103515625,
		0.03888888888888889
	],
	"38": [
		0.85390625,
		0.042708333333333334
	],
	"39": [
		0.5501953125,
		0.05659722222222222
	],
	"40": [
		0.9041015625,
		0.050694444444444445
	],
	"41": [
		0.810546875,
		0.04027777777777778
	],
	"42": [
		0.4693359375,
		0.04861111111111111
	],
	"43": [
		0.813671875,
		0.06840277777777778
	],
	"44": [
		0.275390625,
		0.03680555555555556
	],
	"45": [
		0.2384765625,
		0.10798611111111112
	],
	"46": [
		0.3826171875,
		0.03923611111111111
	],
	"47": [
		0.0513671875,
		0.09236111111111112
	],
	"48": [
		0.9029296875,
		0.05
	],
	"49": [
		0.466015625,
		0.046875
	],
	"50": [
		0.6361328125,
		0.058680555555555555
	],
	"51": [
		0.589453125,
		0.05486111111111111
	],
	"52": [
		0.7240234375,
		0.06215277777777778
	],
	"53": [
		0.8556640625,
		0.06145833333333333
	],
	"54": [
		0.810546875,
		0.04756944444444444
	],
	"55": [
		0.8099609375,
		0.050347222222222224
	],
	"56": [
		0.7564453125,
		0.050347222222222224
	],
	"57": [
		0.57734375,
		0.03958333333333333
	],
	"58": [
		0.908203125,
		0.06805555555555555
	],
	"59": [
		0.814453125,
		0.06041666666666667
	],
	"60": [
		0.6392578125,
		0.05763888888888889
	],
	"61": [
		0.6755859375,
		0.059027777777777776
	],
	"62": [
		0.31015625,
		0.034027777777777775
	],
	"63": [
		0.636328125,
		0.043402777777777776
	],
	"64": [
		0.489453125,
		0.033680555555555554
	],
	"65": [
		0.5517578125,
		0.05486111111111111
	],
	"66": [
		0.0931640625,
		0.09513888888888888
	],
	"67": [
		0.293359375,
		0.10451388888888889
	],
	"68": [
		0.5048828125,
		0.04722222222222222
	],
	"69": [
		0.813671875,
		0.06805555555555555
	],
	"70": [
		0.8494140625,
		0.05486111111111111
	],
	"71": [
		0.9044921875,
		0.050347222222222224
	],
	"72": [
		0.7392578125,
		0.9385416666666667
	],
	"73": [
		0.636328125,
		0.05555555555555555
	],
	"74": [
		0.8583984375,
		0.9583333333333334
	],
	"75": [
		0.2140625,
		0.10520833333333333
	],
	"76": [
		0.725,
		0.06354166666666666
	],
	"77": [
		0.2939453125,
		0.040625
	],
	"78": [
		0.7638671875,
		0.06388888888888888
	],
	"79": [
		0.3119140625,
		0.036458333333333336
	],
	"80": [
		0.3017578125,
		0.10173611111111111
	],
	"81": [
		0.7458984375,
		0.06284722222222222
	],
	"82": [
		0.85390625,
		0.06493055555555556
	],
	"83": [
		0.8349609375,
		0.06736111111111111
	],
	"84": [
		0.5544921875,
		0.03888888888888889
	],
	"85": [
		0.1095703125,
		0.096875
	],
	"86": [
		0.4240234375,
		0.04479166666666667
	],
	"87": [
		0.8939453125,
		0.03090277777777778
	],
	"88": [
		0.190234375,
		0.846875
	],
	"89": [
		0.814453125,
		0.06076388888888889
	],
	"90": [
		0.8591796875,
		0.9611111111111111
	],
	"91": [
		0.8041015625,
		0.95
	],
	"92": [
		0.388671875,
		0.043055555555555555
	],
	"93": [
		0.8240234375,
		0.9555555555555556
	],
	"94": [
		0.7205078125,
		0.04618055555555556
	],
	"95": [
		0.933984375,
		0.06666666666666667
	],
	"96": [
		0.4708984375,
		0.050347222222222224
	],
	"97": [
		0.3859375,
		0.03611111111111111
	],
	"98": [
		0.893359375,
		0.9663194444444444
	],
	"99": [
		0.2974609375,
		0.10347222222222222
	],
	"100": [
		0.38828125,
		0.03958333333333333
	],
	"101": [
		0.3427734375,
		0.03784722222222222
	],
	"102": [
		0.469140625,
		0.043055555555555555
	],
	"103": [
		0.5509765625,
		0.046875
	],
	"104": [
		0.0466796875,
		0.09131944444444444
	],
	"105": [
		0.1099609375,
		0.8888888888888888
	],
	"106": [
		0.6751953125,
		0.059027777777777776
	],
	"107": [
		0.5529296875,
		0.043402777777777776
	],
	"108": [
		0.8892578125,
		0.9666666666666667
	],
	"109": [
		0.1431640625,
		0.10416666666666667
	],
	"110": [
		0.6779296875,
		0.06111111111111111
	],
	"111": [
		0.2966796875,
		0.10138888888888889
	],
	"112": [
		0.0830078125,
		0.09513888888888888
	],
	"113": [
		0.5546875,
		0.05173611111111111
	],
	"114": [
		0.65703125,
		0.05798611111111111
	],
	"115": [
		0.1830078125,
		0.8454861111111112
	],
	"116": [
		0.7244140625,
		0.05555555555555555
	],
	"117": [
		0.3873046875,
		0.04097222222222222
	],
	"118": [
		0.4736328125,
		0.04375
	],
	"119": [
		0.771875,
		0.9451388888888889
	],
	"120": [
		0.8939453125,
		0.03125
	],
	"121": [
		0.0962890625,
		0.10173611111111111
	],
	"122": [
		0.9126953125,
		0.051041666666666666
	],
	"123": [
		0.1087890625,
		0.10347222222222222
	],
	"124": [
		0.1419921875,
		0.10520833333333333
	],
	"125": [
		0.7244140625,
		0.05590277777777778
	],
	"126": [
		0.8353515625,
		0.051041666666666666
	],
	"127": [
		0.298046875,
		0.04618055555555556
	],
	"128": [
		0.7640625,
		0.06354166666666666
	],
	"129": [
		0.93359375,
		0.05277777777777778
	],
	"130": [
		0.2990234375,
		0.10277777777777777
	],
	"131": [
		0.39140625,
		0.04097222222222222
	],
	"132": [
		0.505078125,
		0.050347222222222224
	],
	"133": [
		0.3130859375,
		0.035069444444444445
	],
	"134": [
		0.46875,
		0.04236111111111111
	],
	"135": [
		0.7580078125,
		0.06319444444444444
	],
	"136": [
		0.15234375,
		0.8409722222222222
	],
	"137": [
		0.109765625,
		0.103125
	],
	"138": [
		0.5591796875,
		0.053125
	],
	"139": [
		0.819140625,
		0.04826388888888889
	],
	"140": [
		0.0451171875,
		0.08923611111111111
	],
	"141": [
		0.2953125,
		0.10138888888888889
	],
	"142": [
		0.4244140625,
		0.04513888888888889
	],
	"143": [
		0.1869140625,
		0.8447916666666667
	],
	"144": [
		0.1095703125,
		0.096875
	],
	"145": [
		0.2173828125,
		0.10659722222222222
	],
	"146": [
		0.766015625,
		0.03680555555555556
	],
	"147": [
		0.06953125,
		0.9302083333333333
	],
	"148": [
		0.109375,
		0.10069444444444445
	],
	"149": [
		0.5294921875,
		0.9006944444444445
	],
	"150": [
		0.233984375,
		0.8541666666666666
	],
	"151": [
		0.40625,
		0.8809027777777778
	],
	"152": [
		0.281640625,
		0.240625
	],
	"153": [
		0.728515625,
		0.044097222222222225
	],
	"154": [
		0.6732421875,
		0.034375
	],
	"155": [
		0.34375,
		0.04027777777777778
	],
	"156": [
		0.850390625,
		0.06666666666666667
	],
	"157": [
		0.90625,
		0.06979166666666667
	],
	"158": [
		0.5833984375,
		0.05555555555555555
	],
	"159": [
		0.757421875,
		0.059722222222222225
	],
	"160": [
		0.8291015625,
		0.049305555555555554
	],
	"161": [
		0.30234375,
		0.05486111111111111
	],