{
	"SixYardNorthForwardEast": [
		0.0800561797752809,
		0.26267956610964527
	],
	"EighteenYardNorthForwardEast": [
		0.39747191011235955,
		0.201030280185953
	],
	"PenaltyCircleNorthWest": [
		0.13202247191011235,
		0.38061733048540436
	],
	"CornerNorthEast": [
		0.19382022471910113,
		0.12865937931900992
	]
}