{
	"CornerNorthWest": [
		0.10533707865168539,
		0.11235762610259485
	],
	"CornerNorthEast": [
		0.8539325842696629,
		0.15894493448659758
	],
	"CornerSouthWest": [
		0.07724719101123595,
		0.9207844480602895
	],
	"CornerSouthEast": [
		0.8778089887640449,
		0.8741971396762868
	]
}