{
	"CornerNorthWest": [
		0.30196629213483145,
		0.4165453455510833
	],
	"CornerNorthEast": [
		0.7173601147776184,
		0.26034084096942706
	],
	"CornerSouthWest": [
		0.5716292134831461,
		0.8961205789158174
	],
	"CornerSouthEast": [
		0.7216642754662841,
		0.844052410721932
	]
}