{
	"0": [
		0.3921875,
		0.15
	],
	"1": [
		0.334375,
		0.18888888888888888
	],
	"2": [
		0.28125,
		0.2222222222222222
	],
	"3": [
		0.2234375,
		0.2611111111111111
	],
	"4": [
		0.1140625,
		0.3277777777777778
	],
	"5": [
		0.05625,
		0.36666666666666664
	],
	"6": [
		0.225,
		0.25833333333333336
	],
	"7": [
		0.1671875,
		0.29444444444444445
	],
	"8": [
		0.0359375,
		0.002777777777777778
	],
	"9": [
		0.0578125,
		0.1
	],
	"10": [
		0.2796875,
		0.2972222222222222
	],
	"11": [
		0.221875,
		0.31666666666666665
	],
	"12": [
		0.1140625,
		0.10277777777777777
	],
	"13": [
		0.05625,
		0.08888888888888889
	],
	"14": [
		0.446875,
		0.08055555555555556
	],
	"15": [
		0.3890625,
		0.06666666666666667
	],
	"16": [
		0.225,
		0.10555555555555556
	],
	"17": [
		0.1671875,
		0.11944444444444445
	],
	"18": [
		0.225,
		0.31666666666666665
	],
	"19": [
		0.1671875,
		0.33055555555555555
	],
	"20": [
		0.446875,
		0.8861111111111111
	],
	"21": [
		0.3890625,
		0.8722222222222222
	],
	"22": [
		0.8359375,
		0.9583333333333334
	],
	"23": [
		0.778125,
		0.9444444444444444
	],
	"24": [
		0.946875,
		0.9833333333333333
	],
	"25": [
		0.8890625,
		0.9694444444444444
	],
	"26": [
		0.6140625,
		0.9138888888888889
	],
	"27": [
		0.55625,
		0.9027777777777778
	],
	"28": [
		0.1140625,
		0.8305555555555556
	],
	"29": [
		0.05625,
		0.8222222222222222
	],
	"30": [
		0.225,
		0.8472222222222222
	],
	"31": [
		0.1671875,
		0.8388888888888889
	],
	"32": [
		0.3359375,
		0.8638888888888889
	],
	"33": [
		0.278125,
		0.8555555555555555
	],
	"34": [
		0.5578125,
		0.9027777777777778
	],
	"35": [
		0.5,
		0.8944444444444445
	],
	"36": [
		0.725,
		0.08888888888888889
	],
	"37": [
		0.6671875,
		0.09444444444444444
	],
	"38": [
		0.05625,
		0.3638888888888889
	],
	"39": [
		0.0015625,
		0.3972222222222222
	],
	"40": [
		0.7234375,
		0.9361111111111111
	],
	"41": [
		0.6671875,
		0.9222222222222223
	],
	"42": [
		0.7796875,
		0.9472222222222222
	],
	"43": [
		0.7234375,
		0.9333333333333333
	],
	"44": [
		0.390625,
		0.875
	],
	"45": [
		0.334375,
		0.8638888888888889
	],
	"46": [
		0.66875,
		0.925
	],
	"47": [
		0.6125,
		0.9138888888888889
	],
	"48": [
		0.890625,
		0.9694444444444444
	],
	"49": [
		0.834375,
		0.9583333333333334
	],
	"50": [
		0.0578125,
		0.1
	],
	"51": [
		0.003125,
		0.125
	],
	"52": [
		0.0578125,
		0.825
	],
	"53": [
		0.0015625,
		0.8166666666666667
	],
	"54": [
		0.16875,
		0.8388888888888889
	],
	"55": [
		0.1125,
		0.8305555555555556
	],
	"56": [
		0.2796875,
		0.8555555555555555
	],
	"57": [
		0.2234375,
		0.8472222222222222
	],
	"58": [
		0.5015625,
		0.8916666666666667
	],
	"59": [
		0.4453125,
		0.8833333333333333
	],
	"60": [
		0.390625,
		0.06944444444444445
	],
	"61": [
		0.334375,
		0.06388888888888888
	],
	"62": [
		0.5015625,
		0.07777777777777778
	],
	"63": [
		0.4453125,
		0.07222222222222222
	],
	"64": [
		0.0546875,
		0.002777777777777778
	],
	"65": [
		0.05625,
		0.10277777777777777
	],
	"66": [
		0.2796875,
		0.11388888888888889
	],
	"67": [
		0.2234375,
		0.11388888888888889
	],
	"68": [
		0.65,
		0.6944444444444444
	],
	"69": [
		0.6625,
		0.7916666666666666
	],
	"70": [
		0.328125,
		0.25555555555555554
	],
	"71": [
		0.278125,
		0.3
	],
	"72": [
		0.165625,
		0.2972222222222222
	],
	"73": [
		0.1125,
		0.3277777777777778
	],
	"74": [
		0.1140625,
		0.10277777777777777
	],
	"75": [
		0.16875,
		0.11666666666666667
	],
	"76": [
		1,
		0.9944444444444445
	],
	"77": [
		0.9453125,
		0.9805555555555555
	],
	"78": [
		0.65,
		0.6944444444444444
	],
	"79": [
		0.6265625,
		0.7833333333333333
	],
	"80": [
		0.2234375,
		0.10277777777777777
	],
	"81": [
		0.2734375,
		0.12777777777777777
	],
	"82": [
		0.665625,
		0.002777777777777778
	],
	"83": [
		0.6140625,
		0.002777777777777778
	],
	"84": [
		0.63125,
		0.7333333333333333
	],
	"85": [
		0.66875,
		0.7916666666666666
	],
	"86": [
		0.4953125,
		0.9305555555555556
	],
	"87": [
		0.446875,
		0.9222222222222223
	],
	"88": [
		0.3234375,
		0.19722222222222222
	],
	"89": [
		0.278125,
		0.225
	],
	"90": [
		0.3359375,
		0.13333333333333333
	],
	"91": [
		0.2890625,
		0.13333333333333333
	],
	"92": [
		0.3359375,
		0.075
	],
	"93": [
		0.290625,
		0.05555555555555555
	],
	"94": [
		0.490625,
		0.06111111111111111
	],
	"95": [
		0.4453125,
		0.08055555555555556
	],
	"96": [
		0.05625,
		0.005555555555555556
	],
	"97": [
		0.034375,
		0.07777777777777778
	],
	"98": [
		0.284375,
		0.21944444444444444
	],
	"99": [
		0.3265625,
		0.25
	],
	"100": [
		0.6671875,
		0.7166666666666667
	],
	"101": [
		0.625,
		0.7388888888888889
	],
	"102": [
		0.2125,
		0.8833333333333333
	],
	"103": [
		0.16875,
		0.875
	],
	"104": [
		1,
		0.10277777777777777
	],
	"105": [
		0.95625,
		0.10277777777777777
	],
	"106": [
		0.3609375,
		0.025
	],
	"107": [
		0.390625,
		0.08055555555555556
	],
	"108": [
		0.55625,
		0.4
	],
	"109": [
		0.5875,
		0.4527777777777778
	],
	"110": [
		0.296875,
		0.03333333333333333
	],
	"111": [
		0.33125,
		0.07777777777777778
	],
	"112": [
		0.184375,
		0.002777777777777778
	],
	"113": [
		0.203125,
		0.06944444444444445
	],
	"114": [
		0.334375,
		0.06388888888888888
	],
	"115": [
		0.29375,
		0.07777777777777778
	],
	"116": [
		0.890625,
		0.1
	],
	"117": [
		0.85,
		0.1111111111111111
	],
	"118": [
		0.2015625,
		0.011111111111111112
	],
	"119": [
		0.175,
		0.06388888888888888
	],
	"120": [
		0.2984375,
		0.2111111111111111
	],
	"121": [
		0.3265625,
		0.2611111111111111
	],
	"122": [
		0.9390625,
		0.002777777777777778
	],
	"123": [
		0.9,
		0.013888888888888888
	],
	"124": [
		0.390625,
		0.9083333333333333
	],
	"125": [
		0.3515625,
		0.9055555555555556
	],
	"126": [
		0.03125,
		0.002777777777777778
	],
	"127": [
		0.05625,
		0.05555555555555555
	],
	"128": [
		0.5890625,
		0.3972222222222222
	],
	"129": [
		0.5609375,
		0.4444444444444444
	],
	"130": [
		0.571875,
		0.6083333333333333
	],
	"131": [
		0.55625,
		0.6694444444444444
	],
	"132": [
		0.1875,
		0.002777777777777778
	],
	"133": [
		0.190625,
		0.06944444444444445
	],
	"134": [
		0.640625,
		0.7277777777777777
	],
	"135": [
		0.6671875,
		0.7722222222222223
	],
	"136": [
		0.0265625,
		0.058333333333333334
	],
	"137": [
		0.0578125,
		0.09166666666666666
	],
	"138": [
		0.5921875,
		0.9472222222222222
	],
	"139": [
		0.55625,
		0.9416666666666667
	],
	"140": [
		0.3140625,
		0.11388888888888889
	],
	"141": [
		0.278125,
		0.11388888888888889
	],
	"142": [
		0.6546875,
		0.7027777777777777
	],
	"143": [
		0.6265625,
		0.7416666666666667
	],
	"144": [
		0.19375,
		0.008333333333333333
	],
	"145": [
		0.18125,
		0.06666666666666667
	],
	"146": [
		0.575,
		0.3472222222222222
	],
	"147": [
		0.55625,
		0.4
	],
	"148": [
		0.3203125,
		0.05
	],
	"149": [
		0.29375,
		0.08888888888888889
	],
	"150": [
		0.5640625,
		0.6027777777777777
	],
	"151": [
		0.5625,
		0.6638888888888889
	],
	"152": [
		0.05625,
		0.058333333333333334
	],
	"153": [
		0.08125,
		0.1
	],
	"154": [
		0.4453125,
		0.05
	],
	"155": [
		0.46875,
		0.09444444444444444
	],
	"156": [
		0.2015625,
		0.011111111111111112
	],
	"157": [
		0.1921875,
		0.06944444444444445
	],
	"158": [
		0.5890625,
		0.39166666666666666
	],
	"159": [
		0.55625,
		0.375
	],
	"160": [
		0.034375,
		0.18055555555555555
	],
	"161": [
		0.0015625,
		0.19444444444444445
	],
	"162": [
		0.290625,
		0.03333333333333333
	],
	"163": [
		0.303125,
		0.08888888888888889
	],
	"164": [
		0.946875,
		0.2111111111111111
	],
	"165": [
		0.9203125,
		0.24722222222222223
	],
	"166": [
		0.6671875,
		0.08888888888888889
	],
	"167": [
		0.634375,
		0.1
	],
	"168": [
		0.6453125,
		0.002777777777777778
	],
	"169": [
		0.6203125,
		0.041666666666666664
	],
	"170": [
		0.584375,
		0.3638888888888889
	],
	"171": [
		0.55625,
		0.39444444444444443
	],
	"172": [
		0.05625,
		0.04722222222222222
	],
	"173": [
		0.0703125,
		0.1
	],
	"174": [
		0.303125,
		0.03333333333333333
	],
	"175": [
		0.29375,
		0.08888888888888889
	],
	"176": [
		0.4421875,
		0.05
	],