{
	"0": [
		0.778125,
		0.2111111111111111
	],
	"1": [
		0.8265625,
		0.3
	],
	"2": [
		0.5546875,
		0.2
	],
	"3": [
		0.5453125,
		0.30833333333333335
	],
	"4": [
		0.3921875,
		0.4444444444444444
	],
	"5": [
		0.334375,
		0.4083333333333333
	],
	"6": [
		0.546875,
		0.6972222222222222
	],
	"7": [
		0.55,
		0.8027777777777778
	],
	"8": [
		0.615625,
		0.21388888888888888
	],
	"9": [
		0.55625,
		0.21666666666666667
	],
	"10": [
		0.725,
		0.43333333333333335
	],
	"11": [
		0.6671875,
		0.4527777777777778
	],
	"12": [
		0.390625,
		0.34444444444444444
	],
	"13": [
		0.334375,
		0.375
	],
	"14": [
		0.725,
		0.35555555555555557
	],
	"15": [
		0.6671875,
		0.3388888888888889
	],
	"16": [
		0.446875,
		0.45555555555555555
	],
	"17": [
		0.3890625,
		0.44166666666666665
	],
	"18": [
		0.446875,
		0.3333333333333333
	],
	"19": [
		0.3890625,
		0.34444444444444444
	],
	"20": [
		0.5453125,
		0.6
	],
	"21": [
		0.5484375,
		0.7027777777777777
	],
	"22": [
		0.3359375,
		0.8333333333333334
	],
	"23": [
		0.278125,
		0.8333333333333334
	],
	"24": [
		0.7796875,
		0.21388888888888888
	],
	"25": [
		0.7234375,
		0.225
	],
	"26": [
		0.66875,
		0.225
	],
	"27": [
		0.6125,
		0.21666666666666667
	],
	"28": [
		0.66875,
		0.4527777777777778
	],
	"29": [
		0.6125,
		0.46111111111111114
	],
	"30": [
		0.5015625,
		0.46111111111111114
	],
	"31": [
		0.4453125,
		0.45555555555555555
	],
	"32": [
		0.7234375,
		0.2222222222222222
	],
	"33": [
		0.6671875,
		0.225
	],
	"34": [
		0.390625,
		0.8361111111111111
	],
	"35": [
		0.334375,
		0.8333333333333334
	],
	"36": [
		0.4453125,
		0.8333333333333334
	],
	"37": [
		0.3890625,
		0.8333333333333334
	],
	"38": [
		1,
		0.8527777777777777
	],
	"39": [
		0.9453125,
		0.85
	],
	"40": [
		0.946875,
		0.85
	],
	"41": [
		0.89375,
		0.8472222222222222
	],
	"42": [
		0.3734375,
		0.32222222222222224
	],
	"43": [
		0.3328125,
		0.38055555555555554
	],
	"44": [
		0.4421875,
		0.14722222222222223
	],
	"45": [
		0.4921875,
		0.17222222222222222
	],
	"46": [
		0.66875,
		0.3388888888888889
	],
	"47": [
		0.6171875,
		0.33055555555555555
	],
	"48": [
		0.390625,
		0.34444444444444444
	],
	"49": [
		0.340625,
		0.32222222222222224
	],
	"50": [
		0.765625,
		0.39166666666666666
	],
	"51": [
		0.7203125,
		0.3527777777777778
	],
	"52": [
		0.10625,
		0.21388888888888888
	],
	"53": [
		0.05625,
		0.21666666666666667
	],
	"54": [
		0.16875,
		0.8361111111111111
	],
	"55": [
		0.11875,
		0.8333333333333334
	],
	"56": [
		0.4890625,
		0.14444444444444443
	],
	"57": [
		0.4515625,
		0.2
	],
	"58": [
		0.765625,
		0.3972222222222222
	],
	"59": [
		0.7234375,
		0.4361111111111111
	],
	"60": [
		0.4453125,
		0.13333333333333333
	],
	"61": [
		0.48125,
		0.18611111111111112
	],
	"62": [
		0.8078125,
		0.3
	],
	"63": [
		0.8359375,
		0.3638888888888889
	],
	"64": [
		0.1578125,
		0.14444444444444443
	],
	"65": [
		0.1125,
		0.14166666666666666
	],
	"66": [
		0.4078125,
		0.7416666666666667
	],
	"67": [
		0.434375,
		0.8055555555555556
	],
	"68": [
		0.55625,
		0.20277777777777778
	],
	"69": [
		0.5265625,
		0.2611111111111111
	],
	"70": [
		0.059375,
		0.14166666666666666
	],
	"71": [
		0.015625,
		0.1388888888888889
	],
	"72": [
		0.34375,
		0.3055555555555556
	],
	"73": [
		0.3796875,
		0.35
	],
	"74": [
		0.38125,
		0.7138888888888889
	],
	"75": [
		0.346875,
		0.7611111111111111
	],
	"76": [
		0.6140625,
		0.46111111111111114
	],
	"77": [
		0.571875,
		0.4638888888888889
	],
	"78": [
		0.0578125,
		0.8388888888888889
	],
	"79": [
		0.015625,
		0.8361111111111111
	],
	"80": [
		0.8765625,
		0.8472222222222222
	],
	"81": [
		0.834375,
		0.8444444444444444
	],
	"82": [
		0.496875,
		0.14722222222222223
	],
	"83": [
		0.465625,
		0.19722222222222222
	],
	"84": [
		0.253125,
		0.125
	],
	"85": [
		0.2765625,
		0.18611111111111112
	],
	"86": [
		0.38125,
		0.7305555555555555
	],
	"87": [
		0.3421875,
		0.7527777777777778
	],
	"88": [
		0.0203125,
		0.625
	],
	"89": [
		0.05,
		0.675
	],
	"90": [
		0.7765625,
		0.8416666666666667
	],
	"91": [
		0.7453125,
		0.8861111111111111
	],
	"92": [
		0.4796875,
		0.1388888888888889
	],
	"93": [
		0.459375,
		0.2
	],
	"94": [
		1,
		0.14166666666666666
	],
	"95": [
		0.9609375,
		0.1527777777777778
	],
	"96": [
		0.0140625,
		0.5
	],
	"97": [
		0.0484375,
		0.5333333333333333
	],
	"98": [
		0.671875,
		0.525
	],
	"99": [
		0.6703125,
		0.5944444444444444
	],
	"100": [
		0.5796875,
		0.4527777777777778
	],
	"101": [
		0.6078125,
		0.5
	],
	"102": [
		0.3640625,
		0.3
	],
	"103": [
		0.35,
		0.3638888888888889
	],
	"104": [
		0.34375,
		0.3
	],
	"105": [
		0.365625,
		0.35555555555555557
	],
	"106": [
		0.38125,
		0.7416666666666667
	],
	"107": [
		0.34375,
		0.7305555555555555
	],
	"108": [
		0.4828125,
		0.3277777777777778
	],
	"109": [
		0.4453125,
		0.3333333333333333
	],
	"110": [
		0.7796875,
		0.8694444444444445
	],
	"111": [
		0.7421875,
		0.8694444444444445
	],
	"112": [
		0.8265625,
		0.3
	],
	"113": [
		0.8359375,
		0.3638888888888889
	],
	"114": [
		0.0484375,
		0.5027777777777778
	],
	"115": [
		0.015625,
		0.5305555555555556
	],
	"116": [
		0.5296875,
		0.21666666666666667
	],
	"117": [
		0.55,
		0.26944444444444443
	],
	"118": [
		0.6140625,
		0.8388888888888889
	],
	"119": [
		0.578125,
		0.8361111111111111
	],
	"120": [
		0.140625,
		0.12777777777777777
	],
	"121": [
		0.1140625,
		0.16944444444444445
	],
	"122": [
		0.4046875,
		0.7722222222222223
	],
	"123": [
		0.434375,
		0.8055555555555556
	],
	"124": [
		0.7515625,
		0.1388888888888889
	],
	"125": [
		0.7578125,
		0.2
	],
	"126": [
		0.6015625,
		0.45
	],
	"127": [
		0.5796875,
		0.49722222222222223
	],
	"128": [
		0.7578125,
		0.14444444444444443
	],
	"129": [
		0.74375,
		0.2
	],
	"130": [
		0.9890625,
		0.12222222222222222
	],
	"131": [
		0.9796875,
		0.18055555555555555
	],
	"132": [
		0.8265625,
		0.3
	],
	"133": [
		0.8171875,
		0.35833333333333334
	],
	"134": [
		0.8109375,
		0.3
	],
	"135": [
		0.8203125,
		0.35833333333333334
	],
	"136": [
		0.3640625,
		0.7111111111111111
	],
	"137": [
		0.3546875,
		0.7694444444444445
	],
	"138": [
		0.3546875,
		0.7111111111111111
	],
	"139": [
		0.3671875,
		0.7666666666666667
	],
	"140": [
		0.38125,
		0.7472222222222222
	],
	"141": [
		0.3546875,
		0.7111111111111111
	],
	"142": [
		0.2703125,
		0.4111111111111111
	],
	"143": [
		0.2484375,
		0.45555555555555555
	],
	"144": [
		0.2796875,
		0.42777777777777776
	],
	"145": [
		0.2484375,
		0.44722222222222224
	],
	"146": [
		0.546875,
		0.3
	],
	"147": [
		0.546875,
		0.35833333333333334
	],
	"148": [
		0.2765625,
		0.8638888888888889
	],
	"149": [
		0.24375,
		0.8638888888888889
	],
	"150": [
		0.55625,
		0.8361111111111111
	],
	"151": [
		0.5234375,
		0.8361111111111111
	],
	"152": [
		0.690625,
		0.7
	],
	"153": [
		0.671875,
		0.7472222222222222
	],
	"154": [
		0.9625,
		0.1361111111111111
	],
	"155": [
		0.9828125,
		0.18055555555555555
	],
	"156": [
		0.3671875,
		0.3
	],
	"157": [
		0.3421875,
		0.33611111111111114
	],
	"158": [
		0.6125,
		0.46111111111111114
	],
	"159": [
		0.5875,
		0.49722222222222223
	],
	"160": [
		0.3734375,
		0.32222222222222224
	],
	"161": [
		0.3421875,
		0.3333333333333333
	],
	"162": [
		0.575,
		0.4527777777777778
	],
	"163": [
		0.5921875,
		0.5
	],
	"164": [
		0.4734375,
		0.19722222222222222
	],
	"165": [
		0.4453125,
		0.2222222222222222
	],
	"166": [
		0.6015625,
		0.45
	],
	"167": [
		0.5734375,
		0.475
	],
	"168": [
		0.9890625,
		0.12222222222222222
	],
	"169": [
		0.9984375,
		0.175
	],
	"170": [
		0.91875,
		0.20555555555555555
	],
	"171": [
		0.8890625,
		0.2222222222222222
	],
	"172": [
		0.9953125,
		0.13333333333333333
	],
	"173": [
		0.971875,
		0.16944444444444445
	],
	"174": [
		0.34375,
		0.7305555555555555
	],
	"175": [
		0.3671875,
		0.7666666666666667
	],
	"176": [
		0.3625,
		0.3
	],
	"177": [
		0.3703125,
		0.3527777777777778
	],
	"178": [
		0.1203125,
		0.11666666666666667
	],
	"179": [
		0.1140625,
		0.16944444444444445
	],
	"180": [
		0.55625,
		0.21666666666666667
	],