{
	"PenaltySpotNorth": [
		0.08653904213849195,
		0.33226817517699203
	],
	"EighteenYardNorthRearEast": [
		0.5533707865168539,
		0.5334003434267286
	],
	"PenaltyCircleNorthWest": [
		0.34691011235955055,
		0.6028945790870943
	],
	"CornerNorthEast": [
		0.2021785990383535,
		0.14743533192430086
	],
	"EighteenYardNorthForwardWest": [
		0.398876404494382,
		0.6714053267106277
	],
	"EighteenYardNorthRearWest": [
		0.39185393258426965,
		0.5414415546341668
	],
	"EighteenYardNorthForwardEast": [
		0.547752808988764,
		0.6861833563680529
	]
}