{
	"0": [
		0.853125,
		0.025
	],
	"1": [
		0.875,
		0.025
	],
	"2": [
		0.659375,
		0.027777777777777776
	],
	"3": [
		0.7859375,
		0.030555555555555555
	],
	"4": [
		0.565625,
		0.07777777777777778
	],
	"5": [
		0.965625,
		0.08611111111111111
	],
	"6": [
		0.5203125,
		0.08888888888888889
	],
	"7": [
		0.60625,
		0.08888888888888889
	],
	"8": [
		0.9375,
		0.125
	],
	"9": [
		0.4171875,
		0.12777777777777777
	],
	"10": [
		0.3109375,
		0.14444444444444443
	],
	"11": [
		0.940625,
		0.16666666666666666
	],
	"12": [
		0.9796875,
		0.16944444444444445
	],
	"13": [
		0.159375,
		0.17222222222222222
	],
	"14": [
		0.903125,
		0.17222222222222222
	],
	"15": [
		0.503125,
		0.18055555555555555
	],
	"16": [
		0.5375,
		0.19166666666666668
	],
	"17": [
		0.7484375,
		0.20277777777777778
	],
	"18": [
		0.8703125,
		0.20555555555555555
	],
	"19": [
		0.1078125,
		0.20833333333333334
	],
	"20": [
		0.8515625,
		0.21944444444444444
	],
	"21": [
		0.81875,
		0.23333333333333334
	],
	"22": [
		0.925,
		0.23333333333333334
	],
	"23": [
		0.9484375,
		0.23333333333333334
	],
	"24": [
		0.2515625,
		0.24166666666666667
	],
	"25": [
		0.3484375,
		0.24166666666666667
	],
	"26": [
		0.7921875,
		0.24444444444444444
	],
	"27": [
		0.85625,
		0.28055555555555556
	],
	"28": [
		0.9203125,
		0.2833333333333333
	],
	"29": [
		0.6859375,
		0.29444444444444445
	],
	"30": [
		0.1015625,
		0.2972222222222222
	],
	"31": [
		0.5484375,
		0.3
	],
	"32": [
		0.7359375,
		0.3
	],
	"33": [
		0.6515625,
		0.30277777777777776
	],
	"34": [
		0.828125,
		0.3055555555555556
	],
	"35": [
		0.8828125,
		0.31666666666666665
	],
	"36": [
		0.9953125,
		0.325
	],
	"37": [
		0.3765625,
		0.3333333333333333
	],
	"38": [
		0.5703125,
		0.33611111111111114
	],
	"39": [
		0.5515625,
		0.34444444444444444
	],
	"40": [
		0.4546875,
		0.38055555555555554
	],
	"41": [
		0.5546875,
		0.3888888888888889
	],
	"42": [
		0.5734375,
		0.39166666666666666
	],
	"43": [
		0.4234375,
		0.3972222222222222
	],
	"44": [
		0.396875,
		0.4083333333333333
	],
	"45": [
		0.65,
		0.4083333333333333
	],
	"46": [
		0.63125,
		0.4166666666666667
	],
	"47": [
		0.2796875,
		0.41944444444444445
	],
	"48": [
		0.6,
		0.4305555555555556
	],
	"49": [
		0.0859375,
		0.43333333333333335
	],
	"50": [
		0.503125,
		0.475
	],
	"51": [
		0.8296875,
		0.49444444444444446
	],
	"52": [
		0.1734375,
		0.5
	],
	"53": [
		0.659375,
		0.5
	],
	"54": [
		0.7953125,
		0.5027777777777778
	],
	"55": [
		0.05,
		0.5055555555555555
	],
	"56": [
		0.4375,
		0.5055555555555555
	],
	"57": [
		0.3046875,
		0.5194444444444445
	],
	"58": [
		0.4,
		0.5222222222222223
	],
	"59": [
		0.690625,
		0.5222222222222223
	],
	"60": [
		0.359375,
		0.525
	],
	"61": [
		0.08125,
		0.5361111111111111
	],
	"62": [
		0.9515625,
		0.5472222222222223
	],
	"63": [
		0.8421875,
		0.5611111111111111
	],
	"64": [
		0.796875,
		0.5638888888888889
	],
	"65": [
		0.915625,
		0.5666666666666667
	],
	"66": [
		0.003125,
		0.5694444444444444
	],
	"67": [
		0.0421875,
		0.5694444444444444
	],
	"68": [
		0.290625,
		0.5722222222222222
	],
	"69": [
		0.89375,
		0.5777777777777777
	],
	"70": [
		0.1484375,
		0.5861111111111111
	],
	"71": [
		0.259375,
		0.5861111111111111
	],
	"72": [
		0.98125,
		0.5916666666666667
	],
	"73": [
		0.18125,
		0.5972222222222222
	],
	"74": [
		0.2140625,
		0.5972222222222222
	],
	"75": [
		0.653125,
		0.6333333333333333
	],
	"76": [
		0.903125,
		0.6444444444444445
	],
	"77": [
		0.88125,
		0.6472222222222223
	],
	"78": [
		0.7796875,
		0.6583333333333333
	],
	"79": [
		0.678125,
		0.6638888888888889
	],
	"80": [
		0.653125,
		0.6694444444444444
	],
	"81": [
		0.840625,
		0.6888888888888889
	],
	"82": [
		0.6671875,
		0.7083333333333334
	],
	"83": [
		0.6296875,
		0.7305555555555555
	],
	"84": [
		0.5640625,
		0.7666666666666667
	],
	"85": [
		0.53125,
		0.7861111111111111
	],
	"86": [
		0.0015625,
		0.7916666666666666
	],
	"87": [
		0.0390625,
		0.7972222222222223
	],
	"88": [
		0.0859375,
		0.8083333333333333
	],
	"89": [
		0.1203125,
		0.8138888888888889
	],
	"90": [
		0.1953125,
		0.8277777777777777
	],
	"91": [
		0.2375,
		0.8361111111111111
	],
	"92": [
		0.44375,
		0.8416666666666667
	],
	"93": [
		0.2859375,
		0.8472222222222222
	],
	"94": [
		0.315625,
		0.8527777777777777
	],
	"95": [
		0.3578125,
		0.8611111111111112
	],
	"96": [
		0.4078125,
		0.8666666666666667
	]
}