{
	"CornerNorthWest": [
		0.08707865168539326,
		0.1608242241487624
	],
	"CornerNorthEast": [
		0.9157303370786517,
		0.0876937569581228
	],
	"CornerSouthEast": [
		0.9185393258426966,
		0.9235248779652308
	],
	"CornerSouthWest": [
		0.09831460674157304,
		0.9070822985355828
	]
}