{
	"0": [
		0.229296875,
		0.10277777777777777
	],
	"1": [
		0.6154296875,
		0.09444444444444444
	],
	"2": [
		0.4607421875,
		0.08715277777777777
	],
	"3": [
		0.7802734375,
		0.10208333333333333
	],
	"4": [
		0.7140625,
		0.096875
	],
	"5": [
		0.3169921875,
		0.07604166666666666
	],
	"6": [
		0.38671875,
		0.08194444444444444
	],
	"7": [
		0.5384765625,
		0.09305555555555556
	],
	"8": [
		0.958984375,
		0.11076388888888888
	],
	"9": [
		0.521875,
		0.07534722222222222
	],
	"10": [
		0.473046875,
		0.084375
	],
	"11": [
		0.094921875,
		0.10243055555555555
	],
	"12": [
		0.4447265625,
		0.06909722222222223
	],
	"13": [
		0.67890625,
		0.08194444444444444
	],
	"14": [
		0.3060546875,
		0.09722222222222222
	],
	"15": [
		0.6984375,
		0.103125
	],
	"16": [
		0.94375,
		0.1111111111111111
	],
	"17": [
		0.598828125,
		0.08125
	],
	"18": [
		0.3970703125,
		0.07916666666666666
	],
	"19": [
		0.551171875,
		0.08993055555555556
	],
	"20": [
		0.71328125,
		0.08923611111111111
	],
	"21": [
		0.9783203125,
		0.09930555555555555
	],
	"22": [
		0.7982421875,
		0.09618055555555556
	],
	"23": [
		0.7982421875,
		0.09618055555555556
	],
	"24": [
		0.7185546875,
		0.08333333333333333
	],
	"25": [
		0.6732421875,
		0.0625
	],
	"26": [
		0.869140625,
		0.10520833333333333
	],
	"27": [
		0.655078125,
		0.0625
	],
	"28": [
		0.8861328125,
		0.10486111111111111
	],
	"29": [
		0.9365234375,
		0.09409722222222222
	],
	"30": [
		0.478515625,
		0.071875
	],
	"31": [
		0.76015625,
		0.08472222222222223
	],
	"32": [
		0.2947265625,
		0.10138888888888889
	],
	"33": [
		0.3716796875,
		0.078125
	],
	"34": [
		0.6365234375,
		0.08090277777777778
	],
	"35": [
		0.6841796875,
		0.096875
	],
	"36": [
		0.982421875,
		0.08888888888888889
	],
	"37": [
		0.631640625,
		0.09166666666666666
	],
	"38": [
		0.8015625,
		0.08888888888888889
	],
	"39": [
		0.5560546875,
		0.07881944444444444
	],
	"40": [
		0.9798828125,
		0.10069444444444445
	],
	"41": [
		0.7638671875,
		0.10243055555555555
	],
	"42": [
		0.4029296875,
		0.06736111111111111
	],
	"43": [
		0.133984375,
		0.10798611111111112
	],
	"44": [
		0.13515625,
		0.10416666666666667
	],
	"45": [
		0.6837890625,
		0.10868055555555556
	],
	"46": [
		0.742578125,
		0.08020833333333334
	],
	"47": [
		0.3732421875,
		0.08576388888888889
	],
	"48": [
		0.8236328125,
		0.07395833333333333
	],
	"49": [
		0.891015625,
		0.08645833333333333
	],
	"50": [
		0.6029296875,
		0.10277777777777777
	],
	"51": [
		0.9392578125,
		0.09652777777777778
	],
	"52": [
		0.847265625,
		0.08541666666666667
	],
	"53": [
		0.5279296875,
		0.09444444444444444
	],
	"54": [
		0.85390625,
		0.10868055555555556
	],
	"55": [
		0.0453125,
		0.11145833333333334
	],
	"56": [
		0.3140625,
		0.07534722222222222
	],
	"57": [
		0.2423828125,
		0.1076388888888889
	],
	"58": [
		0.4451171875,
		0.08854166666666667
	],
	"59": [
		0.089453125,
		0.10902777777777778
	],
	"60": [
		0.32421875,
		0.06770833333333333
	],
	"61": [
		0.9384765625,
		0.10034722222222223
	],
	"62": [
		0.5232421875,
		0.09479166666666666
	],
	"63": [
		0.6853515625,
		0.10347222222222222
	],
	"64": [
		0.6375,
		0.09861111111111111
	],
	"65": [
		0.768359375,
		0.10277777777777777
	],
	"66": [
		0.927734375,
		0.07569444444444444
	],
	"67": [
		0.908984375,
		0.06909722222222223
	],
	"68": [
		0.891796875,
		0.10520833333333333
	],
	"69": [
		0.8501953125,
		0.09305555555555556
	],
	"70": [
		0.8490234375,
		0.09965277777777778
	],
	"71": [
		0.8427734375,
		0.06666666666666667
	],
	"72": [
		0.5642578125,
		0.05798611111111111
	],
	"73": [
		0.7978515625,
		0.09479166666666666
	],
	"74": [
		0.6283203125,
		0.08368055555555555
	],
	"75": [
		0.9466796875,
		0.11076388888888888
	],
	"76": [
		0.8541015625,
		0.09826388888888889
	],
	"77": [
		0.6916015625,
		0.10381944444444445
	],
	"78": [
		0.718359375,
		0.10277777777777777
	],
	"79": [
		0.3779296875,
		0.08055555555555556
	],
	"80": [
		0.8423828125,
		0.06180555555555556
	],
	"81": [
		0.6861328125,
		0.08854166666666667
	],
	"82": [
		0.5447265625,
		0.07951388888888888
	],
	"83": [
		0.6076171875,
		0.09756944444444444
	],
	"84": [
		0.09609375,
		0.09861111111111111
	],
	"85": [
		0.2927734375,
		0.10451388888888889
	],
	"86": [
		0.5583984375,
		0.09375
	],
	"87": [
		0.8462890625,
		0.06944444444444445
	],
	"88": [
		0.856640625,
		0.10798611111111112
	],
	"89": [
		0.8857421875,
		0.09826388888888889
	],
	"90": [
		0.9421875,
		0.09652777777777778
	],
	"91": [
		0.79609375,
		0.9388888888888889
	],
	"92": [
		0.68828125,
		0.09652777777777778
	],
	"93": [
		0.9052734375,
		0.9597222222222223
	],
	"94": [
		0.225,
		0.10590277777777778
	],
	"95": [
		0.41328125,
		0.04895833333333333
	],
	"96": [
		0.455078125,
		0.053125
	],
	"97": [
		0.2146484375,
		0.10486111111111111
	],
	"98": [
		0.7728515625,
		0.10590277777777778
	],
	"99": [
		0.329296875,
		0.08125
	],
	"100": [
		0.804296875,
		0.10798611111111112
	],
	"101": [
		0.3822265625,
		0.08298611111111111
	],
	"102": [
		0.301953125,
		0.10173611111111111
	],
	"103": [
		0.7861328125,
		0.109375
	],
	"104": [
		0.889453125,
		0.1111111111111111
	],
	"105": [
		0.8712890625,
		0.11354166666666667
	],
	"106": [
		0.049609375,
		0.1076388888888889
	],
	"107": [
		0.5322265625,
		0.06944444444444445
	],
	"108": [
		0.608203125,
		0.08576388888888889
	],
	"109": [
		0.135546875,
		0.10173611111111111
	],
	"110": [
		0.9814453125,
		0.11145833333333334
	],
	"111": [
		0.4806640625,
		0.090625
	],
	"112": [
		0.9302734375,
		0.07881944444444444
	],
	"113": [
		0.2748046875,
		0.8416666666666667
	],
	"114": [
		0.3953125,
		0.071875
	],
	"115": [
		0.8552734375,
		0.1
	],
	"116": [
		0.9130859375,
		0.9631944444444445
	],
	"117": [
		0.844921875,
		0.95
	],
	"118": [
		0.45546875,
		0.08923611111111111
	],
	"119": [
		0.16171875,
		0.10659722222222222
	],
	"120": [
		0.8681640625,
		0.9559027777777778
	],
	"121": [
		0.7650390625,
		0.09305555555555556
	],
	"122": [
		0.8203125,
		0.071875
	],
	"123": [
		0.965625,
		0.11388888888888889
	],
	"124": [
		0.5314453125,
		0.09479166666666666
	],
	"125": [
		0.4482421875,
		0.08229166666666667
	],
	"126": [
		0.9318359375,
		0.9684027777777777
	],
	"127": [
		0.2974609375,
		0.10347222222222222
	],
	"128": [
		0.452734375,
		0.08368055555555555
	],
	"129": [
		0.4048828125,
		0.08506944444444445
	],
	"130": [
		0.52734375,
		0.08263888888888889
	],
	"131": [
		0.60390625,
		0.08680555555555555
	],
	"132": [
		0.630078125,
		0.06875
	],
	"133": [
		0.04140625,
		0.11979166666666667
	],
	"134": [
		0.0765625,
		0.1076388888888889
	],
	"135": [
		0.1970703125,
		0.875
	],
	"136": [
		0.7189453125,
		0.10416666666666667
	],
	"137": [
		0.6046875,
		0.08611111111111111
	],
	"138": [
		0.9244140625,
		0.9666666666666667
	],
	"139": [
		0.030859375,
		0.13090277777777778
	],
	"140": [
		0.166015625,
		0.10659722222222222
	],
	"141": [
		0.7224609375,
		0.10659722222222222
	],
	"142": [
		0.46484375,
		0.07569444444444444
	],
	"143": [
		0.2966796875,
		0.10138888888888889
	],
	"144": [
		0.0900390625,
		0.10069444444444445
	],
	"145": [
		0.6115234375,
		0.09722222222222222
	],
	"146": [
		0.7013671875,
		0.10555555555555556
	],
	"147": [
		0.2599609375,
		0.8395833333333333
	],
	"148": [
		0.7681640625,
		0.09583333333333334
	],
	"149": [
		0.45078125,
		0.08958333333333333
	],
	"150": [
		0.867578125,
		0.06180555555555556
	],
	"151": [
		0.5384765625,
		0.09513888888888888
	],
	"152": [
		0.8294921875,
		0.9465277777777777
	],
	"153": [
		0.9279296875,
		0.08090277777777778
	],
	"154": [
		0.5349609375,
		0.06041666666666667
	],
	"155": [
		0.0978515625,
		0.10868055555555556
	],
	"156": [
		0.95234375,
		0.09652777777777778
	],
	"157": [
		0.1240234375,
		0.10972222222222222
	],
	"158": [
		0.153515625,
		0.10868055555555556
	],
	"159": [
		0.76953125,
		0.09479166666666666
	],
	"160": [
		0.37734375,
		0.07013888888888889
	],
	"161": [
		0.4515625,
		0.07361111111111111
	],
	"162": [
		0.873828125,
		0.09826388888888889
	],