{
	"0": [
		0.4609375,
		0.027777777777777776
	],
	"1": [
		0.3828125,
		0.030555555555555555
	],
	"2": [
		0.05625,
		0.044444444444444446
	],
	"3": [
		0.94375,
		0.04722222222222222
	],
	"4": [
		0.24375,
		0.05
	],
	"5": [
		0.99375,
		0.058333333333333334
	],
	"6": [
		0.4984375,
		0.06111111111111111
	],
	"7": [
		0.5390625,
		0.06111111111111111
	],
	"8": [
		0.79375,
		0.06111111111111111
	],
	"9": [
		0.58125,
		0.07222222222222222
	],
	"10": [
		0.2171875,
		0.09444444444444444
	],
	"11": [
		0.4984375,
		0.09444444444444444
	],
	"12": [
		0.5390625,
		0.09722222222222222
	],
	"13": [
		0.7203125,
		0.10277777777777777
	],
	"14": [
		0.578125,
		0.1111111111111111
	],
	"15": [
		0.6109375,
		0.1111111111111111
	],
	"16": [
		0.7015625,
		0.11666666666666667
	],
	"17": [
		0.7859375,
		0.11666666666666667
	],
	"18": [
		0.4984375,
		0.125
	],
	"19": [
		0.6484375,
		0.13333333333333333
	],
	"20": [
		0.0609375,
		0.1388888888888889
	],
	"21": [
		0.1875,
		0.14444444444444443
	],
	"22": [
		0.934375,
		0.14722222222222223
	],
	"23": [
		0.6734375,
		0.15833333333333333
	],
	"24": [
		0.0078125,
		0.16111111111111112
	],
	"25": [
		0.3046875,
		0.16111111111111112
	],
	"26": [
		0.4640625,
		0.16111111111111112
	],
	"27": [
		0.4828125,
		0.16111111111111112
	],
	"28": [
		0.5015625,
		0.1638888888888889
	],
	"29": [
		0.4375,
		0.16666666666666666
	],
	"30": [
		0.646875,
		0.17222222222222222
	],
	"31": [
		0.0796875,
		0.17777777777777778
	],
	"32": [
		0.1390625,
		0.18055555555555555
	],
	"33": [
		0.728125,
		0.18055555555555555
	],
	"34": [
		0.05,
		0.19444444444444445
	],
	"35": [
		0.2828125,
		0.19444444444444445
	],
	"36": [
		0.3953125,
		0.2
	],
	"37": [
		0.584375,
		0.21666666666666667
	],
	"38": [
		0.5546875,
		0.22777777777777777
	],
	"39": [
		0.028125,
		0.23333333333333334
	],
	"40": [
		0.059375,
		0.2361111111111111
	],
	"41": [
		0.084375,
		0.2388888888888889
	],
	"42": [
		0.890625,
		0.25277777777777777
	],
	"43": [
		0.921875,
		0.25277777777777777
	],
	"44": [
		0.3140625,
		0.26944444444444443
	],
	"45": [
		0.5546875,
		0.28888888888888886
	],
	"46": [
		0.4828125,
		0.2916666666666667
	],
	"47": [
		0.2484375,
		0.3111111111111111
	],
	"48": [
		0.8859375,
		0.3111111111111111
	],
	"49": [
		0.921875,
		0.31666666666666665
	],
	"50": [
		0.4828125,
		0.3277777777777778
	],
	"51": [
		0.5921875,
		0.35555555555555557
	],
	"52": [
		0.23125,
		0.36666666666666664
	],
	"53": [
		0.153125,
		0.37222222222222223
	],
	"54": [
		0.6140625,
		0.37222222222222223
	],
	"55": [
		0.6390625,
		0.39166666666666666
	],
	"56": [
		0.3625,
		0.4027777777777778
	],
	"57": [
		0.059375,
		0.4305555555555556
	],
	"58": [
		0.6015625,
		0.4388888888888889
	],
	"59": [
		0.6359375,
		0.4388888888888889
	],
	"60": [
		0.9953125,
		0.45
	],
	"61": [
		0.3890625,
		0.4527777777777778
	],
	"62": [
		0.0109375,
		0.4638888888888889
	],
	"63": [
		0.3609375,
		0.49444444444444446
	],
	"64": [
		0.4015625,
		0.49444444444444446
	],
	"65": [
		0.7484375,
		0.6305555555555555
	],
	"66": [
		0.784375,
		0.6305555555555555
	],
	"67": [
		0.815625,
		0.6333333333333333
	],
	"68": [
		0.321875,
		0.6388888888888888
	],
	"69": [
		0.321875,
		0.675
	],
	"70": [
		0.7984375,
		0.6861111111111111
	],
	"71": [
		0.496875,
		0.7138888888888889
	],
	"72": [
		0.8015625,
		0.7222222222222222
	],
	"73": [
		0.0015625,
		0.8027777777777778
	],
	"74": [
		0.128125,
		0.8166666666666667
	],
	"75": [
		0.1828125,
		0.8222222222222222
	],
	"76": [
		0.2046875,
		0.8305555555555556
	],
	"77": [
		0.2375,
		0.8305555555555556
	],
	"78": [
		0.271875,
		0.8416666666666667
	],
	"79": [
		0.30625,
		0.8416666666666667
	],
	"80": [
		0.340625,
		0.8527777777777777
	],
	"81": [
		0.359375,
		0.8555555555555555
	],
	"82": [
		0.4078125,
		0.8583333333333333
	],
	"83": [
		0.1984375,
		0.8611111111111112
	],
	"84": [
		0.4390625,
		0.8638888888888889
	],
	"85": [
		0.45625,
		0.8722222222222222
	],
	"86": [
		0.503125,
		0.875
	],
	"87": [
		0.3171875,
		0.8777777777777778
	],
	"88": [
		0.525,
		0.8805555555555555
	],
	"89": [
		0.5421875,
		0.8833333333333333
	],
	"90": [
		0.3703125,
		0.8861111111111111
	],
	"91": [
		0.40625,
		0.8944444444444445
	],
	"92": [
		0.6328125,
		0.9027777777777778
	],
	"93": [
		0.6828125,
		0.9111111111111111
	],
	"94": [
		0.1609375,
		0.9138888888888889
	],
	"95": [
		0.546875,
		0.9194444444444444
	],
	"96": [
		0.740625,
		0.9222222222222223
	],
	"97": [
		0.5796875,
		0.925
	],
	"98": [
		0.2578125,
		0.9277777777777778
	],
	"99": [
		0.7671875,
		0.9277777777777778
	],
	"100": [
		0.3234375,
		0.9416666666666667
	],
	"101": [
		0.6671875,
		0.9416666666666667
	],
	"102": [
		0.13125,
		0.9472222222222222
	],
	"103": [
		0.8578125,
		0.9472222222222222
	],
	"104": [
		0.175,
		0.9527777777777777
	],
	"105": [
		0.73125,
		0.9555555555555556
	],
	"106": [
		0.9,
		0.9555555555555556
	],
	"107": [
		0.76875,
		0.9638888888888889
	],
	"108": [
		0.9359375,
		0.9638888888888889
	]
}