{
	"0": [
		0.3640625,
		0.03611111111111111
	],
	"1": [
		0.3515625,
		0.041666666666666664
	],
	"2": [
		0.053125,
		0.05555555555555555
	],
	"3": [
		0.6640625,
		0.06388888888888888
	],
	"4": [
		0.6734375,
		0.06388888888888888
	],
	"5": [
		0.89375,
		0.06388888888888888
	],
	"6": [
		0.684375,
		0.06666666666666667
	],
	"7": [
		0.0671875,
		0.07222222222222222
	],
	"8": [
		0.2015625,
		0.07222222222222222
	],
	"9": [
		0.990625,
		0.07777777777777778
	],
	"10": [
		0.70625,
		0.10277777777777777
	],
	"11": [
		0.990625,
		0.12777777777777777
	],
	"12": [
		0.8875,
		0.1361111111111111
	],
	"13": [
		0.1390625,
		0.16666666666666666
	],
	"14": [
		0.2484375,
		0.16944444444444445
	],
	"15": [
		0.26875,
		0.16944444444444445
	],
	"16": [
		0.6875,
		0.17777777777777778
	],
	"17": [
		0.39375,
		0.18611111111111112
	],
	"18": [
		0.0765625,
		0.19166666666666668
	],
	"19": [
		0.6375,
		0.19166666666666668
	],
	"20": [
		0.13125,
		0.19722222222222222
	],
	"21": [
		0.109375,
		0.2
	],
	"22": [
		0.1625,
		0.2
	],
	"23": [
		0.059375,
		0.20277777777777778
	],
	"24": [
		0.040625,
		0.2111111111111111
	],
	"25": [
		0.5578125,
		0.21388888888888888
	],
	"26": [
		0.521875,
		0.23055555555555557
	],
	"27": [
		0.046875,
		0.25277777777777777
	],
	"28": [
		0.85625,
		0.26666666666666666
	],
	"29": [
		0.88125,
		0.26666666666666666
	],
	"30": [
		0.025,
		0.2777777777777778
	],
	"31": [
		0.2953125,
		0.2833333333333333
	],
	"32": [
		0.5609375,
		0.2833333333333333
	],
	"33": [
		0.278125,
		0.29444444444444445
	],
	"34": [
		0.521875,
		0.29444444444444445
	],
	"35": [
		0.2421875,
		0.31666666666666665
	],
	"36": [
		0.8421875,
		0.325
	],
	"37": [
		0.85625,
		0.325
	],
	"38": [
		0.88125,
		0.325
	],
	"39": [
		0.89375,
		0.325
	],
	"40": [
		0.1953125,
		0.3472222222222222
	],
	"41": [
		0.9765625,
		0.3527777777777778
	],
	"42": [
		0.9859375,
		0.3527777777777778
	],
	"43": [
		0.16875,
		0.3638888888888889
	],
	"44": [
		0.1546875,
		0.37222222222222223
	],
	"45": [
		0.7078125,
		0.38055555555555554
	],
	"46": [
		0.134375,
		0.3861111111111111
	],
	"47": [
		0.6375,
		0.3861111111111111
	],
	"48": [
		0.1078125,
		0.4027777777777778
	],
	"49": [
		0.0984375,
		0.4083333333333333
	],
	"50": [
		0.071875,
		0.425
	],
	"51": [
		0.3484375,
		0.4444444444444444
	],
	"52": [
		0.58125,
		0.45
	],
	"53": [
		0.615625,
		0.45
	],
	"54": [
		0.3578125,
		0.4527777777777778
	],
	"55": [
		0.3203125,
		0.46111111111111114
	],
	"56": [
		0.3703125,
		0.46111111111111114
	],
	"57": [
		0.009375,
		0.4666666666666667
	],
	"58": [
		0.996875,
		0.48055555555555557
	],
	"59": [
		0.3140625,
		0.4888888888888889
	],
	"60": [
		0.36875,
		0.4888888888888889
	],
	"61": [
		0.6484375,
		0.6111111111111112
	],
	"62": [
		0.65,
		0.6638888888888889
	],
	"63": [
		0.796875,
		0.7166666666666667
	],
	"64": [
		0.796875,
		0.7666666666666667
	],
	"65": [
		0.040625,
		0.8
	],
	"66": [
		0.06875,
		0.8055555555555556
	],
	"67": [
		0.090625,
		0.8083333333333333
	],
	"68": [
		0.1109375,
		0.8111111111111111
	],
	"69": [
		0.13125,
		0.8138888888888889
	],
	"70": [
		0.15,
		0.8166666666666667
	],
	"71": [
		0.1703125,
		0.8194444444444444
	],
	"72": [
		0.19375,
		0.8222222222222222
	],
	"73": [
		0.2109375,
		0.825
	],
	"74": [
		0.225,
		0.8277777777777777
	],
	"75": [
		0.24375,
		0.8305555555555556
	],
	"76": [
		0.2609375,
		0.8333333333333334
	],
	"77": [
		0.2828125,
		0.8361111111111111
	],
	"78": [
		0.3,
		0.8388888888888889
	],
	"79": [
		0.3203125,
		0.8416666666666667
	],
	"80": [
		0.3390625,
		0.8444444444444444
	],
	"81": [
		0.35,
		0.8472222222222222
	],
	"82": [
		0.36875,
		0.85
	],
	"83": [
		0.178125,
		0.8555555555555555
	],
	"84": [
		0.23125,
		0.8555555555555555
	],
	"85": [
		0.4078125,
		0.8555555555555555
	],
	"86": [
		0.421875,
		0.8583333333333333
	],
	"87": [
		0.4375,
		0.8611111111111112
	],
	"88": [
		0.459375,
		0.8638888888888889
	],
	"89": [
		0.4703125,
		0.8666666666666667
	],
	"90": [
		0.4890625,
		0.8694444444444445
	],
	"91": [
		0.5109375,
		0.8722222222222222
	],
	"92": [
		0.521875,
		0.875
	],
	"93": [
		0.5359375,
		0.8777777777777778
	],
	"94": [
		0.55,
		0.8805555555555555
	],
	"95": [
		0.5625,
		0.8833333333333333
	],
	"96": [
		0.5828125,
		0.8861111111111111
	],
	"97": [
		0.5984375,
		0.8888888888888888
	],
	"98": [
		0.63125,
		0.8944444444444445
	],
	"99": [
		0.646875,
		0.8972222222222223
	],
	"100": [
		0.6640625,
		0.9
	],
	"101": [
		0.146875,
		0.9027777777777778
	],
	"102": [
		0.675,
		0.9027777777777778
	],
	"103": [
		0.6890625,
		0.9055555555555556
	],
	"104": [
		0.7078125,
		0.9083333333333333
	],
	"105": [
		0.7234375,
		0.9111111111111111
	],
	"106": [
		0.7359375,
		0.9138888888888889
	],
	"107": [
		0.7515625,
		0.9166666666666666
	],
	"108": [
		0.7609375,
		0.9194444444444444
	],
	"109": [
		0.775,
		0.9222222222222223
	],
	"110": [
		0.7890625,
		0.925
	],
	"111": [
		0.2484375,
		0.9277777777777778
	],
	"112": [
		0.3,
		0.9277777777777778
	],
	"113": [
		0.803125,
		0.9277777777777778
	],
	"114": [
		0.8171875,
		0.9305555555555556
	],
	"115": [
		0.83125,
		0.9333333333333333
	],
	"116": [
		0.109375,
		0.9361111111111111
	],
	"117": [
		0.8453125,
		0.9361111111111111
	],
	"118": [
		0.8625,
		0.9388888888888889
	],
	"119": [
		0.875,
		0.9416666666666667
	],
	"120": [
		0.8890625,
		0.9444444444444444
	],
	"121": [
		0.9140625,
		0.95
	],
	"122": [
		0.928125,
		0.9527777777777777
	],
	"123": [
		0.940625,
		0.9555555555555556
	],
	"124": [
		0.953125,
		0.9583333333333334
	],
	"125": [
		0.98125,
		0.9666666666666667
	],
	"126": [
		0.9265625,
		0.9805555555555555
	]
}