{
	"CornerNorthWest": [
		0.10533707865168539,
		0.11235762610259485
	],
	"CornerNorthEast": [
		0.8651685393258427,
		0.06851074762353344
	],
	"CornerSouthWest": [
		0.07724719101123595,
		0.9207844480602895
	],
	"CornerSouthEast": [
		0.8778089887640449,
		0.8741971396762868
	]
}