{
	"0": [
		0.3328125,
		0.10347222222222222
	],
	"1": [
		0.2904296875,
		0.06076388888888889
	],
	"2": [
		0.4802734375,
		0.11145833333333334
	],
	"3": [
		0.4419921875,
		0.09722222222222222
	],
	"4": [
		0.212109375,
		0.04826388888888889
	],
	"5": [
		0.302734375,
		0.084375
	],
	"6": [
		0.670703125,
		0.11493055555555555
	],
	"7": [
		0.303125,
		0.08576388888888889
	],
	"8": [
		0.2951171875,
		0.06875
	],
	"9": [
		0.0892578125,
		0.09444444444444444
	],
	"10": [
		0.4056640625,
		0.10729166666666666
	],
	"11": [
		0.2916015625,
		0.09756944444444444
	],
	"12": [
		0.404296875,
		0.11041666666666666
	],
	"13": [
		0.63125,
		0.12222222222222222
	],
	"14": [
		0.332421875,
		0.10243055555555555
	],
	"15": [
		0.2529296875,
		0.03958333333333333
	],
	"16": [
		0.3072265625,
		0.08472222222222223
	],
	"17": [
		0.442578125,
		0.0954861111111111
	],
	"18": [
		0.5171875,
		0.10486111111111111
	],
	"19": [
		0.5171875,
		0.10486111111111111
	],
	"20": [
		0.44296875,
		0.09479166666666666
	],
	"21": [
		0.5923828125,
		0.115625
	],
	"22": [
		0.5943359375,
		0.109375
	],
	"23": [
		0.63671875,
		0.10694444444444444
	],
	"24": [
		0.4802734375,
		0.11041666666666666
	],
	"25": [
		0.2919921875,
		0.10520833333333333
	],
	"26": [
		0.2552734375,
		0.04548611111111111
	],
	"27": [
		0.369140625,
		0.096875
	],
	"28": [
		0.4041015625,
		0.11388888888888889
	],
	"29": [
		0.368359375,
		0.10069444444444445
	],
	"30": [
		0.517578125,
		0.10486111111111111
	],
	"31": [
		0.3076171875,
		0.08333333333333333
	],
	"32": [
		0.4794921875,
		0.115625
	],
	"33": [
		0.1076171875,
		0.103125
	],
	"34": [
		0.10859375,
		0.10138888888888889
	],
	"35": [
		0.4033203125,
		0.12118055555555556
	],
	"36": [
		0.473046875,
		0.09305555555555556
	],
	"37": [
		0.2533203125,
		0.042708333333333334
	],
	"38": [
		0.5935546875,
		0.10798611111111112
	],
	"39": [
		0.331640625,
		0.11840277777777777
	],
	"40": [
		0.64140625,
		0.10625
	],
	"41": [
		0.5583984375,
		0.09895833333333333
	],
	"42": [
		0.3005859375,
		0.09409722222222222
	],
	"43": [
		0.555078125,
		0.11944444444444445
	],
	"44": [
		0.21328125,
		0.04826388888888889
	],
	"45": [
		0.208203125,
		0.10833333333333334
	],
	"46": [
		0.2904296875,
		0.06145833333333333
	],
	"47": [
		0.63671875,
		0.10694444444444444
	],
	"48": [
		0.3013671875,
		0.09375
	],
	"49": [
		0.403515625,
		0.11666666666666667
	],
	"50": [
		0.3689453125,
		0.09756944444444444
	],
	"51": [
		0.4791015625,
		0.11875
	],
	"52": [
		0.59375,
		0.10798611111111112
	],
	"53": [
		0.555859375,
		0.11354166666666667
	],
	"54": [
		0.5556640625,
		0.11388888888888889
	],
	"55": [
		0.5171875,
		0.10486111111111111
	],
	"56": [
		0.369140625,
		0.09930555555555555
	],
	"57": [
		0.6306640625,
		0.12256944444444444
	],
	"58": [
		0.5556640625,
		0.11458333333333333
	],
	"59": [
		0.4041015625,
		0.11354166666666667
	],
	"60": [
		0.4427734375,
		0.09583333333333334
	],
	"61": [
		0.25546875,
		0.043055555555555555
	],
	"62": [
		0.40625,
		0.10659722222222222
	],
	"63": [
		0.3060546875,
		0.084375
	],
	"64": [
		0.331640625,
		0.11597222222222223
	],
	"65": [
		0.0900390625,
		0.09409722222222222
	],
	"66": [
		0.30703125,
		0.08333333333333333
	],
	"67": [
		0.5544921875,
		0.11944444444444445
	],
	"68": [
		0.59375,
		0.10833333333333334
	],
	"69": [
		0.64140625,
		0.10625
	],
	"70": [
		0.4984375,
		0.8753472222222223
	],
	"71": [
		0.4037109375,
		0.11284722222222222
	],
	"72": [
		0.5966796875,
		0.8875
	],
	"73": [
		0.20234375,
		0.10659722222222222
	],
	"74": [
		0.480078125,
		0.11770833333333333
	],
	"75": [
		0.252734375,
		0.04826388888888889
	],
	"76": [
		0.517578125,
		0.10486111111111111
	],
	"77": [
		0.25390625,
		0.04201388888888889
	],
	"78": [
		0.29140625,
		0.10520833333333333
	],
	"79": [
		0.51640625,
		0.11354166666666667
	],
	"80": [
		0.5939453125,
		0.10798611111111112
	],
	"81": [
		0.5935546875,
		0.11493055555555555
	],
	"82": [
		0.3328125,
		0.103125
	],
	"83": [
		0.1060546875,
		0.09652777777777778
	],
	"84": [
		0.2947265625,
		0.06041666666666667
	],
	"85": [
		0.0173828125,
		0.8236111111111111
	],
	"86": [
		0.5556640625,
		0.11458333333333333
	],
	"87": [
		0.588671875,
		0.8885416666666667
	],
	"88": [
		0.584375,
		0.8861111111111111
	],
	"89": [
		0.291796875,
		0.06770833333333333
	],
	"90": [
		0.5845703125,
		0.8868055555555555
	],
	"91": [
		0.48046875,
		0.11180555555555556
	],
	"92": [
		0.670703125,
		0.11458333333333333
	],
	"93": [
		0.29765625,
		0.09826388888888889
	],
	"94": [
		0.290234375,
		0.06145833333333333
	],
	"95": [
		0.66640625,
		0.8972222222222223
	],
	"96": [
		0.28515625,
		0.1111111111111111
	],
	"97": [
		0.2912109375,
		0.06284722222222222
	],
	"98": [
		0.3037109375,
		0.08784722222222222
	],
	"99": [
		0.33125,
		0.10729166666666666
	],
	"100": [
		0.442578125,
		0.09583333333333334
	],
	"101": [
		0.3328125,
		0.10451388888888889
	],
	"102": [
		0.616796875,
		0.8909722222222223
	],
	"103": [
		0.1423828125,
		0.10416666666666667
	],
	"104": [
		0.442578125,
		0.09618055555555556
	],
	"105": [
		0.29140625,
		0.1076388888888889
	],
	"106": [
		0.080078125,
		0.09513888888888888
	],
	"107": [
		0.3318359375,
		0.10694444444444444
	],
	"108": [
		0.4369140625,
		0.10902777777777778
	],
	"109": [
		0.0216796875,
		0.8229166666666666
	],
	"110": [
		0.480078125,
		0.11319444444444444
	],
	"111": [
		0.2923828125,
		0.06770833333333333
	],
	"112": [
		0.3029296875,
		0.08576388888888889
	],
	"113": [
		0.5240234375,
		0.8795138888888889
	],
	"114": [
		0.094921875,
		0.10243055555555555
	],
	"115": [
		0.668359375,
		0.11215277777777778
	],
	"116": [
		0.10703125,
		0.10416666666666667
	],
	"117": [
		0.480078125,
		0.11319444444444444
	],
	"118": [
		0.59375,
		0.10833333333333334
	],
	"119": [
		0.2728515625,
		0.05138888888888889
	],
	"120": [
		0.5177734375,
		0.10416666666666667
	],
	"121": [
		0.670703125,
		0.1111111111111111
	],
	"122": [
		0.28984375,
		0.10659722222222222
	],
	"123": [
		0.2916015625,
		0.06354166666666666
	],
	"124": [
		0.3076171875,
		0.084375
	],
	"125": [
		0.2533203125,
		0.04201388888888889
	],
	"126": [
		0.3021484375,
		0.08819444444444445
	],
	"127": [
		0.5171875,
		0.10451388888888889
	],
	"128": [
		0.1078125,
		0.10381944444444445
	],
	"129": [
		0.3328125,
		0.10625
	],
	"130": [
		0.5669921875,
		0.10381944444444445
	],
	"131": [
		0.29296875,
		0.10520833333333333
	],
	"132": [
		0.2947265625,
		0.06041666666666667
	],
	"133": [
		0.01796875,
		0.8239583333333333
	],
	"134": [
		0.1060546875,
		0.09652777777777778
	],
	"135": [
		0.202734375,
		0.1076388888888889
	],
	"136": [
		0.5173828125,
		0.10416666666666667
	],
	"137": [
		0.1076171875,
		0.10138888888888889
	],
	"138": [
		0.325390625,
		0.8527777777777777
	],
	"139": [
		0.0533203125,
		0.8277777777777777
	],
	"140": [
		0.19921875,
		0.8430555555555556
	],
	"141": [
		0.09765625,
		0.27395833333333336
	],
	"142": [
		0.48125,
		0.10451388888888889
	],
	"143": [
		0.4439453125,
		0.08888888888888889
	],
	"144": [
		0.2576171875,
		0.03819444444444445
	],
	"145": [
		0.5943359375,
		0.10972222222222222
	],
	"146": [
		0.6306640625,
		0.12222222222222222
	],
	"147": [
		0.368359375,
		0.10034722222222223
	],
	"148": [
		0.517578125,
		0.10451388888888889
	],
	"149": [
		0.5931640625,
		0.10902777777777778
	],
	"150": [
		0.2845703125,
		0.06041666666666667
	],
	"151": [
		0.4380859375,
		0.1
	],
	"152": [
		0.1271484375,
		0.8631944444444445
	],
	"153": [
		0.670703125,
		0.1111111111111111
	],
	"154": [
		0.369140625,
		0.09722222222222222
	],
	"155": [
		0.334375,
		0.09930555555555555
	],
	"156": [
		0.0419921875,
		0.8538194444444445
	],
	"157": [
		0.288671875,
		0.06701388888888889
	],
	"158": [
		0.2162109375,
		0.8694444444444445
	],
	"159": [
		0.223046875,
		0.159375
	],
	"160": [
		0.5177734375,
		0.10451388888888889
	],
	"161": [
		0.333203125,
		0.1
	],
	"162": [
		0.5177734375,
		0.10416666666666667
	],