{
	"0": [
		0.7212890625,
		0.06770833333333333
	],
	"1": [
		0.36796875,
		0.08784722222222222
	],
	"2": [
		0.762890625,
		0.05798611111111111
	],
	"3": [
		0.630078125,
		0.04722222222222222
	],
	"4": [
		0.7224609375,
		0.07395833333333333
	],
	"5": [
		0.3720703125,
		0.078125
	],
	"6": [
		0.7158203125,
		0.08958333333333333
	],
	"7": [
		0.1248046875,
		0.16041666666666668
	],
	"8": [
		0.0625,
		0.18506944444444445
	],
	"9": [
		0.295703125,
		0.10659722222222222
	],
	"10": [
		0.24765625,
		0.12395833333333334
	],
	"11": [
		0.27734375,
		0.11840277777777777
	],
	"12": [
		0.03359375,
		0.16597222222222222
	],
	"13": [
		0.807421875,
		0.04201388888888889
	],
	"14": [
		0.7728515625,
		0.03298611111111111
	],
	"15": [
		0.226171875,
		0.13645833333333332
	],
	"16": [
		0.205078125,
		0.15104166666666666
	],
	"17": [
		0.0728515625,
		0.175
	],
	"18": [
		0.21484375,
		0.11597222222222223
	],
	"19": [
		0.2119140625,
		0.13472222222222222
	],
	"20": [
		0.8884765625,
		0.05
	],
	"21": [
		0.703125,
		0.08159722222222222
	],
	"22": [
		0.033203125,
		0.203125
	],
	"23": [
		0.3439453125,
		0.10520833333333333
	],
	"24": [
		0.7146484375,
		0.07430555555555556
	],
	"25": [
		0.1154296875,
		0.16909722222222223
	],
	"26": [
		0.395703125,
		0.07013888888888889
	],
	"27": [
		0.8880859375,
		0.041666666666666664
	],
	"28": [
		0.89140625,
		0.05590277777777778
	],
	"29": [
		0.3443359375,
		0.08715277777777777
	],
	"30": [
		0.2611328125,
		0.10277777777777777
	],
	"31": [
		0.0515625,
		0.15416666666666667
	],
	"32": [
		0.6314453125,
		0.35381944444444446
	],
	"33": [
		0.773046875,
		0.03888888888888889
	],
	"34": [
		0.2697265625,
		0.125
	],
	"35": [
		0.0958984375,
		0.17569444444444443
	],
	"36": [
		0.1349609375,
		0.16666666666666666
	],
	"37": [
		0.71015625,
		0.059722222222222225
	],
	"38": [
		0.756640625,
		0.08958333333333333
	],
	"39": [
		0.216796875,
		0.12152777777777778
	],
	"40": [
		0.6294921875,
		0.3663194444444444
	],
	"41": [
		0.092578125,
		0.6125
	],
	"42": [
		0.6314453125,
		0.35381944444444446
	],
	"43": [
		0.4146484375,
		0.06145833333333333
	],
	"44": [
		0.0984375,
		0.17777777777777778
	],
	"45": [
		0.2419921875,
		0.11180555555555556
	],
	"46": [
		0.6314453125,
		0.3541666666666667
	],
	"47": [
		0.6580078125,
		0.03958333333333333
	],
	"48": [
		0.73671875,
		0.21631944444444445
	],
	"49": [
		0.1263671875,
		0.17118055555555556
	],
	"50": [
		0.0453125,
		0.16354166666666667
	],
	"51": [
		0.7201171875,
		0.06284722222222222
	],
	"52": [
		0.347265625,
		0.09618055555555556
	],
	"53": [
		0.0365234375,
		0.1951388888888889
	],
	"54": [
		0.1365234375,
		0.17222222222222222
	],
	"55": [
		0.0998046875,
		0.16527777777777777
	],
	"56": [
		0.2119140625,
		0.14027777777777778
	],
	"57": [
		0.4216796875,
		0.0763888888888889
	],
	"58": [
		0.0435546875,
		0.18993055555555555
	],
	"59": [
		0.6310546875,
		0.3614583333333333
	],
	"60": [
		0.28515625,
		0.1111111111111111
	],
	"61": [
		0.6984375,
		0.06354166666666666
	],
	"62": [
		0.114453125,
		0.1753472222222222
	],
	"63": [
		0.0923828125,
		0.6149305555555555
	],
	"64": [
		0.0392578125,
		0.1684027777777778
	],
	"65": [
		0.1373046875,
		0.15590277777777778
	],
	"66": [
		0.373046875,
		0.08298611111111111
	],
	"67": [
		0.723046875,
		0.07951388888888888
	],
	"68": [
		0.6140625,
		0.034027777777777775
	],
	"69": [
		0.6943359375,
		0.03333333333333333
	],
	"70": [
		0.7072265625,
		0.06875
	],
	"71": [
		0.8076171875,
		0.04861111111111111
	],
	"72": [
		0.7044921875,
		0.0642361111111111
	],
	"73": [
		0.2748046875,
		0.12604166666666666
	],
	"74": [
		0.698828125,
		0.05138888888888889
	],
	"75": [
		0.39375,
		0.06805555555555555
	],
	"76": [
		0.6310546875,
		0.359375
	],
	"77": [
		0.4857421875,
		0.035069444444444445
	],
	"78": [
		0.393359375,
		0.07951388888888888
	],
	"79": [
		0.7576171875,
		0.08333333333333333
	],
	"80": [
		0.594140625,
		0.31354166666666666
	],
	"81": [
		0.4126953125,
		0.07430555555555556
	],
	"82": [
		0.0845703125,
		0.18645833333333334
	],
	"83": [
		0.278125,
		0.12256944444444444
	],
	"84": [
		0.4236328125,
		0.06076388888888889
	],
	"85": [
		0.26171875,
		0.10798611111111112
	],
	"86": [
		0.38125,
		0.08576388888888889
	],
	"87": [
		0.1224609375,
		0.171875
	],
	"88": [
		0.747265625,
		0.09409722222222222
	],
	"89": [
		0.0833984375,
		0.17222222222222222
	],
	"90": [
		0.0767578125,
		0.18888888888888888
	],
	"91": [
		0.7296875,
		0.05347222222222222
	],
	"92": [
		0.650390625,
		0.03819444444444445
	],
	"93": [
		0.291015625,
		0.11597222222222223
	],
	"94": [
		0.1623046875,
		0.11770833333333333
	],
	"95": [
		0.0728515625,
		0.19027777777777777
	],
	"96": [
		0.1275390625,
		0.16805555555555557
	],
	"97": [
		0.1169921875,
		0.17708333333333334
	],
	"98": [
		0.2615234375,
		0.13020833333333334
	],
	"99": [
		0.715625,
		0.07152777777777777
	],
	"100": [
		0.703125,
		0.08645833333333333
	],
	"101": [
		0.2625,
		0.2638888888888889
	],
	"102": [
		0.4146484375,
		0.05659722222222222
	],
	"103": [
		0.0677734375,
		0.19236111111111112
	],
	"104": [
		0.3083984375,
		0.10277777777777777
	],
	"105": [
		0.3677734375,
		0.4305555555555556
	],
	"106": [
		0.0890625,
		0.16006944444444443
	],
	"107": [
		0.7521484375,
		0.08888888888888889
	],
	"108": [
		0.51875,
		0.07569444444444444
	],
	"109": [
		0.75703125,
		0.07916666666666666
	],
	"110": [
		0.123828125,
		0.14895833333333333
	],
	"111": [
		0.3720703125,
		0.09097222222222222
	],
	"112": [
		0.0720703125,
		0.16527777777777777
	],
	"113": [
		0.7228515625,
		0.08888888888888889
	],
	"114": [
		0.1423828125,
		0.5819444444444445
	],
	"115": [
		0.2267578125,
		0.14444444444444443
	],
	"116": [
		0.3021484375,
		0.10138888888888889
	],
	"117": [
		0.366796875,
		0.09513888888888888
	],
	"118": [
		0.137890625,
		0.14201388888888888
	],
	"119": [
		0.8068359375,
		0.04583333333333333
	],
	"120": [
		0.3720703125,
		0.07118055555555555
	],
	"121": [
		0.2875,
		0.12048611111111111
	],
	"122": [
		0.92578125,
		0.050694444444444445
	],
	"123": [
		0.1353515625,
		0.15104166666666666
	],
	"124": [
		0.0970703125,
		0.159375
	],
	"125": [
		0.25546875,
		0.11770833333333333
	],
	"126": [
		0.7419921875,
		0.08819444444444445
	],
	"127": [
		0.2865234375,
		0.12048611111111111
	],
	"128": [
		0.4701171875,
		0.04513888888888889
	],
	"129": [
		0.358203125,
		0.440625
	],
	"130": [
		0.715234375,
		0.06909722222222223
	],
	"131": [
		0.7107421875,
		0.05243055555555556
	],
	"132": [
		0.305859375,
		0.1
	],
	"133": [
		0.5212890625,
		0.034722222222222224
	],
	"134": [
		0.2658203125,
		0.11527777777777778
	],
	"135": [
		0.4232421875,
		0.049652777777777775
	],
	"136": [
		0.8451171875,
		0.03125
	],
	"137": [
		0.2783203125,
		0.10208333333333333
	],
	"138": [
		0.722265625,
		0.08055555555555556
	],
	"139": [
		0.2953125,
		0.09722222222222222
	],
	"140": [
		0.2345703125,
		0.1076388888888889
	],
	"141": [
		0.102734375,
		0.15520833333333334
	],
	"142": [
		0.14765625,
		0.11944444444444445
	],
	"143": [
		0.3724609375,
		0.08715277777777777
	],
	"144": [
		0.3943359375,
		0.05798611111111111
	],
	"145": [
		0.378125,
		0.06805555555555555
	],
	"146": [
		0.1158203125,
		0.24131944444444445
	],
	"147": [
		0.11875,
		0.12916666666666668
	],
	"148": [
		0.3943359375,
		0.06076388888888889
	],
	"149": [
		0.2935546875,
		0.11145833333333334
	],
	"150": [
		0.4869140625,
		0.044444444444444446
	],
	"151": [
		0.296484375,
		0.10520833333333333
	],
	"152": [
		0.706640625,
		0.07916666666666666
	],
	"153": [
		0.10390625,
		0.15659722222222222
	],
	"154": [
		0.6138671875,
		0.03819444444444445
	],
	"155": [
		0.020703125,
		0.2065972222222222
	],
	"156": [
		0.159375,
		0.11805555555555555
	],
	"157": [
		0.123828125,
		0.12361111111111112
	],
	"158": [
		0.259765625,
		0.11354166666666667
	],
	"159": [
		0.4783203125,
		0.03333333333333333
	],
	"160": [
		0.6142578125,
		0.04097222222222222
	],
	"161": [
		0.115625,
		0.15590277777777778
	],