{
	"EighteenYardNorthForwardWest": [
		0.125,
		0.7203616569794261
	],
	"EighteenYardNorthForwardEast": [
		0.8188202247191011,
		0.3129439985238491
	]
}