{
	"PenaltySpotNorth": [
		0.08875,
		0.32930051453205395
	],
	"SixYardNorthForwardEast": [
		0.074375,
		0.2581004032818801
	],
	"EighteenYardNorthRearEast": [
		0.09,
		0.19283363463588746
	],
	"EighteenYardNorthForwardEast": [
		0.39625,
		0.2254670189588838
	]
}