{
	"EighteenYardNorthForwardWest": [
		0.161875,
		0.5780214043330723
	],
	"EighteenYardNorthForwardEast": [
		0.738125,
		0.23054032889584966
	],
	"SixYardNorthForwardEast": [
		0.335625,
		0.2505873140172279
	],
	"SixYardNorthRearEast": [
		0.224375,
		0.25392847820412423
	],
	"PenaltyCircleNorthEast": [
		0.610625,
		0.2973636126337771
	],
	"PenaltyCircleNorthWest": [
		0.033125,
		0.4009397024275646
	]
}