{
	"0": [
		0.7341796875,
		0.09375
	],
	"1": [
		0.4216796875,
		0.11006944444444444
	],
	"2": [
		0.76796875,
		0.08819444444444445
	],
	"3": [
		0.6587890625,
		0.07534722222222222
	],
	"4": [
		0.5064453125,
		0.06458333333333334
	],
	"5": [
		0.9705078125,
		0.10694444444444444
	],
	"6": [
		0.7333984375,
		0.10347222222222222
	],
	"7": [
		0.4271484375,
		0.10138888888888889
	],
	"8": [
		0.9625,
		0.1326388888888889
	],
	"9": [
		0.9693359375,
		0.11666666666666667
	],
	"10": [
		0.72734375,
		0.11944444444444445
	],
	"11": [
		0.2158203125,
		0.17256944444444444
	],
	"12": [
		0.61015625,
		0.053125
	],
	"13": [
		0.1609375,
		0.19722222222222222
	],
	"14": [
		0.3412109375,
		0.12881944444444443
	],
	"15": [
		0.304296875,
		0.1423611111111111
	],
	"16": [
		0.3349609375,
		0.1388888888888889
	],
	"17": [
		0.1384765625,
		0.1753472222222222
	],
	"18": [
		0.8103515625,
		0.06979166666666667
	],
	"19": [
		0.7783203125,
		0.06527777777777778
	],
	"20": [
		0.298828125,
		0.15347222222222223
	],
	"21": [
		0.2806640625,
		0.16493055555555555
	],
	"22": [
		0.17109375,
		0.1857638888888889
	],
	"23": [
		0.27890625,
		0.13472222222222222
	],
	"24": [
		0.282421875,
		0.15381944444444445
	],
	"25": [
		0.88203125,
		0.07881944444444444
	],
	"26": [
		0.1416015625,
		0.9135416666666667
	],
	"27": [
		0.71640625,
		0.10833333333333334
	],
	"28": [
		0.9591796875,
		0.10173611111111111
	],
	"29": [
		0.1396484375,
		0.2142361111111111
	],
	"30": [
		0.1703125,
		0.9211805555555556
	],
	"31": [
		0.400390625,
		0.12465277777777778
	],
	"32": [
		0.72734375,
		0.103125
	],
	"33": [
		0.2033203125,
		0.18194444444444444
	],
	"34": [
		0.4501953125,
		0.09826388888888889
	],
	"35": [
		0.881640625,
		0.071875
	],
	"36": [
		0.881640625,
		0.08576388888888889
	],
	"37": [
		0.96171875,
		0.11909722222222222
	],
	"38": [
		0.4048828125,
		0.10902777777777778
	],
	"39": [
		0.2884765625,
		0.11840277777777777
	],
	"40": [
		0.6388671875,
		0.05590277777777778
	],
	"41": [
		0.1419921875,
		0.9142361111111111
	],
	"42": [
		0.155859375,
		0.17048611111111112
	],
	"43": [
		0.6494140625,
		0.3368055555555556
	],
	"44": [
		0.7779296875,
		0.07465277777777778
	],
	"45": [
		0.3154296875,
		0.14618055555555556
	],
	"46": [
		0.1861328125,
		0.19027777777777777
	],
	"47": [
		0.22265625,
		0.1795138888888889
	],
	"48": [
		0.7232421875,
		0.08645833333333333
	],
	"49": [
		0.762109375,
		0.11423611111111111
	],
	"50": [
		0.280859375,
		0.14131944444444444
	],
	"51": [
		0.6498046875,
		0.36215277777777777
	],
	"52": [
		0.94453125,
		0.1375
	],
	"53": [
		0.3205078125,
		0.953125
	],
	"54": [
		0.18125,
		0.5763888888888888
	],
	"55": [
		0.01953125,
		0.89375
	],
	"56": [
		0.6494140625,
		0.33645833333333336
	],
	"57": [
		0.46328125,
		0.08784722222222222
	],
	"58": [
		0.190625,
		0.19305555555555556
	],
	"59": [
		0.28671875,
		0.13159722222222223
	],
	"60": [
		0.6494140625,
		0.33784722222222224
	],
	"61": [
		0.0271484375,
		0.8930555555555556
	],
	"62": [
		0.6826171875,
		0.07291666666666667
	],
	"63": [
		0.7498046875,
		0.22465277777777778
	],
	"64": [
		0.2171875,
		0.18888888888888888
	],
	"65": [
		0.1494140625,
		0.1736111111111111
	],
	"66": [
		0.7310546875,
		0.09097222222222222
	],
	"67": [
		0.4083984375,
		0.11840277777777777
	],
	"68": [
		0.14453125,
		0.19756944444444444
	],
	"69": [
		0.2234375,
		0.18506944444444445
	],
	"70": [
		0.1943359375,
		0.17916666666666667
	],
	"71": [
		0.286328125,
		0.16111111111111112
	],
	"72": [
		0.4693359375,
		0.10138888888888889
	],
	"73": [
		0.149609375,
		0.20833333333333334
	],
	"74": [
		0.6533203125,
		0.35694444444444445
	],
	"75": [
		0.3259765625,
		0.13645833333333332
	],
	"76": [
		0.71015625,
		0.09236111111111112
	],
	"77": [
		0.201953125,
		0.1892361111111111
	],
	"78": [
		0.1751953125,
		0.5815972222222222
	],
	"79": [
		0.144921875,
		0.18333333333333332
	],
	"80": [
		0.2236328125,
		0.17152777777777778
	],
	"81": [
		0.4333984375,
		0.10520833333333333
	],
	"82": [
		0.7376953125,
		0.10694444444444444
	],
	"83": [
		0.9798828125,
		0.12048611111111111
	],
	"84": [
		0.6376953125,
		0.06458333333333334
	],
	"85": [
		0.2724609375,
		0.9402777777777778
	],
	"86": [
		0.7015625,
		0.06388888888888888
	],
	"87": [
		0.9720703125,
		0.121875
	],
	"88": [
		0.7193359375,
		0.09618055555555556
	],
	"89": [
		0.8099609375,
		0.07569444444444444
	],
	"90": [
		0.7181640625,
		0.09097222222222222
	],
	"91": [
		0.3228515625,
		0.14756944444444445
	],
	"92": [
		0.714453125,
		0.08194444444444444
	],
	"93": [
		0.4435546875,
		0.09513888888888888
	],
	"94": [
		0.9537109375,
		0.10416666666666667
	],
	"95": [
		0.653125,
		0.3503472222222222
	],
	"96": [
		0.53125,
		0.06736111111111111
	],
	"97": [
		0.4466796875,
		0.10486111111111111
	],
	"98": [
		0.7619140625,
		0.109375
	],
	"99": [
		0.6236328125,
		0.30868055555555557
	],
	"100": [
		0.4630859375,
		0.10208333333333333
	],
	"101": [
		0.1796875,
		0.2
	],
	"102": [
		0.330078125,
		0.14479166666666668
	],
	"103": [
		0.46953125,
		0.0875
	],
	"104": [
		0.29296875,
		0.12986111111111112
	],
	"105": [
		0.1201171875,
		0.27847222222222223
	],
	"106": [
		0.437109375,
		0.10798611111111112
	],
	"107": [
		0.2154296875,
		0.18541666666666667
	],
	"108": [
		0.755078125,
		0.11701388888888889
	],
	"109": [
		0.1791015625,
		0.18229166666666666
	],
	"110": [
		0.1759765625,
		0.20243055555555556
	],
	"111": [
		0.7416015625,
		0.08090277777777778
	],
	"112": [
		0.610546875,
		0.05798611111111111
	],
	"113": [
		0.673046875,
		0.06666666666666667
	],
	"114": [
		0.3501953125,
		0.13958333333333334
	],
	"115": [
		0.2234375,
		0.13993055555555556
	],
	"116": [
		0.171484375,
		0.20069444444444445
	],
	"117": [
		0.21796875,
		0.18506944444444445
	],
	"118": [
		0.2095703125,
		0.19027777777777777
	],
	"119": [
		0.3150390625,
		0.15208333333333332
	],
	"120": [
		0.7294921875,
		0.1
	],
	"121": [
		0.7130859375,
		0.11145833333333334
	],
	"122": [
		0.960546875,
		0.0920138888888889
	],
	"123": [
		0.3375,
		0.26631944444444444
	],
	"124": [
		0.4623046875,
		0.08368055555555555
	],
	"125": [
		0.1646484375,
		0.203125
	],
	"126": [
		0.3509765625,
		0.1267361111111111
	],
	"127": [
		0.43125,
		0.42083333333333334
	],
	"128": [
		0.9453125,
		0.11666666666666667
	],
	"129": [
		0.18125,
		0.17395833333333333
	],
	"130": [
		0.96484375,
		0.10555555555555556
	],
	"131": [
		0.979296875,
		0.134375
	],
	"132": [
		0.0341796875,
		0.5649305555555556
	],
	"133": [
		0.9451171875,
		0.11076388888888888
	],
	"134": [
		0.7580078125,
		0.1125
	],
	"135": [
		0.552734375,
		0.10069444444444445
	],
	"136": [
		0.76015625,
		0.10520833333333333
	],
	"137": [
		0.2123046875,
		0.16354166666666667
	],
	"138": [
		0.4255859375,
		0.1125
	],
	"139": [
		0.1703125,
		0.1763888888888889
	],
	"140": [
		0.7384765625,
		0.11631944444444445
	],
	"141": [
		0.22578125,
		0.5475694444444444
	],
	"142": [
		0.6310546875,
		0.05416666666666667
	],
	"143": [
		0.300390625,
		0.15833333333333333
	],
	"144": [
		0.3380859375,
		0.12256944444444444
	],
	"145": [
		0.584765625,
		0.058333333333333334
	],
	"146": [
		0.4240234375,
		0.11597222222222223
	],
	"147": [
		0.2203125,
		0.16041666666666668
	],
	"148": [
		0.8109375,
		0.07361111111111111
	],
	"149": [
		0.4251953125,
		0.09305555555555556
	],
	"150": [
		0.0533203125,
		0.39791666666666664
	],
	"151": [
		0.9541015625,
		0.12534722222222222
	],
	"152": [
		0.9693359375,
		0.12465277777777778
	],
	"153": [
		0.973828125,
		0.1295138888888889
	],
	"154": [
		0.3451171875,
		0.14375
	],
	"155": [
		0.9623046875,
		0.11909722222222222
	],
	"156": [
		0.9126953125,
		0.08298611111111111
	],
	"157": [
		0.2203125,
		0.16701388888888888
	],
	"158": [
		0.1859375,
		0.17430555555555555
	],
	"159": [
		0.3009765625,
		0.13645833333333332
	],
	"160": [
		0.7498046875,
		0.10972222222222222
	],
	"161": [
		0.3423828125,
		0.14340277777777777
	],
	"162": [
		0.608984375,
		0.059027777777777776
	],