{
	"CornerNorthWest": [
		0.21629213483146068,
		0.18226745403526406
	],
	"CornerNorthEast": [
		0.8132022471910112,
		0.2412363362231436
	],
	"CornerSouthEast": [
		0.8188202247191011,
		0.887213636554006
	],
	"CornerSouthWest": [
		0.20786516853932585,
		0.8550487917242535
	]
}