{
	"0": [
		0.2546875,
		0.14444444444444443
	],
	"1": [
		0.2875,
		0.06180555555555556
	],
	"2": [
		0.375,
		0.15694444444444444
	],
	"3": [
		0.3419921875,
		0.15069444444444444
	],
	"4": [
		0.2091796875,
		0.050347222222222224
	],
	"5": [
		0.29296875,
		0.08715277777777777
	],
	"6": [
		0.5443359375,
		0.15902777777777777
	],
	"7": [
		0.287890625,
		0.09131944444444444
	],
	"8": [
		0.28984375,
		0.06979166666666667
	],
	"9": [
		0.0591796875,
		0.1111111111111111
	],
	"10": [
		0.307421875,
		0.15208333333333332
	],
	"11": [
		0.2609375,
		0.10173611111111111
	],
	"12": [
		0.307421875,
		0.1527777777777778
	],
	"13": [
		0.509375,
		0.16458333333333333
	],
	"14": [
		0.2546875,
		0.14444444444444443
	],
	"15": [
		0.2478515625,
		0.043055555555555555
	],
	"16": [
		0.293359375,
		0.08680555555555555
	],
	"17": [
		0.3421875,
		0.14930555555555555
	],
	"18": [
		0.4099609375,
		0.15555555555555556
	],
	"19": [
		0.4099609375,
		0.15555555555555556
	],
	"20": [
		0.3427734375,
		0.14791666666666667
	],
	"21": [
		0.4759765625,
		0.16180555555555556
	],
	"22": [
		0.4765625,
		0.15902777777777777
	],
	"23": [
		0.509375,
		0.15486111111111112
	],
	"24": [
		0.3751953125,
		0.15625
	],
	"25": [
		0.2490234375,
		0.11701388888888889
	],
	"26": [
		0.2537109375,
		0.049305555555555554
	],
	"27": [
		0.276171875,
		0.1375
	],
	"28": [
		0.3076171875,
		0.15520833333333334
	],
	"29": [
		0.275390625,
		0.14166666666666666
	],
	"30": [
		0.4099609375,
		0.15555555555555556
	],
	"31": [
		0.294921875,
		0.08541666666666667
	],
	"32": [
		0.3751953125,
		0.1579861111111111
	],
	"33": [
		0.0765625,
		0.11458333333333333
	],
	"34": [
		0.0810546875,
		0.10972222222222222
	],
	"35": [
		0.3078125,
		0.1625
	],
	"36": [
		0.370703125,
		0.13854166666666667
	],
	"37": [
		0.2505859375,
		0.046875
	],
	"38": [
		0.4765625,
		0.15868055555555555
	],
	"39": [
		0.2435546875,
		0.16180555555555556
	],
	"40": [
		0.516796875,
		0.14375
	],
	"41": [
		0.4431640625,
		0.1486111111111111
	],
	"42": [
		0.273046875,
		0.10104166666666667
	],
	"43": [
		0.44296875,
		0.16215277777777778
	],
	"44": [
		0.2087890625,
		0.05
	],
	"45": [
		0.1517578125,
		0.128125
	],
	"46": [
		0.2875,
		0.0625
	],
	"47": [
		0.509375,
		0.15486111111111112
	],
	"48": [
		0.2740234375,
		0.09930555555555555
	],
	"49": [
		0.3078125,
		0.15833333333333333
	],
	"50": [
		0.276171875,
		0.13854166666666667
	],
	"51": [
		0.3755859375,
		0.15833333333333333
	],
	"52": [
		0.4765625,
		0.15729166666666666
	],
	"53": [
		0.4419921875,
		0.1597222222222222
	],
	"54": [
		0.4419921875,
		0.1597222222222222
	],
	"55": [
		0.4099609375,
		0.15555555555555556
	],
	"56": [
		0.276171875,
		0.13854166666666667
	],
	"57": [
		0.509375,
		0.1638888888888889
	],
	"58": [
		0.4419921875,
		0.16006944444444443
	],
	"59": [
		0.3076171875,
		0.15520833333333334
	],
	"60": [
		0.3419921875,
		0.1486111111111111
	],
	"61": [
		0.252734375,
		0.04756944444444444
	],
	"62": [
		0.3076171875,
		0.153125
	],
	"63": [
		0.295703125,
		0.08611111111111111
	],
	"64": [
		0.24375,
		0.1597222222222222
	],
	"65": [
		0.0587890625,
		0.11180555555555556
	],
	"66": [
		0.294921875,
		0.08611111111111111
	],
	"67": [
		0.44296875,
		0.16111111111111112
	],
	"68": [
		0.4765625,
		0.15694444444444444
	],
	"69": [
		0.516796875,
		0.14375
	],
	"70": [
		0.3943359375,
		0.8413194444444444
	],
	"71": [
		0.3068359375,
		0.15486111111111112
	],
	"72": [
		0.4830078125,
		0.8489583333333334
	],
	"73": [
		0.149609375,
		0.11909722222222222
	],
	"74": [
		0.3755859375,
		0.15833333333333333
	],
	"75": [
		0.2517578125,
		0.050347222222222224
	],
	"76": [
		0.4099609375,
		0.15555555555555556
	],
	"77": [
		0.2509765625,
		0.04618055555555556
	],
	"78": [
		0.2490234375,
		0.11701388888888889
	],
	"79": [
		0.4087890625,
		0.159375
	],
	"80": [
		0.4765625,
		0.1579861111111111
	],
	"81": [
		0.47734375,
		0.16180555555555556
	],
	"82": [
		0.2546875,
		0.14444444444444443
	],
	"83": [
		0.090625,
		0.10104166666666667
	],
	"84": [
		0.290625,
		0.06145833333333333
	],
	"85": [
		0.4419921875,
		0.16006944444444443
	],
	"86": [
		0.464453125,
		0.8479166666666667
	],
	"87": [
		0.4697265625,
		0.8493055555555555
	],
	"88": [
		0.2873046875,
		0.06875
	],
	"89": [
		0.4708984375,
		0.8493055555555555
	],
	"90": [
		0.375,
		0.15694444444444444
	],
	"91": [
		0.54453125,
		0.16041666666666668
	],
	"92": [
		0.2595703125,
		0.11597222222222223
	],
	"93": [
		0.2873046875,
		0.0625
	],
	"94": [
		0.5421875,
		0.8538194444444445
	],
	"95": [
		0.21484375,
		0.12465277777777778
	],
	"96": [
		0.2876953125,
		0.06354166666666666
	],
	"97": [
		0.278515625,
		0.09583333333333334
	],
	"98": [
		0.250390625,
		0.14444444444444443
	],
	"99": [
		0.3421875,
		0.14930555555555555
	],
	"100": [
		0.25390625,
		0.14444444444444443
	],
	"101": [
		0.514453125,
		0.8513888888888889
	],
	"102": [
		0.0943359375,
		0.12048611111111111
	],
	"103": [
		0.3421875,
		0.14930555555555555
	],
	"104": [
		0.2421875,
		0.12291666666666666
	],
	"105": [
		0.044921875,
		0.10798611111111112
	],
	"106": [
		0.2501953125,
		0.1440972222222222
	],
	"107": [
		0.340625,
		0.15590277777777778
	],
	"108": [
		0.3755859375,
		0.15694444444444444
	],
	"109": [
		0.2880859375,
		0.06875
	],
	"110": [
		0.287890625,
		0.09131944444444444
	],
	"111": [
		0.4216796875,
		0.8444444444444444
	],
	"112": [
		0.058203125,
		0.1329861111111111
	],
	"113": [
		0.5447265625,
		0.15902777777777777
	],
	"114": [
		0.07265625,
		0.12430555555555556
	],
	"115": [
		0.3755859375,
		0.15694444444444444
	],
	"116": [
		0.4765625,
		0.15694444444444444
	],
	"117": [
		0.2705078125,
		0.052083333333333336
	],
	"118": [
		0.4099609375,
		0.15555555555555556
	],
	"119": [
		0.5443359375,
		0.1579861111111111
	],
	"120": [
		0.250390625,
		0.109375
	],
	"121": [
		0.2880859375,
		0.0642361111111111
	],
	"122": [
		0.2943359375,
		0.08645833333333333
	],
	"123": [
		0.2505859375,
		0.04618055555555556
	],
	"124": [
		0.2837890625,
		0.09340277777777778
	],
	"125": [
		0.4099609375,
		0.15520833333333334
	],
	"126": [
		0.0763671875,
		0.11458333333333333
	],
	"127": [
		0.253515625,
		0.1451388888888889
	],
	"128": [
		0.4509765625,
		0.1423611111111111
	],
	"129": [
		0.245703125,
		0.12013888888888889
	],
	"130": [
		0.290625,
		0.06145833333333333
	],
	"131": [
		0.090625,
		0.10104166666666667
	],
	"132": [
		0.1451171875,
		0.12604166666666666
	],
	"133": [
		0.4087890625,
		0.15520833333333334
	],
	"134": [
		0.0791015625,
		0.1111111111111111
	],
	"135": [
		0.2525390625,
		0.8277777777777777
	],
	"136": [
		0.1216796875,
		0.8225694444444445
	],
	"137": [
		0.025,
		0.3079861111111111
	],
	"138": [
		0.375,
		0.15243055555555557
	],
	"139": [
		0.341796875,
		0.14652777777777778
	],
	"140": [
		0.2501953125,
		0.044097222222222225
	],
	"141": [
		0.4759765625,
		0.159375
	],
	"142": [
		0.508984375,
		0.16319444444444445
	],
	"143": [
		0.2755859375,
		0.14444444444444443
	],
	"144": [
		0.4099609375,
		0.15520833333333334
	],
	"145": [
		0.4759765625,
		0.159375
	],
	"146": [
		0.2828125,
		0.06041666666666667
	],
	"147": [
		0.3416015625,
		0.15
	],
	"148": [
		0.0609375,
		0.8430555555555556
	],
	"149": [
		0.5443359375,
		0.1579861111111111
	],
	"150": [
		0.276171875,
		0.13784722222222223
	],
	"151": [
		0.25703125,
		0.14444444444444443
	],
	"152": [
		0.2861328125,
		0.06805555555555555
	],
	"153": [
		0.1435546875,
		0.8454861111111112
	],
	"154": [
		0.141015625,
		0.19131944444444443
	],
	"155": [
		0.4099609375,
		0.15520833333333334
	],
	"156": [
		0.2546875,
		0.14444444444444443
	],
	"157": [
		0.4099609375,
		0.15555555555555556
	],
	"158": [
		0.44296875,
		0.16319444444444445
	],
	"159": [
		0.2080078125,
		0.049305555555555554
	],
	"160": [
		0.0767578125,
		0.11493055555555555
	],
	"161": [
		0.072265625,
		0.12569444444444444
	],
	"162": [
		0.4759765625,
		0.15902777777777777
	],
	"163": [
		0.2748046875,
		0.09444444444444444
	],