{
	"EighteenYardNorthForwardWest": [
		0.175561797752809,
		0.5813034503096431
	],
	"EighteenYardNorthForwardEast": [
		0.7570224719101124,
		0.24158065467413742
	],
	"SixYardNorthForwardEast": [
		0.3441011235955056,
		0.2680035387791212
	],
	"SixYardNorthForwardWest": [
		0.056179775280898875,
		0.4038926570333235
	]
}