{
	"0": [
		0.208984375,
		0.1701388888888889
	],
	"1": [
		0.2875,
		0.06180555555555556
	],
	"2": [
		0.3208984375,
		0.1840277777777778
	],
	"3": [
		0.2875,
		0.18194444444444444
	],
	"4": [
		0.208984375,
		0.050347222222222224
	],
	"5": [
		0.2923828125,
		0.08715277777777777
	],
	"6": [
		0.47890625,
		0.19027777777777777
	],
	"7": [
		0.2845703125,
		0.09236111111111112
	],
	"8": [
		0.28984375,
		0.06979166666666667
	],
	"9": [
		0.019140625,
		0.13993055555555556
	],
	"10": [
		0.2568359375,
		0.18055555555555555
	],
	"11": [
		0.22890625,
		0.11909722222222222
	],
	"12": [
		0.256640625,
		0.18125
	],
	"13": [
		0.44921875,
		0.18993055555555555
	],
	"14": [
		0.208984375,
		0.1701388888888889
	],
	"15": [
		0.2447265625,
		0.04895833333333333
	],
	"16": [
		0.2927734375,
		0.08680555555555555
	],
	"17": [
		0.2875,
		0.18194444444444444
	],
	"18": [
		0.351171875,
		0.1857638888888889
	],
	"19": [
		0.351171875,
		0.1857638888888889
	],
	"20": [
		0.2875,
		0.18090277777777777
	],
	"21": [
		0.415625,
		0.18715277777777778
	],
	"22": [
		0.415625,
		0.18715277777777778
	],
	"23": [
		0.4484375,
		0.18055555555555555
	],
	"24": [
		0.321484375,
		0.18229166666666666
	],
	"25": [
		0.203125,
		0.14305555555555555
	],
	"26": [
		0.253515625,
		0.05138888888888889
	],
	"27": [
		0.2234375,
		0.165625
	],
	"28": [
		0.25703125,
		0.18229166666666666
	],
	"29": [
		0.2234375,
		0.1673611111111111
	],
	"30": [
		0.351171875,
		0.1857638888888889
	],
	"31": [
		0.2939453125,
		0.08576388888888889
	],
	"32": [
		0.321484375,
		0.1840277777777778
	],
	"33": [
		0.036328125,
		0.13819444444444445
	],
	"34": [
		0.038671875,
		0.1326388888888889
	],
	"35": [
		0.257421875,
		0.18611111111111112
	],
	"36": [
		0.3181640625,
		0.16527777777777777
	],
	"37": [
		0.25,
		0.04895833333333333
	],
	"38": [
		0.415625,
		0.18715277777777778
	],
	"39": [
		0.1970703125,
		0.18541666666666667
	],
	"40": [
		0.455078125,
		0.16631944444444444
	],
	"41": [
		0.38515625,
		0.17847222222222223
	],
	"42": [
		0.23828125,
		0.12118055555555556
	],
	"43": [
		0.385546875,
		0.18784722222222222
	],
	"44": [
		0.20859375,
		0.05
	],
	"45": [
		0.1087890625,
		0.15347222222222223
	],
	"46": [
		0.2875,
		0.0625
	],
	"47": [
		0.4484375,
		0.18055555555555555
	],
	"48": [
		0.24453125,
		0.11423611111111111
	],
	"49": [
		0.25703125,
		0.18194444444444444
	],
	"50": [
		0.2232421875,
		0.165625
	],
	"51": [
		0.321484375,
		0.18506944444444445
	],
	"52": [
		0.415625,
		0.18715277777777778
	],
	"53": [
		0.3849609375,
		0.18611111111111112
	],
	"54": [
		0.3849609375,
		0.18611111111111112
	],
	"55": [
		0.351171875,
		0.1857638888888889
	],
	"56": [
		0.2232421875,
		0.165625
	],
	"57": [
		0.44921875,
		0.18958333333333333
	],
	"58": [
		0.3849609375,
		0.18611111111111112
	],
	"59": [
		0.25703125,
		0.18229166666666666
	],
	"60": [
		0.2875,
		0.18194444444444444
	],
	"61": [
		0.2525390625,
		0.049652777777777775
	],
	"62": [
		0.25703125,
		0.18020833333333333
	],
	"63": [
		0.2947265625,
		0.08645833333333333
	],
	"64": [
		0.198046875,
		0.1840277777777778
	],
	"65": [
		0.0189453125,
		0.13993055555555556
	],
	"66": [
		0.2939453125,
		0.08645833333333333
	],
	"67": [
		0.3853515625,
		0.18819444444444444
	],
	"68": [
		0.415625,
		0.18715277777777778
	],
	"69": [
		0.455078125,
		0.16631944444444444
	],
	"70": [
		0.3462890625,
		0.8288194444444444
	],
	"71": [
		0.25703125,
		0.18020833333333333
	],
	"72": [
		0.426171875,
		0.834375
	],
	"73": [
		0.1078125,
		0.14201388888888888
	],
	"74": [
		0.321484375,
		0.18506944444444445
	],
	"75": [
		0.2515625,
		0.05277777777777778
	],
	"76": [
		0.351171875,
		0.1857638888888889
	],
	"77": [
		0.2501953125,
		0.04895833333333333
	],
	"78": [
		0.203125,
		0.14305555555555555
	],
	"79": [
		0.3513671875,
		0.18645833333333334
	],
	"80": [
		0.415625,
		0.18715277777777778
	],
	"81": [
		0.415625,
		0.1875
	],
	"82": [
		0.208984375,
		0.1701388888888889
	],
	"83": [
		0.05234375,
		0.12361111111111112
	],
	"84": [
		0.290625,
		0.06145833333333333
	],
	"85": [
		0.3849609375,
		0.18611111111111112
	],
	"86": [
		0.4158203125,
		0.834375
	],
	"87": [
		0.4193359375,
		0.8336805555555555
	],
	"88": [
		0.2873046875,
		0.06875
	],
	"89": [
		0.421875,
		0.8340277777777778
	],
	"90": [
		0.3208984375,
		0.1840277777777778
	],
	"91": [
		0.47890625,
		0.19027777777777777
	],
	"92": [
		0.2125,
		0.14027777777777778
	],
	"93": [
		0.2873046875,
		0.0625
	],
	"94": [
		0.4849609375,
		0.8385416666666666
	],
	"95": [
		0.1650390625,
		0.14097222222222222
	],
	"96": [
		0.2876953125,
		0.06354166666666666
	],
	"97": [
		0.2576171875,
		0.09861111111111111
	],
	"98": [
		0.2029296875,
		0.17118055555555556
	],
	"99": [
		0.2875,
		0.18194444444444444
	],
	"100": [
		0.2076171875,
		0.17083333333333334
	],
	"101": [
		0.4525390625,
		0.8368055555555556
	],
	"102": [
		0.0552734375,
		0.146875
	],
	"103": [
		0.2875,
		0.18194444444444444
	],
	"104": [
		0.19765625,
		0.15034722222222222
	],
	"105": [
		0.20234375,
		0.17048611111111112
	],
	"106": [
		0.2876953125,
		0.1840277777777778
	],
	"107": [
		0.321484375,
		0.18472222222222223
	],
	"108": [
		0.2880859375,
		0.06875
	],
	"109": [
		0.2845703125,
		0.09236111111111112
	],
	"110": [
		0.3625,
		0.83125
	],
	"111": [
		0.018359375,
		0.15868055555555555
	],
	"112": [
		0.479296875,
		0.19027777777777777
	],
	"113": [
		0.027734375,
		0.16215277777777778
	],
	"114": [
		0.321484375,
		0.18472222222222223
	],
	"115": [
		0.415625,
		0.18715277777777778
	],
	"116": [
		0.2703125,
		0.052083333333333336
	],
	"117": [
		0.351171875,
		0.1857638888888889
	],
	"118": [
		0.479296875,
		0.19027777777777777
	],
	"119": [
		0.208984375,
		0.1329861111111111
	],
	"120": [
		0.2880859375,
		0.0642361111111111
	],
	"121": [
		0.293359375,
		0.08680555555555555
	],
	"122": [
		0.24921875,
		0.04895833333333333
	],
	"123": [
		0.2583984375,
		0.09652777777777778
	],
	"124": [
		0.351171875,
		0.18506944444444445
	],
	"125": [
		0.0357421875,
		0.13993055555555556
	],
	"126": [
		0.20703125,
		0.17048611111111112
	],
	"127": [
		0.391015625,
		0.165625
	],
	"128": [
		0.2009765625,
		0.14618055555555556
	],
	"129": [
		0.290625,
		0.06145833333333333
	],
	"130": [
		0.05234375,
		0.12361111111111112
	],
	"131": [
		0.1041015625,
		0.14965277777777777
	],
	"132": [
		0.351171875,
		0.1857638888888889
	],
	"133": [
		0.038671875,
		0.13402777777777777
	],
	"134": [
		0.2162109375,
		0.8201388888888889
	],
	"135": [
		0.0794921875,
		0.8180555555555555
	],
	"136": [
		0.321875,
		0.1795138888888889
	],
	"137": [
		0.2875,
		0.18194444444444444
	],
	"138": [
		0.24765625,
		0.04826388888888889
	],
	"139": [
		0.415625,
		0.18680555555555556
	],
	"140": [
		0.4486328125,
		0.18888888888888888
	],
	"141": [
		0.2234375,
		0.17048611111111112
	],
	"142": [
		0.351171875,
		0.18506944444444445
	],
	"143": [
		0.415625,
		0.18680555555555556
	],
	"144": [
		0.2828125,
		0.06041666666666667
	],
	"145": [
		0.2875,
		0.18263888888888888
	],
	"146": [
		0.0265625,
		0.8395833333333333
	],
	"147": [
		0.479296875,
		0.19027777777777777
	],
	"148": [
		0.2232421875,
		0.165625
	],
	"149": [
		0.212109375,
		0.16944444444444445
	],
	"150": [
		0.2861328125,
		0.06805555555555555
	],
	"151": [
		0.1037109375,
		0.8392361111111111
	],
	"152": [
		0.0970703125,
		0.21354166666666666
	],
	"153": [
		0.351171875,
		0.18506944444444445
	],
	"154": [
		0.208984375,
		0.1701388888888889
	],
	"155": [
		0.351171875,
		0.1857638888888889
	],
	"156": [
		0.385546875,
		0.18819444444444444
	],
	"157": [
		0.2080078125,
		0.04895833333333333
	],
	"158": [
		0.0369140625,
		0.1388888888888889
	],
	"159": [
		0.02734375,
		0.16180555555555556
	],
	"160": [
		0.415625,
		0.18680555555555556
	],
	"161": [
		0.2591796875,
		0.09583333333333334
	],
	"162": [
		0.2875,
		0.18159722222222222
	],
	"163": [
		0.321484375,
		0.1840277777777778
	],
	"164": [
		0.2943359375,
		0.08298611111111111
	],