{
	"EighteenYardNorthForwardEast": [
		0.38764044943820225,
		0.23027954608358706
	],
	"PenaltyCircleNorthWest": [
		0.12950718142818335,
		0.3947376481793626
	],
	"CornerNorthEast": [
		0.19662921348314608,
		0.15010260920551158
	]
}