{
	"0": [
		0.8009765625,
		0.19826388888888888
	],
	"1": [
		0.788671875,
		0.20381944444444444
	],
	"2": [
		0.0697265625,
		0.18541666666666667
	],
	"3": [
		0.8609375,
		0.203125
	],
	"4": [
		0.277734375,
		0.1875
	],
	"5": [
		0.12109375,
		0.18055555555555555
	],
	"6": [
		0.38359375,
		0.18888888888888888
	],
	"7": [
		0.3416015625,
		0.1892361111111111
	],
	"8": [
		0.2931640625,
		0.16666666666666666
	],
	"9": [
		0.4083984375,
		0.1920138888888889
	],
	"10": [
		0.5400390625,
		0.19305555555555556
	],
	"11": [
		0.5330078125,
		0.1996527777777778
	],
	"12": [
		0.8701171875,
		0.19791666666666666
	],
	"13": [
		0.465234375,
		0.1986111111111111
	],
	"14": [
		0.2095703125,
		0.18506944444444445
	],
	"15": [
		0.448828125,
		0.190625
	],
	"16": [
		0.7779296875,
		0.19756944444444444
	],
	"17": [
		0.846875,
		0.19618055555555555
	],
	"18": [
		0.0783203125,
		0.18020833333333333
	],
	"19": [
		0.266015625,
		0.19166666666666668
	],
	"20": [
		0.1873046875,
		0.18368055555555557
	],
	"21": [
		0.401953125,
		0.196875
	],
	"22": [
		0.3720703125,
		0.17222222222222222
	],
	"23": [
		0.1373046875,
		0.18819444444444444
	],
	"24": [
		0.25625,
		0.1840277777777778
	],
	"25": [
		0.4740234375,
		0.19409722222222223
	],
	"26": [
		0.05390625,
		0.17881944444444445
	],
	"27": [
		0.19765625,
		0.190625
	],
	"28": [
		0.41484375,
		0.18159722222222222
	],
	"29": [
		0.91796875,
		0.19722222222222222
	],
	"30": [
		0.3376953125,
		0.196875
	],
	"31": [
		0.214453125,
		0.17777777777777778
	],
	"32": [
		0.3201171875,
		0.18888888888888888
	],
	"33": [
		0.805078125,
		0.18854166666666666
	],
	"34": [
		0.3482421875,
		0.18125
	],
	"35": [
		0.2607421875,
		0.19756944444444444
	],
	"36": [
		0.2080078125,
		0.18020833333333333
	],
	"37": [
		0.4796875,
		0.1920138888888889
	],
	"38": [
		0.2826171875,
		0.17916666666666667
	],
	"39": [
		0.1908203125,
		0.19375
	],
	"40": [
		0.3861328125,
		0.20173611111111112
	],
	"41": [
		0.084375,
		0.17777777777777778
	],
	"42": [
		0.1505859375,
		0.18055555555555555
	],
	"43": [
		0.125,
		0.19027777777777777
	],
	"44": [
		0.3232421875,
		0.2
	],
	"45": [
		0.1439453125,
		0.17743055555555556
	],
	"46": [
		0.2748046875,
		0.18194444444444444
	],
	"47": [
		0.544140625,
		0.18611111111111112
	],
	"48": [
		0.517578125,
		0.20590277777777777
	],
	"49": [
		0.7818359375,
		0.20798611111111112
	],
	"50": [
		0.14609375,
		0.18125
	],
	"51": [
		0.2482421875,
		0.20034722222222223
	],
	"52": [
		0.690625,
		0.17256944444444444
	],
	"53": [
		0.07578125,
		0.175
	],
	"54": [
		0.8796875,
		0.18993055555555555
	],
	"55": [
		0.284375,
		0.19791666666666666
	],
	"56": [
		0.05703125,
		0.18680555555555556
	],
	"57": [
		0.4703125,
		0.1875
	],
	"58": [
		0.102734375,
		0.15590277777777778
	],
	"59": [
		0.453515625,
		0.20347222222222222
	],
	"60": [
		0.765234375,
		0.16875
	],
	"61": [
		0.848828125,
		0.21215277777777777
	],
	"62": [
		0.150390625,
		0.19270833333333334
	],
	"63": [
		0.51484375,
		0.19375
	],
	"64": [
		0.403125,
		0.18611111111111112
	],
	"65": [
		0.343359375,
		0.18368055555555557
	],
	"66": [
		0.218359375,
		0.196875
	],
	"67": [
		0.536328125,
		0.18993055555555555
	],
	"68": [
		0.799609375,
		0.19270833333333334
	],
	"69": [
		0.4150390625,
		0.20451388888888888
	],
	"70": [
		0.809375,
		0.20590277777777777
	],
	"71": [
		0.6046875,
		0.18020833333333333
	],
	"72": [
		0.29296875,
		0.16631944444444444
	],
	"73": [
		0.853515625,
		0.20277777777777778
	],
	"74": [
		0.3498046875,
		0.20208333333333334
	],
	"75": [
		0.192578125,
		0.17743055555555556
	],
	"76": [
		0.7833984375,
		0.2013888888888889
	],
	"77": [
		0.879296875,
		0.20833333333333334
	],
	"78": [
		0.2638671875,
		0.19305555555555556
	],
	"79": [
		0.86953125,
		0.1920138888888889
	],
	"80": [
		0.8775390625,
		0.20625
	],
	"81": [
		0.853125,
		0.20347222222222222
	],
	"82": [
		0.3263671875,
		0.1857638888888889
	],
	"83": [
		0.32734375,
		0.1986111111111111
	],
	"84": [
		0.7833984375,
		0.20520833333333333
	],
	"85": [
		0.5462890625,
		0.203125
	],
	"86": [
		0.4794921875,
		0.20451388888888888
	],
	"87": [
		0.0609375,
		0.1875
	],
	"88": [
		0.126953125,
		0.19027777777777777
	],
	"89": [
		0.8521484375,
		0.20729166666666668
	],
	"90": [
		0.5443359375,
		0.20277777777777778
	],
	"91": [
		0.0626953125,
		0.16145833333333334
	],
	"92": [
		0.19140625,
		0.18888888888888888
	],
	"93": [
		0.8068359375,
		0.20625
	],
	"94": [
		0.0849609375,
		0.18645833333333334
	],
	"95": [
		0.651171875,
		0.9427083333333334
	],
	"96": [
		0.9123046875,
		0.18506944444444445
	],
	"97": [
		0.390234375,
		0.18611111111111112
	],
	"98": [
		0.783984375,
		0.19131944444444443
	],
	"99": [
		0.3490234375,
		0.20416666666666666
	],
	"100": [
		0.5208984375,
		0.20208333333333334
	],
	"101": [
		0.3892578125,
		0.19791666666666666
	],
	"102": [
		0.1916015625,
		0.190625
	],
	"103": [
		0.3890625,
		0.19791666666666666
	],
	"104": [
		0.584375,
		0.17326388888888888
	],
	"105": [
		0.0841796875,
		0.16701388888888888
	],
	"106": [
		0.78984375,
		0.20833333333333334
	],
	"107": [
		0.855078125,
		0.19131944444444443
	],
	"108": [
		0.1287109375,
		0.18611111111111112
	],
	"109": [
		0.5185546875,
		0.19479166666666667
	],
	"110": [
		0.8826171875,
		0.41458333333333336
	],
	"111": [
		0.4546875,
		0.20069444444444445
	],
	"112": [
		0.8505859375,
		0.19826388888888888
	],
	"113": [
		0.4373046875,
		0.39166666666666666
	],
	"114": [
		0.130859375,
		0.1763888888888889
	],
	"115": [
		0.8650390625,
		0.209375
	],
	"116": [
		0.0591796875,
		0.17395833333333333
	],
	"117": [
		0.32421875,
		0.19479166666666667
	],
	"118": [
		0.337890625,
		0.2013888888888889
	],
	"119": [
		0.4568359375,
		0.19444444444444445
	],
	"120": [
		0.4140625,
		0.20416666666666666
	],
	"121": [
		0.8830078125,
		0.403125
	],
	"122": [
		0.43671875,
		0.4027777777777778
	],
	"123": [
		0.2486328125,
		0.17326388888888888
	],
	"124": [
		0.1392578125,
		0.19444444444444445
	],
	"125": [
		0.0572265625,
		0.17569444444444443
	],
	"126": [
		0.882421875,
		0.4201388888888889
	],
	"127": [
		0.271484375,
		0.19826388888888888
	],
	"128": [
		0.4541015625,
		0.1920138888888889
	],
	"129": [
		0.796875,
		0.19826388888888888
	],
	"130": [
		0.7556640625,
		0.190625
	],
	"131": [
		0.263671875,
		0.18368055555555557
	],
	"132": [
		0.1931640625,
		0.42569444444444443
	],
	"133": [
		0.07265625,
		0.18958333333333333
	],
	"134": [
		0.866015625,
		0.19791666666666666
	],
	"135": [
		0.388671875,
		0.1892361111111111
	],
	"136": [
		0.2638671875,
		0.19305555555555556
	],
	"137": [
		0.058203125,
		0.18854166666666666
	],
	"138": [
		0.4376953125,
		0.41215277777777776
	],
	"139": [
		0.437890625,
		0.41215277777777776
	],
	"140": [
		0.33359375,
		0.17152777777777778
	],
	"141": [
		0.065625,
		0.16875
	],
	"142": [
		0.8830078125,
		0.41631944444444446
	],
	"143": [
		0.533203125,
		0.20555555555555555
	],
	"144": [
		0.46875,
		0.18611111111111112
	],
	"145": [
		0.783203125,
		0.19479166666666667
	],
	"146": [
		0.882421875,
		0.40625
	],
	"147": [
		0.52109375,
		0.1909722222222222
	],
	"148": [
		0.403125,
		0.20347222222222222
	],
	"149": [
		0.7287109375,
		0.17048611111111112
	],
	"150": [
		0.4595703125,
		0.18680555555555556
	],
	"151": [
		0.523828125,
		0.20347222222222222
	],
	"152": [
		0.247265625,
		0.17708333333333334
	],
	"153": [
		0.6529296875,
		0.709375
	],
	"154": [
		0.616796875,
		0.17743055555555556
	],
	"155": [
		0.4376953125,
		0.4128472222222222
	],
	"156": [
		0.6564453125,
		0.23298611111111112
	],
	"157": [
		0.216796875,
		0.1951388888888889
	],
	"158": [
		0.4353515625,
		0.39861111111111114
	],
	"159": [
		0.0826171875,
		0.18854166666666666
	],
	"160": [
		0.33671875,
		0.18263888888888888
	],
	"161": [
		0.3232421875,
		0.18819444444444444
	],
	"162": [
		0.6474609375,
		0.18263888888888888
	],
	"163": [
		0.5349609375,
		0.1954861111111111
	],
	"164": [
		0.1501953125,
		0.19444444444444445
	],