{
	"0": [
		0.5078125,
		0.2
	],
	"1": [
		0.553125,
		0.2916666666666667
	],
	"2": [
		0.49375,
		0.10833333333333334
	],
	"3": [
		0.4453125,
		0.18611111111111112
	],
	"4": [
		0.45,
		0.32222222222222224
	],
	"5": [
		0.3890625,
		0.3333333333333333
	],
	"6": [
		0.725,
		0.42777777777777776
	],
	"7": [
		0.6671875,
		0.45
	],
	"8": [
		0.725,
		0.3527777777777778
	],
	"9": [
		0.6671875,
		0.3333333333333333
	],
	"10": [
		0.446875,
		0.4583333333333333
	],
	"11": [
		0.3890625,
		0.44722222222222224
	],
	"12": [
		0.6703125,
		0.44722222222222224
	],
	"13": [
		0.6125,
		0.4583333333333333
	],
	"14": [
		0.446875,
		0.20277777777777778
	],
	"15": [
		0.3890625,
		0.2111111111111111
	],
	"16": [
		0.6140625,
		0.18333333333333332
	],
	"17": [
		0.55625,
		0.18888888888888888
	],
	"18": [
		0.53125,
		0.5
	],
	"19": [
		0.534375,
		0.6027777777777777
	],
	"20": [
		0.5609375,
		0.18333333333333332
	],
	"21": [
		0.503125,
		0.18611111111111112
	],
	"22": [
		0.6140625,
		0.20277777777777778
	],
	"23": [
		0.55625,
		0.2
	],
	"24": [
		0.53125,
		0.3
	],
	"25": [
		0.5328125,
		0.4027777777777778
	],
	"26": [
		0.5328125,
		0.4
	],
	"27": [
		0.53125,
		0.5027777777777778
	],
	"28": [
		0.6140625,
		0.46111111111111114
	],
	"29": [
		0.55625,
		0.4638888888888889
	],
	"30": [
		0.5578125,
		0.8527777777777777
	],
	"31": [
		0.5,
		0.85
	],
	"32": [
		0.390625,
		0.44722222222222224
	],
	"33": [
		0.334375,
		0.425
	],
	"34": [
		0.721875,
		0.35
	],
	"35": [
		0.771875,
		0.4
	],
	"36": [
		0.390625,
		0.3333333333333333
	],
	"37": [
		0.334375,
		0.3527777777777778
	],
	"38": [
		0.6125,
		0.32222222222222224
	],
	"39": [
		0.66875,
		0.33611111111111114
	],
	"40": [
		0.503125,
		0.2361111111111111
	],
	"41": [
		0.5546875,
		0.2777777777777778
	],
	"42": [
		0.534375,
		0.7027777777777777
	],
	"43": [
		0.53125,
		0.8027777777777778
	],
	"44": [
		0.3359375,
		0.13333333333333333
	],
	"45": [
		0.2796875,
		0.13055555555555556
	],
	"46": [
		0.53125,
		0.20277777777777778
	],
	"47": [
		0.5328125,
		0.30277777777777776
	],
	"48": [
		0.5015625,
		0.46111111111111114
	],
	"49": [
		0.4453125,
		0.4583333333333333
	],
	"50": [
		0.7796875,
		0.2111111111111111
	],
	"51": [
		0.7234375,
		0.2111111111111111
	],
	"52": [
		0.515625,
		0.20277777777777778
	],
	"53": [
		0.5546875,
		0.2722222222222222
	],
	"54": [
		0.5015625,
		0.85
	],
	"55": [
		0.446875,
		0.8527777777777777
	],
	"56": [
		1,
		0.8666666666666667
	],
	"57": [
		0.9453125,
		0.8638888888888889
	],
	"58": [
		0.946875,
		0.20833333333333334
	],
	"59": [
		0.8921875,
		0.20833333333333334
	],
	"60": [
		0.66875,
		0.8527777777777777
	],
	"61": [
		0.615625,
		0.8527777777777777
	],
	"62": [
		0.771875,
		0.4
	],
	"63": [
		0.7234375,
		0.42777777777777776
	],
	"64": [
		0.946875,
		0.8638888888888889
	],
	"65": [
		0.896875,
		0.8611111111111112
	],
	"66": [
		0.09375,
		0.11944444444444445
	],
	"67": [
		0.05625,
		0.17777777777777778
	],
	"68": [
		0.334375,
		0.32222222222222224
	],
	"69": [
		0.303125,
		0.3888888888888889
	],
	"70": [
		0.2796875,
		0.13055555555555556
	],
	"71": [
		0.2328125,
		0.13333333333333333
	],
	"72": [
		0.503125,
		0.2361111111111111
	],
	"73": [
		0.5328125,
		0.3
	],
	"74": [
		0.534375,
		0.20555555555555555
	],
	"75": [
		0.50625,
		0.26944444444444443
	],
	"76": [
		0.4578125,
		0.13333333333333333
	],
	"77": [
		0.4921875,
		0.18611111111111112
	],
	"78": [
		0.225,
		0.4
	],
	"79": [
		0.2421875,
		0.4722222222222222
	],
	"80": [
		0.2109375,
		0.8527777777777777
	],
	"81": [
		0.1671875,
		0.8527777777777777
	],
	"82": [
		0.5171875,
		0.2
	],
	"83": [
		0.5328125,
		0.2722222222222222
	],
	"84": [
		0.5078125,
		0.2
	],
	"85": [
		0.51875,
		0.2722222222222222
	],
	"86": [
		0.5171875,
		0.2
	],
	"87": [
		0.503125,
		0.26944444444444443
	],
	"88": [
		0.4609375,
		0.13333333333333333
	],
	"89": [
		0.45,
		0.20277777777777778
	],
	"90": [
		0.9640625,
		0.125
	],
	"91": [
		1,
		0.15555555555555556
	],
	"92": [
		0.0953125,
		0.8527777777777777
	],
	"93": [
		0.05625,
		0.8555555555555555
	],
	"94": [
		0.76875,
		0.8555555555555555
	],
	"95": [
		0.7390625,
		0.9
	],
	"96": [
		0.7984375,
		0.30277777777777776
	],
	"97": [
		0.8265625,
		0.35
	],
	"98": [
		0.40625,
		0.7388888888888889
	],
	"99": [
		0.4234375,
		0.8
	],
	"100": [
		0.10625,
		0.12222222222222222
	],
	"101": [
		0.06875,
		0.1361111111111111
	],
	"102": [
		0.225,
		0.4
	],
	"103": [
		0.2125,
		0.4638888888888889
	],
	"104": [
		0.771875,
		0.8888888888888888
	],
	"105": [
		0.734375,
		0.8833333333333333
	],
	"106": [
		0.0125,
		0.3388888888888889
	],
	"107": [
		0.0015625,
		0.4027777777777778
	],
	"108": [
		0.871875,
		0.8611111111111112
	],
	"109": [
		0.834375,
		0.8583333333333333
	],
	"110": [
		0.2796875,
		0.85
	],
	"111": [
		0.2421875,
		0.85
	],
	"112": [
		1,
		0.12222222222222222
	],
	"113": [
		0.9640625,
		0.1361111111111111
	],
	"114": [
		0.678125,
		0.5305555555555556
	],
	"115": [
		0.6703125,
		0.5944444444444444
	],
	"116": [
		0.778125,
		0.35
	],
	"117": [
		0.7546875,
		0.4
	],
	"118": [
		0.8296875,
		0.25555555555555554
	],
	"119": [
		0.8046875,
		0.30277777777777776
	],
	"120": [
		0.009375,
		0.3388888888888889
	],
	"121": [
		0.0140625,
		0.4027777777777778
	],
	"122": [
		0.4234375,
		0.1111111111111111
	],
	"123": [
		0.446875,
		0.15833333333333333
	],
	"124": [
		0.3046875,
		0.3972222222222222
	],
	"125": [
		0.3359375,
		0.425
	],
	"126": [
		0.528125,
		0.20555555555555555
	],
	"127": [
		0.503125,
		0.24722222222222223
	],
	"128": [
		0.7078125,
		0.20277777777777778
	],
	"129": [
		0.675,
		0.18611111111111112
	],
	"130": [
		0.8078125,
		0.25
	],
	"131": [
		0.8265625,
		0.3
	],
	"132": [
		0.3015625,
		0.4222222222222222
	],
	"133": [
		0.309375,
		0.48055555555555557
	],
	"134": [
		0.253125,
		0.10555555555555556
	],
	"135": [
		0.2796875,
		0.14166666666666666
	],
	"136": [
		0.8296875,
		0.3
	],
	"137": [
		0.803125,
		0.33611111111111114
	],
	"138": [
		0.5484375,
		0.2388888888888889
	],
	"139": [
		0.553125,
		0.2972222222222222
	],
	"140": [
		0.06875,
		0.12222222222222222
	],
	"141": [
		0.1,
		0.14166666666666666
	],
	"142": [
		0.2828125,
		0.1111111111111111
	],
	"143": [
		0.2921875,
		0.16666666666666666
	],
	"144": [
		0.6125,
		0.4444444444444444
	],
	"145": [
		0.621875,
		0.5
	],
	"146": [
		0.8296875,
		0.31666666666666665
	],
	"147": [
		0.7984375,
		0.30277777777777776
	],
	"148": [
		0.53125,
		0.8
	],
	"149": [
		0.54375,
		0.8527777777777777
	],
	"150": [
		0.640625,
		0.4527777777777778
	],
	"151": [
		0.6125,
		0.48055555555555557
	],
	"152": [
		0.25625,
		0.10555555555555556
	],
	"153": [
		0.234375,
		0.14722222222222223
	],
	"154": [
		0.16875,
		0.8527777777777777
	],
	"155": [
		0.1375,
		0.8527777777777777
	],
	"156": [
		0.31875,
		0.4111111111111111
	],
	"157": [
		0.2984375,
		0.4527777777777778
	],
	"158": [
		0.534375,
		0.8138888888888889
	],
	"159": [
		0.5125,
		0.8527777777777777
	],
	"160": [
		0.4796875,
		0.125
	],
	"161": [
		0.471875,
		0.17777777777777778
	],
	"162": [
		0.534375,
		0.8
	],
	"163": [
		0.5265625,
		0.8527777777777777
	],
	"164": [
		0.6953125,
		0.2
	],
	"165": [
		0.725,
		0.2111111111111111
	],
	"166": [
		0.76875,
		0.35
	],
	"167": [
		0.7625,
		0.4027777777777778
	],
	"168": [
		0.028125,
		0.1361111111111111
	],
	"169": [
		0.0015625,
		0.1111111111111111
	],
	"170": [
		0.21875,
		0.4111111111111111
	],
	"171": [
		0.2234375,
		0.4638888888888889
	],
	"172": [
		0.3125,
		0.31666666666666665
	],
	"173": [
		0.3359375,
		0.35
	],
	"174": [
		0.5328125,
		0.23055555555555557
	],
	"175": [
		0.503125,
		0.2361111111111111
	],
	"176": [
		0.8171875,
		0.25
	],
	"177": [
		0.8203125,
		0.30277777777777776
	],
	"178": [
		0.4765625,
		0.16111111111111112
	],
	"179": [
		0.446875,
		0.15833333333333333
	],
	"180": [
		0.753125,
		0.18333333333333332
	],
	"181": [
		0.7234375,
		0.18611111111111112
	],
	"182": [
		0.1625,
		0.8833333333333333
	],