{
	"SixYardNorthForwardEast": [
		0.07724719101123595,
		0.24799335732078606
	],
	"PenaltySpotNorth": [
		0.10252808988764045,
		0.31589630039671557
	]
}