{
	"0": [
		0.75703125,
		0.07465277777777778
	],
	"1": [
		0.41328125,
		0.09375
	],
	"2": [
		0.7962890625,
		0.06597222222222222
	],
	"3": [
		0.6701171875,
		0.05347222222222222
	],
	"4": [
		0.5064453125,
		0.04131944444444444
	],
	"5": [
		0.757421875,
		0.08194444444444444
	],
	"6": [
		0.41875,
		0.084375
	],
	"7": [
		0.7513671875,
		0.096875
	],
	"8": [
		0.181640625,
		0.1638888888888889
	],
	"9": [
		0.6201171875,
		0.03159722222222222
	],
	"10": [
		0.12265625,
		0.18854166666666666
	],
	"11": [
		0.3240234375,
		0.11458333333333333
	],
	"12": [
		0.282421875,
		0.1295138888888889
	],
	"13": [
		0.321875,
		0.12465277777777778
	],
	"14": [
		0.0955078125,
		0.1684027777777778
	],
	"15": [
		0.8419921875,
		0.04791666666666667
	],
	"16": [
		0.8056640625,
		0.04236111111111111
	],
	"17": [
		0.266796875,
		0.14270833333333333
	],
	"18": [
		0.2568359375,
		0.15486111111111112
	],
	"19": [
		0.13203125,
		0.17777777777777778
	],
	"20": [
		0.2560546875,
		0.12222222222222222
	],
	"21": [
		0.2587890625,
		0.14131944444444444
	],
	"22": [
		0.9208984375,
		0.05763888888888889
	],
	"23": [
		0.7376953125,
		0.08923611111111111
	],
	"24": [
		0.095703125,
		0.2065972222222222
	],
	"25": [
		0.3900390625,
		0.11041666666666666
	],
	"26": [
		0.7505859375,
		0.08125
	],
	"27": [
		0.168359375,
		0.17326388888888888
	],
	"28": [
		0.441796875,
		0.07881944444444444
	],
	"29": [
		0.9216796875,
		0.05
	],
	"30": [
		0.922265625,
		0.06354166666666666
	],
	"31": [
		0.3921875,
		0.09270833333333334
	],
	"32": [
		0.2697265625,
		0.10729166666666666
	],
	"33": [
		0.649609375,
		0.03194444444444444
	],
	"34": [
		0.1142578125,
		0.15833333333333333
	],
	"35": [
		0.665625,
		0.34444444444444444
	],
	"36": [
		0.8056640625,
		0.04895833333333333
	],
	"37": [
		0.2984375,
		0.13333333333333333
	],
	"38": [
		0.151953125,
		0.18229166666666666
	],
	"39": [
		0.1896484375,
		0.16979166666666667
	],
	"40": [
		0.7443359375,
		0.06701388888888889
	],
	"41": [
		0.7896484375,
		0.09479166666666666
	],
	"42": [
		0.2591796875,
		0.1267361111111111
	],
	"43": [
		0.6646484375,
		0.36666666666666664
	],
	"44": [
		0.1521484375,
		0.5986111111111111
	],
	"45": [
		0.665625,
		0.34444444444444444
	],
	"46": [
		0.458984375,
		0.06875
	],
	"47": [
		0.15703125,
		0.18263888888888888
	],
	"48": [
		0.26328125,
		0.11875
	],
	"49": [
		0.665625,
		0.3454861111111111
	],
	"50": [
		0.697265625,
		0.049305555555555554
	],
	"51": [
		0.7734375,
		0.21840277777777778
	],
	"52": [
		0.1833984375,
		0.17881944444444445
	],
	"53": [
		0.105859375,
		0.16527777777777777
	],
	"54": [
		0.755078125,
		0.06979166666666667
	],
	"55": [
		0.394140625,
		0.10208333333333333
	],
	"56": [
		0.099609375,
		0.19375
	],
	"57": [
		0.1908203125,
		0.17569444444444443
	],
	"58": [
		0.1578125,
		0.1701388888888889
	],
	"59": [
		0.26015625,
		0.15
	],
	"60": [
		0.46484375,
		0.08229166666666667
	],
	"61": [
		0.1068359375,
		0.1986111111111111
	],
	"62": [
		0.6681640625,
		0.3590277777777778
	],
	"63": [
		0.319921875,
		0.11909722222222222
	],
	"64": [
		0.73203125,
		0.07222222222222222
	],
	"65": [
		0.165625,
		0.18020833333333333
	],
	"66": [
		0.1419921875,
		0.6052083333333333
	],
	"67": [
		0.1017578125,
		0.17256944444444444
	],
	"68": [
		0.1919921875,
		0.16111111111111112
	],
	"69": [
		0.4228515625,
		0.08923611111111111
	],
	"70": [
		0.759765625,
		0.08784722222222222
	],
	"71": [
		0.650390625,
		0.04131944444444444
	],
	"72": [
		0.7279296875,
		0.03993055555555555
	],
	"73": [
		0.7408203125,
		0.07569444444444444
	],
	"74": [
		0.8416015625,
		0.05486111111111111
	],
	"75": [
		0.740625,
		0.07118055555555555
	],
	"76": [
		0.3181640625,
		0.13229166666666667
	],
	"77": [
		0.7345703125,
		0.059722222222222225
	],
	"78": [
		0.4384765625,
		0.0763888888888889
	],
	"79": [
		0.6677734375,
		0.35555555555555557
	],
	"80": [
		0.5310546875,
		0.04618055555555556
	],
	"81": [
		0.4390625,
		0.08645833333333333
	],
	"82": [
		0.78984375,
		0.09027777777777778
	],
	"83": [
		0.6341796875,
		0.3111111111111111
	],
	"84": [
		0.458984375,
		0.08229166666666667
	],
	"85": [
		0.141015625,
		0.19131944444444443
	],
	"86": [
		0.3228515625,
		0.12916666666666668
	],
	"87": [
		0.4658203125,
		0.06840277777777778
	],
	"88": [
		0.271484375,
		0.11666666666666667
	],
	"89": [
		0.0779296875,
		0.27881944444444445
	],
	"90": [
		0.42734375,
		0.09131944444444444
	],
	"91": [
		0.1806640625,
		0.17673611111111112
	],
	"92": [
		0.781640625,
		0.09826388888888889
	],
	"93": [
		0.1392578125,
		0.1753472222222222
	],
	"94": [
		0.13671875,
		0.19409722222222223
	],
	"95": [
		0.7646484375,
		0.06041666666666667
	],
	"96": [
		0.619921875,
		0.036458333333333336
	],
	"97": [
		0.6888671875,
		0.04513888888888889
	],
	"98": [
		0.33203125,
		0.125
	],
	"99": [
		0.1984375,
		0.125
	],
	"100": [
		0.1333984375,
		0.19375
	],
	"101": [
		0.1841796875,
		0.17569444444444443
	],
	"102": [
		0.173046875,
		0.18090277777777777
	],
	"103": [
		0.292578125,
		0.13993055555555556
	],
	"104": [
		0.7509765625,
		0.07847222222222222
	],
	"105": [
		0.7365234375,
		0.09375
	],
	"106": [
		0.3158203125,
		0.2642361111111111
	],
	"107": [
		0.4587890625,
		0.0642361111111111
	],
	"108": [
		0.1263671875,
		0.1951388888888889
	],
	"109": [
		0.33359375,
		0.11215277777777778
	],
	"110": [
		0.425390625,
		0.428125
	],
	"111": [
		0.144921875,
		0.16493055555555555
	],
	"112": [
		0.7849609375,
		0.09479166666666666
	],
	"113": [
		0.558203125,
		0.08194444444444444
	],
	"114": [
		0.78984375,
		0.08402777777777778
	],
	"115": [
		0.178515625,
		0.15347222222222223
	],
	"116": [
		0.4177734375,
		0.09722222222222222
	],
	"117": [
		0.1310546875,
		0.16805555555555557
	],
	"118": [
		0.759765625,
		0.09756944444444444
	],
	"119": [
		0.1857421875,
		0.5767361111111111
	],
	"120": [
		0.641015625,
		0.03125
	],
	"121": [
		0.271875,
		0.15
	],
	"122": [
		0.3216796875,
		0.10902777777777778
	],
	"123": [
		0.5931640625,
		0.03715277777777778
	],
	"124": [
		0.41328125,
		0.1
	],
	"125": [
		0.1892578125,
		0.1482638888888889
	],
	"126": [
		0.8416015625,
		0.052083333333333336
	],
	"127": [
		0.41640625,
		0.07673611111111112
	],
	"128": [
		0.3298828125,
		0.128125
	],
	"129": [
		0.957421875,
		0.05694444444444444
	],
	"130": [
		0.1890625,
		0.15694444444444444
	],
	"131": [
		0.149609375,
		0.16354166666666667
	],
	"132": [
		0.2810546875,
		0.12430555555555556
	],
	"133": [
		0.774609375,
		0.09305555555555556
	],
	"134": [
		0.328125,
		0.128125
	],
	"135": [
		0.6197265625,
		0.0375
	],
	"136": [
		0.5138671875,
		0.04895833333333333
	],
	"137": [
		0.4123046875,
		0.43819444444444444
	],
	"138": [
		0.751171875,
		0.07673611111111112
	],
	"139": [
		0.745703125,
		0.058333333333333334
	],
	"140": [
		0.330078125,
		0.10694444444444444
	],
	"141": [
		0.5625,
		0.04097222222222222
	],
	"142": [
		0.292578125,
		0.12256944444444444
	],
	"143": [
		0.4658203125,
		0.059375
	],
	"144": [
		0.02890625,
		0.3958333333333333
	],
	"145": [
		0.8765625,
		0.03854166666666667
	],
	"146": [
		0.287890625,
		0.10798611111111112
	],
	"147": [
		0.7576171875,
		0.08993055555555556
	],
	"148": [
		0.302734375,
		0.10173611111111111
	],
	"149": [
		0.256640625,
		0.11597222222222223
	],
	"150": [
		0.1578125,
		0.16180555555555556
	],
	"151": [
		0.18515625,
		0.12569444444444444
	],
	"152": [
		0.421484375,
		0.09375
	],
	"153": [
		0.4384765625,
		0.06840277777777778
	],
	"154": [
		0.4236328125,
		0.07326388888888889
	],
	"155": [
		0.1728515625,
		0.24305555555555555
	],
	"156": [
		0.166015625,
		0.13645833333333332
	],
	"157": [
		0.4384765625,
		0.06979166666666667
	],
	"158": [
		0.332421875,
		0.11944444444444445
	],
	"159": [
		0.5318359375,
		0.053125
	],
	"160": [
		0.317578125,
		0.11180555555555556
	],
	"161": [
		0.7416015625,
		0.0875
	],
	"162": [
		0.1611328125,
		0.16180555555555556
	],
	"163": [
		0.6505859375,
		0.04479166666666667
	],
	"164": [
		0.07890625,
		0.21041666666666667
	],