{
	"0": [
		0.4470703125,
		0.06354166666666666
	],
	"1": [
		0.3064453125,
		0.05659722222222222
	],
	"2": [
		0.608203125,
		0.07430555555555556
	],
	"3": [
		0.5658203125,
		0.06875
	],
	"4": [
		0.2388671875,
		0.046875
	],
	"5": [
		0.369921875,
		0.059722222222222225
	],
	"6": [
		0.8115234375,
		0.08472222222222223
	],
	"7": [
		0.3685546875,
		0.059027777777777776
	],
	"8": [
		0.3224609375,
		0.058680555555555555
	],
	"9": [
		0.091015625,
		0.09409722222222222
	],
	"10": [
		0.52421875,
		0.0642361111111111
	],
	"11": [
		0.298828125,
		0.09444444444444444
	],
	"12": [
		0.5248046875,
		0.07326388888888889
	],
	"13": [
		0.7787109375,
		0.08888888888888889
	],
	"14": [
		0.4439453125,
		0.059027777777777776
	],
	"15": [
		0.269140625,
		0.03854166666666667
	],
	"16": [
		0.401171875,
		0.06493055555555556
	],
	"17": [
		0.565234375,
		0.06041666666666667
	],
	"18": [
		0.648046875,
		0.07152777777777777
	],
	"19": [
		0.648046875,
		0.07152777777777777
	],
	"20": [
		0.56640625,
		0.059375
	],
	"21": [
		0.71640625,
		0.08159722222222222
	],
	"22": [
		0.7322265625,
		0.0763888888888889
	],
	"23": [
		0.780078125,
		0.07256944444444445
	],
	"24": [
		0.607421875,
		0.06736111111111111
	],
	"25": [
		0.29296875,
		0.1
	],
	"26": [
		0.2599609375,
		0.04722222222222222
	],
	"27": [
		0.48515625,
		0.059722222222222225
	],
	"28": [
		0.523046875,
		0.07916666666666666
	],
	"29": [
		0.482421875,
		0.06805555555555555
	],
	"30": [
		0.6474609375,
		0.06840277777777778
	],
	"31": [
		0.4068359375,
		0.05555555555555555
	],
	"32": [
		0.6056640625,
		0.08090277777777778
	],
	"33": [
		0.108984375,
		0.10243055555555555
	],
	"34": [
		0.109765625,
		0.10034722222222223
	],
	"35": [
		0.5232421875,
		0.08506944444444445
	],
	"36": [
		0.5947265625,
		0.05347222222222222
	],
	"37": [
		0.269140625,
		0.04201388888888889
	],
	"38": [
		0.732421875,
		0.07291666666666667
	],
	"39": [
		0.44375,
		0.08090277777777778
	],
	"40": [
		0.7857421875,
		0.07256944444444445
	],
	"41": [
		0.695703125,
		0.06388888888888888
	],
	"42": [
		0.3669921875,
		0.06979166666666667
	],
	"43": [
		0.69296875,
		0.08680555555555555
	],
	"44": [
		0.2421875,
		0.04618055555555556
	],
	"45": [
		0.228125,
		0.10833333333333334
	],
	"46": [
		0.30625,
		0.057291666666666664
	],
	"47": [
		0.0421875,
		0.0875
	],
	"48": [
		0.780078125,
		0.07256944444444445
	],
	"49": [
		0.3650390625,
		0.07048611111111111
	],
	"50": [
		0.52265625,
		0.08090277777777778
	],
	"51": [
		0.4849609375,
		0.06180555555555556
	],
	"52": [
		0.606640625,
		0.08263888888888889
	],
	"53": [
		0.7326171875,
		0.07465277777777778
	],
	"54": [
		0.6931640625,
		0.07291666666666667
	],
	"55": [
		0.692578125,
		0.07743055555555556
	],
	"56": [
		0.648046875,
		0.07152777777777777
	],
	"57": [
		0.48125,
		0.065625
	],
	"58": [
		0.7783203125,
		0.08958333333333333
	],
	"59": [
		0.6916015625,
		0.07951388888888888
	],
	"60": [
		0.5240234375,
		0.07743055555555556
	],
	"61": [
		0.5669921875,
		0.06284722222222222
	],
	"62": [
		0.2626953125,
		0.04513888888888889
	],
	"63": [
		0.5265625,
		0.06875
	],
	"64": [
		0.3931640625,
		0.05520833333333333
	],
	"65": [
		0.4447265625,
		0.07708333333333334
	],
	"66": [
		0.0919921875,
		0.09375
	],
	"67": [
		0.407421875,
		0.05763888888888889
	],
	"68": [
		0.6919921875,
		0.08645833333333333
	],
	"69": [
		0.7326171875,
		0.075
	],
	"70": [
		0.7857421875,
		0.07256944444444445
	],
	"71": [
		0.6224609375,
		0.9086805555555556
	],
	"72": [
		0.5234375,
		0.07708333333333334
	],
	"73": [
		0.7328125,
		0.9253472222222222
	],
	"74": [
		0.20859375,
		0.10555555555555556
	],
	"75": [
		0.607421875,
		0.08333333333333333
	],
	"76": [
		0.257421875,
		0.050347222222222224
	],
	"77": [
		0.64765625,
		0.07013888888888889
	],
	"78": [
		0.2650390625,
		0.041666666666666664
	],
	"79": [
		0.29921875,
		0.1
	],
	"80": [
		0.6341796875,
		0.08125
	],
	"81": [
		0.7330078125,
		0.075
	],
	"82": [
		0.7181640625,
		0.08472222222222223
	],
	"83": [
		0.447265625,
		0.0625
	],
	"84": [
		0.108203125,
		0.09583333333333334
	],
	"85": [
		0.327734375,
		0.05347222222222222
	],
	"86": [
		0.105078125,
		0.8371527777777777
	],
	"87": [
		0.6916015625,
		0.07951388888888888
	],
	"88": [
		0.7310546875,
		0.9284722222222223
	],
	"89": [
		0.7046875,
		0.9232638888888889
	],
	"90": [
		0.3072265625,
		0.06180555555555556
	],
	"91": [
		0.7103515625,
		0.9256944444444445
	],
	"92": [
		0.6076171875,
		0.07465277777777778
	],
	"93": [
		0.813671875,
		0.08506944444444445
	],
	"94": [
		0.366796875,
		0.07152777777777777
	],
	"95": [
		0.3052734375,
		0.057291666666666664
	],
	"96": [
		0.80390625,
		0.9395833333333333
	],
	"97": [
		0.2953125,
		0.10173611111111111
	],
	"98": [
		0.306640625,
		0.058680555555555555
	],
	"99": [
		0.3673828125,
		0.06527777777777778
	],
	"100": [
		0.4435546875,
		0.07013888888888889
	],
	"101": [
		0.035546875,
		0.08576388888888889
	],
	"102": [
		0.02421875,
		0.8802083333333334
	],
	"103": [
		0.5671875,
		0.06284722222222222
	],
	"104": [
		0.4458984375,
		0.06597222222222222
	],
	"105": [
		0.7787109375,
		0.9350694444444444
	],
	"106": [
		0.142578125,
		0.10451388888888889
	],
	"107": [
		0.5673828125,
		0.0625
	],
	"108": [
		0.2943359375,
		0.10034722222222223
	],
	"109": [
		0.0822265625,
		0.09444444444444444
	],
	"110": [
		0.44609375,
		0.06909722222222223
	],
	"111": [
		0.5513671875,
		0.0763888888888889
	],
	"112": [
		0.1046875,
		0.8364583333333333
	],
	"113": [
		0.6060546875,
		0.07708333333333334
	],
	"114": [
		0.3068359375,
		0.06215277777777778
	],
	"115": [
		0.3693359375,
		0.06145833333333333
	],
	"116": [
		0.649609375,
		0.9145833333333333
	],
	"117": [
		0.0958984375,
		0.10173611111111111
	],
	"118": [
		0.8013671875,
		0.07152777777777777
	],
	"119": [
		0.108203125,
		0.10347222222222222
	],
	"120": [
		0.6060546875,
		0.07708333333333334
	],
	"121": [
		0.726171875,
		0.07326388888888889
	],
	"122": [
		0.279296875,
		0.051041666666666666
	],
	"123": [
		0.6474609375,
		0.07013888888888889
	],
	"124": [
		0.8169921875,
		0.07673611111111112
	],
	"125": [
		0.2966796875,
		0.10104166666666667
	],
	"126": [
		0.30703125,
		0.058680555555555555
	],
	"127": [
		0.4064453125,
		0.058333333333333334
	],
	"128": [
		0.264453125,
		0.041666666666666664
	],
	"129": [
		0.36796875,
		0.06388888888888888
	],
	"130": [
		0.648046875,
		0.07326388888888889
	],
	"131": [
		0.0822265625,
		0.8322916666666667
	],
	"132": [
		0.1091796875,
		0.103125
	],
	"133": [
		0.4482421875,
		0.07222222222222222
	],
	"134": [
		0.701171875,
		0.06944444444444445
	],
	"135": [
		0.031640625,
		0.08368055555555555
	],
	"136": [
		0.2931640625,
		0.1
	],
	"137": [
		0.327734375,
		0.05347222222222222
	],
	"138": [
		0.1033203125,
		0.8368055555555556
	],
	"139": [
		0.108203125,
		0.09583333333333334
	],
	"140": [
		0.2091796875,
		0.10694444444444444
	],
	"141": [
		0.6478515625,
		0.06701388888888889
	],
	"142": [
		0.1087890625,
		0.10069444444444445
	],
	"143": [
		0.4302734375,
		0.8788194444444445
	],
	"144": [
		0.146484375,
		0.8423611111111111
	],
	"145": [
		0.307421875,
		0.8638888888888889
	],
	"146": [
		0.192578125,
		0.2513888888888889
	],
	"147": [
		0.6123046875,
		0.06458333333333334
	],
	"148": [
		0.5669921875,
		0.05659722222222222
	],
	"149": [
		0.279296875,
		0.034027777777777775
	],
	"150": [
		0.7322265625,
		0.078125
	],
	"151": [
		0.7779296875,
		0.08923611111111111
	],
	"152": [
		0.4828125,
		0.06875
	],
	"153": [
		0.6482421875,
		0.07361111111111111
	],
	"154": [
		0.7162109375,
		0.06979166666666667
	],
	"155": [
		0.290625,
		0.05659722222222222
	],
	"156": [
		0.03125,
		0.08506944444444445
	],
	"157": [
		0.035546875,
		0.8670138888888889
	],
	"158": [
		0.5521484375,
		0.06284722222222222
	],
	"159": [
		0.221484375,
		0.8847222222222222
	],
	"160": [
		0.0373046875,
		0.8604166666666667
	],
	"161": [
		0.8154296875,
		0.07465277777777778
	],
	"162": [
		0.4853515625,
		0.06458333333333334
	],