{
	"0": [
		0.3640625,
		0.03611111111111111
	],
	"1": [
		0.053125,
		0.05555555555555555
	],
	"2": [
		0.6734375,
		0.06388888888888888
	],
	"3": [
		0.89375,
		0.06388888888888888
	],
	"4": [
		0.2015625,
		0.07222222222222222
	],
	"5": [
		0.990625,
		0.07777777777777778
	],
	"6": [
		0.70625,
		0.10277777777777777
	],
	"7": [
		0.990625,
		0.12777777777777777
	],
	"8": [
		0.8875,
		0.1361111111111111
	],
	"9": [
		0.1390625,
		0.16666666666666666
	],
	"10": [
		0.26875,
		0.16944444444444445
	],
	"11": [
		0.6375,
		0.19166666666666668
	],
	"12": [
		0.13125,
		0.19722222222222222
	],
	"13": [
		0.109375,
		0.2
	],
	"14": [
		0.1625,
		0.2
	],
	"15": [
		0.059375,
		0.20277777777777778
	],
	"16": [
		0.040625,
		0.2111111111111111
	],
	"17": [
		0.5578125,
		0.21388888888888888
	],
	"18": [
		0.521875,
		0.23055555555555557
	],
	"19": [
		0.046875,
		0.25277777777777777
	],
	"20": [
		0.85625,
		0.26666666666666666
	],
	"21": [
		0.88125,
		0.26666666666666666
	],
	"22": [
		0.2953125,
		0.2833333333333333
	],
	"23": [
		0.5609375,
		0.2833333333333333
	],
	"24": [
		0.278125,
		0.29444444444444445
	],
	"25": [
		0.521875,
		0.29444444444444445
	],
	"26": [
		0.2421875,
		0.31666666666666665
	],
	"27": [
		0.85625,
		0.325
	],
	"28": [
		0.88125,
		0.325
	],
	"29": [
		0.1953125,
		0.3472222222222222
	],
	"30": [
		0.1546875,
		0.37222222222222223
	],
	"31": [
		0.7078125,
		0.38055555555555554
	],
	"32": [
		0.134375,
		0.3861111111111111
	],
	"33": [
		0.6375,
		0.3861111111111111
	],
	"34": [
		0.1078125,
		0.4027777777777778
	],
	"35": [
		0.071875,
		0.425
	],
	"36": [
		0.3484375,
		0.4444444444444444
	],
	"37": [
		0.58125,
		0.45
	],
	"38": [
		0.615625,
		0.45
	],
	"39": [
		0.3203125,
		0.46111111111111114
	],
	"40": [
		0.3703125,
		0.46111111111111114
	],
	"41": [
		0.996875,
		0.48055555555555557
	],
	"42": [
		0.6484375,
		0.6111111111111112
	],
	"43": [
		0.65,
		0.6638888888888889
	],
	"44": [
		0.796875,
		0.7166666666666667
	],
	"45": [
		0.796875,
		0.7666666666666667
	],
	"46": [
		0.090625,
		0.8083333333333333
	],
	"47": [
		0.1109375,
		0.8111111111111111
	],
	"48": [
		0.13125,
		0.8138888888888889
	],
	"49": [
		0.15,
		0.8166666666666667
	],
	"50": [
		0.1703125,
		0.8194444444444444
	],
	"51": [
		0.19375,
		0.8222222222222222
	],
	"52": [
		0.225,
		0.8277777777777777
	],
	"53": [
		0.24375,
		0.8305555555555556
	],
	"54": [
		0.2609375,
		0.8333333333333334
	],
	"55": [
		0.2828125,
		0.8361111111111111
	],
	"56": [
		0.3,
		0.8388888888888889
	],
	"57": [
		0.3390625,
		0.8444444444444444
	],
	"58": [
		0.36875,
		0.85
	],
	"59": [
		0.178125,
		0.8555555555555555
	],
	"60": [
		0.421875,
		0.8583333333333333
	],
	"61": [
		0.4703125,
		0.8666666666666667
	],
	"62": [
		0.4890625,
		0.8694444444444445
	],
	"63": [
		0.5109375,
		0.8722222222222222
	],
	"64": [
		0.5359375,
		0.8777777777777778
	],
	"65": [
		0.5625,
		0.8833333333333333
	],
	"66": [
		0.5984375,
		0.8888888888888888
	],
	"67": [
		0.646875,
		0.8972222222222223
	],
	"68": [
		0.146875,
		0.9027777777777778
	],
	"69": [
		0.675,
		0.9027777777777778
	],
	"70": [
		0.7078125,
		0.9083333333333333
	],
	"71": [
		0.7359375,
		0.9138888888888889
	],
	"72": [
		0.7609375,
		0.9194444444444444
	],
	"73": [
		0.7890625,
		0.925
	],
	"74": [
		0.2484375,
		0.9277777777777778
	],
	"75": [
		0.3,
		0.9277777777777778
	],
	"76": [
		0.8171875,
		0.9305555555555556
	],
	"77": [
		0.109375,
		0.9361111111111111
	],
	"78": [
		0.8625,
		0.9388888888888889
	],
	"79": [
		0.928125,
		0.9527777777777777
	],
	"80": [
		0.953125,
		0.9583333333333334
	],
	"81": [
		0.98125,
		0.9666666666666667
	]
}