{
	"SixYardNorthForwardEast": [
		0.07659237791136342,
		0.2529923300970209
	],
	"EighteenYardNorthRearEast": [
		0.09831460674157304,
		0.17958705029945135
	],
	"EighteenYardNorthForwardEast": [
		0.39747191011235955,
		0.22247351007245467
	],
	"PenaltyCircleNorthEast": [
		0.30758426966292135,
		0.28144239226033424
	],
	"PenaltyCircleNorthWest": [
		0.13764044943820225,
		0.38061733048540436
	]
}