{
	"SixYardNorthForwardEast": [
		0.6683185987912383,
		0.4083067335893286
	],
	"SixYardNorthForwardWest": [
		0.2259606728670231,
		0.6153787852173439
	],
	"EighteenYardNorthRearEast": [
		0.6975309146541583,
		0.2808777787413192
	],
	"EighteenYardNorthForwardWest": [
		0.4012345680445424,
		0.8782010045913633
	]
}