{
	"PenaltySpotNorth": [
		0.10252808988764045,
		0.3099916966509826
	],
	"SixYardNorthForwardEast": [
		0.07865168539325842,
		0.24799335732078606
	]
}