{
	"EighteenYardNorthForwardEast": [
		0.38722294654498046,
		0.33411641868963715
	],
	"CornerNorthEast": [
		0.19662921348314608,
		0.15010260920551158
	]
}