{
	"EighteenYardNorthForwardEast": [
		0.39747191011235955,
		0.21979310633664195
	],
	"PenaltyCircleNorthWest": [
		0.12780898876404495,
		0.3940193491644679
	],
	"SixYardNorthForwardEast": [
		0.06601123595505617,
		0.25731875863801984
	],
	"EighteenYardNorthRearEast": [
		0.08567415730337079,
		0.18762826150688947
	]
}