{
	"0": [
		0.6453125,
		0.2972222222222222
	],
	"1": [
		0.646875,
		0.4027777777777778
	],
	"2": [
		0.5046875,
		0.3527777777777778
	],
	"3": [
		0.446875,
		0.375
	],
	"4": [
		0.8359375,
		0.37777777777777777
	],
	"5": [
		0.778125,
		0.35555555555555557
	],
	"6": [
		0.8359375,
		0.45555555555555555
	],
	"7": [
		0.778125,
		0.475
	],
	"8": [
		0.5015625,
		0.4638888888888889
	],
	"9": [
		0.4453125,
		0.4361111111111111
	],
	"10": [
		0.5578125,
		0.34444444444444444
	],
	"11": [
		0.5,
		0.35555555555555557
	],
	"12": [
		0.2234375,
		0.22777777777777777
	],
	"13": [
		0.165625,
		0.2222222222222222
	],
	"14": [
		0.64375,
		0.7
	],
	"15": [
		0.646875,
		0.8027777777777778
	],
	"16": [
		0.8359375,
		0.8805555555555555
	],
	"17": [
		0.778125,
		0.875
	],
	"18": [
		0.946875,
		0.8888888888888888
	],
	"19": [
		0.8890625,
		0.8833333333333333
	],
	"20": [
		0.725,
		0.2111111111111111
	],
	"21": [
		0.6671875,
		0.21388888888888888
	],
	"22": [
		0.646875,
		0.4
	],
	"23": [
		0.6453125,
		0.5027777777777778
	],
	"24": [
		0.1140625,
		0.8472222222222222
	],
	"25": [
		0.05625,
		0.85
	],
	"26": [
		0.446875,
		0.8583333333333333
	],
	"27": [
		0.3890625,
		0.8555555555555555
	],
	"28": [
		0.725,
		0.8722222222222222
	],
	"29": [
		0.6671875,
		0.8694444444444445
	],
	"30": [
		0.7796875,
		0.35833333333333334
	],
	"31": [
		0.7234375,
		0.3472222222222222
	],
	"32": [
		0.7796875,
		0.4722222222222222
	],
	"33": [
		0.7234375,
		0.48055555555555557
	],
	"34": [
		0.66875,
		0.8694444444444445
	],
	"35": [
		0.6125,
		0.8638888888888889
	],
	"36": [
		0.890625,
		0.8861111111111111
	],
	"37": [
		0.834375,
		0.8805555555555555
	],
	"38": [
		0.94375,
		0.8888888888888888
	],
	"39": [
		1,
		0.8944444444444445
	],
	"40": [
		0.0578125,
		0.8472222222222222
	],
	"41": [
		0.0015625,
		0.85
	],
	"42": [
		0.390625,
		0.8555555555555555
	],
	"43": [
		0.334375,
		0.8527777777777777
	],
	"44": [
		0.7796875,
		0.875
	],
	"45": [
		0.7234375,
		0.8722222222222222
	],
	"46": [
		0.2796875,
		0.8527777777777777
	],
	"47": [
		0.2234375,
		0.8527777777777777
	],
	"48": [
		0.44375,
		0.15555555555555556
	],
	"49": [
		0.3890625,
		0.1527777777777778
	],
	"50": [
		0.834375,
		0.3333333333333333
	],
	"51": [
		0.871875,
		0.4027777777777778
	],
	"52": [
		0.5515625,
		0.475
	],
	"53": [
		0.5,
		0.46111111111111114
	],
	"54": [
		0.64375,
		0.2111111111111111
	],
	"55": [
		0.65,
		0.30277777777777776
	],
	"56": [
		0.8421875,
		0.3
	],
	"57": [
		0.85625,
		0.3888888888888889
	],
	"58": [
		0.8265625,
		0.2388888888888889
	],
	"59": [
		0.7765625,
		0.2388888888888889
	],
	"60": [
		0.6328125,
		0.13333333333333333
	],
	"61": [
		0.66875,
		0.19444444444444445
	],
	"62": [
		0.8765625,
		0.4166666666666667
	],
	"63": [
		0.8328125,
		0.4583333333333333
	],
	"64": [
		0.875,
		0.40555555555555556
	],
	"65": [
		0.834375,
		0.375
	],
	"66": [
		0.165625,
		0.15833333333333333
	],
	"67": [
		0.121875,
		0.15
	],
	"68": [
		0.15625,
		0.85
	],
	"69": [
		0.1125,
		0.8472222222222222
	],
	"70": [
		0.596875,
		0.15
	],
	"71": [
		0.5640625,
		0.2
	],
	"72": [
		0.83125,
		0.3111111111111111
	],
	"73": [
		0.803125,
		0.3638888888888889
	],
	"74": [
		0.615625,
		0.20833333333333334
	],
	"75": [
		0.6234375,
		0.2777777777777778
	],
	"76": [
		0.85,
		0.3111111111111111
	],
	"77": [
		0.8421875,
		0.38055555555555554
	],
	"78": [
		0.64375,
		0.8
	],
	"79": [
		0.6515625,
		0.8694444444444445
	],
	"80": [
		0.603125,
		0.20833333333333334
	],
	"81": [
		0.6078125,
		0.2777777777777778
	],
	"82": [
		0.3359375,
		0.2972222222222222
	],
	"83": [
		0.3578125,
		0.3527777777777778
	],
	"84": [
		0.796875,
		0.5361111111111111
	],
	"85": [
		0.784375,
		0.6
	],
	"86": [
		0.890625,
		0.22777777777777777
	],
	"87": [
		0.853125,
		0.2361111111111111
	],
	"88": [
		0.8859375,
		0.9166666666666666
	],
	"89": [
		0.8484375,
		0.9083333333333333
	],
	"90": [
		0.621875,
		0.21388888888888888
	],
	"91": [
		0.6140625,
		0.2777777777777778
	],
	"92": [
		0.196875,
		0.12777777777777777
	],
	"93": [
		0.225,
		0.16944444444444445
	],
	"94": [
		0.3609375,
		0.3
	],
	"95": [
		0.3359375,
		0.3472222222222222
	],
	"96": [
		0.85625,
		0.20833333333333334
	],
	"97": [
		0.890625,
		0.22777777777777777
	],
	"98": [
		0.615625,
		0.3388888888888889
	],
	"99": [
		0.6046875,
		0.4
	],
	"100": [
		0.5078125,
		0.1361111111111111
	],
	"101": [
		0.5375,
		0.17222222222222222
	],
	"102": [
		0.359375,
		0.15555555555555556
	],
	"103": [
		0.38125,
		0.20555555555555555
	],
	"104": [
		0.1765625,
		0.43333333333333335
	],
	"105": [
		0.1953125,
		0.4861111111111111
	],
	"106": [
		0.5828125,
		0.14166666666666666
	],
	"107": [
		0.575,
		0.2
	],
	"108": [
		0.590625,
		0.2
	],
	"109": [
		0.5578125,
		0.2111111111111111
	],
	"110": [
		0.3015625,
		0.4305555555555556
	],
	"111": [
		0.3078125,
		0.4888888888888889
	],
	"112": [
		0.721875,
		0.19444444444444445
	],
	"113": [
		0.746875,
		0.23333333333333334
	],
	"114": [
		0.8140625,
		0.16111111111111112
	],
	"115": [
		0.78125,
		0.15555555555555556
	],
	"116": [
		0.1953125,
		0.4861111111111111
	],
	"117": [
		0.1671875,
		0.45555555555555555
	],
	"118": [
		0.3546875,
		0.3
	],
	"119": [
		0.3453125,
		0.35555555555555557
	],
	"120": [
		0.4484375,
		0.37222222222222223
	],
	"121": [
		0.421875,
		0.40555555555555556
	],
	"122": [
		0.58125,
		0.2
	],
	"123": [
		0.55625,
		0.2361111111111111
	],
	"124": [
		0.615625,
		0.20833333333333334
	],
	"125": [
		0.6,
		0.25833333333333336
	],
	"126": [
		0.2375,
		0.7
	],
	"127": [
		0.253125,
		0.75
	],
	"128": [
		0.1171875,
		0.30277777777777776
	],
	"129": [
		0.140625,
		0.3416666666666667
	],
	"130": [
		0.5796875,
		0.14722222222222223
	],
	"131": [
		0.590625,
		0.2
	],
	"132": [
		0.340625,
		0.3
	],
	"133": [
		0.3453125,
		0.35555555555555557
	],
	"134": [
		0.2046875,
		0.2
	],
	"135": [
		0.1734375,
		0.19722222222222222
	],
	"136": [
		0.534375,
		0.20833333333333334
	],
	"137": [
		0.503125,
		0.20833333333333334
	],
	"138": [
		0.384375,
		0.13333333333333333
	],
	"139": [
		0.4078125,
		0.16944444444444445
	],
	"140": [
		0.5296875,
		0.13055555555555556
	],
	"141": [
		0.5078125,
		0.16944444444444445
	],
	"142": [
		0.4234375,
		0.4
	],
	"143": [
		0.4453125,
		0.4388888888888889
	],
	"144": [
		0.3359375,
		0.26944444444444443
	],
	"145": [
		0.3609375,
		0.3
	],
	"146": [
		0.1109375,
		0.3527777777777778
	],
	"147": [
		0.1,
		0.4027777777777778
	],
	"148": [
		0.1671875,
		0.4444444444444444
	],
	"149": [
		0.1953125,
		0.4638888888888889
	],
	"150": [
		0.24375,
		0.7
	],
	"151": [
		0.2390625,
		0.7527777777777778
	],
	"152": [
		0.5234375,
		0.20833333333333334
	],
	"153": [
		0.5,
		0.24166666666666667
	],
	"154": [
		0.5828125,
		0.14166666666666666
	],
	"155": [
		0.5609375,
		0.17777777777777778
	],
	"156": [
		0.6671875,
		0.2611111111111111
	],
	"157": [
		0.6453125,
		0.2972222222222222
	],
	"158": [
		0.8203125,
		0.3333333333333333
	],
	"159": [
		0.8359375,
		0.37777777777777777
	],
	"160": [
		0.4234375,
		0.13333333333333333
	],
	"161": [
		0.415625,
		0.18333333333333332
	],
	"162": [
		0.834375,
		0.3333333333333333
	],
	"163": [
		0.8125,
		0.36666666666666664
	],
	"164": [
		0.2390625,
		0.13055555555555556
	],
	"165": [
		0.225,
		0.175
	],
	"166": [
		0.18125,
		0.4305555555555556
	],
	"167": [
		0.1671875,
		0.475
	],
	"168": [
		0.3,
		0.5972222222222222
	],
	"169": [
		0.2953125,
		0.6472222222222223
	],
	"170": [
		0.1953125,
		0.4583333333333333
	],
	"171": [
		0.1671875,
		0.4638888888888889
	],
	"172": [
		0.2515625,
		0.14722222222222223
	],
	"173": [
		0.225,
		0.1638888888888889
	],
	"174": [
		0.5609375,
		0.4527777777777778
	],
	"175": [
		0.5625,
		0.5027777777777778
	],
	"176": [
		0.725,
		0.48055555555555557
	],
	"177": [
		0.696875,
		0.48333333333333334
	],
	"178": [
		0.9796875,
		0.9222222222222223
	],
	"179": [
		0.9515625,
		0.9194444444444444
	],
	"180": [
		0.078125,
		0.12222222222222222
	],