{
	"0": [
		0.2173828125,
		0.16458333333333333
	],
	"1": [
		0.2875,
		0.06180555555555556
	],
	"2": [
		0.3306640625,
		0.17743055555555556
	],
	"3": [
		0.2974609375,
		0.1753472222222222
	],
	"4": [
		0.2091796875,
		0.050347222222222224
	],
	"5": [
		0.2923828125,
		0.08715277777777777
	],
	"6": [
		0.490625,
		0.18333333333333332
	],
	"7": [
		0.2845703125,
		0.09236111111111112
	],
	"8": [
		0.28984375,
		0.06979166666666667
	],
	"9": [
		0.02734375,
		0.13368055555555555
	],
	"10": [
		0.2658203125,
		0.17430555555555555
	],
	"11": [
		0.2373046875,
		0.11319444444444444
	],
	"12": [
		0.2658203125,
		0.175
	],
	"13": [
		0.4599609375,
		0.184375
	],
	"14": [
		0.2173828125,
		0.16458333333333333
	],
	"15": [
		0.2455078125,
		0.04791666666666667
	],
	"16": [
		0.2927734375,
		0.08680555555555555
	],
	"17": [
		0.2974609375,
		0.17430555555555555
	],
	"18": [
		0.361328125,
		0.1795138888888889
	],
	"19": [
		0.361328125,
		0.1795138888888889
	],
	"20": [
		0.2974609375,
		0.17326388888888888
	],
	"21": [
		0.4263671875,
		0.18125
	],
	"22": [
		0.4263671875,
		0.18055555555555555
	],
	"23": [
		0.4591796875,
		0.17465277777777777
	],
	"24": [
		0.3310546875,
		0.17604166666666668
	],
	"25": [
		0.2119140625,
		0.13645833333333332
	],
	"26": [
		0.253515625,
		0.05138888888888889
	],
	"27": [
		0.2330078125,
		0.15902777777777777
	],
	"28": [
		0.26640625,
		0.17604166666666668
	],
	"29": [
		0.2330078125,
		0.1607638888888889
	],
	"30": [
		0.361328125,
		0.1795138888888889
	],
	"31": [
		0.2939453125,
		0.08576388888888889
	],
	"32": [
		0.33125,
		0.17743055555555556
	],
	"33": [
		0.044921875,
		0.1326388888888889
	],
	"34": [
		0.04609375,
		0.12638888888888888
	],
	"35": [
		0.2669921875,
		0.1798611111111111
	],
	"36": [
		0.328125,
		0.15868055555555555
	],
	"37": [
		0.25,
		0.04895833333333333
	],
	"38": [
		0.4263671875,
		0.18090277777777777
	],
	"39": [
		0.2052734375,
		0.18055555555555555
	],
	"40": [
		0.466796875,
		0.16111111111111112
	],
	"41": [
		0.3951171875,
		0.17256944444444444
	],
	"42": [
		0.2466796875,
		0.11527777777777778
	],
	"43": [
		0.395703125,
		0.18263888888888888
	],
	"44": [
		0.2087890625,
		0.05
	],
	"45": [
		0.116796875,
		0.14791666666666667
	],
	"46": [
		0.2875,
		0.0625
	],
	"47": [
		0.4591796875,
		0.17465277777777777
	],
	"48": [
		0.2515625,
		0.109375
	],
	"49": [
		0.2666015625,
		0.17569444444444443
	],
	"50": [
		0.2330078125,
		0.15868055555555555
	],
	"51": [
		0.33125,
		0.178125
	],
	"52": [
		0.4263671875,
		0.18090277777777777
	],
	"53": [
		0.3951171875,
		0.18020833333333333
	],
	"54": [
		0.3951171875,
		0.18020833333333333
	],
	"55": [
		0.361328125,
		0.1795138888888889
	],
	"56": [
		0.2330078125,
		0.15868055555555555
	],
	"57": [
		0.4599609375,
		0.18368055555555557
	],
	"58": [
		0.3951171875,
		0.18020833333333333
	],
	"59": [
		0.26640625,
		0.17604166666666668
	],
	"60": [
		0.2974609375,
		0.1753472222222222
	],
	"61": [
		0.2525390625,
		0.049652777777777775
	],
	"62": [
		0.26640625,
		0.1736111111111111
	],
	"63": [
		0.2947265625,
		0.08645833333333333
	],
	"64": [
		0.20625,
		0.17916666666666667
	],
	"65": [
		0.0271484375,
		0.13333333333333333
	],
	"66": [
		0.2939453125,
		0.08645833333333333
	],
	"67": [
		0.3955078125,
		0.18229166666666666
	],
	"68": [
		0.4263671875,
		0.18055555555555555
	],
	"69": [
		0.466796875,
		0.16111111111111112
	],
	"70": [
		0.3560546875,
		0.8284722222222223
	],
	"71": [
		0.26640625,
		0.1736111111111111
	],
	"72": [
		0.434375,
		0.8340277777777778
	],
	"73": [
		0.1158203125,
		0.1361111111111111
	],
	"74": [
		0.33125,
		0.178125
	],
	"75": [
		0.2515625,
		0.05277777777777778
	],
	"76": [
		0.361328125,
		0.1795138888888889
	],
	"77": [
		0.2501953125,
		0.04895833333333333
	],
	"78": [
		0.2119140625,
		0.13645833333333332
	],
	"79": [
		0.3619140625,
		0.18125
	],
	"80": [
		0.4263671875,
		0.18090277777777777
	],
	"81": [
		0.4263671875,
		0.18159722222222222
	],
	"82": [
		0.2173828125,
		0.16458333333333333
	],
	"83": [
		0.059765625,
		0.11770833333333333
	],
	"84": [
		0.290625,
		0.06145833333333333
	],
	"85": [
		0.3951171875,
		0.18020833333333333
	],
	"86": [
		0.425390625,
		0.8340277777777778
	],
	"87": [
		0.430078125,
		0.8333333333333334
	],
	"88": [
		0.2873046875,
		0.06875
	],
	"89": [
		0.4314453125,
		0.8336805555555555
	],
	"90": [
		0.3306640625,
		0.17743055555555556
	],
	"91": [
		0.490625,
		0.18333333333333332
	],
	"92": [
		0.220703125,
		0.13402777777777777
	],
	"93": [
		0.2873046875,
		0.0625
	],
	"94": [
		0.4953125,
		0.8392361111111111
	],
	"95": [
		0.1744140625,
		0.1361111111111111
	],
	"96": [
		0.2876953125,
		0.06354166666666666
	],
	"97": [
		0.2595703125,
		0.09861111111111111
	],
	"98": [
		0.212109375,
		0.16493055555555555
	],
	"99": [
		0.2974609375,
		0.17430555555555555
	],
	"100": [
		0.216015625,
		0.16493055555555555
	],
	"101": [
		0.4630859375,
		0.8361111111111111
	],
	"102": [
		0.062890625,
		0.14131944444444444
	],
	"103": [
		0.2974609375,
		0.17430555555555555
	],
	"104": [
		0.2060546875,
		0.14444444444444443
	],
	"105": [
		0.2115234375,
		0.1642361111111111
	],
	"106": [
		0.2978515625,
		0.17847222222222223
	],
	"107": [
		0.33125,
		0.17777777777777778
	],
	"108": [
		0.2880859375,
		0.06875
	],
	"109": [
		0.2845703125,
		0.09236111111111112
	],
	"110": [
		0.373046875,
		0.8305555555555556
	],
	"111": [
		0.0259765625,
		0.1517361111111111
	],
	"112": [
		0.491015625,
		0.18333333333333332
	],
	"113": [
		0.03671875,
		0.15243055555555557
	],
	"114": [
		0.33125,
		0.17777777777777778
	],
	"115": [
		0.4263671875,
		0.18055555555555555
	],
	"116": [
		0.2703125,
		0.052083333333333336
	],
	"117": [
		0.361328125,
		0.1795138888888889
	],
	"118": [
		0.4912109375,
		0.18333333333333332
	],
	"119": [
		0.21796875,
		0.1267361111111111
	],
	"120": [
		0.2880859375,
		0.0642361111111111
	],
	"121": [
		0.293359375,
		0.08680555555555555
	],
	"122": [
		0.24921875,
		0.04895833333333333
	],
	"123": [
		0.261328125,
		0.09618055555555556
	],
	"124": [
		0.3619140625,
		0.1795138888888889
	],
	"125": [
		0.04375,
		0.13402777777777777
	],
	"126": [
		0.2158203125,
		0.1638888888888889
	],
	"127": [
		0.4015625,
		0.1597222222222222
	],
	"128": [
		0.209765625,
		0.13958333333333334
	],
	"129": [
		0.290625,
		0.06145833333333333
	],
	"130": [
		0.059765625,
		0.11770833333333333
	],
	"131": [
		0.1123046875,
		0.1440972222222222
	],
	"132": [
		0.361328125,
		0.1795138888888889
	],
	"133": [
		0.04609375,
		0.12777777777777777
	],
	"134": [
		0.223828125,
		0.8190972222222223
	],
	"135": [
		0.0873046875,
		0.8163194444444445
	],
	"136": [
		0.3314453125,
		0.17291666666666666
	],
	"137": [
		0.2974609375,
		0.17430555555555555
	],
	"138": [
		0.248046875,
		0.04791666666666667
	],
	"139": [
		0.4263671875,
		0.18020833333333333
	],
	"140": [
		0.4595703125,
		0.18333333333333332
	],
	"141": [
		0.2330078125,
		0.16319444444444445
	],
	"142": [
		0.3619140625,
		0.1795138888888889
	],
	"143": [
		0.4263671875,
		0.18020833333333333
	],
	"144": [
		0.2828125,
		0.06041666666666667
	],
	"145": [
		0.2974609375,
		0.17604166666666668
	],
	"146": [
		0.0345703125,
		0.8381944444444445
	],
	"147": [
		0.4912109375,
		0.18333333333333332
	],
	"148": [
		0.2330078125,
		0.15868055555555555
	],
	"149": [
		0.2201171875,
		0.1638888888888889
	],
	"150": [
		0.2861328125,
		0.06805555555555555
	],
	"151": [
		0.11171875,
		0.8378472222222222
	],
	"152": [
		0.10546875,
		0.20868055555555556
	],
	"153": [
		0.3619140625,
		0.1795138888888889
	],
	"154": [
		0.2173828125,
		0.16458333333333333
	],
	"155": [
		0.361328125,
		0.1795138888888889
	],
	"156": [
		0.395703125,
		0.1829861111111111
	],
	"157": [
		0.2080078125,
		0.04895833333333333
	],
	"158": [
		0.0455078125,
		0.13333333333333333
	],
	"159": [
		0.0369140625,
		0.15416666666666667
	],
	"160": [
		0.4263671875,
		0.18020833333333333
	],
	"161": [
		0.2609375,
		0.09583333333333334
	],