{
	"0": [
		0.231640625,
		0.15659722222222222
	],
	"1": [
		0.2875,
		0.06180555555555556
	],
	"2": [
		0.347265625,
		0.16909722222222223
	],
	"3": [
		0.314453125,
		0.16597222222222222
	],
	"4": [
		0.2091796875,
		0.050347222222222224
	],
	"5": [
		0.2923828125,
		0.08715277777777777
	],
	"6": [
		0.5095703125,
		0.17569444444444443
	],
	"7": [
		0.2845703125,
		0.09236111111111112
	],
	"8": [
		0.28984375,
		0.06979166666666667
	],
	"9": [
		0.041015625,
		0.12465277777777778
	],
	"10": [
		0.2818359375,
		0.16527777777777777
	],
	"11": [
		0.248828125,
		0.1076388888888889
	],
	"12": [
		0.2818359375,
		0.16631944444444444
	],
	"13": [
		0.4783203125,
		0.17743055555555556
	],
	"14": [
		0.231640625,
		0.15659722222222222
	],
	"15": [
		0.24609375,
		0.046875
	],
	"16": [
		0.2927734375,
		0.08680555555555555
	],
	"17": [
		0.3142578125,
		0.1642361111111111
	],
	"18": [
		0.3794921875,
		0.17291666666666666
	],
	"19": [
		0.3794921875,
		0.17291666666666666
	],
	"20": [
		0.3142578125,
		0.16319444444444445
	],
	"21": [
		0.4455078125,
		0.175
	],
	"22": [
		0.4453125,
		0.17291666666666666
	],
	"23": [
		0.477734375,
		0.16770833333333332
	],
	"24": [
		0.3474609375,
		0.1684027777777778
	],
	"25": [
		0.2267578125,
		0.12881944444444443
	],
	"26": [
		0.253515625,
		0.051041666666666666
	],
	"27": [
		0.249609375,
		0.15069444444444444
	],
	"28": [
		0.2822265625,
		0.16805555555555557
	],
	"29": [
		0.24921875,
		0.15243055555555557
	],
	"30": [
		0.3794921875,
		0.17291666666666666
	],
	"31": [
		0.2943359375,
		0.08541666666666667
	],
	"32": [
		0.3474609375,
		0.16944444444444445
	],
	"33": [
		0.0580078125,
		0.12638888888888888
	],
	"34": [
		0.0595703125,
		0.12013888888888889
	],
	"35": [
		0.2826171875,
		0.1736111111111111
	],
	"36": [
		0.3439453125,
		0.15104166666666666
	],
	"37": [
		0.25,
		0.04895833333333333
	],
	"38": [
		0.4453125,
		0.17326388888888888
	],
	"39": [
		0.219140625,
		0.17430555555555555
	],
	"40": [
		0.4841796875,
		0.15590277777777778
	],
	"41": [
		0.412890625,
		0.1642361111111111
	],
	"42": [
		0.2576171875,
		0.10798611111111112
	],
	"43": [
		0.4138671875,
		0.17430555555555555
	],
	"44": [
		0.2087890625,
		0.05
	],
	"45": [
		0.130078125,
		0.14097222222222222
	],
	"46": [
		0.2875,
		0.0625
	],
	"47": [
		0.477734375,
		0.16770833333333332
	],
	"48": [
		0.26015625,
		0.10347222222222222
	],
	"49": [
		0.28203125,
		0.16979166666666667
	],
	"50": [
		0.249609375,
		0.15104166666666666
	],
	"51": [
		0.3474609375,
		0.17118055555555556
	],
	"52": [
		0.4453125,
		0.17256944444444444
	],
	"53": [
		0.4126953125,
		0.17222222222222222
	],
	"54": [
		0.4126953125,
		0.17222222222222222
	],
	"55": [
		0.3794921875,
		0.17291666666666666
	],
	"56": [
		0.249609375,
		0.15104166666666666
	],
	"57": [
		0.478125,
		0.17708333333333334
	],
	"58": [
		0.4126953125,
		0.17222222222222222
	],
	"59": [
		0.2822265625,
		0.16805555555555557
	],
	"60": [
		0.3142578125,
		0.16493055555555555
	],
	"61": [
		0.2525390625,
		0.049305555555555554
	],
	"62": [
		0.28203125,
		0.16666666666666666
	],
	"63": [
		0.2951171875,
		0.08611111111111111
	],
	"64": [
		0.219140625,
		0.17326388888888888
	],
	"65": [
		0.0408203125,
		0.125
	],
	"66": [
		0.2943359375,
		0.08611111111111111
	],
	"67": [
		0.413671875,
		0.17395833333333333
	],
	"68": [
		0.4453125,
		0.17222222222222222
	],
	"69": [
		0.4841796875,
		0.15590277777777778
	],
	"70": [
		0.3701171875,
		0.8319444444444445
	],
	"71": [
		0.281640625,
		0.16701388888888888
	],
	"72": [
		0.452734375,
		0.8385416666666666
	],
	"73": [
		0.1287109375,
		0.12916666666666668
	],
	"74": [
		0.3474609375,
		0.17118055555555556
	],
	"75": [
		0.2515625,
		0.05243055555555556
	],
	"76": [
		0.3794921875,
		0.17291666666666666
	],
	"77": [
		0.2505859375,
		0.04861111111111111
	],
	"78": [
		0.2267578125,
		0.12881944444444443
	],
	"79": [
		0.3794921875,
		0.1753472222222222
	],
	"80": [
		0.4453125,
		0.17326388888888888
	],
	"81": [
		0.4455078125,
		0.1753472222222222
	],
	"82": [
		0.231640625,
		0.15659722222222222
	],
	"83": [
		0.0724609375,
		0.11076388888888888
	],
	"84": [
		0.290625,
		0.06145833333333333
	],
	"85": [
		0.4126953125,
		0.17222222222222222
	],
	"86": [
		0.4421875,
		0.8381944444444445
	],
	"87": [
		0.44375,
		0.8378472222222222
	],
	"88": [
		0.2873046875,
		0.06875
	],
	"89": [
		0.444921875,
		0.8378472222222222
	],
	"90": [
		0.347265625,
		0.16909722222222223
	],
	"91": [
		0.5095703125,
		0.1753472222222222
	],
	"92": [
		0.2357421875,
		0.1267361111111111
	],
	"93": [
		0.2873046875,
		0.0625
	],
	"94": [
		0.5107421875,
		0.84375
	],
	"95": [
		0.1896484375,
		0.13090277777777778
	],
	"96": [
		0.2876953125,
		0.06354166666666666
	],
	"97": [
		0.2650390625,
		0.09861111111111111
	],
	"98": [
		0.2259765625,
		0.15763888888888888
	],
	"99": [
		0.3142578125,
		0.1642361111111111
	],
	"100": [
		0.230859375,
		0.15729166666666666
	],
	"101": [
		0.48046875,
		0.840625
	],
	"102": [
		0.075390625,
		0.13368055555555555
	],
	"103": [
		0.3142578125,
		0.1642361111111111
	],
	"104": [
		0.2205078125,
		0.1375
	],
	"105": [
		0.025390625,
		0.125
	],
	"106": [
		0.22578125,
		0.15694444444444444
	],
	"107": [
		0.3140625,
		0.17152777777777778
	],
	"108": [
		0.3474609375,
		0.1701388888888889
	],
	"109": [
		0.2880859375,
		0.06875
	],
	"110": [
		0.2845703125,
		0.09236111111111112
	],
	"111": [
		0.390234375,
		0.8347222222222223
	],
	"112": [
		0.0388671875,
		0.14479166666666668
	],
	"113": [
		0.510546875,
		0.1763888888888889
	],
	"114": [
		0.0509765625,
		0.14131944444444444
	],
	"115": [
		0.3474609375,
		0.1701388888888889
	],
	"116": [
		0.4453125,
		0.17222222222222222
	],
	"117": [
		0.2703125,
		0.052083333333333336
	],
	"118": [
		0.3794921875,
		0.17291666666666666
	],
	"119": [
		0.509765625,
		0.1753472222222222
	],
	"120": [
		0.232421875,
		0.12013888888888889
	],
	"121": [
		0.2880859375,
		0.0642361111111111
	],
	"122": [
		0.29375,
		0.08645833333333333
	],
	"123": [
		0.25,
		0.04826388888888889
	],
	"124": [
		0.2703125,
		0.09618055555555556
	],
	"125": [
		0.3796875,
		0.17291666666666666
	],
	"126": [
		0.05625,
		0.12743055555555555
	],
	"127": [
		0.230078125,
		0.15694444444444444
	],
	"128": [
		0.4193359375,
		0.15381944444444445
	],
	"129": [
		0.2236328125,
		0.1329861111111111
	],
	"130": [
		0.290625,
		0.06145833333333333
	],
	"131": [
		0.0724609375,
		0.11076388888888888
	],
	"132": [
		0.125,
		0.13854166666666667
	],
	"133": [
		0.3794921875,
		0.17291666666666666
	],
	"134": [
		0.0595703125,
		0.121875
	],
	"135": [
		0.2369140625,
		0.821875
	],
	"136": [
		0.1001953125,
		0.8177083333333334
	],
	"137": [
		0.34765625,
		0.16493055555555555
	],
	"138": [
		0.3142578125,
		0.1642361111111111
	],
	"139": [
		0.2490234375,
		0.046875
	],
	"140": [
		0.4455078125,
		0.17326388888888888
	],
	"141": [
		0.4779296875,
		0.17604166666666668
	],
	"142": [
		0.2490234375,
		0.15590277777777778
	],
	"143": [
		0.3796875,
		0.17291666666666666
	],
	"144": [
		0.4455078125,
		0.17326388888888888
	],
	"145": [
		0.2828125,
		0.06041666666666667
	],
	"146": [
		0.3142578125,
		0.16597222222222222
	],
	"147": [
		0.0462890625,
		0.8392361111111111
	],
	"148": [
		0.509765625,
		0.1753472222222222
	],
	"149": [
		0.249609375,
		0.15034722222222222
	],
	"150": [
		0.2341796875,
		0.15763888888888888
	],
	"151": [
		0.2861328125,
		0.06805555555555555
	],
	"152": [
		0.123046875,
		0.8399305555555555
	],
	"153": [
		0.1177734375,
		0.20347222222222222
	],
	"154": [
		0.3796875,
		0.17291666666666666
	],
	"155": [
		0.231640625,
		0.15659722222222222
	],
	"156": [
		0.3794921875,
		0.17291666666666666
	],
	"157": [
		0.4138671875,
		0.175
	],
	"158": [
		0.2080078125,
		0.04895833333333333
	],
	"159": [
		0.058203125,
		0.12743055555555555
	],
	"160": [
		0.051171875,
		0.14548611111111112
	],
	"161": [
		0.4455078125,
		0.17326388888888888
	],
	"162": [
		0.266796875,
		0.09583333333333334
	],