{
	"PenaltySpotNorth": [
		0.091875,
		0.3263338432299634
	],
	"SixYardNorthForwardEast": [
		0.0702247191011236,
		0.26275486668511855
	],
	"EighteenYardNorthRearEast": [
		0.0898876404494382,
		0.1929890689785149
	],
	"EighteenYardNorthForwardEast": [
		0.3946629213483146,
		0.21256573484638805
	],
	"PenaltyCircleNorthEast": [
		0.29213483146067415,
		0.28342097979518405
	],
	"PenaltyCircleNorthWest": [
		0.13342696629213482,
		0.4044653565827106
	],
	"CornerNorthEast": [
		0.20646067415730338,
		0.13938099426226075
	]
}