{
	"0": [
		0.6078125,
		0.06111111111111111
	],
	"1": [
		0.4455078125,
		0.05416666666666667
	],
	"2": [
		0.7779296875,
		0.07013888888888889
	],
	"3": [
		0.710546875,
		0.06631944444444444
	],
	"4": [
		0.3068359375,
		0.04583333333333333
	],
	"5": [
		0.36640625,
		0.046875
	],
	"6": [
		0.52578125,
		0.059375
	],
	"7": [
		0.9658203125,
		0.07777777777777778
	],
	"8": [
		0.51171875,
		0.04375
	],
	"9": [
		0.460546875,
		0.05347222222222222
	],
	"10": [
		0.0947265625,
		0.09791666666666667
	],
	"11": [
		0.4310546875,
		0.03819444444444445
	],
	"12": [
		0.675390625,
		0.05277777777777778
	],
	"13": [
		0.3052734375,
		0.09652777777777778
	],
	"14": [
		0.6919921875,
		0.07083333333333333
	],
	"15": [
		0.9517578125,
		0.08090277777777778
	],
	"16": [
		0.59140625,
		0.04895833333333333
	],
	"17": [
		0.380859375,
		0.04791666666666667
	],
	"18": [
		0.5400390625,
		0.059027777777777776
	],
	"19": [
		0.710546875,
		0.057291666666666664
	],
	"20": [
		0.7994140625,
		0.06493055555555556
	],
	"21": [
		0.7994140625,
		0.06493055555555556
	],
	"22": [
		0.716015625,
		0.05381944444444445
	],
	"23": [
		0.6693359375,
		0.03125
	],
	"24": [
		0.8724609375,
		0.075
	],
	"25": [
		0.6501953125,
		0.03333333333333333
	],
	"26": [
		0.890625,
		0.07395833333333333
	],
	"27": [
		0.944921875,
		0.06354166666666666
	],
	"28": [
		0.465625,
		0.041666666666666664
	],
	"29": [
		0.7607421875,
		0.05347222222222222
	],
	"30": [
		0.2947265625,
		0.10138888888888889
	],
	"31": [
		0.3548828125,
		0.04618055555555556
	],
	"32": [
		0.6306640625,
		0.05243055555555556
	],
	"33": [
		0.6798828125,
		0.06805555555555555
	],
	"34": [
		0.623828125,
		0.06180555555555556
	],
	"35": [
		0.8021484375,
		0.059027777777777776
	],
	"36": [
		0.5455078125,
		0.04791666666666667
	],
	"37": [
		0.7640625,
		0.07083333333333333
	],
	"38": [
		0.3865234375,
		0.036458333333333336
	],
	"39": [
		0.110546875,
		0.103125
	],
	"40": [
		0.1111328125,
		0.10104166666666667
	],
	"41": [
		0.680078125,
		0.07743055555555556
	],
	"42": [
		0.741015625,
		0.04722222222222222
	],
	"43": [
		0.35703125,
		0.053125
	],
	"44": [
		0.824609375,
		0.04236111111111111
	],
	"45": [
		0.8953125,
		0.05590277777777778
	],
	"46": [
		0.5962890625,
		0.07013888888888889
	],
	"47": [
		0.9470703125,
		0.06458333333333334
	],
	"48": [
		0.851953125,
		0.05243055555555556
	],
	"49": [
		0.5171875,
		0.060069444444444446
	],
	"50": [
		0.858203125,
		0.0798611111111111
	],
	"51": [
		0.305859375,
		0.046875
	],
	"52": [
		0.2333984375,
		0.1076388888888889
	],
	"53": [
		0.4314453125,
		0.05381944444444445
	],
	"54": [
		0.060546875,
		0.10173611111111111
	],
	"55": [
		0.307421875,
		0.036458333333333336
	],
	"56": [
		0.9455078125,
		0.06597222222222222
	],
	"57": [
		0.5123046875,
		0.06076388888888889
	],
	"58": [
		0.681640625,
		0.071875
	],
	"59": [
		0.63125,
		0.06909722222222223
	],
	"60": [
		0.7677734375,
		0.07291666666666667
	],
	"61": [
		0.934765625,
		0.044444444444444446
	],
	"62": [
		0.9134765625,
		0.03888888888888889
	],
	"63": [
		0.8962890625,
		0.07430555555555556
	],
	"64": [
		0.853125,
		0.05798611111111111
	],
	"65": [
		0.853125,
		0.06284722222222222
	],
	"66": [
		0.846484375,
		0.035416666666666666
	],
	"67": [
		0.7982421875,
		0.06215277777777778
	],
	"68": [
		0.621484375,
		0.053125
	],
	"69": [
		0.953515625,
		0.07951388888888888
	],
	"70": [
		0.85859375,
		0.06944444444444445
	],
	"71": [
		0.686328125,
		0.07222222222222222
	],
	"72": [
		0.7169921875,
		0.071875
	],
	"73": [
		0.36015625,
		0.04756944444444444
	],
	"74": [
		0.8451171875,
		0.03229166666666667
	],
	"75": [
		0.6814453125,
		0.05451388888888889
	],
	"76": [
		0.534765625,
		0.04791666666666667
	],
	"77": [
		0.600390625,
		0.06597222222222222
	],
	"78": [
		0.0955078125,
		0.09722222222222222
	],
	"79": [
		0.293359375,
		0.10451388888888889
	],
	"80": [
		0.5486328125,
		0.06180555555555556
	],
	"81": [
		0.84921875,
		0.03576388888888889
	],
	"82": [
		0.8603515625,
		0.07743055555555556
	],
	"83": [
		0.891015625,
		0.06666666666666667
	],
	"84": [
		0.948046875,
		0.06388888888888888
	],
	"85": [
		0.7890625,
		0.9416666666666667
	],
	"86": [
		0.6837890625,
		0.06631944444444444
	],
	"87": [
		0.89140625,
		0.9597222222222223
	],
	"88": [
		0.21171875,
		0.10520833333333333
	],
	"89": [
		0.7712890625,
		0.075
	],
	"90": [
		0.3134765625,
		0.050347222222222224
	],
	"91": [
		0.8046875,
		0.0763888888888889
	],
	"92": [
		0.3626953125,
		0.05138888888888889
	],
	"93": [
		0.3017578125,
		0.10173611111111111
	],
	"94": [
		0.7875,
		0.07673611111111112
	],
	"95": [
		0.8951171875,
		0.078125
	],
	"96": [
		0.875390625,
		0.08125
	],
	"97": [
		0.0185546875,
		0.07847222222222222
	],
	"98": [
		0.5212890625,
		0.041666666666666664
	],
	"99": [
		0.6015625,
		0.05243055555555556
	],
	"100": [
		0.1115234375,
		0.09826388888888889
	],
	"101": [
		0.4685546875,
		0.058680555555555555
	],
	"102": [
		0.935546875,
		0.04548611111111111
	],
	"103": [
		0.24765625,
		0.8427083333333333
	],
	"104": [
		0.3791015625,
		0.03888888888888889
	],
	"105": [
		0.8595703125,
		0.07222222222222222
	],
	"106": [
		0.9046875,
		0.9645833333333333
	],
	"107": [
		0.8451171875,
		0.9527777777777777
	],
	"108": [
		0.439453125,
		0.05694444444444444
	],
	"109": [
		0.8646484375,
		0.9583333333333334
	],
	"110": [
		0.7642578125,
		0.058333333333333334
	],
	"111": [
		0.8216796875,
		0.04097222222222222
	],
	"112": [
		0.975390625,
		0.08125
	],
	"113": [
		0.5203125,
		0.0625
	],
	"114": [
		0.434375,
		0.05
	],
	"115": [
		0.9265625,
		0.9690972222222223
	],
	"116": [
		0.2974609375,
		0.10347222222222222
	],
	"117": [
		0.438671875,
		0.05277777777777778
	],
	"118": [
		0.3888671875,
		0.052083333333333336
	],
	"119": [
		0.5166015625,
		0.05243055555555556
	],
	"120": [
		0.59765625,
		0.05590277777777778
	],
	"121": [
		0.624609375,
		0.035069444444444445
	],
	"122": [
		0.0580078125,
		0.10347222222222222
	],
	"123": [
		0.169140625,
		0.8802083333333334
	],
	"124": [
		0.7166015625,
		0.07291666666666667
	],
	"125": [
		0.5978515625,
		0.05416666666666667
	],
	"126": [
		0.91953125,
		0.96875
	],
	"127": [
		0.1431640625,
		0.10416666666666667
	],
	"128": [
		0.71953125,
		0.07673611111111112
	],
	"129": [
		0.4498046875,
		0.042708333333333334
	],
	"130": [
		0.2966796875,
		0.10138888888888889
	],
	"131": [
		0.087890625,
		0.09826388888888889
	],
	"132": [
		0.6033203125,
		0.06631944444444444
	],
	"133": [
		0.698828125,
		0.07256944444444445
	],
	"134": [
		0.2349609375,
		0.8409722222222222
	],
	"135": [
		0.7685546875,
		0.06701388888888889
	],
	"136": [
		0.43671875,
		0.05520833333333333
	],
	"137": [
		0.5259765625,
		0.060069444444444446
	],
	"138": [
		0.819921875,
		0.9479166666666666
	],
	"139": [
		0.935546875,
		0.04583333333333333
	],
	"140": [
		0.0970703125,
		0.103125
	],
	"141": [
		0.9595703125,
		0.06736111111111111
	],
	"142": [
		0.109765625,
		0.10416666666666667
	],
	"143": [
		0.1240234375,
		0.10520833333333333
	],
	"144": [
		0.7697265625,
		0.06527777777777778
	],
	"145": [
		0.3599609375,
		0.035069444444444445
	],
	"146": [
		0.4375,
		0.04097222222222222
	],
	"147": [
		0.878125,
		0.06527777777777778
	],
	"148": [
		0.3142578125,
		0.05416666666666667
	],
	"149": [
		0.8052734375,
		0.07777777777777778
	],
	"150": [
		0.9751953125,
		0.06701388888888889
	],
	"151": [
		0.3578125,
		0.040625
	],
	"152": [
		0.2990234375,
		0.10277777777777777
	],
	"153": [
		0.4462890625,
		0.05659722222222222
	],
	"154": [
		0.548046875,
		0.06388888888888888
	],
	"155": [
		0.369140625,
		0.05173611111111111
	],
	"156": [
		0.5162109375,
		0.053125
	],
	"157": [
		0.7994140625,
		0.07708333333333334
	],
	"158": [
		0.1978515625,
		0.8350694444444444
	],
	"159": [
		0.837109375,
		0.034375
	],
	"160": [
		0.1107421875,
		0.10381944444444445
	],
	"161": [
		0.0212890625,
		0.08993055555555556
	],
	"162": [
		0.6103515625,
		0.06805555555555555
	],