{
	"CornerNorthWest": [
		0.21348314606741572,
		0.11509805600753618
	],
	"CornerNorthEast": [
		0.827247191011236,
		0.16990665410636294
	],
	"CornerSouthWest": [
		0.28651685393258425,
		0.8330906911021666
	],
	"CornerSouthEast": [
		0.8089887640449438,
		0.8604095991958789
	]
}