{
	"0": [
		0.28125,
		0.22777777777777777
	],
	"1": [
		0.2234375,
		0.26666666666666666
	],
	"2": [
		0.1140625,
		0.3333333333333333
	],
	"3": [
		0.05625,
		0.37222222222222223
	],
	"4": [
		0.225,
		0.2638888888888889
	],
	"5": [
		0.1671875,
		0.3
	],
	"6": [
		0.3359375,
		0.8666666666666667
	],
	"7": [
		0.2765625,
		0.8527777777777777
	],
	"8": [
		0.946875,
		0.9805555555555555
	],
	"9": [
		0.8875,
		0.9666666666666667
	],
	"10": [
		0.390625,
		0.15833333333333333
	],
	"11": [
		0.334375,
		0.19444444444444445
	],
	"12": [
		0.1140625,
		0.10277777777777777
	],
	"13": [
		0.05625,
		0.08333333333333333
	],
	"14": [
		0.2796875,
		0.30277777777777776
	],
	"15": [
		0.221875,
		0.3194444444444444
	],
	"16": [
		0.0578125,
		0.10277777777777777
	],
	"17": [
		0.0015625,
		0.13055555555555556
	],
	"18": [
		0.446875,
		0.08333333333333333
	],
	"19": [
		0.3890625,
		0.06944444444444445
	],
	"20": [
		0.1671875,
		0.3
	],
	"21": [
		0.1125,
		0.33611111111111114
	],
	"22": [
		0.225,
		0.3194444444444444
	],
	"23": [
		0.1671875,
		0.3333333333333333
	],
	"24": [
		0.5015625,
		0.8944444444444445
	],
	"25": [
		0.44375,
		0.8805555555555555
	],
	"26": [
		0.725,
		0.9361111111111111
	],
	"27": [
		0.6671875,
		0.9222222222222223
	],
	"28": [
		0.8359375,
		0.9583333333333334
	],
	"29": [
		0.778125,
		0.9444444444444444
	],
	"30": [
		0.1140625,
		0.8305555555555556
	],
	"31": [
		0.05625,
		0.8194444444444444
	],
	"32": [
		0.446875,
		0.8833333333333333
	],
	"33": [
		0.3890625,
		0.8722222222222222
	],
	"34": [
		0.6140625,
		0.9138888888888889
	],
	"35": [
		0.55625,
		0.9027777777777778
	],
	"36": [
		0.225,
		0.8444444444444444
	],
	"37": [
		0.1671875,
		0.8361111111111111
	],
	"38": [
		0.5578125,
		0.9
	],
	"39": [
		0.5,
		0.8916666666666667
	],
	"40": [
		0.725,
		0.09722222222222222
	],
	"41": [
		0.6671875,
		0.09166666666666666
	],
	"42": [
		0.225,
		0.10833333333333334
	],
	"43": [
		0.1671875,
		0.11388888888888889
	],
	"44": [
		0.390625,
		0.08611111111111111
	],
	"45": [
		0.334375,
		0.06388888888888888
	],
	"46": [
		0.0453125,
		0.002777777777777778
	],
	"47": [
		0.05625,
		0.10277777777777777
	],
	"48": [
		0.7796875,
		0.9472222222222222
	],
	"49": [
		0.7234375,
		0.9333333333333333
	],
	"50": [
		0.890625,
		0.9694444444444444
	],
	"51": [
		0.834375,
		0.9555555555555556
	],
	"52": [
		0.3328125,
		0.2611111111111111
	],
	"53": [
		0.28125,
		0.30277777777777776
	],
	"54": [
		0.2796875,
		0.8555555555555555
	],
	"55": [
		0.2234375,
		0.8444444444444444
	],
	"56": [
		0.66875,
		0.925
	],
	"57": [
		0.6125,
		0.9138888888888889
	],
	"58": [
		0.0578125,
		0.8222222222222222
	],
	"59": [
		0.0015625,
		0.8138888888888889
	],
	"60": [
		0.16875,
		0.8361111111111111
	],
	"61": [
		0.1125,
		0.8277777777777777
	],
	"62": [
		0.390625,
		0.8722222222222222
	],
	"63": [
		0.334375,
		0.8638888888888889
	],
	"64": [
		0.5015625,
		0.08055555555555556
	],
	"65": [
		0.4453125,
		0.075
	],
	"66": [
		0.2796875,
		0.1111111111111111
	],
	"67": [
		0.2234375,
		0.11388888888888889
	],
	"68": [
		0.7796875,
		0.005555555555555556
	],
	"69": [
		0.7234375,
		0.005555555555555556
	],
	"70": [
		0.1140625,
		0.10277777777777777
	],
	"71": [
		0.16875,
		0.11666666666666667
	],
	"72": [
		1,
		0.9916666666666667
	],
	"73": [
		0.9453125,
		0.9805555555555555
	],
	"74": [
		0.328125,
		0.2
	],
	"75": [
		0.278125,
		0.23055555555555557
	],
	"76": [
		0.221875,
		0.8805555555555555
	],
	"77": [
		0.1703125,
		0.8805555555555555
	],
	"78": [
		0.4953125,
		0.06388888888888888
	],
	"79": [
		0.4453125,
		0.08333333333333333
	],
	"80": [
		0.9390625,
		0.10277777777777777
	],
	"81": [
		0.8890625,
		0.10277777777777777
	],
	"82": [
		0.5015625,
		0.9305555555555556
	],
	"83": [
		0.453125,
		0.9222222222222223
	],
	"84": [
		0.025,
		0.002777777777777778
	],
	"85": [
		0.0578125,
		0.06388888888888888
	],
	"86": [
		0.3359375,
		0.05277777777777778
	],
	"87": [
		0.29375,
		0.07777777777777778
	],
	"88": [
		0.3359375,
		0.07777777777777778
	],
	"89": [
		0.29375,
		0.05277777777777778
	],
	"90": [
		0.290625,
		0.2222222222222222
	],
	"91": [
		0.33125,
		0.25
	],
	"92": [
		0.4265625,
		0.12222222222222222
	],
	"93": [
		0.3890625,
		0.16111111111111112
	],
	"94": [
		0.209375,
		0.002777777777777778
	],
	"95": [
		0.18125,
		0.06111111111111111
	],
	"96": [
		0.6015625,
		0.9472222222222222
	],
	"97": [
		0.559375,
		0.9388888888888889
	],
	"98": [
		0.9140625,
		0.005555555555555556
	],
	"99": [
		0.946875,
		0.05277777777777778
	],
	"100": [
		0.3359375,
		0.06666666666666667
	],
	"101": [
		0.29375,
		0.06666666666666667
	],
	"102": [
		0.05625,
		0.04722222222222222
	],
	"103": [
		0.0859375,
		0.1
	],
	"104": [
		0.0421875,
		0.18333333333333332
	],
	"105": [
		0.0015625,
		0.2
	],
	"106": [
		0.66875,
		0.7333333333333333
	],
	"107": [
		0.7,
		0.7805555555555556
	],
	"108": [
		0.5953125,
		0.3972222222222222
	],
	"109": [
		0.5734375,
		0.4583333333333333
	],
	"110": [
		1,
		0.10555555555555556
	],
	"111": [
		0.959375,
		0.10555555555555556
	],
	"112": [
		0.6484375,
		0.6222222222222222
	],
	"113": [
		0.6296875,
		0.6861111111111111
	],
	"114": [
		0.5875,
		0.6027777777777777
	],
	"115": [
		0.5671875,
		0.6638888888888889
	],
	"116": [
		0.046875,
		0.002777777777777778
	],
	"117": [
		0.0390625,
		0.07222222222222222
	],
	"118": [
		0.58125,
		0.39166666666666666
	],
	"119": [
		0.59375,
		0.4583333333333333
	],
	"120": [
		0.3046875,
		0.21388888888888888
	],
	"121": [
		0.3328125,
		0.2611111111111111
	],
	"122": [
		0.890625,
		0.10277777777777777
	],
	"123": [
		0.853125,
		0.11388888888888889
	],
	"124": [
		0.65625,
		0.6277777777777778
	],
	"125": [
		0.625,
		0.6638888888888889
	],
	"126": [
		0.0484375,
		0.002777777777777778
	],
	"127": [
		0.0140625,
		0.027777777777777776
	],
	"128": [
		0.6328125,
		0.6222222222222222
	],
	"129": [
		0.6375,
		0.6861111111111111
	],
	"130": [
		0.66875,
		0.09722222222222222
	],
	"131": [
		0.6328125,
		0.10277777777777777
	],
	"132": [
		0.5359375,
		0.08333333333333333
	],
	"133": [
		0.5,
		0.08333333333333333
	],
	"134": [
		0.5625,
		0.375
	],
	"135": [
		0.5953125,
		0.3972222222222222
	],
	"136": [
		0.19375,
		0.002777777777777778
	],
	"137": [
		0.1875,
		0.06388888888888888
	],
	"138": [
		0.6234375,
		0.6361111111111111
	],
	"139": [
		0.65625,
		0.6555555555555556
	],
	"140": [
		0.571875,
		0.6027777777777777
	],
	"141": [
		0.5703125,
		0.6638888888888889
	],
	"142": [
		0.3328125,
		0.6444444444444445
	],
	"143": [
		0.3203125,
		0.7
	],
	"144": [
		0.5875,
		0.4
	],
	"145": [
		0.5828125,
		0.4583333333333333
	],
	"146": [
		0.65625,
		0.6277777777777778
	],
	"147": [
		0.6234375,
		0.6361111111111111
	],
	"148": [
		0.58125,
		0.3472222222222222
	],
	"149": [
		0.5921875,
		0.4027777777777778
	],
	"150": [
		0.3578125,
		0.9055555555555556
	],
	"151": [
		0.390625,
		0.9111111111111111
	],
	"152": [
		0.3296875,
		0.6444444444444445
	],
	"153": [
		0.33125,
		0.7027777777777777
	],
	"154": [
		0.7484375,
		0.002777777777777778
	],
	"155": [
		0.7234375,
		0.03888888888888889
	],
	"156": [
		0.40625,
		0.4
	],
	"157": [
		0.3984375,
		0.45555555555555555
	],
	"158": [
		0.396875,
		0.4
	],
	"159": [
		0.4046875,
		0.45555555555555555
	],
	"160": [
		0.05625,
		0.013888888888888888
	],
	"161": [
		0.025,
		0.002777777777777778
	],
	"162": [
		0.48125,
		0.24444444444444444
	],
	"163": [
		0.475,
		0.3
	],
	"164": [
		0.65625,
		0.6555555555555556
	],
	"165": [
		0.625,
		0.6638888888888889
	],
	"166": [
		0.59375,
		0.375
	],
	"167": [
		0.5625,
		0.37777777777777777
	],
	"168": [
		0.365625,
		0.04722222222222222
	],
	"169": [
		0.390625,
		0.08055555555555556
	],
	"170": [
		0.4390625,
		0.05277777777777778
	],
	"171": [
		0.4140625,
		0.08611111111111111
	],
	"172": [
		0.6328125,
		0.6222222222222222
	],
	"173": [
		0.6546875,
		0.6611111111111111
	],
	"174": [
		0.6609375,
		0.075
	],
	"175": [
		0.6328125,
		0.09722222222222222
	],