{
	"0": [
		0.5078125,
		0.19722222222222222
	],
	"1": [
		0.553125,
		0.2972222222222222
	],
	"2": [
		0.5578125,
		0.2638888888888889
	],
	"3": [
		0.5046875,
		0.21388888888888888
	],
	"4": [
		0.515625,
		0.19722222222222222
	],
	"5": [
		0.5578125,
		0.2722222222222222
	],
	"6": [
		0.5578125,
		0.17777777777777778
	],
	"7": [
		0.4984375,
		0.18055555555555555
	],
	"8": [
		0.5359375,
		0.2972222222222222
	],
	"9": [
		0.5359375,
		0.4027777777777778
	],
	"10": [
		0.6140625,
		0.17777777777777778
	],
	"11": [
		0.55625,
		0.19722222222222222
	],
	"12": [
		0.725,
		0.3472222222222222
	],
	"13": [
		0.6671875,
		0.3277777777777778
	],
	"14": [
		0.725,
		0.4305555555555556
	],
	"15": [
		0.6671875,
		0.45
	],
	"16": [
		0.390625,
		0.33055555555555555
	],
	"17": [
		0.3328125,
		0.34444444444444444
	],
	"18": [
		0.446875,
		0.4583333333333333
	],
	"19": [
		0.3890625,
		0.4444444444444444
	],
	"20": [
		0.5328125,
		0.2
	],
	"21": [
		0.5375,
		0.30277777777777776
	],
	"22": [
		0.390625,
		0.44722222222222224
	],
	"23": [
		0.334375,
		0.4222222222222222
	],
	"24": [
		0.5359375,
		0.7
	],
	"25": [
		0.5390625,
		0.8027777777777778
	],
	"26": [
		0.6140625,
		0.3194444444444444
	],
	"27": [
		0.55625,
		0.31666666666666665
	],
	"28": [
		0.5359375,
		0.4
	],
	"29": [
		0.5375,
		0.5027777777777778
	],
	"30": [
		0.5359375,
		0.5
	],
	"31": [
		0.5375,
		0.6027777777777777
	],
	"32": [
		0.5375,
		0.6
	],
	"33": [
		0.5390625,
		0.7027777777777777
	],
	"34": [
		0.725,
		0.8638888888888889
	],
	"35": [
		0.6671875,
		0.8611111111111112
	],
	"36": [
		0.484375,
		0.11666666666666667
	],
	"37": [
		0.4453125,
		0.19166666666666668
	],
	"38": [
		0.66875,
		0.45
	],
	"39": [
		0.6125,
		0.46944444444444444
	],
	"40": [
		0.66875,
		0.33055555555555555
	],
	"41": [
		0.6125,
		0.3194444444444444
	],
	"42": [
		0.5015625,
		0.4638888888888889
	],
	"43": [
		0.4453125,
		0.45555555555555555
	],
	"44": [
		0.2796875,
		0.8583333333333333
	],
	"45": [
		0.2234375,
		0.8583333333333333
	],
	"46": [
		0.66875,
		0.8611111111111112
	],
	"47": [
		0.6125,
		0.8611111111111112
	],
	"48": [
		0.44375,
		0.32222222222222224
	],
	"49": [
		0.3890625,
		0.33055555555555555
	],
	"50": [
		1,
		0.875
	],
	"51": [
		0.9453125,
		0.8722222222222222
	],
	"52": [
		0.946875,
		0.8722222222222222
	],
	"53": [
		0.89375,
		0.8694444444444445
	],
	"54": [
		0.7734375,
		0.4027777777777778
	],
	"55": [
		0.7234375,
		0.43333333333333335
	],
	"56": [
		0.7703125,
		0.38055555555555554
	],
	"57": [
		0.721875,
		0.34444444444444444
	],
	"58": [
		0.0640625,
		0.11666666666666667
	],
	"59": [
		0.1140625,
		0.12777777777777777
	],
	"60": [
		0.2234375,
		0.40555555555555556
	],
	"61": [
		0.2015625,
		0.4861111111111111
	],
	"62": [
		0.0578125,
		0.19444444444444445
	],
	"63": [
		0.0078125,
		0.19166666666666668
	],
	"64": [
		0.3046875,
		0.3972222222222222
	],
	"65": [
		0.3046875,
		0.4861111111111111
	],
	"66": [
		0.5484375,
		0.13055555555555556
	],
	"67": [
		0.5,
		0.12777777777777777
	],
	"68": [
		0.334375,
		0.325
	],
	"69": [
		0.303125,
		0.3888888888888889
	],
	"70": [
		0.1125,
		0.11666666666666667
	],
	"71": [
		0.065625,
		0.13055555555555556
	],
	"72": [
		0.734375,
		0.35
	],
	"73": [
		0.771875,
		0.4
	],
	"74": [
		0.934375,
		0.19166666666666668
	],
	"75": [
		0.8890625,
		0.20277777777777778
	],
	"76": [
		0.2140625,
		0.40555555555555556
	],
	"77": [
		0.2078125,
		0.4861111111111111
	],
	"78": [
		0.5390625,
		0.19722222222222222
	],
	"79": [
		0.5125,
		0.2611111111111111
	],
	"80": [
		0.8921875,
		0.175
	],
	"81": [
		0.934375,
		0.19166666666666668
	],
	"82": [
		0.2234375,
		0.19722222222222222
	],
	"83": [
		0.18125,
		0.20833333333333334
	],
	"84": [
		0.5390625,
		0.8416666666666667
	],
	"85": [
		0.5,
		0.8611111111111112
	],
	"86": [
		0.5078125,
		0.19722222222222222
	],
	"87": [
		0.5171875,
		0.26666666666666666
	],
	"88": [
		0.2234375,
		0.40555555555555556
	],
	"89": [
		0.2296875,
		0.475
	],
	"90": [
		0.725,
		0.20555555555555555
	],
	"91": [
		0.6859375,
		0.20555555555555555
	],
	"92": [
		0.6140625,
		0.8611111111111112
	],
	"93": [
		0.575,
		0.8611111111111112
	],
	"94": [
		0.5421875,
		0.19722222222222222
	],
	"95": [
		0.5046875,
		0.21388888888888888
	],
	"96": [
		0.103125,
		0.1
	],
	"97": [
		0.071875,
		0.1388888888888889
	],
	"98": [
		0.2328125,
		0.4166666666666667
	],
	"99": [
		0.2203125,
		0.48055555555555557
	],
	"100": [
		0.3140625,
		0.10277777777777777
	],
	"101": [
		0.290625,
		0.15555555555555556
	],
	"102": [
		0.6671875,
		0.7
	],
	"103": [
		0.6859375,
		0.7555555555555555
	],
	"104": [
		0.090625,
		0.18888888888888888
	],
	"105": [
		0.0546875,
		0.19444444444444445
	],
	"106": [
		0.7796875,
		0.8972222222222223
	],
	"107": [
		0.74375,
		0.8916666666666667
	],
	"108": [
		0.3109375,
		0.3055555555555556
	],
	"109": [
		0.3359375,
		0.35
	],
	"110": [
		0.2078125,
		0.42777777777777776
	],
	"111": [
		0.2203125,
		0.4861111111111111
	],
	"112": [
		0.871875,
		0.9
	],
	"113": [
		0.8375,
		0.8944444444444445
	],
	"114": [
		0.7625,
		0.18055555555555555
	],
	"115": [
		0.728125,
		0.17777777777777778
	],
	"116": [
		0.1578125,
		0.8916666666666667
	],
	"117": [
		0.1234375,
		0.8916666666666667
	],
	"118": [
		0.5390625,
		0.8
	],
	"119": [
		0.53125,
		0.8583333333333333
	],
	"120": [
		0.3046875,
		0.3972222222222222
	],
	"121": [
		0.334375,
		0.425
	],
	"122": [
		0.33125,
		0.2972222222222222
	],
	"123": [
		0.3265625,
		0.35555555555555557
	],
	"124": [
		0.646875,
		0.5111111111111111
	],
	"125": [
		0.6234375,
		0.5527777777777778
	],
	"126": [
		0.3125,
		0.4027777777777778
	],
	"127": [
		0.2984375,
		0.45555555555555555
	],
	"128": [
		0.0578125,
		0.8611111111111112
	],
	"129": [
		0.025,
		0.8638888888888889
	],
	"130": [
		0.8109375,
		0.8666666666666667
	],
	"131": [
		0.778125,
		0.8638888888888889
	],
	"132": [
		0.8734375,
		0.8694444444444445
	],
	"133": [
		0.840625,
		0.8666666666666667
	],
	"134": [
		0.2234375,
		0.4111111111111111
	],
	"135": [
		0.1984375,
		0.44722222222222224
	],
	"136": [
		0.6890625,
		0.5388888888888889
	],
	"137": [
		0.6765625,
		0.5916666666666667
	],
	"138": [
		0.1984375,
		0.44722222222222224
	],
	"139": [
		0.2265625,
		0.475
	],
	"140": [
		0.615625,
		0.4527777777777778
	],
	"141": [
		0.64375,
		0.4777777777777778
	],
	"142": [
		0.703125,
		0.13055555555555556
	],
	"143": [
		0.671875,
		0.12777777777777777
	],
	"144": [
		0.065625,
		0.1111111111111111
	],
	"145": [
		0.090625,
		0.14444444444444443
	],
	"146": [
		0.15,
		0.8611111111111112
	],
	"147": [
		0.11875,
		0.8611111111111112
	],
	"148": [
		0.8109375,
		0.2972222222222222
	],
	"149": [
		0.8328125,
		0.33611111111111114
	],
	"150": [
		0.6828125,
		0.5388888888888889
	],
	"151": [
		0.6953125,
		0.5888888888888889
	],
	"152": [
		0.9796875,
		0.10555555555555556
	],
	"153": [
		0.996875,
		0.15
	],
	"154": [
		0.2796875,
		0.11944444444444445
	],
	"155": [
		0.2984375,
		0.16111111111111112
	],
	"156": [
		0.8171875,
		0.6527777777777778
	],
	"157": [
		0.8359375,
		0.6944444444444444
	],
	"158": [
		0.5546875,
		0.24166666666666667
	],
	"159": [
		0.5515625,
		0.29444444444444445
	],
	"160": [
		0.8125,
		0.7333333333333333
	],
	"161": [
		0.834375,
		0.7694444444444445
	],
	"162": [
		0.6109375,
		0.20833333333333334
	],
	"163": [
		0.58125,
		0.20833333333333334
	],
	"164": [
		0.0859375,
		0.8611111111111112
	],
	"165": [
		0.05625,
		0.8611111111111112
	],
	"166": [
		0.33125,
		0.2972222222222222
	],
	"167": [
		0.340625,
		0.3472222222222222
	],
	"168": [
		0.8359375,
		0.33611111111111114
	],
	"169": [
		0.8078125,
		0.3194444444444444
	],
	"170": [
		0.33125,
		0.26944444444444443
	],
	"171": [
		0.3109375,
		0.3055555555555556
	],
	"172": [
		0.6125,
		0.17777777777777778
	],
	"173": [
		0.6375,
		0.20277777777777778
	],
	"174": [
		0.23125,
		0.125
	],
	"175": [
		0.246875,
		0.16666666666666666
	],
	"176": [
		0.425,
		0.10277777777777777
	],