{
	"EighteenYardNorthForwardEast": [
		0.393646408839779,
		0.21979310633664195
	],
	"PenaltyCircleNorthEast": [
		0.292817679558011,
		0.28144239226033424
	],
	"PenaltyCircleNorthWest": [
		0.1298342541436464,
		0.3913389454286552
	],
	"SixYardNorthForwardEast": [
		0.07044198895027624,
		0.25731875863801984
	],
	"EighteenYardNorthRearEast": [
		0.09116022099447514,
		0.17958705029945135
	],
	"CornerNorthEast": [
		0.20718232044198895,
		0.13938099426226075
	],
	"PenaltySpotNorth": [
		0.08425414364640885,
		0.32968965950496293
	]
}