{
	"0": [
		0.2603515625,
		0.14097222222222222
	],
	"1": [
		0.2875,
		0.06180555555555556
	],
	"2": [
		0.3818359375,
		0.153125
	],
	"3": [
		0.3486328125,
		0.14548611111111112
	],
	"4": [
		0.2091796875,
		0.050347222222222224
	],
	"5": [
		0.29296875,
		0.08715277777777777
	],
	"6": [
		0.552734375,
		0.15416666666666667
	],
	"7": [
		0.289453125,
		0.090625
	],
	"8": [
		0.28984375,
		0.06979166666666667
	],
	"9": [
		0.06171875,
		0.10902777777777778
	],
	"10": [
		0.3140625,
		0.1482638888888889
	],
	"11": [
		0.2630859375,
		0.10069444444444445
	],
	"12": [
		0.3140625,
		0.14895833333333333
	],
	"13": [
		0.51796875,
		0.1597222222222222
	],
	"14": [
		0.2603515625,
		0.14097222222222222
	],
	"15": [
		0.2490234375,
		0.04097222222222222
	],
	"16": [
		0.2935546875,
		0.08645833333333333
	],
	"17": [
		0.348828125,
		0.14444444444444443
	],
	"18": [
		0.41640625,
		0.15
	],
	"19": [
		0.41640625,
		0.15
	],
	"20": [
		0.3498046875,
		0.14444444444444443
	],
	"21": [
		0.4841796875,
		0.15659722222222222
	],
	"22": [
		0.484765625,
		0.153125
	],
	"23": [
		0.5185546875,
		0.15
	],
	"24": [
		0.38203125,
		0.15243055555555557
	],
	"25": [
		0.2537109375,
		0.11458333333333333
	],
	"26": [
		0.254296875,
		0.046875
	],
	"27": [
		0.281640625,
		0.1329861111111111
	],
	"28": [
		0.3140625,
		0.1517361111111111
	],
	"29": [
		0.2814453125,
		0.1375
	],
	"30": [
		0.41640625,
		0.15
	],
	"31": [
		0.294921875,
		0.08541666666666667
	],
	"32": [
		0.3818359375,
		0.1545138888888889
	],
	"33": [
		0.08125,
		0.1111111111111111
	],
	"34": [
		0.085546875,
		0.10729166666666666
	],
	"35": [
		0.3142578125,
		0.15902777777777777
	],
	"36": [
		0.377734375,
		0.13472222222222222
	],
	"37": [
		0.2513671875,
		0.044444444444444446
	],
	"38": [
		0.48359375,
		0.15243055555555557
	],
	"39": [
		0.24921875,
		0.15729166666666666
	],
	"40": [
		0.52578125,
		0.13993055555555556
	],
	"41": [
		0.4509765625,
		0.1440972222222222
	],
	"42": [
		0.277734375,
		0.1
	],
	"43": [
		0.4505859375,
		0.15833333333333333
	],
	"44": [
		0.2087890625,
		0.05
	],
	"45": [
		0.15703125,
		0.12534722222222222
	],
	"46": [
		0.2875,
		0.0625
	],
	"47": [
		0.5185546875,
		0.15
	],
	"48": [
		0.2783203125,
		0.09861111111111111
	],
	"49": [
		0.314453125,
		0.15486111111111112
	],
	"50": [
		0.281640625,
		0.134375
	],
	"51": [
		0.382421875,
		0.1545138888888889
	],
	"52": [
		0.484765625,
		0.1517361111111111
	],
	"53": [
		0.4498046875,
		0.15555555555555556
	],
	"54": [
		0.4498046875,
		0.15555555555555556
	],
	"55": [
		0.41640625,
		0.15
	],
	"56": [
		0.281640625,
		0.134375
	],
	"57": [
		0.51796875,
		0.15902777777777777
	],
	"58": [
		0.4498046875,
		0.15590277777777778
	],
	"59": [
		0.3140625,
		0.1517361111111111
	],
	"60": [
		0.3486328125,
		0.14375
	],
	"61": [
		0.253515625,
		0.04479166666666667
	],
	"62": [
		0.3146484375,
		0.14895833333333333
	],
	"63": [
		0.295703125,
		0.08611111111111111
	],
	"64": [
		0.2498046875,
		0.15555555555555556
	],
	"65": [
		0.0619140625,
		0.10902777777777778
	],
	"66": [
		0.294921875,
		0.08611111111111111
	],
	"67": [
		0.4505859375,
		0.15729166666666666
	],
	"68": [
		0.484765625,
		0.15104166666666666
	],
	"69": [
		0.52578125,
		0.13993055555555556
	],
	"70": [
		0.401953125,
		0.8440972222222223
	],
	"71": [
		0.3134765625,
		0.15104166666666666
	],
	"72": [
		0.4876953125,
		0.8513888888888889
	],
	"73": [
		0.1544921875,
		0.11666666666666667
	],
	"74": [
		0.382421875,
		0.1545138888888889
	],
	"75": [
		0.251953125,
		0.04895833333333333
	],
	"76": [
		0.41640625,
		0.15
	],
	"77": [
		0.2517578125,
		0.04375
	],
	"78": [
		0.2537109375,
		0.11458333333333333
	],
	"79": [
		0.4154296875,
		0.1545138888888889
	],
	"80": [
		0.48359375,
		0.15208333333333332
	],
	"81": [
		0.48359375,
		0.15729166666666666
	],
	"82": [
		0.2603515625,
		0.14097222222222222
	],
	"83": [
		0.09375,
		0.09895833333333333
	],
	"84": [
		0.290625,
		0.06145833333333333
	],
	"85": [
		0.4498046875,
		0.15590277777777778
	],
	"86": [
		0.473046875,
		0.8510416666666667
	],
	"87": [
		0.4787109375,
		0.8513888888888889
	],
	"88": [
		0.2873046875,
		0.06875
	],
	"89": [
		0.4810546875,
		0.8513888888888889
	],
	"90": [
		0.3818359375,
		0.153125
	],
	"91": [
		0.552734375,
		0.15555555555555556
	],
	"92": [
		0.2638671875,
		0.11354166666666667
	],
	"93": [
		0.2873046875,
		0.0625
	],
	"94": [
		0.5521484375,
		0.8572916666666667
	],
	"95": [
		0.2203125,
		0.12256944444444444
	],
	"96": [
		0.2876953125,
		0.06354166666666666
	],
	"97": [
		0.2828125,
		0.09479166666666666
	],
	"98": [
		0.25625,
		0.14027777777777778
	],
	"99": [
		0.348828125,
		0.14444444444444443
	],
	"100": [
		0.259765625,
		0.14097222222222222
	],
	"101": [
		0.5154296875,
		0.8541666666666666
	],
	"102": [
		0.0986328125,
		0.11631944444444445
	],
	"103": [
		0.348828125,
		0.14444444444444443
	],
	"104": [
		0.2470703125,
		0.11909722222222222
	],
	"105": [
		0.0470703125,
		0.10451388888888889
	],
	"106": [
		0.2560546875,
		0.140625
	],
	"107": [
		0.346875,
		0.15104166666666666
	],
	"108": [
		0.382421875,
		0.1527777777777778
	],
	"109": [
		0.2880859375,
		0.06875
	],
	"110": [
		0.289453125,
		0.090625
	],
	"111": [
		0.4271484375,
		0.8458333333333333
	],
	"112": [
		0.0626953125,
		0.1295138888888889
	],
	"113": [
		0.553125,
		0.15416666666666667
	],
	"114": [
		0.077734375,
		0.11944444444444445
	],
	"115": [
		0.382421875,
		0.1527777777777778
	],
	"116": [
		0.484765625,
		0.15104166666666666
	],
	"117": [
		0.270703125,
		0.052083333333333336
	],
	"118": [
		0.41640625,
		0.15
	],
	"119": [
		0.552734375,
		0.153125
	],
	"120": [
		0.25390625,
		0.10694444444444444
	],
	"121": [
		0.2880859375,
		0.0642361111111111
	],
	"122": [
		0.29453125,
		0.08611111111111111
	],
	"123": [
		0.2513671875,
		0.04375
	],
	"124": [
		0.286328125,
		0.09270833333333334
	],
	"125": [
		0.41640625,
		0.14965277777777777
	],
	"126": [
		0.0810546875,
		0.1111111111111111
	],
	"127": [
		0.2591796875,
		0.14131944444444444
	],
	"128": [
		0.4583984375,
		0.1388888888888889
	],
	"129": [
		0.2501953125,
		0.115625
	],
	"130": [
		0.290625,
		0.06145833333333333
	],
	"131": [
		0.09375,
		0.09895833333333333
	],
	"132": [
		0.1498046875,
		0.12291666666666666
	],
	"133": [
		0.4154296875,
		0.15034722222222222
	],
	"134": [
		0.08359375,
		0.10833333333333334
	],
	"135": [
		0.2568359375,
		0.8302083333333333
	],
	"136": [
		0.12578125,
		0.8243055555555555
	],
	"137": [
		0.0287109375,
		0.30520833333333336
	],
	"138": [
		0.3818359375,
		0.1486111111111111
	],
	"139": [
		0.3486328125,
		0.14097222222222222
	],
	"140": [
		0.2513671875,
		0.04131944444444444
	],
	"141": [
		0.4841796875,
		0.15347222222222223
	],
	"142": [
		0.5177734375,
		0.15902777777777777
	],
	"143": [
		0.28203125,
		0.13958333333333334
	],
	"144": [
		0.41640625,
		0.14965277777777777
	],
	"145": [
		0.4841796875,
		0.15347222222222223
	],
	"146": [
		0.2828125,
		0.06041666666666667
	],
	"147": [
		0.3482421875,
		0.1451388888888889
	],
	"148": [
		0.06328125,
		0.8444444444444444
	],
	"149": [
		0.552734375,
		0.153125
	],
	"150": [
		0.281640625,
		0.13333333333333333
	],
	"151": [
		0.262890625,
		0.14097222222222222
	],
	"152": [
		0.2861328125,
		0.06805555555555555
	],
	"153": [
		0.147265625,
		0.8472222222222222
	],
	"154": [
		0.1458984375,
		0.18784722222222222
	],
	"155": [
		0.41640625,
		0.14965277777777777
	],
	"156": [
		0.260546875,
		0.14027777777777778
	],
	"157": [
		0.41640625,
		0.15
	],
	"158": [
		0.4505859375,
		0.159375
	],
	"159": [
		0.2080078125,
		0.049305555555555554
	],
	"160": [
		0.0814453125,
		0.11145833333333334
	],
	"161": [
		0.0775390625,
		0.12083333333333333
	],
	"162": [
		0.4841796875,
		0.153125
	],
	"163": [
		0.2791015625,
		0.09375
	],
	"164": [
		0.348828125,
		0.14375
	],
	"165": [
		0.0484375,
		0.10347222222222222
	],
	"166": [
		0.382421875,
		0.15243055555555557
	],
	"167": [
		0.2953125,
		0.08263888888888889
	],