{
	"0": [
		0.2294921875,
		0.1076388888888889
	],
	"1": [
		0.587890625,
		0.12569444444444444
	],
	"2": [
		0.4412109375,
		0.11770833333333333
	],
	"3": [
		0.7439453125,
		0.134375
	],
	"4": [
		0.6771484375,
		0.12465277777777778
	],
	"5": [
		0.30703125,
		0.10208333333333333
	],
	"6": [
		0.3708984375,
		0.11076388888888888
	],
	"7": [
		0.515625,
		0.12291666666666666
	],
	"8": [
		0.911328125,
		0.14131944444444444
	],
	"9": [
		0.49765625,
		0.1076388888888889
	],
	"10": [
		0.450390625,
		0.11145833333333334
	],
	"11": [
		0.0921875,
		0.12361111111111112
	],
	"12": [
		0.4244140625,
		0.10138888888888889
	],
	"13": [
		0.646875,
		0.11493055555555555
	],
	"14": [
		0.2990234375,
		0.10902777777777778
	],
	"15": [
		0.97734375,
		0.12638888888888888
	],
	"16": [
		0.665625,
		0.13229166666666667
	],
	"17": [
		0.89765625,
		0.13854166666666667
	],
	"18": [
		0.5712890625,
		0.11354166666666667
	],
	"19": [
		0.379296875,
		0.10694444444444444
	],
	"20": [
		0.5236328125,
		0.11770833333333333
	],
	"21": [
		0.6765625,
		0.11666666666666667
	],
	"22": [
		0.9248046875,
		0.1267361111111111
	],
	"23": [
		0.756640625,
		0.1284722222222222
	],
	"24": [
		0.756640625,
		0.1284722222222222
	],
	"25": [
		0.6833984375,
		0.11631944444444445
	],
	"26": [
		0.6390625,
		0.0920138888888889
	],
	"27": [
		0.8259765625,
		0.13506944444444444
	],
	"28": [
		0.6232421875,
		0.0920138888888889
	],
	"29": [
		0.8388671875,
		0.13368055555555555
	],
	"30": [
		0.888671875,
		0.1232638888888889
	],
	"31": [
		0.4572265625,
		0.10347222222222222
	],
	"32": [
		0.725,
		0.11736111111111111
	],
	"33": [
		0.2806640625,
		0.10277777777777777
	],
	"34": [
		0.3560546875,
		0.10451388888888889
	],
	"35": [
		0.6056640625,
		0.11319444444444444
	],
	"36": [
		0.65078125,
		0.12291666666666666
	],
	"37": [
		0.9302734375,
		0.1232638888888889
	],
	"38": [
		0.5990234375,
		0.12013888888888889
	],
	"39": [
		0.7619140625,
		0.11979166666666667
	],
	"40": [
		0.530078125,
		0.10972222222222222
	],
	"41": [
		0.9263671875,
		0.13472222222222222
	],
	"42": [
		0.728125,
		0.13680555555555557
	],
	"43": [
		0.3853515625,
		0.09861111111111111
	],
	"44": [
		0.13125,
		0.11840277777777777
	],
	"45": [
		0.1359375,
		0.10902777777777778
	],
	"46": [
		0.65,
		0.13506944444444444
	],
	"47": [
		0.70859375,
		0.11076388888888888
	],
	"48": [
		0.357421875,
		0.11423611111111111
	],
	"49": [
		0.780859375,
		0.10729166666666666
	],
	"50": [
		0.84453125,
		0.12048611111111111
	],
	"51": [
		0.5744140625,
		0.1295138888888889
	],
	"52": [
		0.8935546875,
		0.1329861111111111
	],
	"53": [
		0.80625,
		0.12013888888888889
	],
	"54": [
		0.50546875,
		0.12256944444444444
	],
	"55": [
		0.81328125,
		0.1361111111111111
	],
	"56": [
		0.98046875,
		0.13333333333333333
	],
	"57": [
		0.044921875,
		0.1375
	],
	"58": [
		0.3052734375,
		0.09861111111111111
	],
	"59": [
		0.2453125,
		0.10972222222222222
	],
	"60": [
		0.4267578125,
		0.12083333333333333
	],
	"61": [
		0.0869140625,
		0.1326388888888889
	],
	"62": [
		0.9611328125,
		0.10347222222222222
	],
	"63": [
		0.31328125,
		0.09791666666666667
	],
	"64": [
		0.8912109375,
		0.14305555555555555
	],
	"65": [
		0.5005859375,
		0.12361111111111112
	],
	"66": [
		0.6544921875,
		0.13159722222222223
	],
	"67": [
		0.606640625,
		0.13020833333333334
	],
	"68": [
		0.7330078125,
		0.13402777777777777
	],
	"69": [
		0.8775390625,
		0.10520833333333333
	],
	"70": [
		0.9640625,
		0.10173611111111111
	],
	"71": [
		0.860546875,
		0.10034722222222223
	],
	"72": [
		0.844921875,
		0.1388888888888889
	],
	"73": [
		0.809765625,
		0.13055555555555556
	],
	"74": [
		0.8076171875,
		0.14131944444444444
	],
	"75": [
		0.932421875,
		0.14444444444444443
	],
	"76": [
		0.7986328125,
		0.09618055555555556
	],
	"77": [
		0.5369140625,
		0.08715277777777777
	],
	"78": [
		0.755078125,
		0.12291666666666666
	],
	"79": [
		0.597265625,
		0.11388888888888889
	],
	"80": [
		0.9005859375,
		0.1423611111111111
	],
	"81": [
		0.812890625,
		0.1232638888888889
	],
	"82": [
		0.6595703125,
		0.13333333333333333
	],
	"83": [
		0.6833984375,
		0.13472222222222222
	],
	"84": [
		0.3626953125,
		0.1111111111111111
	],
	"85": [
		0.79765625,
		0.09166666666666666
	],
	"86": [
		0.655859375,
		0.115625
	],
	"87": [
		0.5205078125,
		0.10868055555555556
	],
	"88": [
		0.5791015625,
		0.13055555555555556
	],
	"89": [
		0.0935546875,
		0.12013888888888889
	],
	"90": [
		0.2869140625,
		0.11284722222222222
	],
	"91": [
		0.9791015625,
		0.14583333333333334
	],
	"92": [
		0.53125,
		0.12465277777777778
	],
	"93": [
		0.8033203125,
		0.10486111111111111
	],
	"94": [
		0.8169921875,
		0.14201388888888888
	],
	"95": [
		0.8376953125,
		0.12569444444444444
	],
	"96": [
		0.896875,
		0.12743055555555555
	],
	"97": [
		0.762109375,
		0.9256944444444445
	],
	"98": [
		0.6568359375,
		0.1267361111111111
	],
	"99": [
		0.8998046875,
		0.953125
	],
	"100": [
		0.2259765625,
		0.10972222222222222
	],
	"101": [
		0.396484375,
		0.07951388888888888
	],
	"102": [
		0.4357421875,
		0.08298611111111111
	],
	"103": [
		0.217578125,
		0.10902777777777778
	],
	"104": [
		0.737109375,
		0.1375
	],
	"105": [
		0.315234375,
		0.11215277777777778
	],
	"106": [
		0.7634765625,
		0.13993055555555556
	],
	"107": [
		0.3666015625,
		0.1125
	],
	"108": [
		0.2958984375,
		0.10972222222222222
	],
	"109": [
		0.746875,
		0.14131944444444444
	],
	"110": [
		0.8435546875,
		0.14305555555555555
	],
	"111": [
		0.8275390625,
		0.14375
	],
	"112": [
		0.048828125,
		0.13368055555555555
	],
	"113": [
		0.51015625,
		0.09826388888888889
	],
	"114": [
		0.5810546875,
		0.12013888888888889
	],
	"115": [
		0.1373046875,
		0.10590277777777778
	],
	"116": [
		0.9298828125,
		0.14479166666666668
	],
	"117": [
		0.4587890625,
		0.121875
	],
	"118": [
		0.8826171875,
		0.10555555555555556
	],
	"119": [
		0.272265625,
		0.8381944444444445
	],
	"120": [
		0.376953125,
		0.10104166666666667
	],
	"121": [
		0.815234375,
		0.13159722222222223
	],
	"122": [
		0.8853515625,
		0.9513888888888888
	],
	"123": [
		0.808984375,
		0.9368055555555556
	],
	"124": [
		0.43671875,
		0.11944444444444445
	],
	"125": [
		0.17421875,
		0.10868055555555556
	],
	"126": [
		0.8369140625,
		0.9430555555555555
	],
	"127": [
		0.954296875,
		0.0875
	],
	"128": [
		0.728515625,
		0.128125
	],
	"129": [
		0.77890625,
		0.10416666666666667
	],
	"130": [
		0.9125,
		0.14444444444444443
	],
	"131": [
		0.5087890625,
		0.12569444444444444
	],
	"132": [
		0.9556640625,
		0.3888888888888889
	],
	"133": [
		0.42890625,
		0.1076388888888889
	],
	"134": [
		0.9005859375,
		0.9555555555555556
	],
	"135": [
		0.290625,
		0.11354166666666667
	],
	"136": [
		0.433984375,
		0.11215277777777778
	],
	"137": [
		0.38671875,
		0.11701388888888889
	],
	"138": [
		0.505078125,
		0.10972222222222222
	],
	"139": [
		0.57578125,
		0.11423611111111111
	],
	"140": [
		0.6,
		0.10034722222222223
	],
	"141": [
		0.040625,
		0.14583333333333334
	],
	"142": [
		0.074609375,
		0.12395833333333334
	],
	"143": [
		0.19140625,
		0.8701388888888889
	],
	"144": [
		0.683203125,
		0.1361111111111111
	],
	"145": [
		0.578515625,
		0.11388888888888889
	],
	"146": [
		0.9126953125,
		0.9572916666666667
	],
	"147": [
		0.030859375,
		0.15625
	],
	"148": [
		0.18125,
		0.10798611111111112
	],
	"149": [
		0.68984375,
		0.1375
	],
	"150": [
		0.445703125,
		0.10451388888888889
	],
	"151": [
		0.9640625,
		0.41944444444444445
	],
	"152": [
		0.2859375,
		0.10347222222222222
	],
	"153": [
		0.9681640625,
		0.42569444444444443
	],
	"154": [
		0.0876953125,
		0.12083333333333333
	],
	"155": [
		0.5849609375,
		0.12638888888888888
	],
	"156": [
		0.6673828125,
		0.1361111111111111
	],
	"157": [
		0.2556640625,
		0.8354166666666667
	],
	"158": [
		0.7328125,
		0.12222222222222222
	],
	"159": [
		0.431640625,
		0.12048611111111111
	],
	"160": [
		0.8228515625,
		0.09305555555555556
	],
	"161": [
		0.5150390625,
		0.12777777777777777
	],
	"162": [
		0.803125,
		0.9347222222222222
	],