{
	"0": [
		0.1171875,
		0.3111111111111111
	],
	"1": [
		0.05625,
		0.3527777777777778
	],
	"2": [
		0.225,
		0.24444444444444444
	],
	"3": [
		0.1671875,
		0.28055555555555556
	],
	"4": [
		0.059375,
		0.3472222222222222
	],
	"5": [
		0.0015625,
		0.38333333333333336
	],
	"6": [
		0.390625,
		0.1361111111111111
	],
	"7": [
		0.334375,
		0.175
	],
	"8": [
		0.2796875,
		0.20833333333333334
	],
	"9": [
		0.2234375,
		0.24722222222222223
	],
	"10": [
		0.446875,
		0.8888888888888888
	],
	"11": [
		0.3875,
		0.875
	],
	"12": [
		0.66875,
		0.9277777777777778
	],
	"13": [
		0.609375,
		0.9138888888888889
	],
	"14": [
		0.8359375,
		0.9611111111111111
	],
	"15": [
		0.7765625,
		0.9472222222222222
	],
	"16": [
		0.946875,
		0.9833333333333333
	],
	"17": [
		0.8875,
		0.9694444444444444
	],
	"18": [
		0.446875,
		0.07222222222222222
	],
	"19": [
		0.3875,
		0.06111111111111111
	],
	"20": [
		0.1140625,
		0.8361111111111111
	],
	"21": [
		0.0546875,
		0.825
	],
	"22": [
		0.225,
		0.03888888888888889
	],
	"23": [
		0.1671875,
		0.06388888888888888
	],
	"24": [
		0.1140625,
		0.10277777777777777
	],
	"25": [
		0.05625,
		0.08333333333333333
	],
	"26": [
		0.725,
		0.07777777777777778
	],
	"27": [
		0.6671875,
		0.09722222222222222
	],
	"28": [
		0.225,
		0.30833333333333335
	],
	"29": [
		0.1671875,
		0.325
	],
	"30": [
		0.725,
		0.9388888888888889
	],
	"31": [
		0.6671875,
		0.925
	],
	"32": [
		0.3359375,
		0.8694444444444445
	],
	"33": [
		0.278125,
		0.8583333333333333
	],
	"34": [
		0.5578125,
		0.9055555555555556
	],
	"35": [
		0.5,
		0.8944444444444445
	],
	"36": [
		0.6140625,
		0.9166666666666666
	],
	"37": [
		0.55625,
		0.9055555555555556
	],
	"38": [
		0.16875,
		0.8416666666666667
	],
	"39": [
		0.1109375,
		0.8333333333333334
	],
	"40": [
		0.225,
		0.85
	],
	"41": [
		0.1671875,
		0.8416666666666667
	],
	"42": [
		0.334375,
		0.06111111111111111
	],
	"43": [
		0.278125,
		0.08611111111111111
	],
	"44": [
		0.225,
		0.1111111111111111
	],
	"45": [
		0.1671875,
		0.11388888888888889
	],
	"46": [
		0.2234375,
		0.10277777777777777
	],
	"47": [
		0.2796875,
		0.125
	],
	"48": [
		0.334375,
		0.06111111111111111
	],
	"49": [
		0.390625,
		0.07777777777777778
	],
	"50": [
		0.7796875,
		0.95
	],
	"51": [
		0.7234375,
		0.9361111111111111
	],
	"52": [
		0.834375,
		0.9583333333333334
	],
	"53": [
		0.890625,
		0.9722222222222222
	],
	"54": [
		0.0578125,
		0.1
	],
	"55": [
		0.0015625,
		0.1111111111111111
	],
	"56": [
		0.16875,
		0.11388888888888889
	],
	"57": [
		0.1125,
		0.10277777777777777
	],
	"58": [
		0.390625,
		0.8777777777777778
	],
	"59": [
		0.334375,
		0.8666666666666667
	],
	"60": [
		0.390625,
		0.05277777777777778
	],
	"61": [
		0.334375,
		0.06111111111111111
	],
	"62": [
		0.0578125,
		0.8277777777777777
	],
	"63": [
		0.0015625,
		0.8194444444444444
	],
	"64": [
		0.2796875,
		0.8583333333333333
	],
	"65": [
		0.2234375,
		0.85
	],
	"66": [
		0.5015625,
		0.8944444444444445
	],
	"67": [
		0.4453125,
		0.8861111111111111
	],
	"68": [
		1,
		0.9944444444444445
	],
	"69": [
		0.9453125,
		0.9833333333333333
	],
	"70": [
		0.66875,
		0.08611111111111111
	],
	"71": [
		0.6140625,
		0.09444444444444444
	],
	"72": [
		0.3359375,
		0.175
	],
	"73": [
		0.284375,
		0.20555555555555555
	],
	"74": [
		0.015625,
		0.03888888888888889
	],
	"75": [
		0.0578125,
		0.09166666666666666
	],
	"76": [
		0.025,
		0.03333333333333333
	],
	"77": [
		0.05625,
		0.10277777777777777
	],
	"78": [
		0.4953125,
		0.07222222222222222
	],
	"79": [
		0.4453125,
		0.06944444444444445
	],
	"80": [
		0.075,
		0.03611111111111111
	],
	"81": [
		0.1078125,
		0.10277777777777777
	],
	"82": [
		0.35,
		0.3388888888888889
	],
	"83": [
		0.3859375,
		0.4
	],
	"84": [
		0.890625,
		0.09444444444444444
	],
	"85": [
		0.84375,
		0.09444444444444444
	],
	"86": [
		0.015625,
		0.03333333333333333
	],
	"87": [
		0.0578125,
		0.06666666666666667
	],
	"88": [
		0.0828125,
		0.025
	],
	"89": [
		0.06875,
		0.10277777777777777
	],
	"90": [
		0.6265625,
		0.06666666666666667
	],
	"91": [
		0.66875,
		0.09722222222222222
	],
	"92": [
		0.16875,
		0.32222222222222224
	],
	"93": [
		0.1234375,
		0.33055555555555555
	],
	"94": [
		0.634375,
		0.7166666666666667
	],
	"95": [
		0.6109375,
		0.7861111111111111
	],
	"96": [
		0.0453125,
		0.04722222222222222
	],
	"97": [
		0.015625,
		0.10555555555555556
	],
	"98": [
		0.3359375,
		0.06111111111111111
	],
	"99": [
		0.2921875,
		0.05555555555555555
	],
	"100": [
		0.6015625,
		0.6027777777777777
	],
	"101": [
		0.5765625,
		0.6666666666666666
	],
	"102": [
		0.028125,
		0.03333333333333333
	],
	"103": [
		0.04375,
		0.10555555555555556
	],
	"104": [
		0.0890625,
		0.04722222222222222
	],
	"105": [
		0.05625,
		0.09722222222222222
	],
	"106": [
		0.35,
		0.4
	],
	"107": [
		0.38125,
		0.4527777777777778
	],
	"108": [
		0.1671875,
		0.28055555555555556
	],
	"109": [
		0.128125,
		0.3055555555555556
	],
	"110": [
		0.278125,
		0.20833333333333334
	],
	"111": [
		0.3109375,
		0.25277777777777777
	],
	"112": [
		0.096875,
		0.05277777777777778
	],
	"113": [
		0.065625,
		0.1
	],
	"114": [
		0.9859375,
		0.09722222222222222
	],
	"115": [
		0.9453125,
		0.09722222222222222
	],
	"116": [
		0.36875,
		0.33611111111111114
	],
	"117": [
		0.35,
		0.4
	],
	"118": [
		0.0515625,
		0.05
	],
	"119": [
		0.0265625,
		0.10277777777777777
	],
	"120": [
		0.0515625,
		0.04722222222222222
	],
	"121": [
		0.0140625,
		0.06111111111111111
	],
	"122": [
		0.1671875,
		0.04722222222222222
	],
	"123": [
		0.203125,
		0.06944444444444445
	],
	"124": [
		0.2609375,
		0.2972222222222222
	],
	"125": [
		0.2234375,
		0.30833333333333335
	],
	"126": [
		0.3109375,
		0.25277777777777777
	],
	"127": [
		0.278125,
		0.2861111111111111
	],
	"128": [
		0.7421875,
		0.9805555555555555
	],
	"129": [
		0.7796875,
		0.9888888888888889
	],
	"130": [
		0.19375,
		0.025
	],
	"131": [
		0.165625,
		0.06944444444444445
	],
	"132": [
		0.3828125,
		0.4
	],
	"133": [
		0.3546875,
		0.4444444444444444
	],
	"134": [
		0.371875,
		0.9111111111111111
	],
	"135": [
		0.334375,
		0.9055555555555556
	],
	"136": [
		0.3859375,
		0.4305555555555556
	],
	"137": [
		0.35,
		0.4111111111111111
	],
	"138": [
		0.16875,
		0.8777777777777778
	],
	"139": [
		0.1328125,
		0.8972222222222223
	],
	"140": [
		0.5890625,
		0.6027777777777777
	],
	"141": [
		0.58125,
		0.6666666666666666
	],
	"142": [
		0.925,
		0.002777777777777778
	],
	"143": [
		0.8890625,
		0.013888888888888888
	],
	"144": [
		0.3140625,
		0.11388888888888889
	],
	"145": [
		0.278125,
		0.125
	],
	"146": [
		0.353125,
		0.33611111111111114
	],
	"147": [
		0.359375,
		0.4
	],
	"148": [
		0.3859375,
		0.4
	],
	"149": [
		0.35,
		0.4111111111111111
	],
	"150": [
		0.48125,
		0.9305555555555556
	],
	"151": [
		0.4453125,
		0.9222222222222223
	],
	"152": [
		0.2796875,
		0.8944444444444445
	],
	"153": [
		0.24375,
		0.8916666666666667
	],
	"154": [
		0.2671875,
		0.9416666666666667
	],
	"155": [
		0.23125,
		0.9444444444444444
	],
	"156": [
		0.6078125,
		0.6305555555555555
	],
	"157": [
		0.5765625,
		0.6611111111111111
	],
	"158": [
		0.359375,
		0.4
	],
	"159": [
		0.3859375,
		0.44166666666666665
	],
	"160": [
		0.5515625,
		0.6166666666666667
	],
	"161": [
		0.5390625,
		0.675
	],
	"162": [
		0.3859375,
		0.41944444444444445
	],
	"163": [
		0.3515625,
		0.4305555555555556
	],
	"164": [
		0.3859375,
		0.44166666666666665
	],
	"165": [
		0.3515625,
		0.44166666666666665
	],
	"166": [
		0.075,
		0.030555555555555555
	],
	"167": [
		0.103125,
		0.06388888888888888
	],
	"168": [
		0.2796875,
		0.2861111111111111
	],
	"169": [
		0.246875,
		0.3
	],
	"170": [
		0.55625,
		0.3472222222222222
	],
	"171": [
		0.56875,
		0.4027777777777778
	],
	"172": [
		0.428125,
		0.044444444444444446
	],
	"173": [
		0.4015625,
		0.08055555555555556
	],
	"174": [
		0.0515625,
		0.04722222222222222
	],
	"175": [
		0.046875,
		0.10555555555555556
	],
	"176": [
		0.14375,
		0.2972222222222222
	],
	"177": [
		0.1125,
		0.3138888888888889
	],