{
	"EighteenYardNorthForwardEast": [
		0.393646408839779,
		0.21979310633664195
	],
	"PenaltyCircleNorthEast": [
		0.292817679558011,
		0.28144239226033424
	],
	"PenaltyCircleNorthWest": [
		0.12569060773480664,
		0.3779369267495917
	],
	"SixYardNorthForwardEast": [
		0.07044198895027624,
		0.26267956610964527
	],
	"EighteenYardNorthRearEast": [
		0.09116022099447514,
		0.17958705029945135
	],
	"CornerNorthEast": [
		0.2058011049723757,
		0.14742220546969886
	]
}