{
	"CornerNorthWest": [
		0.2050561797752809,
		0.10139590648282949
	],
	"CornerNorthEast": [
		0.7485955056179775,
		0.12605977562730153
	],
	"CornerSouthEast": [
		0.8764044943820225,
		0.9070822985355828
	],
	"CornerSouthWest": [
		0.06882022471910113,
		0.9043418686306415
	]
}