{
	"0": [
		0.7544921875,
		0.0875
	],
	"1": [
		0.4333984375,
		0.10451388888888889
	],
	"2": [
		0.790234375,
		0.08020833333333334
	],
	"3": [
		0.6763671875,
		0.06840277777777778
	],
	"4": [
		0.520703125,
		0.05625
	],
	"5": [
		0.7546875,
		0.09652777777777778
	],
	"6": [
		0.4392578125,
		0.09583333333333334
	],
	"7": [
		0.749609375,
		0.11041666666666666
	],
	"8": [
		0.2216796875,
		0.16944444444444445
	],
	"9": [
		0.6279296875,
		0.04618055555555556
	],
	"10": [
		0.1650390625,
		0.19444444444444445
	],
	"11": [
		0.3505859375,
		0.12395833333333334
	],
	"12": [
		0.31171875,
		0.13854166666666667
	],
	"13": [
		0.3439453125,
		0.13402777777777777
	],
	"14": [
		0.1423828125,
		0.17222222222222222
	],
	"15": [
		0.8357421875,
		0.0625
	],
	"16": [
		0.8005859375,
		0.057291666666666664
	],
	"17": [
		0.30625,
		0.14965277777777777
	],
	"18": [
		0.2884765625,
		0.16180555555555556
	],
	"19": [
		0.175390625,
		0.1829861111111111
	],
	"20": [
		0.2865234375,
		0.13090277777777778
	],
	"21": [
		0.2900390625,
		0.15
	],
	"22": [
		0.90859375,
		0.07222222222222222
	],
	"23": [
		0.14921875,
		0.9291666666666667
	],
	"24": [
		0.7361328125,
		0.10208333333333333
	],
	"25": [
		0.1431640625,
		0.21180555555555555
	],
	"26": [
		0.1697265625,
		0.934375
	],
	"27": [
		0.412109375,
		0.12152777777777778
	],
	"28": [
		0.74921875,
		0.09479166666666666
	],
	"29": [
		0.2076171875,
		0.17881944444444445
	],
	"30": [
		0.4625,
		0.09166666666666666
	],
	"31": [
		0.9087890625,
		0.0642361111111111
	],
	"32": [
		0.90859375,
		0.07777777777777778
	],
	"33": [
		0.41484375,
		0.10347222222222222
	],
	"34": [
		0.2951171875,
		0.11527777777777778
	],
	"35": [
		0.6568359375,
		0.04861111111111111
	],
	"36": [
		0.1486328125,
		0.9291666666666667
	],
	"37": [
		0.1603515625,
		0.1673611111111111
	],
	"38": [
		0.66875,
		0.3375
	],
	"39": [
		0.7998046875,
		0.06597222222222222
	],
	"40": [
		0.3240234375,
		0.1423611111111111
	],
	"41": [
		0.19140625,
		0.18715277777777778
	],
	"42": [
		0.2279296875,
		0.1763888888888889
	],
	"43": [
		0.74375,
		0.07951388888888888
	],
	"44": [
		0.783984375,
		0.10833333333333334
	],
	"45": [
		0.28984375,
		0.1361111111111111
	],
	"46": [
		0.6685546875,
		0.3628472222222222
	],
	"47": [
		0.9751953125,
		0.13194444444444445
	],
	"48": [
		0.31640625,
		0.9659722222222222
	],
	"49": [
		0.18671875,
		0.5815972222222222
	],
	"50": [
		0.0248046875,
		0.9069444444444444
	],
	"51": [
		0.66875,
		0.3375
	],
	"52": [
		0.47734375,
		0.08125
	],
	"53": [
		0.196484375,
		0.18993055555555555
	],
	"54": [
		0.29375,
		0.128125
	],
	"55": [
		0.6685546875,
		0.3385416666666667
	],
	"56": [
		0.0248046875,
		0.9052083333333333
	],
	"57": [
		0.7015625,
		0.06527777777777778
	],
	"58": [
		0.772265625,
		0.221875
	],
	"59": [
		0.223046875,
		0.1857638888888889
	],
	"60": [
		0.152734375,
		0.17118055555555556
	],
	"61": [
		0.7529296875,
		0.08368055555555555
	],
	"62": [
		0.4181640625,
		0.11284722222222222
	],
	"63": [
		0.147265625,
		0.1951388888888889
	],
	"64": [
		0.229296875,
		0.18159722222222222
	],
	"65": [
		0.199609375,
		0.17569444444444443
	],
	"66": [
		0.294140625,
		0.15625
	],
	"67": [
		0.4828125,
		0.0954861111111111
	],
	"68": [
		0.152734375,
		0.20625
	],
	"69": [
		0.6720703125,
		0.35694444444444445
	],
	"70": [
		0.3345703125,
		0.13194444444444445
	],
	"71": [
		0.7306640625,
		0.08611111111111111
	],
	"72": [
		0.206640625,
		0.18611111111111112
	],
	"73": [
		0.180859375,
		0.5861111111111111
	],
	"74": [
		0.1484375,
		0.18090277777777777
	],
	"75": [
		0.2294921875,
		0.16805555555555557
	],
	"76": [
		0.4451171875,
		0.09930555555555555
	],
	"77": [
		0.7578125,
		0.10138888888888889
	],
	"78": [
		0.6564453125,
		0.05694444444444444
	],
	"79": [
		0.2857421875,
		0.9586805555555555
	],
	"80": [
		0.7244140625,
		0.05520833333333333
	],
	"81": [
		0.7400390625,
		0.08888888888888889
	],
	"82": [
		0.8349609375,
		0.06875
	],
	"83": [
		0.7390625,
		0.08472222222222223
	],
	"84": [
		0.331640625,
		0.14340277777777777
	],
	"85": [
		0.734765625,
		0.07395833333333333
	],
	"86": [
		0.4568359375,
		0.08888888888888889
	],
	"87": [
		0.671875,
		0.35104166666666664
	],
	"88": [
		0.5455078125,
		0.06111111111111111
	],
	"89": [
		0.4587890625,
		0.09895833333333333
	],
	"90": [
		0.7841796875,
		0.10347222222222222
	],
	"91": [
		0.64296875,
		0.3079861111111111
	],
	"92": [
		0.4775390625,
		0.0954861111111111
	],
	"93": [
		0.183984375,
		0.196875
	],
	"94": [
		0.339453125,
		0.140625
	],
	"95": [
		0.4830078125,
		0.08159722222222222
	],
	"96": [
		0.3005859375,
		0.12569444444444444
	],
	"97": [
		0.123828125,
		0.27743055555555557
	],
	"98": [
		0.4484375,
		0.10208333333333333
	],
	"99": [
		0.221484375,
		0.18194444444444444
	],
	"100": [
		0.7779296875,
		0.1111111111111111
	],
	"101": [
		0.18359375,
		0.1795138888888889
	],
	"102": [
		0.1806640625,
		0.1996527777777778
	],
	"103": [
		0.762890625,
		0.07395833333333333
	],
	"104": [
		0.6271484375,
		0.051041666666666666
	],
	"105": [
		0.692578125,
		0.059375
	],
	"106": [
		0.359375,
		0.13506944444444444
	],
	"107": [
		0.2296875,
		0.134375
	],
	"108": [
		0.176171875,
		0.19826388888888888
	],
	"109": [
		0.2236328125,
		0.18194444444444444
	],
	"110": [
		0.2150390625,
		0.18680555555555556
	],
	"111": [
		0.3232421875,
		0.14791666666666667
	],
	"112": [
		0.7498046875,
		0.09270833333333334
	],
	"113": [
		0.733984375,
		0.10555555555555556
	],
	"114": [
		0.346875,
		0.2642361111111111
	],
	"115": [
		0.476171875,
		0.07708333333333334
	],
	"116": [
		0.1685546875,
		0.20034722222222223
	],
	"117": [
		0.3603515625,
		0.12256944444444444
	],
	"118": [
		0.44296875,
		0.4232638888888889
	],
	"119": [
		0.975,
		0.11180555555555556
	],
	"120": [
		0.1859375,
		0.17083333333333334
	],
	"121": [
		0.0302734375,
		0.5690972222222223
	],
	"122": [
		0.975,
		0.10694444444444444
	],
	"123": [
		0.78125,
		0.10625
	],
	"124": [
		0.5697265625,
		0.09409722222222222
	],
	"125": [
		0.7833984375,
		0.09826388888888889
	],
	"126": [
		0.2185546875,
		0.16006944444444443
	],
	"127": [
		0.4375,
		0.10729166666666666
	],
	"128": [
		0.1744140625,
		0.17326388888888888
	],
	"129": [
		0.758203125,
		0.11076388888888888
	],
	"130": [
		0.231640625,
		0.553125
	],
	"131": [
		0.6484375,
		0.046875
	],
	"132": [
		0.3076171875,
		0.1545138888888889
	],
	"133": [
		0.3474609375,
		0.11736111111111111
	],
	"134": [
		0.6017578125,
		0.05138888888888889
	],
	"135": [
		0.435546875,
		0.11041666666666666
	],
	"136": [
		0.226171875,
		0.15590277777777778
	],
	"137": [
		0.8357421875,
		0.06666666666666667
	],
	"138": [
		0.437109375,
		0.0875
	],
	"139": [
		0.0578125,
		0.39826388888888886
	],
	"140": [
		0.3552734375,
		0.13854166666666667
	],
	"141": [
		0.9416015625,
		0.07569444444444444
	],
	"142": [
		0.226171875,
		0.16319444444444445
	],
	"143": [
		0.1912109375,
		0.17118055555555556
	],
	"144": [
		0.3087890625,
		0.1329861111111111
	],
	"145": [
		0.771484375,
		0.10520833333333333
	],
	"146": [
		0.353125,
		0.13784722222222223
	],
	"147": [
		0.6275390625,
		0.052083333333333336
	],
	"148": [
		0.52890625,
		0.06319444444444444
	],
	"149": [
		0.428125,
		0.43472222222222223
	],
	"150": [
		0.74921875,
		0.09097222222222222
	],
	"151": [
		0.74609375,
		0.07256944444444445
	],
	"152": [
		0.35546875,
		0.11597222222222223
	],
	"153": [
		0.573046875,
		0.05520833333333333
	],
	"154": [
		0.3193359375,
		0.13125
	],
	"155": [
		0.4830078125,
		0.07291666666666667
	],
	"156": [
		0.97578125,
		0.12013888888888889
	],
	"157": [
		0.076953125,
		0.3902777777777778
	],
	"158": [
		0.8640625,
		0.05520833333333333
	],
	"159": [
		0.3037109375,
		0.11736111111111111
	],
	"160": [
		0.7548828125,
		0.10486111111111111
	],
	"161": [
		0.311328125,
		0.11076388888888888
	],
	"162": [
		0.285546875,
		0.12465277777777778
	],
	"163": [
		0.197265625,
		0.16944444444444445
	],
	"164": [
		0.2193359375,
		0.13368055555555555
	],