{
	"SixYardNorthForwardEast": [
		0.6655364734709603,
		0.41361627337466234
	],
	"SixYardNorthForwardWest": [
		0.21205004626563267,
		0.6180335551100108
	],
	"EighteenYardNorthRearEast": [
		0.6905756013534631,
		0.2914968583119867
	],
	"EighteenYardNorthForwardWest": [
		0.3970613800641252,
		0.8861653142693638
	]
}