{
	"CornerNorthWest": [
		0.20926966292134833,
		0.2358755287515182
	],
	"CornerNorthEast": [
		0.6306179775280899,
		0.26535996984545795
	]
}