{
	"0": [
		0.5609375,
		0.2
	],
	"1": [
		0.6078125,
		0.2777777777777778
	],
	"2": [
		0.5671875,
		0.11944444444444445
	],
	"3": [
		0.6140625,
		0.19166666666666668
	],
	"4": [
		0.446875,
		0.4777777777777778
	],
	"5": [
		0.3875,
		0.45555555555555555
	],
	"6": [
		0.5578125,
		0.2111111111111111
	],
	"7": [
		0.596875,
		0.2916666666666667
	],
	"8": [
		0.578125,
		0.2
	],
	"9": [
		0.590625,
		0.30277777777777776
	],
	"10": [
		0.590625,
		0.3
	],
	"11": [
		0.5796875,
		0.4027777777777778
	],
	"12": [
		0.446875,
		0.35
	],
	"13": [
		0.3890625,
		0.36666666666666664
	],
	"14": [
		0.584375,
		0.3
	],
	"15": [
		0.59375,
		0.4027777777777778
	],
	"16": [
		0.725,
		0.35555555555555557
	],
	"17": [
		0.6671875,
		0.34444444444444444
	],
	"18": [
		0.725,
		0.4777777777777778
	],
	"19": [
		0.6671875,
		0.4888888888888889
	],
	"20": [
		0.1125,
		0.2111111111111111
	],
	"21": [
		0.0546875,
		0.21944444444444444
	],
	"22": [
		0.503125,
		0.34444444444444444
	],
	"23": [
		0.4453125,
		0.35
	],
	"24": [
		0.58125,
		0.4
	],
	"25": [
		0.584375,
		0.5027777777777778
	],
	"26": [
		0.58125,
		0.6
	],
	"27": [
		0.584375,
		0.7027777777777777
	],
	"28": [
		0.58125,
		0.7
	],
	"29": [
		0.584375,
		0.8027777777777778
	],
	"30": [
		0.6140625,
		0.18055555555555555
	],
	"31": [
		0.55625,
		0.17777777777777778
	],
	"32": [
		0.6140625,
		0.3388888888888889
	],
	"33": [
		0.55625,
		0.3416666666666667
	],
	"34": [
		0.5828125,
		0.5
	],
	"35": [
		0.584375,
		0.6027777777777777
	],
	"36": [
		0.725,
		0.9111111111111111
	],
	"37": [
		0.6671875,
		0.9083333333333333
	],
	"38": [
		0.8359375,
		0.9166666666666666
	],
	"39": [
		0.778125,
		0.9138888888888889
	],
	"40": [
		0.946875,
		0.9222222222222223
	],
	"41": [
		0.8890625,
		0.9194444444444444
	],
	"42": [
		0.8359375,
		0.225
	],
	"43": [
		0.778125,
		0.225
	],
	"44": [
		0.5546875,
		0.23055555555555557
	],
	"45": [
		0.596875,
		0.3
	],
	"46": [
		0.7234375,
		0.3527777777777778
	],
	"47": [
		0.7796875,
		0.37222222222222223
	],
	"48": [
		0.390625,
		0.4583333333333333
	],
	"49": [
		0.340625,
		0.4111111111111111
	],
	"50": [
		0.5015625,
		0.4861111111111111
	],
	"51": [
		0.4453125,
		0.475
	],
	"52": [
		0.8203125,
		0.3055555555555556
	],
	"53": [
		0.778125,
		0.37222222222222223
	],
	"54": [
		0.58125,
		0.8
	],
	"55": [
		0.5859375,
		0.9
	],
	"56": [
		0.55625,
		0.49166666666666664
	],
	"57": [
		0.5,
		0.4861111111111111
	],
	"58": [
		0.55625,
		0.17777777777777778
	],
	"59": [
		0.5,
		0.18055555555555555
	],
	"60": [
		0.66875,
		0.19722222222222222
	],
	"61": [
		0.6125,
		0.2
	],
	"62": [
		0.7796875,
		0.9138888888888889
	],
	"63": [
		0.7234375,
		0.9111111111111111
	],
	"64": [
		0.890625,
		0.9194444444444444
	],
	"65": [
		0.834375,
		0.9166666666666666
	],
	"66": [
		0.778125,
		0.46111111111111114
	],
	"67": [
		0.7234375,
		0.48055555555555557
	],
	"68": [
		1,
		0.9277777777777778
	],
	"69": [
		0.9453125,
		0.9222222222222223
	],
	"70": [
		0.1140625,
		0.9
	],
	"71": [
		0.059375,
		0.9027777777777778
	],
	"72": [
		0.3921875,
		0.3638888888888889
	],
	"73": [
		0.3421875,
		0.4027777777777778
	],
	"74": [
		0.0546875,
		0.14722222222222223
	],
	"75": [
		0.0015625,
		0.12777777777777777
	],
	"76": [
		0.0515625,
		0.12777777777777777
	],
	"77": [
		0.009375,
		0.18611111111111112
	],
	"78": [
		0.8265625,
		0.425
	],
	"79": [
		0.778125,
		0.4638888888888889
	],
	"80": [
		0.778125,
		0.36944444444444446
	],
	"81": [
		0.8265625,
		0.40555555555555556
	],
	"82": [
		0.5953125,
		0.2
	],
	"83": [
		0.559375,
		0.26666666666666666
	],
	"84": [
		0.6078125,
		0.2638888888888889
	],
	"85": [
		0.5578125,
		0.2388888888888889
	],
	"86": [
		0.6078125,
		0.25277777777777777
	],
	"87": [
		0.55625,
		0.25833333333333336
	],
	"88": [
		0.8265625,
		0.31666666666666665
	],
	"89": [
		0.790625,
		0.37777777777777777
	],
	"90": [
		0.6125,
		0.3388888888888889
	],
	"91": [
		0.5796875,
		0.4027777777777778
	],
	"92": [
		0.496875,
		0.21666666666666667
	],
	"93": [
		0.4484375,
		0.2222222222222222
	],
	"94": [
		0.5484375,
		0.9055555555555556
	],
	"95": [
		0.5,
		0.9055555555555556
	],
	"96": [
		0.4359375,
		0.9
	],
	"97": [
		0.3890625,
		0.9027777777777778
	],
	"98": [
		0.0015625,
		0.10555555555555556
	],
	"99": [
		0.021875,
		0.18055555555555555
	],
	"100": [
		0.4703125,
		0.11944444444444445
	],
	"101": [
		0.5015625,
		0.18055555555555555
	],
	"102": [
		0.0140625,
		0.10555555555555556
	],
	"103": [
		0.009375,
		0.18611111111111112
	],
	"104": [
		0.66875,
		0.4861111111111111
	],
	"105": [
		0.6234375,
		0.49166666666666664
	],
	"106": [
		0.1125,
		0.42777777777777776
	],
	"107": [
		0.0984375,
		0.5027777777777778
	],
	"108": [
		0.5953125,
		0.14444444444444443
	],
	"109": [
		0.565625,
		0.2
	],
	"110": [
		0.7796875,
		0.225
	],
	"111": [
		0.7375,
		0.225
	],
	"112": [
		0.1125,
		0.42777777777777776
	],
	"113": [
		0.1234375,
		0.5
	],
	"114": [
		0.5765625,
		0.2
	],
	"115": [
		0.559375,
		0.26666666666666666
	],
	"116": [
		0.134375,
		0.4388888888888889
	],
	"117": [
		0.1171875,
		0.5055555555555555
	],
	"118": [
		0.584375,
		0.4388888888888889
	],
	"119": [
		0.55625,
		0.49166666666666664
	],
	"120": [
		0.3765625,
		0.14444444444444443
	],
	"121": [
		0.3359375,
		0.14166666666666666
	],
	"122": [
		0.66875,
		0.9083333333333333
	],
	"123": [
		0.628125,
		0.9083333333333333
	],
	"124": [
		0.5453125,
		0.2
	],
	"125": [
		0.559375,
		0.26666666666666666
	],
	"126": [
		0.03125,
		0.11944444444444445
	],
	"127": [
		0.003125,
		0.16944444444444445
	],
	"128": [
		0.55625,
		0.2
	],
	"129": [
		0.56875,
		0.26666666666666666
	],
	"130": [
		0.0953125,
		0.4388888888888889
	],
	"131": [
		0.1109375,
		0.5027777777777778
	],
	"132": [
		0.7921875,
		0.5222222222222223
	],
	"133": [
		0.821875,
		0.5666666666666667
	],
	"134": [
		0.553125,
		0.2
	],
	"135": [
		0.55,
		0.26666666666666666
	],
	"136": [
		0.8375,
		0.9527777777777777
	],
	"137": [
		0.8,
		0.9472222222222222
	],
	"138": [
		0.34375,
		0.11666666666666667
	],
	"139": [
		0.3734375,
		0.15555555555555556
	],
	"140": [
		0.5859375,
		0.1388888888888889
	],
	"141": [
		0.55625,
		0.17777777777777778
	],
	"142": [
		0.584375,
		0.4527777777777778
	],
	"143": [
		0.5609375,
		0.5027777777777778
	],
	"144": [
		0.5484375,
		0.11944444444444445
	],
	"145": [
		0.54375,
		0.18333333333333332
	],
	"146": [
		0.784375,
		0.19722222222222222
	],
	"147": [
		0.8203125,
		0.19722222222222222
	],
	"148": [
		0.2609375,
		0.3
	],
	"149": [
		0.275,
		0.35833333333333334
	],
	"150": [
		1,
		0.20555555555555555
	],
	"151": [
		0.965625,
		0.2222222222222222
	],
	"152": [
		0.5546875,
		0.14166666666666666
	],
	"153": [
		0.528125,
		0.18333333333333332
	],
	"154": [
		0.5046875,
		0.14166666666666666
	],
	"155": [
		0.53125,
		0.18333333333333332
	],
	"156": [
		0.6078125,
		0.25277777777777777
	],
	"157": [
		0.584375,
		0.3
	],
	"158": [
		0.584375,
		0.3
	],
	"159": [
		0.6109375,
		0.3416666666666667
	],
	"160": [
		0.2796875,
		0.9305555555555556
	],
	"161": [
		0.2453125,
		0.9333333333333333
	],
	"162": [
		0.8265625,
		0.35555555555555557
	],
	"163": [
		0.7953125,
		0.33055555555555555
	],
	"164": [
		0.2625,
		0.11666666666666667
	],
	"165": [
		0.278125,
		0.16944444444444445
	],
	"166": [
		0.759375,
		0.14444444444444443
	],
	"167": [
		0.7265625,
		0.1388888888888889
	],
	"168": [
		0.26875,
		0.3
	],
	"169": [
		0.259375,
		0.35555555555555557
	],
	"170": [
		0.1375,
		0.12222222222222222
	],
	"171": [
		0.1125,
		0.15833333333333333
	],
	"172": [
		0.1125,
		0.10833333333333334
	],
	"173": [
		0.125,
		0.16111111111111112
	],
	"174": [
		0.8265625,
		0.31666666666666665
	],
	"175": [
		0.7953125,
		0.33055555555555555
	],
	"176": [
		0.8265625,
		0.3333333333333333
	],
	"177": [
		0.796875,
		0.3527777777777778
	],
	"178": [
		0.5703125,
		0.45
	],
	"179": [
		0.584375,
		0.5
	],
	"180": [
		0.8046875,
		0.3111111111111111
	],
	"181": [
		0.8234375,
		0.35555555555555557
	],