{
	"SixYardNorthForwardWest": [
		0.22752808988764045,
		0.6081741858104991
	],
	"SixYardNorthForwardEast": [
		0.651685393258427,
		0.4074176584555771
	],
	"EighteenYardNorthForwardWest": [
		0.4002808988764045,
		0.8738813543684841
	],
	"EighteenYardNorthRearWest": [
		0.0028089887640449437,
		0.5727465633361011
	]
}