{
	"0": [
		0.28125,
		0.23333333333333334
	],
	"1": [
		0.221875,
		0.2722222222222222
	],
	"2": [
		0.3359375,
		0.2
	],
	"3": [
		0.278125,
		0.2361111111111111
	],
	"4": [
		0.1140625,
		0.3416666666666667
	],
	"5": [
		0.05625,
		0.37777777777777777
	],
	"6": [
		0.16875,
		0.3055555555555556
	],
	"7": [
		0.1109375,
		0.3416666666666667
	],
	"8": [
		0.225,
		0.2722222222222222
	],
	"9": [
		0.1671875,
		0.3055555555555556
	],
	"10": [
		0.2796875,
		0.8555555555555555
	],
	"11": [
		0.2203125,
		0.8416666666666667
	],
	"12": [
		0.390625,
		0.1638888888888889
	],
	"13": [
		0.334375,
		0.2
	],
	"14": [
		0.225,
		0.8444444444444444
	],
	"15": [
		0.165625,
		0.8333333333333334
	],
	"16": [
		0.390625,
		0.08611111111111111
	],
	"17": [
		0.334375,
		0.05555555555555555
	],
	"18": [
		0.225,
		0.32222222222222224
	],
	"19": [
		0.1671875,
		0.33611111111111114
	],
	"20": [
		0.446875,
		0.8833333333333333
	],
	"21": [
		0.3890625,
		0.8694444444444445
	],
	"22": [
		0.8359375,
		0.9583333333333334
	],
	"23": [
		0.778125,
		0.9444444444444444
	],
	"24": [
		0.946875,
		0.9805555555555555
	],
	"25": [
		0.8890625,
		0.9666666666666667
	],
	"26": [
		0.1140625,
		0.10277777777777777
	],
	"27": [
		0.05625,
		0.09166666666666666
	],
	"28": [
		0.725,
		0.1
	],
	"29": [
		0.6671875,
		0.08888888888888889
	],
	"30": [
		0.3359375,
		0.8638888888888889
	],
	"31": [
		0.278125,
		0.8527777777777777
	],
	"32": [
		0.6140625,
		0.9111111111111111
	],
	"33": [
		0.55625,
		0.9
	],
	"34": [
		0.725,
		0.9333333333333333
	],
	"35": [
		0.6671875,
		0.9222222222222223
	],
	"36": [
		0.446875,
		0.08333333333333333
	],
	"37": [
		0.3890625,
		0.075
	],
	"38": [
		0.1140625,
		0.8277777777777777
	],
	"39": [
		0.05625,
		0.8194444444444444
	],
	"40": [
		0.2796875,
		0.3055555555555556
	],
	"41": [
		0.2234375,
		0.325
	],
	"42": [
		0.834375,
		0.9555555555555556
	],
	"43": [
		0.890625,
		0.9694444444444444
	],
	"44": [
		0.16875,
		0.11388888888888889
	],
	"45": [
		0.1125,
		0.10277777777777777
	],
	"46": [
		0.390625,
		0.8722222222222222
	],
	"47": [
		0.334375,
		0.8611111111111112
	],
	"48": [
		0.5015625,
		0.8916666666666667
	],
	"49": [
		0.4453125,
		0.8805555555555555
	],
	"50": [
		0.55625,
		0.9
	],
	"51": [
		0.5,
		0.8888888888888888
	],
	"52": [
		0.66875,
		0.9222222222222223
	],
	"53": [
		0.6125,
		0.9111111111111111
	],
	"54": [
		0.05625,
		0.11388888888888889
	],
	"55": [
		0.0015625,
		0.1388888888888889
	],
	"56": [
		0.0578125,
		0.8194444444444444
	],
	"57": [
		0.0015625,
		0.8111111111111111
	],
	"58": [
		0.16875,
		0.8361111111111111
	],
	"59": [
		0.1125,
		0.8277777777777777
	],
	"60": [
		0.390625,
		0.075
	],
	"61": [
		0.334375,
		0.06944444444444445
	],
	"62": [
		0.5015625,
		0.07777777777777778
	],
	"63": [
		0.4453125,
		0.08055555555555556
	],
	"64": [
		0.2234375,
		0.10833333333333334
	],
	"65": [
		0.1671875,
		0.1111111111111111
	],
	"66": [
		0.2796875,
		0.11388888888888889
	],
	"67": [
		0.2234375,
		0.11666666666666667
	],
	"68": [
		0.778125,
		0.9444444444444444
	],
	"69": [
		0.7234375,
		0.9333333333333333
	],
	"70": [
		1,
		0.9916666666666667
	],
	"71": [
		0.9453125,
		0.9805555555555555
	],
	"72": [
		0.94375,
		0.10555555555555556
	],
	"73": [
		0.8890625,
		0.10555555555555556
	],
	"74": [
		0.6640625,
		0.6277777777777778
	],
	"75": [
		0.634375,
		0.7
	],
	"76": [
		0.225,
		0.8777777777777778
	],
	"77": [
		0.175,
		0.8805555555555555
	],
	"78": [
		0.3796875,
		0.3416666666666667
	],
	"79": [
		0.3421875,
		0.4
	],
	"80": [
		0.334375,
		0.26944444444444443
	],
	"81": [
		0.2890625,
		0.30277777777777776
	],
	"82": [
		0.3890625,
		0.3416666666666667
	],
	"83": [
		0.353125,
		0.4
	],
	"84": [
		0.0484375,
		0.18611111111111112
	],
	"85": [
		0.0015625,
		0.20555555555555555
	],
	"86": [
		0.43125,
		0.125
	],
	"87": [
		0.3890625,
		0.1638888888888889
	],
	"88": [
		0.325,
		0.2361111111111111
	],
	"89": [
		0.278125,
		0.2361111111111111
	],
	"90": [
		0.65625,
		0.6222222222222222
	],
	"91": [
		0.64375,
		0.7
	],
	"92": [
		0.4859375,
		0.225
	],
	"93": [
		0.4796875,
		0.30277777777777776
	],
	"94": [
		0.3359375,
		0.05555555555555555
	],
	"95": [
		0.29375,
		0.07777777777777778
	],
	"96": [
		0.5015625,
		0.9277777777777778
	],
	"97": [
		0.4578125,
		0.9194444444444444
	],
	"98": [
		0.3359375,
		0.06944444444444445
	],
	"99": [
		0.29375,
		0.05277777777777778
	],
	"100": [
		0.290625,
		0.22777777777777777
	],
	"101": [
		0.3328125,
		0.24444444444444444
	],
	"102": [
		0.603125,
		0.9472222222222222
	],
	"103": [
		0.5609375,
		0.9388888888888889
	],
	"104": [
		0.5421875,
		0.08611111111111111
	],
	"105": [
		0.5,
		0.08333333333333333
	],
	"106": [
		1,
		0.10833333333333334
	],
	"107": [
		0.9578125,
		0.10833333333333334
	],
	"108": [
		0.2125,
		0.002777777777777778
	],
	"109": [
		0.190625,
		0.06666666666666667
	],
	"110": [
		0.59375,
		0.6055555555555555
	],
	"111": [
		0.5640625,
		0.6555555555555556
	],
	"112": [
		0.4,
		0.3972222222222222
	],
	"113": [
		0.4140625,
		0.4638888888888889
	],
	"114": [
		0.4546875,
		0.05555555555555555
	],
	"115": [
		0.4859375,
		0.1
	],
	"116": [
		0.9453125,
		0.013888888888888888
	],
	"117": [
		0.9078125,
		0.030555555555555555
	],
	"118": [
		0.3140625,
		0.8916666666666667
	],
	"119": [
		0.2765625,
		0.8861111111111111
	],
	"120": [
		0.0578125,
		0.058333333333333334
	],
	"121": [
		0.0859375,
		0.1
	],
	"122": [
		0.2,
		0.002777777777777778
	],
	"123": [
		0.2,
		0.06666666666666667
	],
	"124": [
		0.390625,
		0.4111111111111111
	],
	"125": [
		0.4140625,
		0.4583333333333333
	],
	"126": [
		0.6609375,
		0.6222222222222222
	],
	"127": [
		0.6359375,
		0.6666666666666666
	],
	"128": [
		0.584375,
		0.6027777777777777
	],
	"129": [
		0.5765625,
		0.6638888888888889
	],
	"130": [
		0.5875,
		0.3472222222222222
	],
	"131": [
		0.56875,
		0.4
	],
	"132": [
		0.4046875,
		0.06111111111111111
	],
	"133": [
		0.4359375,
		0.08888888888888889
	],
	"134": [
		0.7015625,
		0.9666666666666667
	],
	"135": [
		0.6671875,
		0.9583333333333334
	],
	"136": [
		0.753125,
		0.1
	],
	"137": [
		0.7203125,
		0.08055555555555556
	],
	"138": [
		0.66875,
		0.7222222222222222
	],
	"139": [
		0.6515625,
		0.775
	],
	"140": [
		0.2234375,
		0.10833333333333334
	],
	"141": [
		0.2546875,
		0.13333333333333333
	],
	"142": [
		0.6671875,
		0.65
	],
	"143": [
		0.6359375,
		0.6722222222222223
	],
	"144": [
		0.3703125,
		0.3416666666666667
	],
	"145": [
		0.390625,
		0.3888888888888889
	],
	"146": [
		0.8890625,
		0.10555555555555556
	],
	"147": [
		0.85625,
		0.11666666666666667
	],
	"148": [
		0.584375,
		0.3472222222222222
	],
	"149": [
		0.6015625,
		0.3972222222222222
	],
	"150": [
		0.6359375,
		0.65
	],
	"151": [
		0.653125,
		0.7
	],
	"152": [
		0.4,
		0.3972222222222222
	],
	"153": [
		0.3859375,
		0.45
	],
	"154": [
		0.371875,
		0.05
	],
	"155": [
		0.3453125,
		0.08333333333333333
	],
	"156": [
		0.409375,
		0.4
	],
	"157": [
		0.390625,
		0.44722222222222224
	],
	"158": [
		0.3109375,
		0.21388888888888888
	],
	"159": [
		0.3359375,
		0.25
	],
	"160": [
		0.403125,
		0.4
	],
	"161": [
		0.3984375,
		0.45555555555555555
	],
	"162": [
		0.596875,
		0.3638888888888889
	],
	"163": [
		0.56875,
		0.3888888888888889
	],
	"164": [
		0.44375,
		0.05555555555555555
	],
	"165": [
		0.41875,
		0.08888888888888889
	],
	"166": [
		0.3890625,
		0.3472222222222222
	],
	"167": [
		0.409375,
		0.3888888888888889
	],
	"168": [
		0.753125,
		0.08333333333333333
	],
	"169": [
		0.7234375,
		0.09444444444444444
	],
	"170": [
		0.571875,
		0.375
	],
	"171": [
		0.6015625,
		0.3861111111111111
	],
	"172": [
		0.5,
		0.06666666666666667
	],
	"173": [
		0.4765625,
		0.1
	],
	"174": [
		0.46875,
		0.05555555555555555
	],
	"175": [
		0.4453125,
		0.08888888888888889
	],
	"176": [
		0.8078125,
		0.9888888888888889
	],
	"177": [
		0.778125,
		0.9833333333333333
	],
	"178": [
		0.6015625,
		0.42777777777777776
	],
	"179": [
		0.5796875,
		0.46111111111111114
	],