{
	"CornerNorthEast": [
		0.20622568093385213,
		0.13364656747585488
	],
	"SixYardNorthForwardEast": [
		0.07392996108949416,
		0.2572696423910206
	],
	"PenaltyCircleNorthEast": [
		0.2931258106355383,
		0.2806577916992952
	],
	"EighteenYardNorthForwardEast": [
		0.39169909208819714,
		0.22719916470895327
	]
}