{
	"CornerNorthWest": [
		0.23595505617977527,
		0.17154583909201324
	],
	"CornerNorthEast": [
		0.6615168539325843,
		0.20371068392176572
	],
	"CornerSouthWest": [
		0.21910112359550563,
		0.8389663693093772
	],
	"CornerSouthEast": [
		0.6910112359550562,
		0.8523683879884407
	]
}