{
	"EighteenYardNorthForwardEast": [
		0.41430192962542567,
		0.21717567214826416
	],
	"PenaltyCircleNorthWest": [
		0.14188422247446084,
		0.38423388149308274
	]
}