{
	"0": [
		0.7626953125,
		0.19027777777777777
	],
	"1": [
		0.749609375,
		0.1986111111111111
	],
	"2": [
		0.82578125,
		0.19756944444444444
	],
	"3": [
		0.204296875,
		0.18125
	],
	"4": [
		0.02734375,
		0.18125
	],
	"5": [
		0.31875,
		0.18368055555555557
	],
	"6": [
		0.27421875,
		0.18090277777777777
	],
	"7": [
		0.215625,
		0.15486111111111112
	],
	"8": [
		0.3466796875,
		0.18854166666666666
	],
	"9": [
		0.48671875,
		0.1892361111111111
	],
	"10": [
		0.480859375,
		0.1909722222222222
	],
	"11": [
		0.83515625,
		0.18888888888888888
	],
	"12": [
		0.40859375,
		0.1920138888888889
	],
	"13": [
		0.1302734375,
		0.1736111111111111
	],
	"14": [
		0.38828125,
		0.1892361111111111
	],
	"15": [
		0.7375,
		0.19131944444444443
	],
	"16": [
		0.8087890625,
		0.1909722222222222
	],
	"17": [
		0.1921875,
		0.18541666666666667
	],
	"18": [
		0.102734375,
		0.18194444444444444
	],
	"19": [
		0.3400390625,
		0.18854166666666666
	],
	"20": [
		0.3029296875,
		0.1701388888888889
	],
	"21": [
		0.052734375,
		0.18159722222222222
	],
	"22": [
		0.187109375,
		0.17743055555555556
	],
	"23": [
		0.4162109375,
		0.19444444444444445
	],
	"24": [
		0.11875,
		0.18472222222222223
	],
	"25": [
		0.3466796875,
		0.18541666666666667
	],
	"26": [
		0.8822265625,
		0.19409722222222223
	],
	"27": [
		0.2701171875,
		0.18888888888888888
	],
	"28": [
		0.1328125,
		0.18194444444444444
	],
	"29": [
		0.2486328125,
		0.18194444444444444
	],
	"30": [
		0.76484375,
		0.1840277777777778
	],
	"31": [
		0.275390625,
		0.18888888888888888
	],
	"32": [
		0.191015625,
		0.19375
	],
	"33": [
		0.1275390625,
		0.16909722222222223
	],
	"34": [
		0.416015625,
		0.18854166666666666
	],
	"35": [
		0.2048828125,
		0.18055555555555555
	],
	"36": [
		0.1046875,
		0.18055555555555555
	],
	"37": [
		0.319140625,
		0.19131944444444443
	],
	"38": [
		0.059765625,
		0.18472222222222223
	],
	"39": [
		0.0310546875,
		0.1798611111111111
	],
	"40": [
		0.2484375,
		0.1892361111111111
	],
	"41": [
		0.0556640625,
		0.16354166666666667
	],
	"42": [
		0.198828125,
		0.17048611111111112
	],
	"43": [
		0.487109375,
		0.1909722222222222
	],
	"44": [
		0.4599609375,
		0.19583333333333333
	],
	"45": [
		0.7392578125,
		0.20208333333333334
	],
	"46": [
		0.0591796875,
		0.1795138888888889
	],
	"47": [
		0.180078125,
		0.1920138888888889
	],
	"48": [
		0.6419921875,
		0.16284722222222223
	],
	"49": [
		0.8380859375,
		0.18819444444444444
	],
	"50": [
		0.2044921875,
		0.19340277777777778
	],
	"51": [
		0.412890625,
		0.17777777777777778
	],
	"52": [
		0.390234375,
		0.19444444444444445
	],
	"53": [
		0.7216796875,
		0.16458333333333333
	],
	"54": [
		0.810546875,
		0.2048611111111111
	],
	"55": [
		0.0595703125,
		0.18854166666666666
	],
	"56": [
		0.4595703125,
		0.1892361111111111
	],
	"57": [
		0.340625,
		0.17881944444444445
	],
	"58": [
		0.275390625,
		0.18888888888888888
	],
	"59": [
		0.1326171875,
		0.19166666666666668
	],
	"60": [
		0.483203125,
		0.18020833333333333
	],
	"61": [
		0.7591796875,
		0.1829861111111111
	],
	"62": [
		0.3466796875,
		0.196875
	],
	"63": [
		0.765625,
		0.20069444444444445
	],
	"64": [
		0.555078125,
		0.1753472222222222
	],
	"65": [
		0.215625,
		0.15486111111111112
	],
	"66": [
		0.8158203125,
		0.196875
	],
	"67": [
		0.275,
		0.19583333333333333
	],
	"68": [
		0.1080078125,
		0.16979166666666667
	],
	"69": [
		0.7421875,
		0.19583333333333333
	],
	"70": [
		0.8376953125,
		0.20069444444444445
	],
	"71": [
		0.190234375,
		0.1875
	],
	"72": [
		0.83515625,
		0.18194444444444444
	],
	"73": [
		0.8376953125,
		0.1996527777777778
	],
	"74": [
		0.81328125,
		0.19791666666666666
	],
	"75": [
		0.2548828125,
		0.18159722222222222
	],
	"76": [
		0.2587890625,
		0.19444444444444445
	],
	"77": [
		0.7412109375,
		0.20034722222222223
	],
	"78": [
		0.4869140625,
		0.1996527777777778
	],
	"79": [
		0.416015625,
		0.19895833333333332
	],
	"80": [
		0.030859375,
		0.1795138888888889
	],
	"81": [
		0.811328125,
		0.20034722222222223
	],
	"82": [
		0.4869140625,
		0.2
	],
	"83": [
		0.1048828125,
		0.17743055555555556
	],
	"84": [
		0.76484375,
		0.20104166666666667
	],
	"85": [
		0.8775390625,
		0.18090277777777777
	],
	"86": [
		0.3240234375,
		0.18159722222222222
	],
	"87": [
		0.744921875,
		0.1840277777777778
	],
	"88": [
		0.2748046875,
		0.19618055555555555
	],
	"89": [
		0.46328125,
		0.19618055555555555
	],
	"90": [
		0.3197265625,
		0.18854166666666666
	],
	"91": [
		0.1046875,
		0.17881944444444445
	],
	"92": [
		0.3197265625,
		0.1892361111111111
	],
	"93": [
		0.5349609375,
		0.16631944444444444
	],
	"94": [
		0.751171875,
		0.203125
	],
	"95": [
		0.817578125,
		0.1857638888888889
	],
	"96": [
		0.043359375,
		0.17916666666666667
	],
	"97": [
		0.4625,
		0.18819444444444444
	],
	"98": [
		0.844140625,
		0.41770833333333335
	],
	"99": [
		0.3900390625,
		0.19340277777777778
	],
	"100": [
		0.813671875,
		0.190625
	],
	"101": [
		0.3712890625,
		0.4048611111111111
	],
	"102": [
		0.0453125,
		0.1701388888888889
	],
	"103": [
		0.8298828125,
		0.20347222222222222
	],
	"104": [
		0.248046875,
		0.18472222222222223
	],
	"105": [
		0.269921875,
		0.1909722222222222
	],
	"106": [
		0.398828125,
		0.1892361111111111
	],
	"107": [
		0.3466796875,
		0.196875
	],
	"108": [
		0.8423828125,
		0.4107638888888889
	],
	"109": [
		0.371484375,
		0.4111111111111111
	],
	"110": [
		0.1775390625,
		0.16666666666666666
	],
	"111": [
		0.0541015625,
		0.18333333333333332
	],
	"112": [
		0.8421875,
		0.425
	],
	"113": [
		0.1984375,
		0.190625
	],
	"114": [
		0.390625,
		0.18506944444444445
	],
	"115": [
		0.758984375,
		0.19166666666666668
	],
	"116": [
		0.70859375,
		0.18229166666666666
	],
	"117": [
		0.190625,
		0.1795138888888889
	],
	"118": [
		0.1396484375,
		0.43819444444444444
	],
	"119": [
		0.8302734375,
		0.1920138888888889
	],
	"120": [
		0.3203125,
		0.18263888888888888
	],
	"121": [
		0.190234375,
		0.1875
	],
	"122": [
		0.373046875,
		0.4166666666666667
	],
	"123": [
		0.37109375,
		0.41423611111111114
	],
	"124": [
		0.258984375,
		0.15833333333333333
	],
	"125": [
		0.8431640625,
		0.4197916666666667
	],
	"126": [
		0.480859375,
		0.19444444444444445
	],
	"127": [
		0.4126953125,
		0.178125
	],
	"128": [
		0.7423828125,
		0.18888888888888888
	],
	"129": [
		0.844140625,
		0.41215277777777776
	],
	"130": [
		0.4685546875,
		0.1857638888888889
	],
	"131": [
		0.3408203125,
		0.19305555555555556
	],
	"132": [
		0.68125,
		0.16493055555555555
	],
	"133": [
		0.4033203125,
		0.18229166666666666
	],
	"134": [
		0.4720703125,
		0.19826388888888888
	],
	"135": [
		0.179296875,
		0.17083333333333334
	],
	"136": [
		0.6025390625,
		0.7243055555555555
	],
	"137": [
		0.569140625,
		0.17118055555555556
	],
	"138": [
		0.3712890625,
		0.415625
	],
	"139": [
		0.604296875,
		0.23576388888888888
	],
	"140": [
		0.132421875,
		0.19166666666666668
	],
	"141": [
		0.372265625,
		0.40868055555555555
	],
	"142": [
		0.2697265625,
		0.17465277777777777
	],
	"143": [
		0.248828125,
		0.1795138888888889
	],
	"144": [
		0.6072265625,
		0.17743055555555556
	],
	"145": [
		0.4822265625,
		0.18680555555555556
	],
	"146": [
		0.059375,
		0.1875
	],
	"147": [
		0.2869140625,
		0.15833333333333333
	],
	"148": [
		0.188671875,
		0.18055555555555555
	],
	"149": [
		0.306640625,
		0.16527777777777777
	],
	"150": [
		0.8423828125,
		0.4114583333333333
	],
	"151": [
		0.105078125,
		0.17395833333333333
	],
	"152": [
		0.68125,
		0.1684027777777778
	],
	"153": [
		0.0529296875,
		0.16701388888888888
	],
	"154": [
		0.126953125,
		0.18611111111111112
	],
	"155": [
		0.3728515625,
		0.3996527777777778
	],
	"156": [
		0.601953125,
		0.7295138888888889
	],
	"157": [
		0.234765625,
		0.15243055555555557
	],
	"158": [
		0.2134765625,
		0.16597222222222222
	],
	"159": [
		0.20703125,
		0.8774305555555556
	],
	"160": [
		0.341015625,
		0.1736111111111111
	],
	"161": [
		0.370703125,
		0.41597222222222224
	],
	"162": [
		0.1837890625,
		0.1638888888888889
	],