{
	"CornerNorthWest": [
		0.03932584269662921,
		0.9153035882504068
	],
	"CornerNorthEast": [
		0.037921348314606744,
		0.03288515885929605
	],
	"CornerSouthWest": [
		0.5955056179775281,
		0.9290057377751134
	],
	"CornerSouthEast": [
		0.9283707865168539,
		0.9086568664405076
	]
}