{
	"0": [
		0.725,
		0.20833333333333334
	],
	"1": [
		0.665625,
		0.21388888888888888
	],
	"2": [
		0.503125,
		0.3527777777777778
	],
	"3": [
		0.4453125,
		0.375
	],
	"4": [
		0.8359375,
		0.375
	],
	"5": [
		0.778125,
		0.35555555555555557
	],
	"6": [
		0.8359375,
		0.45555555555555555
	],
	"7": [
		0.778125,
		0.475
	],
	"8": [
		0.3828125,
		0.23055555555555557
	],
	"9": [
		0.3390625,
		0.3
	],
	"10": [
		0.4453125,
		0.4361111111111111
	],
	"11": [
		0.5015625,
		0.4638888888888889
	],
	"12": [
		0.5578125,
		0.34444444444444444
	],
	"13": [
		0.5,
		0.35555555555555557
	],
	"14": [
		0.6453125,
		0.7
	],
	"15": [
		0.6484375,
		0.8027777777777778
	],
	"16": [
		0.8359375,
		0.8805555555555555
	],
	"17": [
		0.778125,
		0.875
	],
	"18": [
		0.225,
		0.2222222222222222
	],
	"19": [
		0.1671875,
		0.225
	],
	"20": [
		0.646875,
		0.4
	],
	"21": [
		0.6484375,
		0.5027777777777778
	],
	"22": [
		0.6453125,
		0.6
	],
	"23": [
		0.646875,
		0.7027777777777777
	],
	"24": [
		0.946875,
		0.8861111111111111
	],
	"25": [
		0.8890625,
		0.8833333333333333
	],
	"26": [
		0.7234375,
		0.3472222222222222
	],
	"27": [
		0.7796875,
		0.35833333333333334
	],
	"28": [
		0.7796875,
		0.4722222222222222
	],
	"29": [
		0.7234375,
		0.48055555555555557
	],
	"30": [
		0.4453125,
		0.15555555555555556
	],
	"31": [
		0.3890625,
		0.15
	],
	"32": [
		0.7796875,
		0.875
	],
	"33": [
		0.7234375,
		0.8694444444444445
	],
	"34": [
		0.890625,
		0.8833333333333333
	],
	"35": [
		0.834375,
		0.8777777777777778
	],
	"36": [
		0.646875,
		0.30277777777777776
	],
	"37": [
		0.6484375,
		0.4027777777777778
	],
	"38": [
		0.5015625,
		0.8583333333333333
	],
	"39": [
		0.4453125,
		0.8555555555555555
	],
	"40": [
		0.2203125,
		0.85
	],
	"41": [
		0.1671875,
		0.8472222222222222
	],
	"42": [
		0.3875,
		0.8527777777777777
	],
	"43": [
		0.334375,
		0.8527777777777777
	],
	"44": [
		0.796875,
		0.20833333333333334
	],
	"45": [
		0.8359375,
		0.2722222222222222
	],
	"46": [
		0.5515625,
		0.475
	],
	"47": [
		0.5,
		0.46111111111111114
	],
	"48": [
		0.66875,
		0.8666666666666667
	],
	"49": [
		0.6171875,
		0.8638888888888889
	],
	"50": [
		0.8765625,
		0.41944444444444445
	],
	"51": [
		0.8328125,
		0.4583333333333333
	],
	"52": [
		0.6046875,
		0.20833333333333334
	],
	"53": [
		0.6125,
		0.2916666666666667
	],
	"54": [
		0.609375,
		0.20833333333333334
	],
	"55": [
		0.603125,
		0.2916666666666667
	],
	"56": [
		0.6171875,
		0.20833333333333334
	],
	"57": [
		0.621875,
		0.2916666666666667
	],
	"58": [
		0.16875,
		0.8472222222222222
	],
	"59": [
		0.121875,
		0.85
	],
	"60": [
		0.8234375,
		0.21944444444444444
	],
	"61": [
		0.8234375,
		0.30277777777777776
	],
	"62": [
		0.5453125,
		0.8611111111111112
	],
	"63": [
		0.5,
		0.8583333333333333
	],
	"64": [
		0.725,
		0.8722222222222222
	],
	"65": [
		0.6796875,
		0.8694444444444445
	],
	"66": [
		0.84375,
		0.3
	],
	"67": [
		0.8375,
		0.37777777777777777
	],
	"68": [
		0.875,
		0.40555555555555556
	],
	"69": [
		0.834375,
		0.375
	],
	"70": [
		0.8328125,
		0.2972222222222222
	],
	"71": [
		0.815625,
		0.36666666666666664
	],
	"72": [
		0.7140625,
		0.22777777777777777
	],
	"73": [
		0.671875,
		0.22777777777777777
	],
	"74": [
		0.6,
		0.8638888888888889
	],
	"75": [
		0.5578125,
		0.8638888888888889
	],
	"76": [
		0.653125,
		0.48333333333333334
	],
	"77": [
		0.6125,
		0.48055555555555557
	],
	"78": [
		0.890625,
		0.9111111111111111
	],
	"79": [
		0.85,
		0.9083333333333333
	],
	"80": [
		0.8328125,
		0.31666666666666665
	],
	"81": [
		0.803125,
		0.3638888888888889
	],
	"82": [
		0.6453125,
		0.8
	],
	"83": [
		0.6484375,
		0.8694444444444445
	],
	"84": [
		0.19375,
		0.12777777777777777
	],
	"85": [
		0.225,
		0.16944444444444445
	],
	"86": [
		0.3359375,
		0.2972222222222222
	],
	"87": [
		0.359375,
		0.3527777777777778
	],
	"88": [
		0.3625,
		0.3
	],
	"89": [
		0.3375,
		0.3527777777777778
	],
	"90": [
		0.16875,
		0.4444444444444444
	],
	"91": [
		0.1984375,
		0.4861111111111111
	],
	"92": [
		0.725,
		0.48055555555555557
	],
	"93": [
		0.6875,
		0.48333333333333334
	],
	"94": [
		0.6453125,
		0.15
	],
	"95": [
		0.6171875,
		0.19166666666666668
	],
	"96": [
		0.6125,
		0.14166666666666666
	],
	"97": [
		0.6359375,
		0.19166666666666668
	],
	"98": [
		0.1796875,
		0.4305555555555556
	],
	"99": [
		0.1984375,
		0.4861111111111111
	],
	"100": [
		0.6265625,
		0.13333333333333333
	],
	"101": [
		0.6125,
		0.19166666666666668
	],
	"102": [
		0.5859375,
		0.14722222222222223
	],
	"103": [
		0.5546875,
		0.17777777777777778
	],
	"104": [
		0.5765625,
		0.14444444444444443
	],
	"105": [
		0.6,
		0.19166666666666668
	],
	"106": [
		0.9796875,
		0.8916666666666667
	],
	"107": [
		0.9453125,
		0.8861111111111111
	],
	"108": [
		0.04375,
		0.8777777777777778
	],
	"109": [
		0.009375,
		0.875
	],
	"110": [
		0.1359375,
		0.12777777777777777
	],
	"111": [
		0.121875,
		0.18333333333333332
	],
	"112": [
		0.1234375,
		0.12777777777777777
	],
	"113": [
		0.1375,
		0.18333333333333332
	],
	"114": [
		0.1984375,
		0.4527777777777778
	],
	"115": [
		0.1671875,
		0.4722222222222222
	],
	"116": [
		0.6140625,
		0.13333333333333333
	],
	"117": [
		0.6171875,
		0.19166666666666668
	],
	"118": [
		0.8265625,
		0.23333333333333334
	],
	"119": [
		0.79375,
		0.2388888888888889
	],
	"120": [
		0.978125,
		0.9222222222222223
	],
	"121": [
		0.9453125,
		0.9166666666666666
	],
	"122": [
		0.446875,
		0.8861111111111111
	],
	"123": [
		0.4140625,
		0.8833333333333333
	],
	"124": [
		0.0546875,
		0.8472222222222222
	],
	"125": [
		0.021875,
		0.8472222222222222
	],
	"126": [
		0.1984375,
		0.48055555555555557
	],
	"127": [
		0.1671875,
		0.4666666666666667
	],
	"128": [
		0.36875,
		0.14722222222222223
	],
	"129": [
		0.353125,
		0.19722222222222222
	],
	"130": [
		0.79375,
		0.1527777777777778
	],
	"131": [
		0.815625,
		0.19444444444444445
	],
	"132": [
		0.1828125,
		0.4305555555555556
	],
	"133": [
		0.1765625,
		0.4861111111111111
	],
	"134": [
		0.3359375,
		0.26944444444444443
	],
	"135": [
		0.3625,
		0.3
	],
	"136": [
		0.8640625,
		0.20833333333333334
	],
	"137": [
		0.890625,
		0.2388888888888889
	],
	"138": [
		0.43125,
		0.13333333333333333
	],
	"139": [
		0.4171875,
		0.18333333333333332
	],
	"140": [
		0.2375,
		0.7
	],
	"141": [
		0.2515625,
		0.75
	],
	"142": [
		0.20625,
		0.2
	],
	"143": [
		0.175,
		0.19722222222222222
	],
	"144": [
		0.815625,
		0.16111111111111112
	],
	"145": [
		0.784375,
		0.1638888888888889
	],
	"146": [
		0.5359375,
		0.20833333333333334
	],
	"147": [
		0.5046875,
		0.20833333333333334
	],
	"148": [
		0.871875,
		0.2111111111111111
	],
	"149": [
		0.840625,
		0.2111111111111111
	],
	"150": [
		0.6671875,
		0.2611111111111111
	],
	"151": [
		0.646875,
		0.30277777777777776
	],
	"152": [
		0.353125,
		0.3
	],
	"153": [
		0.359375,
		0.3527777777777778
	],
	"154": [
		0.1125,
		0.3527777777777778
	],
	"155": [
		0.1015625,
		0.4027777777777778
	],
	"156": [
		0.446875,
		0.4388888888888889
	],
	"157": [
		0.4234375,
		0.40555555555555556
	],
	"158": [
		0.3390625,
		0.3
	],
	"159": [
		0.3375,
		0.3527777777777778
	],
	"160": [
		0.3046875,
		0.4305555555555556
	],
	"161": [
		0.30625,
		0.48333333333333334
	],
	"162": [
		0.2984375,
		0.5972222222222222
	],
	"163": [
		0.3,
		0.65
	],
	"164": [
		0.3671875,
		0.8805555555555555
	],
	"165": [
		0.3375,
		0.8833333333333333
	],
	"166": [
		0.615625,
		0.35
	],
	"167": [
		0.60625,
		0.4
	],
	"168": [
		0.2515625,
		0.7
	],
	"169": [
		0.2421875,
		0.75
	],
	"170": [
		0.3609375,
		0.15555555555555556
	],
	"171": [
		0.3765625,
		0.2
	],
	"172": [
		0.446875,
		0.375
	],
	"173": [
		0.4234375,
		0.40555555555555556
	],
	"174": [
		0.184375,
		0.43333333333333335
	],
	"175": [
		0.1671875,
		0.4722222222222222
	],
	"176": [
		0.1109375,
		0.6611111111111111
	],
	"177": [
		0.1328125,
		0.6916666666666667
	],
	"178": [
		0.2171875,
		0.13055555555555556
	],
	"179": [
		0.225,
		0.17777777777777778
	],
	"180": [
		0.3234375,
		0.1527777777777778
	],