{
	"CornerNorthWest": [
		0.21348314606741572,
		0.11509805600753618
	],
	"CornerNorthEast": [
		0.827247191011236,
		0.16990665410636294
	],
	"CornerSouthWest": [
		0.2148876404494382,
		0.86049499015158
	],
	"CornerSouthEast": [
		0.7823033707865169,
		0.9153035882504068
	]
}