{
	"CornerNorthWest": [
		0.21348314606741572,
		0.24937912134966173
	],
	"CornerNorthEast": [
		0.6264044943820225,
		0.2630812708743684
	],
	"CornerSouthWest": [
		0.35814606741573035,
		0.7505130460275579
	],
	"CornerSouthEast": [
		0.6207865168539326,
		0.7505130460275579
	]
}