{
	"0": [
		0.251171875,
		0.14652777777777778
	],
	"1": [
		0.2875,
		0.06180555555555556
	],
	"2": [
		0.369921875,
		0.159375
	],
	"3": [
		0.3375,
		0.15381944444444445
	],
	"4": [
		0.2091796875,
		0.050694444444444445
	],
	"5": [
		0.292578125,
		0.08715277777777777
	],
	"6": [
		0.5388671875,
		0.1625
	],
	"7": [
		0.28671875,
		0.09166666666666666
	],
	"8": [
		0.28984375,
		0.06979166666666667
	],
	"9": [
		0.0568359375,
		0.11354166666666667
	],
	"10": [
		0.303515625,
		0.1545138888888889
	],
	"11": [
		0.258984375,
		0.10243055555555555
	],
	"12": [
		0.303515625,
		0.15520833333333334
	],
	"13": [
		0.5048828125,
		0.16631944444444444
	],
	"14": [
		0.251171875,
		0.14652777777777778
	],
	"15": [
		0.2478515625,
		0.04479166666666667
	],
	"16": [
		0.29296875,
		0.08680555555555555
	],
	"17": [
		0.3376953125,
		0.15243055555555557
	],
	"18": [
		0.4048828125,
		0.15833333333333333
	],
	"19": [
		0.4048828125,
		0.15833333333333333
	],
	"20": [
		0.3380859375,
		0.15104166666666666
	],
	"21": [
		0.47109375,
		0.16458333333333333
	],
	"22": [
		0.4716796875,
		0.1625
	],
	"23": [
		0.5044921875,
		0.15694444444444444
	],
	"24": [
		0.3701171875,
		0.15868055555555555
	],
	"25": [
		0.245703125,
		0.11909722222222222
	],
	"26": [
		0.2537109375,
		0.050694444444444445
	],
	"27": [
		0.2720703125,
		0.13958333333333334
	],
	"28": [
		0.3037109375,
		0.15763888888888888
	],
	"29": [
		0.2716796875,
		0.1440972222222222
	],
	"30": [
		0.4048828125,
		0.15833333333333333
	],
	"31": [
		0.29453125,
		0.08541666666666667
	],
	"32": [
		0.3701171875,
		0.16041666666666668
	],
	"33": [
		0.073828125,
		0.11736111111111111
	],
	"34": [
		0.0783203125,
		0.11145833333333334
	],
	"35": [
		0.30390625,
		0.16458333333333333
	],
	"36": [
		0.36640625,
		0.140625
	],
	"37": [
		0.2505859375,
		0.04826388888888889
	],
	"38": [
		0.4716796875,
		0.16215277777777778
	],
	"39": [
		0.239453125,
		0.16458333333333333
	],
	"40": [
		0.512109375,
		0.14548611111111112
	],
	"41": [
		0.4376953125,
		0.1517361111111111
	],
	"42": [
		0.2701171875,
		0.10173611111111111
	],
	"43": [
		0.4376953125,
		0.165625
	],
	"44": [
		0.2087890625,
		0.050347222222222224
	],
	"45": [
		0.1482421875,
		0.13055555555555556
	],
	"46": [
		0.2875,
		0.0625
	],
	"47": [
		0.5044921875,
		0.15694444444444444
	],
	"48": [
		0.27109375,
		0.1
	],
	"49": [
		0.30390625,
		0.16041666666666668
	],
	"50": [
		0.2720703125,
		0.13993055555555556
	],
	"51": [
		0.3705078125,
		0.1607638888888889
	],
	"52": [
		0.4716796875,
		0.1607638888888889
	],
	"53": [
		0.4369140625,
		0.1625
	],
	"54": [
		0.4369140625,
		0.1625
	],
	"55": [
		0.4048828125,
		0.15833333333333333
	],
	"56": [
		0.2720703125,
		0.13993055555555556
	],
	"57": [
		0.5048828125,
		0.165625
	],
	"58": [
		0.4369140625,
		0.16284722222222223
	],
	"59": [
		0.3037109375,
		0.15763888888888888
	],
	"60": [
		0.3373046875,
		0.1517361111111111
	],
	"61": [
		0.252734375,
		0.04895833333333333
	],
	"62": [
		0.3037109375,
		0.15555555555555556
	],
	"63": [
		0.2953125,
		0.08611111111111111
	],
	"64": [
		0.2396484375,
		0.1625
	],
	"65": [
		0.0564453125,
		0.11423611111111111
	],
	"66": [
		0.29453125,
		0.08611111111111111
	],
	"67": [
		0.4376953125,
		0.16458333333333333
	],
	"68": [
		0.4716796875,
		0.16041666666666668
	],
	"69": [
		0.512109375,
		0.14548611111111112
	],
	"70": [
		0.390234375,
		0.8395833333333333
	],
	"71": [
		0.3029296875,
		0.15694444444444444
	],
	"72": [
		0.478125,
		0.846875
	],
	"73": [
		0.1462890625,
		0.12048611111111111
	],
	"74": [
		0.3705078125,
		0.1607638888888889
	],
	"75": [
		0.2517578125,
		0.05173611111111111
	],
	"76": [
		0.4048828125,
		0.15833333333333333
	],
	"77": [
		0.2509765625,
		0.04756944444444444
	],
	"78": [
		0.245703125,
		0.11909722222222222
	],
	"79": [
		0.403515625,
		0.16111111111111112
	],
	"80": [
		0.4716796875,
		0.16145833333333334
	],
	"81": [
		0.4720703125,
		0.16458333333333333
	],
	"82": [
		0.251171875,
		0.14652777777777778
	],
	"83": [
		0.0884765625,
		0.10243055555555555
	],
	"84": [
		0.290625,
		0.06145833333333333
	],
	"85": [
		0.4369140625,
		0.16284722222222223
	],
	"86": [
		0.459765625,
		0.8458333333333333
	],
	"87": [
		0.4666015625,
		0.8465277777777778
	],
	"88": [
		0.2873046875,
		0.06875
	],
	"89": [
		0.4677734375,
		0.8465277777777778
	],
	"90": [
		0.369921875,
		0.159375
	],
	"91": [
		0.5390625,
		0.1638888888888889
	],
	"92": [
		0.2560546875,
		0.11805555555555555
	],
	"93": [
		0.2873046875,
		0.0625
	],
	"94": [
		0.5333984375,
		0.8513888888888889
	],
	"95": [
		0.2111328125,
		0.12569444444444444
	],
	"96": [
		0.2876953125,
		0.06354166666666666
	],
	"97": [
		0.27578125,
		0.09618055555555556
	],
	"98": [
		0.246484375,
		0.14652777777777778
	],
	"99": [
		0.3376953125,
		0.15243055555555557
	],
	"100": [
		0.2501953125,
		0.14722222222222223
	],
	"101": [
		0.5083984375,
		0.8496527777777778
	],
	"102": [
		0.091796875,
		0.12291666666666666
	],
	"103": [
		0.3376953125,
		0.15243055555555557
	],
	"104": [
		0.2390625,
		0.12569444444444444
	],
	"105": [
		0.0431640625,
		0.1111111111111111
	],
	"106": [
		0.2462890625,
		0.14618055555555556
	],
	"107": [
		0.3365234375,
		0.159375
	],
	"108": [
		0.3705078125,
		0.159375
	],
	"109": [
		0.2880859375,
		0.06875
	],
	"110": [
		0.28671875,
		0.09166666666666666
	],
	"111": [
		0.415625,
		0.8423611111111111
	],
	"112": [
		0.0556640625,
		0.13541666666666666
	],
	"113": [
		0.5384765625,
		0.16180555555555556
	],
	"114": [
		0.0701171875,
		0.12777777777777777
	],
	"115": [
		0.3705078125,
		0.159375
	],
	"116": [
		0.4716796875,
		0.16041666666666668
	],
	"117": [
		0.2705078125,
		0.052083333333333336
	],
	"118": [
		0.4048828125,
		0.15833333333333333
	],
	"119": [
		0.5388671875,
		0.16145833333333334
	],
	"120": [
		0.248046875,
		0.1111111111111111
	],
	"121": [
		0.2880859375,
		0.0642361111111111
	],
	"122": [
		0.2939453125,
		0.08645833333333333
	],
	"123": [
		0.2505859375,
		0.04756944444444444
	],
	"124": [
		0.2810546875,
		0.09375
	],
	"125": [
		0.4048828125,
		0.1579861111111111
	],
	"126": [
		0.0736328125,
		0.11736111111111111
	],
	"127": [
		0.2498046875,
		0.14756944444444445
	],
	"128": [
		0.4453125,
		0.14479166666666668
	],
	"129": [
		0.2423828125,
		0.12256944444444444
	],
	"130": [
		0.290625,
		0.06145833333333333
	],
	"131": [
		0.0884765625,
		0.10243055555555555
	],
	"132": [
		0.141796875,
		0.1284722222222222
	],
	"133": [
		0.4037109375,
		0.1579861111111111
	],
	"134": [
		0.0765625,
		0.11354166666666667
	],
	"135": [
		0.24765625,
		0.8263888888888888
	],
	"136": [
		0.1171875,
		0.8215277777777777
	],
	"137": [
		0.022265625,
		0.30972222222222223
	],
	"138": [
		0.369921875,
		0.15486111111111112
	],
	"139": [
		0.337109375,
		0.14965277777777777
	],
	"140": [
		0.2501953125,
		0.04548611111111111
	],
	"141": [
		0.47109375,
		0.16284722222222223
	],
	"142": [
		0.5044921875,
		0.16493055555555555
	],
	"143": [
		0.2716796875,
		0.14722222222222223
	],
	"144": [
		0.4048828125,
		0.1579861111111111
	],
	"145": [
		0.47109375,
		0.16284722222222223
	],
	"146": [
		0.2828125,
		0.06041666666666667
	],
	"147": [
		0.337109375,
		0.153125
	],
	"148": [
		0.0607421875,
		0.8420138888888888
	],
	"149": [
		0.5388671875,
		0.16145833333333334
	],
	"150": [
		0.2720703125,
		0.13923611111111112
	],
	"151": [
		0.2537109375,
		0.14756944444444445
	],
	"152": [
		0.2861328125,
		0.06805555555555555
	],
	"153": [
		0.138671875,
		0.8440972222222223
	],
	"154": [
		0.1380859375,
		0.19375
	],
	"155": [
		0.4048828125,
		0.1579861111111111
	],
	"156": [
		0.251171875,
		0.14652777777777778
	],
	"157": [
		0.4048828125,
		0.15833333333333333
	],
	"158": [
		0.4376953125,
		0.16631944444444444
	],
	"159": [
		0.2080078125,
		0.049305555555555554
	],
	"160": [
		0.0740234375,
		0.11770833333333333
	],
	"161": [
		0.06953125,
		0.12881944444444443
	],
	"162": [
		0.47109375,
		0.1625
	],
	"163": [
		0.272265625,
		0.09479166666666666
	],