{
	"SixYardNorthForwardEast": [
		0.0800561797752809,
		0.26267956610964527
	],
	"EighteenYardNorthForwardEast": [
		0.39747191011235955,
		0.201030280185953
	],
	"PenaltyCircleNorthWest": [
		0.13202247191011235,
		0.38061733048540436
	],
	"CornerNorthEast": [
		0.1952247191011236,
		0.13402018679063535
	]
}