{
	"0": [
		0.9818359375,
		0.09722222222222222
	],
	"1": [
		0.9765625,
		0.11423611111111111
	],
	"2": [
		0.7216796875,
		0.096875
	],
	"3": [
		0.413671875,
		0.11319444444444444
	],
	"4": [
		0.7537109375,
		0.09340277777777778
	],
	"5": [
		0.6474609375,
		0.07916666666666666
	],
	"6": [
		0.49765625,
		0.06944444444444445
	],
	"7": [
		0.9533203125,
		0.11041666666666666
	],
	"8": [
		0.7208984375,
		0.1076388888888889
	],
	"9": [
		0.419140625,
		0.10451388888888889
	],
	"10": [
		0.944921875,
		0.13680555555555557
	],
	"11": [
		0.9525390625,
		0.12118055555555556
	],
	"12": [
		0.7150390625,
		0.12222222222222222
	],
	"13": [
		0.210546875,
		0.175
	],
	"14": [
		0.5984375,
		0.057291666666666664
	],
	"15": [
		0.1572265625,
		0.1986111111111111
	],
	"16": [
		0.3345703125,
		0.13159722222222223
	],
	"17": [
		0.2984375,
		0.14479166666666668
	],
	"18": [
		0.3291015625,
		0.14166666666666666
	],
	"19": [
		0.1345703125,
		0.178125
	],
	"20": [
		0.7953125,
		0.07361111111111111
	],
	"21": [
		0.7640625,
		0.07048611111111111
	],
	"22": [
		0.2931640625,
		0.15590277777777778
	],
	"23": [
		0.2751953125,
		0.16631944444444444
	],
	"24": [
		0.1669921875,
		0.1875
	],
	"25": [
		0.2732421875,
		0.1375
	],
	"26": [
		0.277734375,
		0.15659722222222222
	],
	"27": [
		0.865625,
		0.08298611111111111
	],
	"28": [
		0.133984375,
		0.9052083333333333
	],
	"29": [
		0.703515625,
		0.11180555555555556
	],
	"30": [
		0.941796875,
		0.10555555555555556
	],
	"31": [
		0.1357421875,
		0.215625
	],
	"32": [
		0.1693359375,
		0.9145833333333333
	],
	"33": [
		0.393359375,
		0.12465277777777778
	],
	"34": [
		0.408984375,
		0.9684027777777777
	],
	"35": [
		0.7138671875,
		0.1076388888888889
	],
	"36": [
		0.19921875,
		0.1840277777777778
	],
	"37": [
		0.4427734375,
		0.10138888888888889
	],
	"38": [
		0.8650390625,
		0.0763888888888889
	],
	"39": [
		0.86484375,
		0.090625
	],
	"40": [
		0.9439453125,
		0.12395833333333334
	],
	"41": [
		0.9701171875,
		0.08645833333333333
	],
	"42": [
		0.397265625,
		0.11319444444444444
	],
	"43": [
		0.283984375,
		0.12083333333333333
	],
	"44": [
		0.626953125,
		0.059722222222222225
	],
	"45": [
		0.137890625,
		0.9069444444444444
	],
	"46": [
		0.1521484375,
		0.17256944444444444
	],
	"47": [
		0.637890625,
		0.33611111111111114
	],
	"48": [
		0.7640625,
		0.08020833333333334
	],
	"49": [
		0.31015625,
		0.1486111111111111
	],
	"50": [
		0.1818359375,
		0.19270833333333334
	],
	"51": [
		0.2171875,
		0.18125
	],
	"52": [
		0.7107421875,
		0.09027777777777778
	],
	"53": [
		0.7484375,
		0.11840277777777777
	],
	"54": [
		0.2759765625,
		0.14375
	],
	"55": [
		0.6376953125,
		0.36215277777777777
	],
	"56": [
		0.9279296875,
		0.13923611111111112
	],
	"57": [
		0.320703125,
		0.9458333333333333
	],
	"58": [
		0.179296875,
		0.5725694444444445
	],
	"59": [
		0.0220703125,
		0.8871527777777778
	],
	"60": [
		0.637890625,
		0.33576388888888886
	],
	"61": [
		0.455078125,
		0.09131944444444444
	],
	"62": [
		0.1861328125,
		0.1951388888888889
	],
	"63": [
		0.4119140625,
		0.9684027777777777
	],
	"64": [
		0.2814453125,
		0.13368055555555555
	],
	"65": [
		0.6376953125,
		0.3371527777777778
	],
	"66": [
		0.0263671875,
		0.8861111111111111
	],
	"67": [
		0.6705078125,
		0.07673611111111112
	],
	"68": [
		0.7365234375,
		0.2263888888888889
	],
	"69": [
		0.982421875,
		0.13541666666666666
	],
	"70": [
		0.212109375,
		0.190625
	],
	"71": [
		0.1455078125,
		0.17569444444444443
	],
	"72": [
		0.4087890625,
		0.9684027777777777
	],
	"73": [
		0.7177734375,
		0.09513888888888888
	],
	"74": [
		0.4009765625,
		0.12083333333333333
	],
	"75": [
		0.140625,
		0.19930555555555557
	],
	"76": [
		0.2185546875,
		0.18680555555555556
	],
	"77": [
		0.1904296875,
		0.18125
	],
	"78": [
		0.28125,
		0.1642361111111111
	],
	"79": [
		0.4611328125,
		0.10486111111111111
	],
	"80": [
		0.1462890625,
		0.20972222222222223
	],
	"81": [
		0.64140625,
		0.35694444444444445
	],
	"82": [
		0.319140625,
		0.13958333333333334
	],
	"83": [
		0.6966796875,
		0.09479166666666666
	],
	"84": [
		0.1970703125,
		0.19131944444444443
	],
	"85": [
		0.1703125,
		0.5791666666666667
	],
	"86": [
		0.141015625,
		0.18506944444444445
	],
	"87": [
		0.2185546875,
		0.17326388888888888
	],
	"88": [
		0.4255859375,
		0.10798611111111112
	],
	"89": [
		0.9810546875,
		0.14131944444444444
	],
	"90": [
		0.725390625,
		0.11041666666666666
	],
	"91": [
		0.9658203125,
		0.12291666666666666
	],
	"92": [
		0.6259765625,
		0.06875
	],
	"93": [
		0.269140625,
		0.9333333333333333
	],
	"94": [
		0.6875,
		0.07013888888888889
	],
	"95": [
		0.9560546875,
		0.125
	],
	"96": [
		0.7068359375,
		0.09965277777777778
	],
	"97": [
		0.975,
		0.1329861111111111
	],
	"98": [
		0.794921875,
		0.07951388888888888
	],
	"99": [
		0.7052734375,
		0.09409722222222222
	],
	"100": [
		0.316015625,
		0.15034722222222222
	],
	"101": [
		0.7017578125,
		0.08541666666666667
	],
	"102": [
		0.4359375,
		0.09895833333333333
	],
	"103": [
		0.936328125,
		0.10798611111111112
	],
	"104": [
		0.6416015625,
		0.35
	],
	"105": [
		0.5216796875,
		0.07152777777777777
	],
	"106": [
		0.9703125,
		0.09270833333333334
	],
	"107": [
		0.4388671875,
		0.1076388888888889
	],
	"108": [
		0.7484375,
		0.11284722222222222
	],
	"109": [
		0.61171875,
		0.30868055555555557
	],
	"110": [
		0.4544921875,
		0.10555555555555556
	],
	"111": [
		0.17578125,
		0.2013888888888889
	],
	"112": [
		0.32421875,
		0.14722222222222223
	],
	"113": [
		0.4609375,
		0.09097222222222222
	],
	"114": [
		0.2876953125,
		0.13229166666666667
	],
	"115": [
		0.116796875,
		0.2791666666666667
	],
	"116": [
		0.4298828125,
		0.1111111111111111
	],
	"117": [
		0.21015625,
		0.18784722222222222
	],
	"118": [
		0.7408203125,
		0.12083333333333333
	],
	"119": [
		0.175,
		0.184375
	],
	"120": [
		0.1720703125,
		0.20416666666666666
	],
	"121": [
		0.72890625,
		0.08541666666666667
	],
	"122": [
		0.5994140625,
		0.0625
	],
	"123": [
		0.66015625,
		0.07013888888888889
	],
	"124": [
		0.343359375,
		0.1423611111111111
	],
	"125": [
		0.2185546875,
		0.14270833333333333
	],
	"126": [
		0.1671875,
		0.20208333333333334
	],
	"127": [
		0.2130859375,
		0.18680555555555556
	],
	"128": [
		0.2046875,
		0.1920138888888889
	],
	"129": [
		0.3095703125,
		0.1545138888888889
	],
	"130": [
		0.716796875,
		0.10381944444444445
	],
	"131": [
		0.973046875,
		0.12465277777777778
	],
	"132": [
		0.6998046875,
		0.11354166666666667
	],
	"133": [
		0.9431640625,
		0.09583333333333334
	],
	"134": [
		0.330078125,
		0.2673611111111111
	],
	"135": [
		0.4537109375,
		0.08715277777777777
	],
	"136": [
		0.1607421875,
		0.20451388888888888
	],
	"137": [
		0.3439453125,
		0.1295138888888889
	],
	"138": [
		0.4220703125,
		0.4201388888888889
	],
	"139": [
		0.9279296875,
		0.11840277777777777
	],
	"140": [
		0.1771484375,
		0.17604166666666668
	],
	"141": [
		0.9484375,
		0.109375
	],
	"142": [
		0.966015625,
		0.1388888888888889
	],
	"143": [
		0.0390625,
		0.5635416666666667
	],
	"144": [
		0.927734375,
		0.1125
	],
	"145": [
		0.972265625,
		0.13159722222222223
	],
	"146": [
		0.7443359375,
		0.11597222222222223
	],
	"147": [
		0.542578125,
		0.10381944444444445
	],
	"148": [
		0.7458984375,
		0.10902777777777778
	],
	"149": [
		0.2072265625,
		0.165625
	],
	"150": [
		0.417578125,
		0.11527777777777778
	],
	"151": [
		0.16640625,
		0.17847222222222223
	],
	"152": [
		0.726171875,
		0.12013888888888889
	],
	"153": [
		0.2201171875,
		0.5451388888888888
	],
	"154": [
		0.6193359375,
		0.058333333333333334
	],
	"155": [
		0.2943359375,
		0.16111111111111112
	],
	"156": [
		0.33203125,
		0.12534722222222222
	],
	"157": [
		0.573828125,
		0.06215277777777778
	],
	"158": [
		0.416015625,
		0.11909722222222222
	],
	"159": [
		0.215625,
		0.16284722222222223
	],
	"160": [
		0.796484375,
		0.07777777777777778
	],
	"161": [
		0.4169921875,
		0.09618055555555556
	],
	"162": [
		0.049609375,
		0.39791666666666664
	],
	"163": [
		0.9365234375,
		0.1295138888888889
	],