{
	"SixYardNorthForwardWest": [
		0.21141374837872892,
		0.5816487037576463
	],
	"EighteenYardNorthForwardWest": [
		0.4072632944228275,
		0.8538304689775706
	],
	"SixYardNorthForwardEast": [
		0.6316472114137484,
		0.4026798718322167
	],
	"PenaltyCircleNorthWest": [
		0.7276264591439688,
		0.6375764637343432
	],
	"EighteenYardNorthRearEast": [
		0.6705577172503242,
		0.2833673172152636
	],
	"GoalPostNorthWest": [
		0.16990920881971466,
		0.5070783571220507
	]
}