{
	"0": [
		0.634375,
		0.019444444444444445
	],
	"1": [
		0.725,
		0.03333333333333333
	],
	"2": [
		0.5578125,
		0.08333333333333333
	],
	"3": [
		0.6,
		0.08611111111111111
	],
	"4": [
		0.5171875,
		0.09722222222222222
	],
	"5": [
		0.353125,
		0.14166666666666666
	],
	"6": [
		0.6328125,
		0.15
	],
	"7": [
		0.1109375,
		0.16944444444444445
	],
	"8": [
		0.875,
		0.16944444444444445
	],
	"9": [
		0.928125,
		0.16944444444444445
	],
	"10": [
		0.1515625,
		0.18611111111111112
	],
	"11": [
		0.503125,
		0.19166666666666668
	],
	"12": [
		0.5328125,
		0.19444444444444445
	],
	"13": [
		0.0671875,
		0.2
	],
	"14": [
		0.7484375,
		0.20555555555555555
	],
	"15": [
		0.85625,
		0.2111111111111111
	],
	"16": [
		0.371875,
		0.225
	],
	"17": [
		0.1140625,
		0.23055555555555557
	],
	"18": [
		0.9125,
		0.2361111111111111
	],
	"19": [
		0.934375,
		0.2361111111111111
	],
	"20": [
		0.7921875,
		0.24166666666666667
	],
	"21": [
		0.2515625,
		0.24444444444444444
	],
	"22": [
		0.7546875,
		0.25833333333333336
	],
	"23": [
		0.0421875,
		0.2638888888888889
	],
	"24": [
		0.85625,
		0.2833333333333333
	],
	"25": [
		0.9109375,
		0.2833333333333333
	],
	"26": [
		0.65625,
		0.2972222222222222
	],
	"27": [
		0.54375,
		0.3
	],
	"28": [
		0.7203125,
		0.3
	],
	"29": [
		0.74375,
		0.30277777777777776
	],
	"30": [
		0.7640625,
		0.3055555555555556
	],
	"31": [
		0.89375,
		0.3194444444444444
	],
	"32": [
		0.9140625,
		0.32222222222222224
	],
	"33": [
		0.36875,
		0.3333333333333333
	],
	"34": [
		0.6046875,
		0.3611111111111111
	],
	"35": [
		0.45,
		0.38055555555555554
	],
	"36": [
		0.4828125,
		0.38055555555555554
	],
	"37": [
		0.5765625,
		0.39166666666666666
	],
	"38": [
		0.6515625,
		0.4027777777777778
	],
	"39": [
		0.390625,
		0.4083333333333333
	],
	"40": [
		0.284375,
		0.41944444444444445
	],
	"41": [
		0.359375,
		0.4222222222222222
	],
	"42": [
		0.2046875,
		0.4444444444444444
	],
	"43": [
		0.51875,
		0.4638888888888889
	],
	"44": [
		0.4875,
		0.4777777777777778
	],
	"45": [
		0.959375,
		0.4861111111111111
	],
	"46": [
		0.8171875,
		0.49444444444444446
	],
	"47": [
		0.175,
		0.49722222222222223
	],
	"48": [
		0.434375,
		0.5027777777777778
	],
	"49": [
		0.05625,
		0.5083333333333333
	],
	"50": [
		0.9921875,
		0.5083333333333333
	],
	"51": [
		0.3890625,
		0.5222222222222223
	],
	"52": [
		0.9671875,
		0.525
	],
	"53": [
		0.0828125,
		0.5305555555555556
	],
	"54": [
		0.125,
		0.5305555555555556
	],
	"55": [
		0.7109375,
		0.5361111111111111
	],
	"56": [
		0.3421875,
		0.5444444444444444
	],
	"57": [
		0.3109375,
		0.5583333333333333
	],
	"58": [
		0.2921875,
		0.5666666666666667
	],
	"59": [
		0.83125,
		0.5666666666666667
	],
	"60": [
		0.0515625,
		0.5694444444444444
	],
	"61": [
		0.06875,
		0.5694444444444444
	],
	"62": [
		0.10625,
		0.575
	],
	"63": [
		0.25625,
		0.5833333333333334
	],
	"64": [
		0.1546875,
		0.5888888888888889
	],
	"65": [
		0.1890625,
		0.5888888888888889
	],
	"66": [
		0.959375,
		0.5888888888888889
	],
	"67": [
		0.9234375,
		0.5972222222222222
	],
	"68": [
		0.6515625,
		0.6138888888888889
	],
	"69": [
		0.996875,
		0.6166666666666667
	],
	"70": [
		0.884375,
		0.6444444444444445
	],
	"71": [
		0.8625,
		0.6472222222222223
	],
	"72": [
		0.715625,
		0.6694444444444444
	],
	"73": [
		0.609375,
		0.675
	],
	"74": [
		0.696875,
		0.6805555555555556
	],
	"75": [
		0.959375,
		0.6944444444444444
	],
	"76": [
		0.6578125,
		0.7027777777777777
	],
	"77": [
		0.9140625,
		0.7111111111111111
	],
	"78": [
		0.6390625,
		0.7138888888888889
	],
	"79": [
		0.56875,
		0.7527777777777778
	],
	"80": [
		0.5515625,
		0.7638888888888888
	],
	"81": [
		0.0203125,
		0.7861111111111111
	],
	"82": [
		0.040625,
		0.7888888888888889
	],
	"83": [
		0.5015625,
		0.7916666666666666
	],
	"84": [
		0.071875,
		0.8
	],
	"85": [
		0.19375,
		0.8194444444444444
	],
	"86": [
		0.2234375,
		0.825
	],
	"87": [
		0.4484375,
		0.8277777777777777
	],
	"88": [
		0.259375,
		0.8333333333333334
	],
	"89": [
		0.3046875,
		0.8416666666666667
	],
	"90": [
		0.3421875,
		0.85
	],
	"91": [
		0.4,
		0.8583333333333333
	]
}