{
	"CornerNorthWest": [
		0.17696629213483145,
		0.22247351007245467
	],
	"CornerNorthEast": [
		0.7092696629213483,
		0.25463835490220715
	],
	"CornerSouthEast": [
		0.7134831460674157,
		0.9032960589688822
	],
	"CornerSouthWest": [
		0.16713483146067415,
		0.8282447543661264
	]
}