{
	"SixYardNorthForwardEast": [
		0.0800561797752809,
		0.26267956610964527
	],
	"EighteenYardNorthForwardEast": [
		0.3904494382022472,
		0.22515391380826738
	],
	"PenaltyCircleNorthWest": [
		0.13202247191011235,
		0.38061733048540436
	],
	"CornerNorthEast": [
		0.20365168539325842,
		0.14206139799807346
	]
}