{
	"CornerNorthWest": [
		0.1348314606741573,
		0.8175231394228756
	],
	"CornerNorthEast": [
		0.12640449438202248,
		0.1206181681115718
	],
	"CornerSouthEast": [
		0.8553370786516854,
		0.18226745403526406
	],
	"CornerSouthWest": [
		0.8595505617977528,
		0.8389663693093772
	]
}