{
	"SixYardNorthForwardEast": [
		0.05555555555555555,
		0.2739754633255025
	],
	"EighteenYardNorthForwardEast": [
		0.3945868945868946,
		0.2238580005220569
	]
}