{
	"0": [
		0.8359375,
		0.4222222222222222
	],
	"1": [
		0.7765625,
		0.4444444444444444
	],
	"2": [
		0.446875,
		0.4388888888888889
	],
	"3": [
		0.3890625,
		0.41388888888888886
	],
	"4": [
		0.6671875,
		0.14722222222222223
	],
	"5": [
		0.725,
		0.16666666666666666
	],
	"6": [
		0.446875,
		0.3111111111111111
	],
	"7": [
		0.3890625,
		0.33055555555555555
	],
	"8": [
		0.8359375,
		0.3333333333333333
	],
	"9": [
		0.778125,
		0.3138888888888889
	],
	"10": [
		0.6125,
		0.14444444444444443
	],
	"11": [
		0.5609375,
		0.19444444444444445
	],
	"12": [
		0.5015625,
		0.4527777777777778
	],
	"13": [
		0.44375,
		0.4361111111111111
	],
	"14": [
		0.78125,
		0.44166666666666665
	],
	"15": [
		0.7234375,
		0.4527777777777778
	],
	"16": [
		0.5578125,
		0.4583333333333333
	],
	"17": [
		0.5,
		0.45
	],
	"18": [
		0.6140625,
		0.4
	],
	"19": [
		0.6109375,
		0.5027777777777778
	],
	"20": [
		0.725,
		0.4527777777777778
	],
	"21": [
		0.6671875,
		0.4583333333333333
	],
	"22": [
		0.6140625,
		0.5
	],
	"23": [
		0.6109375,
		0.6027777777777777
	],
	"24": [
		0.6140625,
		0.6
	],
	"25": [
		0.6109375,
		0.7027777777777777
	],
	"26": [
		0.6140625,
		0.7
	],
	"27": [
		0.6109375,
		0.8027777777777778
	],
	"28": [
		0.946875,
		0.925
	],
	"29": [
		0.8890625,
		0.9194444444444444
	],
	"30": [
		0.1140625,
		0.15
	],
	"31": [
		0.05625,
		0.1527777777777778
	],
	"32": [
		0.725,
		0.9111111111111111
	],
	"33": [
		0.6671875,
		0.9083333333333333
	],
	"34": [
		0.8359375,
		0.9166666666666666
	],
	"35": [
		0.778125,
		0.9138888888888889
	],
	"36": [
		0.5578125,
		0.14444444444444443
	],
	"37": [
		0.5,
		0.14444444444444443
	],
	"38": [
		0.6140625,
		0.14444444444444443
	],
	"39": [
		0.55625,
		0.14444444444444443
	],
	"40": [
		0.6140625,
		0.9027777777777778
	],
	"41": [
		0.55625,
		0.9027777777777778
	],
	"42": [
		0.6125,
		0.14444444444444443
	],
	"43": [
		0.66875,
		0.1638888888888889
	],
	"44": [
		0.5015625,
		0.3
	],
	"45": [
		0.4453125,
		0.3111111111111111
	],
	"46": [
		0.7796875,
		0.3138888888888889
	],
	"47": [
		0.7234375,
		0.30277777777777776
	],
	"48": [
		0.6109375,
		0.8
	],
	"49": [
		0.615625,
		0.9
	],
	"50": [
		0.8359375,
		0.16944444444444445
	],
	"51": [
		0.7796875,
		0.16666666666666666
	],
	"52": [
		0.6125,
		0.3
	],
	"53": [
		0.6140625,
		0.4
	],
	"54": [
		0.66875,
		0.4583333333333333
	],
	"55": [
		0.6125,
		0.46111111111111114
	],
	"56": [
		0.390625,
		0.9
	],
	"57": [
		0.334375,
		0.8972222222222223
	],
	"58": [
		0.7796875,
		0.9138888888888889
	],
	"59": [
		0.7234375,
		0.9111111111111111
	],
	"60": [
		0.890625,
		0.9194444444444444
	],
	"61": [
		0.834375,
		0.9166666666666666
	],
	"62": [
		0.890625,
		0.16666666666666666
	],
	"63": [
		0.834375,
		0.16666666666666666
	],
	"64": [
		0.0578125,
		0.8972222222222223
	],
	"65": [
		0.0015625,
		0.8972222222222223
	],
	"66": [
		0.278125,
		0.15
	],
	"67": [
		0.2234375,
		0.16944444444444445
	],
	"68": [
		0.384375,
		0.7083333333333334
	],
	"69": [
		0.4,
		0.8027777777777778
	],
	"70": [
		0.6265625,
		0.09722222222222222
	],
	"71": [
		0.6671875,
		0.1638888888888889
	],
	"72": [
		0.05625,
		0.044444444444444446
	],
	"73": [
		0.0109375,
		0.1
	],
	"74": [
		1,
		0.9277777777777778
	],
	"75": [
		0.9453125,
		0.925
	],
	"76": [
		0.8796875,
		0.37222222222222223
	],
	"77": [
		0.83125,
		0.33055555555555555
	],
	"78": [
		0.6140625,
		0.14444444444444443
	],
	"79": [
		0.5625,
		0.16944444444444445
	],
	"80": [
		0.71875,
		0.14444444444444443
	],
	"81": [
		0.6671875,
		0.15833333333333333
	],
	"82": [
		0.5015625,
		0.14444444444444443
	],
	"83": [
		0.45,
		0.14166666666666666
	],
	"84": [
		0.8359375,
		0.14444444444444443
	],
	"85": [
		0.7859375,
		0.16666666666666666
	],
	"86": [
		0.5015625,
		0.16666666666666666
	],
	"87": [
		0.453125,
		0.16666666666666666
	],
	"88": [
		0.3921875,
		0.3277777777777778
	],
	"89": [
		0.3515625,
		0.37222222222222223
	],
	"90": [
		0.55625,
		0.14444444444444443
	],
	"91": [
		0.5921875,
		0.2
	],
	"92": [
		0.403125,
		0.7222222222222222
	],
	"93": [
		0.396875,
		0.8027777777777778
	],
	"94": [
		0.9296875,
		0.20555555555555555
	],
	"95": [
		0.934375,
		0.2861111111111111
	],
	"96": [
		0.9140625,
		0.20555555555555555
	],
	"97": [
		0.940625,
		0.26944444444444443
	],
	"98": [
		0.05625,
		0.04722222222222222
	],
	"99": [
		0.0265625,
		0.10555555555555556
	],
	"100": [
		0.890625,
		0.9583333333333334
	],
	"101": [
		0.846875,
		0.95
	],
	"102": [
		0.9984375,
		0.9638888888888889
	],
	"103": [
		0.9546875,
		0.9583333333333334
	],
	"104": [
		0.7640625,
		0.16666666666666666
	],
	"105": [
		0.721875,
		0.16111111111111112
	],
	"106": [
		0.7765625,
		0.5055555555555555
	],
	"107": [
		0.778125,
		0.5805555555555556
	],
	"108": [
		0.384375,
		0.9333333333333333
	],
	"109": [
		0.3421875,
		0.9333333333333333
	],
	"110": [
		0.871875,
		0.3972222222222222
	],
	"111": [
		0.834375,
		0.425
	],
	"112": [
		0.5828125,
		0.14166666666666666
	],
	"113": [
		0.5625,
		0.20277777777777778
	],
	"114": [
		0.0171875,
		0.06666666666666667
	],
	"115": [
		0.05625,
		0.07777777777777778
	],
	"116": [
		0.5953125,
		0.14444444444444443
	],
	"117": [
		0.5765625,
		0.20555555555555555
	],
	"118": [
		0.5578125,
		0.14444444444444443
	],
	"119": [
		0.5765625,
		0.20555555555555555
	],
	"120": [
		0.8734375,
		0.14166666666666666
	],
	"121": [
		0.834375,
		0.14444444444444443
	],
	"122": [
		0.39375,
		0.7222222222222222
	],
	"123": [
		0.4078125,
		0.7861111111111111
	],
	"124": [
		0.371875,
		0.2638888888888889
	],
	"125": [
		0.3375,
		0.29444444444444445
	],
	"126": [
		0.4125,
		0.04722222222222222
	],
	"127": [
		0.4375,
		0.09722222222222222
	],
	"128": [
		0.334375,
		0.4
	],
	"129": [
		0.3359375,
		0.4666666666666667
	],
	"130": [
		0.09375,
		0.9305555555555556
	],
	"131": [
		0.05625,
		0.9333333333333333
	],
	"132": [
		0.3453125,
		0.2972222222222222
	],
	"133": [
		0.371875,
		0.3416666666666667
	],
	"134": [
		0.0921875,
		0.13055555555555556
	],
	"135": [
		0.05625,
		0.13055555555555556
	],
	"136": [
		0.5671875,
		0.14166666666666666
	],
	"137": [
		0.59375,
		0.18333333333333332
	],
	"138": [
		0.5703125,
		0.14166666666666666
	],
	"139": [
		0.565625,
		0.20277777777777778
	],
	"140": [
		0.0359375,
		0.3111111111111111
	],
	"141": [
		0.0328125,
		0.37222222222222223
	],
	"142": [
		0.371875,
		0.2861111111111111
	],
	"143": [
		0.3375,
		0.28888888888888886
	],
	"144": [
		0.940625,
		0.2361111111111111
	],
	"145": [
		0.9109375,
		0.20555555555555555
	],
	"146": [
		0.05625,
		0.08055555555555556
	],
	"147": [
		0.028125,
		0.04722222222222222
	],
	"148": [
		0.0578125,
		0.15833333333333333
	],
	"149": [
		0.0265625,
		0.1361111111111111
	],
	"150": [
		0.1140625,
		0.1388888888888889
	],
	"151": [
		0.084375,
		0.16666666666666666
	],
	"152": [
		0.475,
		0.13055555555555556
	],
	"153": [
		0.5015625,
		0.16666666666666666
	],
	"154": [
		0.328125,
		0.1388888888888889
	],
	"155": [
		0.2953125,
		0.1388888888888889
	],
	"156": [
		0.0734375,
		0.13055555555555556
	],
	"157": [
		0.0984375,
		0.16666666666666666
	],
	"158": [
		0.36875,
		0.25277777777777777
	],
	"159": [
		0.3484375,
		0.2972222222222222
	],
	"160": [
		0.0578125,
		0.1527777777777778
	],
	"161": [
		0.0265625,
		0.1638888888888889
	],
	"162": [
		0.64375,
		0.6555555555555556
	],
	"163": [
		0.6328125,
		0.7083333333333334
	],
	"164": [
		0.9390625,
		0.2222222222222222
	],
	"165": [
		0.9078125,
		0.21944444444444444
	],
	"166": [
		0.3765625,
		0.40555555555555556
	],
	"167": [
		0.3515625,
		0.37222222222222223
	],
	"168": [
		0.2796875,
		0.9305555555555556
	],
	"169": [
		0.2484375,
		0.9305555555555556
	],
	"170": [
		0.415625,
		0.041666666666666664
	],
	"171": [
		0.425,
		0.09444444444444444
	],
	"172": [
		0.365625,
		0.06666666666666667
	],
	"173": [
		0.3421875,
		0.10277777777777777
	],
	"174": [
		0.478125,
		0.13055555555555556
	],
	"175": [
		0.4546875,
		0.16666666666666666
	],