{
	"0": [
		0.2642578125,
		0.13784722222222223
	],
	"1": [
		0.2875,
		0.06180555555555556
	],
	"2": [
		0.387109375,
		0.15
	],
	"3": [
		0.3529296875,
		0.14131944444444444
	],
	"4": [
		0.2091796875,
		0.050347222222222224
	],
	"5": [
		0.29296875,
		0.08715277777777777
	],
	"6": [
		0.560546875,
		0.15138888888888888
	],
	"7": [
		0.290234375,
		0.09027777777777778
	],
	"8": [
		0.28984375,
		0.06979166666666667
	],
	"9": [
		0.063671875,
		0.10729166666666666
	],
	"10": [
		0.3189453125,
		0.1451388888888889
	],
	"11": [
		0.26484375,
		0.09965277777777778
	],
	"12": [
		0.3189453125,
		0.14583333333333334
	],
	"13": [
		0.523828125,
		0.15729166666666666
	],
	"14": [
		0.2642578125,
		0.13784722222222223
	],
	"15": [
		0.2490234375,
		0.04097222222222222
	],
	"16": [
		0.2939453125,
		0.08611111111111111
	],
	"17": [
		0.3533203125,
		0.14027777777777778
	],
	"18": [
		0.42109375,
		0.14583333333333334
	],
	"19": [
		0.42109375,
		0.14583333333333334
	],
	"20": [
		0.35390625,
		0.13993055555555556
	],
	"21": [
		0.4896484375,
		0.153125
	],
	"22": [
		0.490625,
		0.14965277777777777
	],
	"23": [
		0.5248046875,
		0.146875
	],
	"24": [
		0.3873046875,
		0.14930555555555555
	],
	"25": [
		0.2568359375,
		0.11215277777777778
	],
	"26": [
		0.254296875,
		0.046875
	],
	"27": [
		0.2859375,
		0.13020833333333334
	],
	"28": [
		0.31875,
		0.14895833333333333
	],
	"29": [
		0.2859375,
		0.13506944444444444
	],
	"30": [
		0.42109375,
		0.14583333333333334
	],
	"31": [
		0.2951171875,
		0.08506944444444445
	],
	"32": [
		0.387109375,
		0.15138888888888888
	],
	"33": [
		0.0841796875,
		0.109375
	],
	"34": [
		0.0880859375,
		0.10590277777777778
	],
	"35": [
		0.3189453125,
		0.15625
	],
	"36": [
		0.3830078125,
		0.13159722222222223
	],
	"37": [
		0.2513671875,
		0.044444444444444446
	],
	"38": [
		0.48984375,
		0.14895833333333333
	],
	"39": [
		0.2537109375,
		0.15416666666666667
	],
	"40": [
		0.531640625,
		0.13784722222222223
	],
	"41": [
		0.4572265625,
		0.140625
	],
	"42": [
		0.2810546875,
		0.09965277777777778
	],
	"43": [
		0.45546875,
		0.15555555555555556
	],
	"44": [
		0.2087890625,
		0.05
	],
	"45": [
		0.16015625,
		0.12291666666666666
	],
	"46": [
		0.2875,
		0.0625
	],
	"47": [
		0.5248046875,
		0.146875
	],
	"48": [
		0.2814453125,
		0.09826388888888889
	],
	"49": [
		0.319140625,
		0.15208333333333332
	],
	"50": [
		0.2861328125,
		0.13229166666666667
	],
	"51": [
		0.3876953125,
		0.1517361111111111
	],
	"52": [
		0.4908203125,
		0.1486111111111111
	],
	"53": [
		0.4556640625,
		0.15243055555555557
	],
	"54": [
		0.4556640625,
		0.15243055555555557
	],
	"55": [
		0.42109375,
		0.14583333333333334
	],
	"56": [
		0.2859375,
		0.13194444444444445
	],
	"57": [
		0.523828125,
		0.15659722222222222
	],
	"58": [
		0.4556640625,
		0.1527777777777778
	],
	"59": [
		0.31875,
		0.14895833333333333
	],
	"60": [
		0.353125,
		0.13958333333333334
	],
	"61": [
		0.253515625,
		0.04479166666666667
	],
	"62": [
		0.31953125,
		0.14583333333333334
	],
	"63": [
		0.2958984375,
		0.08576388888888889
	],
	"64": [
		0.254296875,
		0.15208333333333332
	],
	"65": [
		0.0638671875,
		0.10729166666666666
	],
	"66": [
		0.2951171875,
		0.08576388888888889
	],
	"67": [
		0.45546875,
		0.1545138888888889
	],
	"68": [
		0.4908203125,
		0.14791666666666667
	],
	"69": [
		0.531640625,
		0.13784722222222223
	],
	"70": [
		0.40703125,
		0.8465277777777778
	],
	"71": [
		0.318359375,
		0.14791666666666667
	],
	"72": [
		0.4943359375,
		0.8538194444444445
	],
	"73": [
		0.1572265625,
		0.11527777777777778
	],
	"74": [
		0.3876953125,
		0.1517361111111111
	],
	"75": [
		0.251953125,
		0.04895833333333333
	],
	"76": [
		0.42109375,
		0.14583333333333334
	],
	"77": [
		0.2517578125,
		0.04375
	],
	"78": [
		0.2568359375,
		0.11215277777777778
	],
	"79": [
		0.421484375,
		0.1517361111111111
	],
	"80": [
		0.48984375,
		0.1486111111111111
	],
	"81": [
		0.48984375,
		0.15381944444444445
	],
	"82": [
		0.2642578125,
		0.13784722222222223
	],
	"83": [
		0.0943359375,
		0.09861111111111111
	],
	"84": [
		0.290625,
		0.06145833333333333
	],
	"85": [
		0.4556640625,
		0.1527777777777778
	],
	"86": [
		0.4775390625,
		0.853125
	],
	"87": [
		0.4822265625,
		0.8534722222222222
	],
	"88": [
		0.2873046875,
		0.06875
	],
	"89": [
		0.48515625,
		0.8534722222222222
	],
	"90": [
		0.387109375,
		0.15
	],
	"91": [
		0.560546875,
		0.1527777777777778
	],
	"92": [
		0.2669921875,
		0.11145833333333334
	],
	"93": [
		0.2873046875,
		0.0625
	],
	"94": [
		0.5619140625,
		0.8597222222222223
	],
	"95": [
		0.224609375,
		0.12118055555555556
	],
	"96": [
		0.2876953125,
		0.06354166666666666
	],
	"97": [
		0.2853515625,
		0.09444444444444444
	],
	"98": [
		0.26015625,
		0.13819444444444445
	],
	"99": [
		0.3533203125,
		0.14027777777777778
	],
	"100": [
		0.263671875,
		0.1375
	],
	"101": [
		0.52265625,
		0.8565972222222222
	],
	"102": [
		0.10078125,
		0.11388888888888889
	],
	"103": [
		0.3533203125,
		0.14027777777777778
	],
	"104": [
		0.2505859375,
		0.11597222222222223
	],
	"105": [
		0.0490234375,
		0.10243055555555555
	],
	"106": [
		0.2599609375,
		0.13819444444444445
	],
	"107": [
		0.35078125,
		0.146875
	],
	"108": [
		0.3876953125,
		0.14965277777777777
	],
	"109": [
		0.2880859375,
		0.06875
	],
	"110": [
		0.290234375,
		0.09027777777777778
	],
	"111": [
		0.4275390625,
		0.8486111111111111
	],
	"112": [
		0.0658203125,
		0.12638888888888888
	],
	"113": [
		0.5609375,
		0.15138888888888888
	],
	"114": [
		0.0810546875,
		0.11527777777777778
	],
	"115": [
		0.3876953125,
		0.14965277777777777
	],
	"116": [
		0.4908203125,
		0.14791666666666667
	],
	"117": [
		0.270703125,
		0.052083333333333336
	],
	"118": [
		0.42109375,
		0.14583333333333334
	],
	"119": [
		0.560546875,
		0.15034722222222222
	],
	"120": [
		0.256640625,
		0.10520833333333333
	],
	"121": [
		0.2880859375,
		0.0642361111111111
	],
	"122": [
		0.2947265625,
		0.08576388888888889
	],
	"123": [
		0.2513671875,
		0.04375
	],
	"124": [
		0.2875,
		0.09236111111111112
	],
	"125": [
		0.42109375,
		0.14548611111111112
	],
	"126": [
		0.083984375,
		0.109375
	],
	"127": [
		0.2630859375,
		0.1375
	],
	"128": [
		0.4646484375,
		0.13645833333333332
	],
	"129": [
		0.253125,
		0.1125
	],
	"130": [
		0.290625,
		0.06145833333333333
	],
	"131": [
		0.0943359375,
		0.09861111111111111
	],
	"132": [
		0.1525390625,
		0.12083333333333333
	],
	"133": [
		0.4212890625,
		0.14652777777777778
	],
	"134": [
		0.0865234375,
		0.10659722222222222
	],
	"135": [
		0.2583984375,
		0.8319444444444445
	],
	"136": [
		0.1291015625,
		0.8253472222222222
	],
	"137": [
		0.0322265625,
		0.3034722222222222
	],
	"138": [
		0.387109375,
		0.14548611111111112
	],
	"139": [
		0.353125,
		0.1371527777777778
	],
	"140": [
		0.2513671875,
		0.04131944444444444
	],
	"141": [
		0.4896484375,
		0.15
	],
	"142": [
		0.5236328125,
		0.15659722222222222
	],
	"143": [
		0.28671875,
		0.1371527777777778
	],
	"144": [
		0.42109375,
		0.14548611111111112
	],
	"145": [
		0.4896484375,
		0.15
	],
	"146": [
		0.2828125,
		0.06041666666666667
	],
	"147": [
		0.3525390625,
		0.14097222222222222
	],
	"148": [
		0.0669921875,
		0.8458333333333333
	],
	"149": [
		0.560546875,
		0.15034722222222222
	],
	"150": [
		0.2859375,
		0.13055555555555556
	],
	"151": [
		0.2669921875,
		0.1375
	],
	"152": [
		0.2861328125,
		0.06805555555555555
	],
	"153": [
		0.1509765625,
		0.8486111111111111
	],
	"154": [
		0.14921875,
		0.18541666666666667
	],
	"155": [
		0.42109375,
		0.14548611111111112
	],
	"156": [
		0.264453125,
		0.13680555555555557
	],
	"157": [
		0.42109375,
		0.14583333333333334
	],
	"158": [
		0.45546875,
		0.15659722222222222
	],
	"159": [
		0.2080078125,
		0.049305555555555554
	],
	"160": [
		0.084375,
		0.10972222222222222
	],
	"161": [
		0.0810546875,
		0.11701388888888889
	],
	"162": [
		0.4896484375,
		0.14965277777777777
	],
	"163": [
		0.2822265625,
		0.09340277777777778
	],
	"164": [
		0.3533203125,
		0.13958333333333334
	],