{
	"CornerNorthWest": [
		0.1348314606741573,
		0.5414415546341668
	],
	"CornerNorthEast": [
		0.16573033707865167,
		0.1581438204129497
	],
	"CornerSouthEast": [
		0.48174157303370785,
		0.1527830129413243
	],
	"CornerSouthWest": [
		0.4887640449438202,
		0.5521631695774176
	]
}