{
	"0": [
		0.7703125,
		0.08159722222222222
	],
	"1": [
		0.43984375,
		0.1
	],
	"2": [
		0.807421875,
		0.07256944444444445
	],
	"3": [
		0.6890625,
		0.06145833333333333
	],
	"4": [
		0.5291015625,
		0.049652777777777775
	],
	"5": [
		0.7705078125,
		0.08923611111111111
	],
	"6": [
		0.445703125,
		0.090625
	],
	"7": [
		0.7654296875,
		0.10347222222222222
	],
	"8": [
		0.2228515625,
		0.16701388888888888
	],
	"9": [
		0.6400390625,
		0.03958333333333333
	],
	"10": [
		0.165234375,
		0.19236111111111112
	],
	"11": [
		0.3546875,
		0.12013888888888889
	],
	"12": [
		0.3140625,
		0.13506944444444444
	],
	"13": [
		0.348046875,
		0.13125
	],
	"14": [
		0.14296875,
		0.17048611111111112
	],
	"15": [
		0.85390625,
		0.05486111111111111
	],
	"16": [
		0.8169921875,
		0.05
	],
	"17": [
		0.308984375,
		0.146875
	],
	"18": [
		0.29140625,
		0.1597222222222222
	],
	"19": [
		0.175390625,
		0.18125
	],
	"20": [
		0.2892578125,
		0.12777777777777777
	],
	"21": [
		0.29296875,
		0.14722222222222223
	],
	"22": [
		0.92890625,
		0.06493055555555556
	],
	"23": [
		0.148828125,
		0.9458333333333333
	],
	"24": [
		0.7513671875,
		0.0954861111111111
	],
	"25": [
		0.1431640625,
		0.20972222222222223
	],
	"26": [
		0.1703125,
		0.9510416666666667
	],
	"27": [
		0.419140625,
		0.11701388888888889
	],
	"28": [
		0.76484375,
		0.08819444444444445
	],
	"29": [
		0.20859375,
		0.17604166666666668
	],
	"30": [
		0.469140625,
		0.08611111111111111
	],
	"31": [
		0.9294921875,
		0.05694444444444444
	],
	"32": [
		0.9291015625,
		0.07048611111111111
	],
	"33": [
		0.4203125,
		0.09895833333333333
	],
	"34": [
		0.29765625,
		0.11284722222222222
	],
	"35": [
		0.6693359375,
		0.041666666666666664
	],
	"36": [
		0.1525390625,
		0.9461805555555556
	],
	"37": [
		0.1607421875,
		0.16458333333333333
	],
	"38": [
		0.681640625,
		0.33784722222222224
	],
	"39": [
		0.8171875,
		0.057291666666666664
	],
	"40": [
		0.32734375,
		0.13958333333333334
	],
	"41": [
		0.191796875,
		0.18506944444444445
	],
	"42": [
		0.229296875,
		0.17395833333333333
	],
	"43": [
		0.7580078125,
		0.07395833333333333
	],
	"44": [
		0.800390625,
		0.10277777777777777
	],
	"45": [
		0.2927734375,
		0.13229166666666667
	],
	"46": [
		0.68125,
		0.36354166666666665
	],
	"47": [
		0.1884765625,
		0.5857638888888889
	],
	"48": [
		0.681640625,
		0.33784722222222224
	],
	"49": [
		0.48515625,
		0.07534722222222222
	],
	"50": [
		0.197265625,
		0.18784722222222222
	],
	"51": [
		0.2962890625,
		0.12465277777777778
	],
	"52": [
		0.6810546875,
		0.3385416666666667
	],
	"53": [
		0.0173828125,
		0.9201388888888888
	],
	"54": [
		0.714453125,
		0.058680555555555555
	],
	"55": [
		0.7869140625,
		0.21979166666666666
	],
	"56": [
		0.2244140625,
		0.18333333333333332
	],
	"57": [
		0.152734375,
		0.16944444444444445
	],
	"58": [
		0.7689453125,
		0.07708333333333334
	],
	"59": [
		0.423828125,
		0.10729166666666666
	],
	"60": [
		0.147265625,
		0.19270833333333334
	],
	"61": [
		0.2306640625,
		0.1795138888888889
	],
	"62": [
		0.200390625,
		0.17291666666666666
	],
	"63": [
		0.2966796875,
		0.153125
	],
	"64": [
		0.4900390625,
		0.08958333333333333
	],
	"65": [
		0.152734375,
		0.20416666666666666
	],
	"66": [
		0.6853515625,
		0.35659722222222223
	],
	"67": [
		0.3384765625,
		0.1284722222222222
	],
	"68": [
		0.7455078125,
		0.0798611111111111
	],
	"69": [
		0.2072265625,
		0.18368055555555557
	],
	"70": [
		0.1818359375,
		0.5913194444444444
	],
	"71": [
		0.1484375,
		0.17881944444444445
	],
	"72": [
		0.230859375,
		0.16527777777777777
	],
	"73": [
		0.451171875,
		0.09479166666666666
	],
	"74": [
		0.7732421875,
		0.09583333333333334
	],
	"75": [
		0.6697265625,
		0.05
	],
	"76": [
		0.7416015625,
		0.04791666666666667
	],
	"77": [
		0.7548828125,
		0.08159722222222222
	],
	"78": [
		0.852734375,
		0.06180555555555556
	],
	"79": [
		0.7544921875,
		0.078125
	],
	"80": [
		0.335546875,
		0.140625
	],
	"81": [
		0.7494140625,
		0.06701388888888889
	],
	"82": [
		0.464453125,
		0.08333333333333333
	],
	"83": [
		0.684765625,
		0.35173611111111114
	],
	"84": [
		0.5546875,
		0.05520833333333333
	],
	"85": [
		0.4654296875,
		0.09409722222222222
	],
	"86": [
		0.8005859375,
		0.09791666666666667
	],
	"87": [
		0.65546875,
		0.3079861111111111
	],
	"88": [
		0.48515625,
		0.08958333333333333
	],
	"89": [
		0.1845703125,
		0.1951388888888889
	],
	"90": [
		0.34375,
		0.1371527777777778
	],
	"91": [
		0.4908203125,
		0.07569444444444444
	],
	"92": [
		0.3037109375,
		0.12222222222222222
	],
	"93": [
		0.123046875,
		0.27708333333333335
	],
	"94": [
		0.4544921875,
		0.09756944444444444
	],
	"95": [
		0.22265625,
		0.1798611111111111
	],
	"96": [
		0.7939453125,
		0.10520833333333333
	],
	"97": [
		0.183984375,
		0.17777777777777778
	],
	"98": [
		0.18125,
		0.19791666666666666
	],
	"99": [
		0.777734375,
		0.06805555555555555
	],
	"100": [
		0.640234375,
		0.044097222222222225
	],
	"101": [
		0.705859375,
		0.05243055555555556
	],
	"102": [
		0.362890625,
		0.13229166666666667
	],
	"103": [
		0.23125,
		0.13055555555555556
	],
	"104": [
		0.1763671875,
		0.19652777777777777
	],
	"105": [
		0.225,
		0.1798611111111111
	],
	"106": [
		0.216015625,
		0.184375
	],
	"107": [
		0.3265625,
		0.1451388888888889
	],
	"108": [
		0.765625,
		0.08576388888888889
	],
	"109": [
		0.75,
		0.09965277777777778
	],
	"110": [
		0.350390625,
		0.26284722222222223
	],
	"111": [
		0.484375,
		0.07118055555555555
	],
	"112": [
		0.16875,
		0.19826388888888888
	],
	"113": [
		0.3642578125,
		0.11875
	],
	"114": [
		0.4513671875,
		0.42430555555555555
	],
	"115": [
		0.1865234375,
		0.1684027777777778
	],
	"116": [
		0.0220703125,
		0.5732638888888889
	],
	"117": [
		0.7974609375,
		0.10069444444444445
	],
	"118": [
		0.57890625,
		0.08854166666666667
	],
	"119": [
		0.800390625,
		0.09236111111111112
	],
	"120": [
		0.219921875,
		0.15729166666666666
	],
	"121": [
		0.4439453125,
		0.10243055555555555
	],
	"122": [
		0.174609375,
		0.17118055555555556
	],
	"123": [
		0.7732421875,
		0.10520833333333333
	],
	"124": [
		0.229296875,
		0.5604166666666667
	],
	"125": [
		0.6609375,
		0.03993055555555555
	],
	"126": [
		0.3103515625,
		0.1517361111111111
	],
	"127": [
		0.3515625,
		0.11388888888888889
	],
	"128": [
		0.6126953125,
		0.04513888888888889
	],
	"129": [
		0.441796875,
		0.10520833333333333
	],
	"130": [
		0.227734375,
		0.153125
	],
	"131": [
		0.853125,
		0.059375
	],
	"132": [
		0.44375,
		0.08229166666666667
	],
	"133": [
		0.0568359375,
		0.3996527777777778
	],
	"134": [
		0.3599609375,
		0.13506944444444444
	],
	"135": [
		0.9640625,
		0.06840277777777778
	],
	"136": [
		0.22734375,
		0.1607638888888889
	],
	"137": [
		0.1919921875,
		0.1684027777777778
	],
	"138": [
		0.3115234375,
		0.12916666666666668
	],
	"139": [
		0.7869140625,
		0.09965277777777778
	],
	"140": [
		0.3576171875,
		0.134375
	],
	"141": [
		0.640234375,
		0.04548611111111111
	],
	"142": [
		0.537890625,
		0.05659722222222222
	],
	"143": [
		0.4380859375,
		0.43472222222222223
	],
	"144": [
		0.7650390625,
		0.084375
	],
	"145": [
		0.760546875,
		0.065625
	],
	"146": [
		0.3599609375,
		0.1125
	],
	"147": [
		0.58359375,
		0.04861111111111111
	],
	"148": [
		0.3224609375,
		0.12777777777777777
	],
	"149": [
		0.491015625,
		0.06701388888888889
	],
	"150": [
		0.076171875,
		0.3909722222222222
	],
	"151": [
		0.88359375,
		0.046875
	],
	"152": [
		0.306640625,
		0.11388888888888889
	],
	"153": [
		0.770703125,
		0.09791666666666667
	],
	"154": [
		0.3140625,
		0.10729166666666666
	],
	"155": [
		0.2884765625,
		0.12083333333333333
	],
	"156": [
		0.198046875,
		0.16666666666666666
	],
	"157": [
		0.2203125,
		0.13055555555555556
	],
	"158": [
		0.4494140625,
		0.10034722222222223
	],
	"159": [
		0.4646484375,
		0.07604166666666666
	],
	"160": [
		0.4509765625,
		0.0798611111111111
	],
	"161": [
		0.2177734375,
		0.24375
	],
	"162": [
		0.2029296875,
		0.1423611111111111
	],
	"163": [
		0.4642578125,
		0.07708333333333334
	],