{
	"SixYardNorthForwardWest": [
		0.21566401816118047,
		0.5980683894544505
	],
	"GoalPostNorthWest": [
		0.1713961407491487,
		0.4978334638475594
	],
	"PenaltyCircleNorthWest": [
		0.7729852440408627,
		0.6782563299399634
	]
}