{
	"CornerNorthEast": [
		0.20752269779507135,
		0.12696423910206212
	],
	"SixYardNorthForwardEast": [
		0.07392996108949416,
		0.2572696423910206
	],
	"PenaltyCircleNorthEast": [
		0.2905317769130999,
		0.27731662751239883
	],
	"EighteenYardNorthForwardEast": [
		0.39169909208819714,
		0.22719916470895327
	]
}