{
	"0": [
		0.465625,
		0.058333333333333334
	],
	"1": [
		0.314453125,
		0.05243055555555556
	],
	"2": [
		0.630078125,
		0.06944444444444445
	],
	"3": [
		0.583203125,
		0.065625
	],
	"4": [
		0.23984375,
		0.04479166666666667
	],
	"5": [
		0.3873046875,
		0.05555555555555555
	],
	"6": [
		0.8314453125,
		0.07881944444444444
	],
	"7": [
		0.3849609375,
		0.053125
	],
	"8": [
		0.3376953125,
		0.05277777777777778
	],
	"9": [
		0.09140625,
		0.09444444444444444
	],
	"10": [
		0.5435546875,
		0.058333333333333334
	],
	"11": [
		0.2998046875,
		0.09409722222222222
	],
	"12": [
		0.5451171875,
		0.06736111111111111
	],
	"13": [
		0.801953125,
		0.08402777777777778
	],
	"14": [
		0.4607421875,
		0.05416666666666667
	],
	"15": [
		0.2744140625,
		0.03784722222222222
	],
	"16": [
		0.4171875,
		0.060069444444444446
	],
	"17": [
		0.5833984375,
		0.05694444444444444
	],
	"18": [
		0.66875,
		0.06631944444444444
	],
	"19": [
		0.66875,
		0.06631944444444444
	],
	"20": [
		0.5845703125,
		0.05451388888888889
	],
	"21": [
		0.7375,
		0.07708333333333334
	],
	"22": [
		0.75390625,
		0.071875
	],
	"23": [
		0.8037109375,
		0.06666666666666667
	],
	"24": [
		0.6283203125,
		0.06076388888888889
	],
	"25": [
		0.2921875,
		0.1
	],
	"26": [
		0.265625,
		0.04513888888888889
	],
	"27": [
		0.5046875,
		0.05381944444444445
	],
	"28": [
		0.5423828125,
		0.07395833333333333
	],
	"29": [
		0.5001953125,
		0.0642361111111111
	],
	"30": [
		0.6689453125,
		0.06215277777777778
	],
	"31": [
		0.423046875,
		0.050347222222222224
	],
	"32": [
		0.6267578125,
		0.07534722222222222
	],
	"33": [
		0.1095703125,
		0.10243055555555555
	],
	"34": [
		0.11015625,
		0.10034722222222223
	],
	"35": [
		0.54296875,
		0.0798611111111111
	],
	"36": [
		0.6138671875,
		0.04791666666666667
	],
	"37": [
		0.273828125,
		0.04131944444444444
	],
	"38": [
		0.75625,
		0.06701388888888889
	],
	"39": [
		0.462109375,
		0.07569444444444444
	],
	"40": [
		0.808203125,
		0.06770833333333333
	],
	"41": [
		0.7162109375,
		0.058333333333333334
	],
	"42": [
		0.383984375,
		0.06458333333333334
	],
	"43": [
		0.7125,
		0.08229166666666667
	],
	"44": [
		0.242578125,
		0.044444444444444446
	],
	"45": [
		0.228125,
		0.10833333333333334
	],
	"46": [
		0.313671875,
		0.05277777777777778
	],
	"47": [
		0.0453125,
		0.08888888888888889
	],
	"48": [
		0.8037109375,
		0.06666666666666667
	],
	"49": [
		0.3818359375,
		0.065625
	],
	"50": [
		0.5421875,
		0.07569444444444444
	],
	"51": [
		0.5044921875,
		0.057291666666666664
	],
	"52": [
		0.6275390625,
		0.07743055555555556
	],
	"53": [
		0.755859375,
		0.06875
	],
	"54": [
		0.7140625,
		0.06770833333333333
	],
	"55": [
		0.713671875,
		0.071875
	],
	"56": [
		0.668359375,
		0.06631944444444444
	],
	"57": [
		0.4984375,
		0.059375
	],
	"58": [
		0.80234375,
		0.08402777777777778
	],
	"59": [
		0.7123046875,
		0.075
	],
	"60": [
		0.544140625,
		0.07222222222222222
	],
	"61": [
		0.585546875,
		0.060069444444444446
	],
	"62": [
		0.26796875,
		0.04375
	],
	"63": [
		0.5458984375,
		0.06284722222222222
	],
	"64": [
		0.409765625,
		0.049652777777777775
	],
	"65": [
		0.462890625,
		0.07222222222222222
	],
	"66": [
		0.092578125,
		0.09409722222222222
	],
	"67": [
		0.2919921875,
		0.10243055555555555
	],
	"68": [
		0.4234375,
		0.05277777777777778
	],
	"69": [
		0.7125,
		0.08194444444444444
	],
	"70": [
		0.7548828125,
		0.06979166666666667
	],
	"71": [
		0.808203125,
		0.06770833333333333
	],
	"72": [
		0.640234375,
		0.9138888888888889
	],
	"73": [
		0.543359375,
		0.071875
	],
	"74": [
		0.756640625,
		0.9315972222222222
	],
	"75": [
		0.20859375,
		0.10555555555555556
	],
	"76": [
		0.6283203125,
		0.078125
	],
	"77": [
		0.258984375,
		0.04826388888888889
	],
	"78": [
		0.669140625,
		0.06527777777777778
	],
	"79": [
		0.272265625,
		0.04097222222222222
	],
	"80": [
		0.2998046875,
		0.1
	],
	"81": [
		0.6541015625,
		0.07743055555555556
	],
	"82": [
		0.7552734375,
		0.06979166666666667
	],
	"83": [
		0.7396484375,
		0.08055555555555556
	],
	"84": [
		0.4658203125,
		0.05694444444444444
	],
	"85": [
		0.1087890625,
		0.0954861111111111
	],
	"86": [
		0.344140625,
		0.04826388888888889
	],
	"87": [
		0.119921875,
		0.8392361111111111
	],
	"88": [
		0.7123046875,
		0.075
	],
	"89": [
		0.7533203125,
		0.9347222222222222
	],
	"90": [
		0.7263671875,
		0.9288194444444444
	],
	"91": [
		0.315625,
		0.057291666666666664
	],
	"92": [
		0.7314453125,
		0.93125
	],
	"93": [
		0.628515625,
		0.06840277777777778
	],
	"94": [
		0.834765625,
		0.0798611111111111
	],
	"95": [
		0.3841796875,
		0.065625
	],
	"96": [
		0.312890625,
		0.05277777777777778
	],
	"97": [
		0.82421875,
		0.9451388888888889
	],
	"98": [
		0.295703125,
		0.10173611111111111
	],
	"99": [
		0.3150390625,
		0.05416666666666667
	],
	"100": [
		0.3841796875,
		0.060069444444444446
	],
	"101": [
		0.4619140625,
		0.06527777777777778
	],
	"102": [
		0.0375,
		0.08611111111111111
	],
	"103": [
		0.0384765625,
		0.8815972222222223
	],
	"104": [
		0.5849609375,
		0.06041666666666667
	],
	"105": [
		0.46328125,
		0.06076388888888889
	],
	"106": [
		0.8,
		0.9413194444444445
	],
	"107": [
		0.143359375,
		0.10416666666666667
	],
	"108": [
		0.5861328125,
		0.059722222222222225
	],
	"109": [
		0.294921875,
		0.10034722222222223
	],
	"110": [
		0.0826171875,
		0.09479166666666666
	],
	"111": [
		0.4654296875,
		0.06493055555555556
	],
	"112": [
		0.5697265625,
		0.071875
	],
	"113": [
		0.119140625,
		0.8381944444444445
	],
	"114": [
		0.6275390625,
		0.07083333333333333
	],
	"115": [
		0.3138671875,
		0.057291666666666664
	],
	"116": [
		0.3861328125,
		0.05625
	],
	"117": [
		0.6681640625,
		0.9197916666666667
	],
	"118": [
		0.0962890625,
		0.10173611111111111
	],
	"119": [
		0.8162109375,
		0.06701388888888889
	],
	"120": [
		0.1087890625,
		0.10347222222222222
	],
	"121": [
		0.132421875,
		0.10520833333333333
	],
	"122": [
		0.6275390625,
		0.07118055555555555
	],
	"123": [
		0.7462890625,
		0.06736111111111111
	],
	"124": [
		0.2802734375,
		0.051041666666666666
	],
	"125": [
		0.6689453125,
		0.06527777777777778
	],
	"126": [
		0.8392578125,
		0.071875
	],
	"127": [
		0.297265625,
		0.10104166666666667
	],
	"128": [
		0.3154296875,
		0.05416666666666667
	],
	"129": [
		0.4228515625,
		0.05381944444444445
	],
	"130": [
		0.2705078125,
		0.04097222222222222
	],
	"131": [
		0.3845703125,
		0.059027777777777776
	],
	"132": [
		0.66796875,
		0.06979166666666667
	],
	"133": [
		0.0931640625,
		0.8340277777777778
	],
	"134": [
		0.109765625,
		0.103125
	],
	"135": [
		0.4685546875,
		0.06701388888888889
	],
	"136": [
		0.72265625,
		0.0642361111111111
	],
	"137": [
		0.034375,
		0.08402777777777778
	],
	"138": [
		0.2923828125,
		0.1
	],
	"139": [
		0.3439453125,
		0.049305555555555554
	],
	"140": [
		0.115625,
		0.8378472222222222
	],
	"141": [
		0.1087890625,
		0.0954861111111111
	],
	"142": [
		0.2091796875,
		0.10694444444444444
	],
	"143": [
		0.66953125,
		0.06076388888888889
	],
	"144": [
		0.109375,
		0.10069444444444445
	],
	"145": [
		0.446875,
		0.8826388888888889
	],
	"146": [
		0.1640625,
		0.8451388888888889
	],
	"147": [
		0.3216796875,
		0.8670138888888889
	],
	"148": [
		0.2076171875,
		0.24791666666666667
	],
	"149": [
		0.634375,
		0.060069444444444446
	],
	"150": [
		0.5845703125,
		0.052083333333333336
	],
	"151": [
		0.284765625,
		0.035416666666666666
	],
	"152": [
		0.75390625,
		0.07395833333333333
	],
	"153": [
		0.801171875,
		0.084375
	],
	"154": [
		0.501171875,
		0.06666666666666667
	],
	"155": [
		0.66796875,
		0.06875
	],
	"156": [
		0.7373046875,
		0.06458333333333334
	],
	"157": [
		0.2921875,
		0.057291666666666664
	],
	"158": [
		0.0349609375,
		0.08541666666666667
	],
	"159": [
		0.0498046875,
		0.8690972222222222
	],
	"160": [
		0.5703125,
		0.05763888888888889
	],
	"161": [
		0.2380859375,
		0.8878472222222222
	],
	"162": [
		0.05234375,
		0.8621527777777778
	],
	"163": [
		0.8365234375,
		0.06736111111111111
	],
	"164": [
		0.503515625,
		0.058680555555555555
	],