{
	"SixYardNorthRearWest": [
		0.09648127128263337,
		0.20381101540067867
	],
	"PenaltyCircleNorthEast": [
		0.3337116912599319,
		0.23054032889584966
	]
}