{
	"PenaltySpotNorth": [
		0.08875,
		0.32930051453205395
	],
	"SixYardNorthForwardEast": [
		0.075,
		0.26403374588606127
	]
}