{
	"0": [
		0.3875,
		0.4027777777777778
	],
	"1": [
		0.334375,
		0.49166666666666664
	],
	"2": [
		0.3359375,
		0.2611111111111111
	],
	"3": [
		0.278125,
		0.3
	],
	"4": [
		0.225,
		0.3333333333333333
	],
	"5": [
		0.1671875,
		0.36944444444444446
	],
	"6": [
		0.1140625,
		0.4027777777777778
	],
	"7": [
		0.05625,
		0.4388888888888889
	],
	"8": [
		0.059375,
		0.25833333333333336
	],
	"9": [
		0.0015625,
		0.2916666666666667
	],
	"10": [
		0.390625,
		0.225
	],
	"11": [
		0.334375,
		0.2638888888888889
	],
	"12": [
		0.0578125,
		0.4388888888888889
	],
	"13": [
		0.0015625,
		0.475
	],
	"14": [
		0.059375,
		0.20555555555555555
	],
	"15": [
		0.0015625,
		0.23055555555555557
	],
	"16": [
		0.28125,
		0.35833333333333334
	],
	"17": [
		0.2234375,
		0.37777777777777777
	],
	"18": [
		0.3359375,
		0.16944444444444445
	],
	"19": [
		0.278125,
		0.15555555555555556
	],
	"20": [
		0.946875,
		0.9611111111111111
	],
	"21": [
		0.8890625,
		0.9472222222222222
	],
	"22": [
		0.225,
		0.15
	],
	"23": [
		0.1671875,
		0.16111111111111112
	],
	"24": [
		0.3359375,
		0.8472222222222222
	],
	"25": [
		0.278125,
		0.8361111111111111
	],
	"26": [
		0.446875,
		0.8638888888888889
	],
	"27": [
		0.3890625,
		0.8527777777777777
	],
	"28": [
		0.5578125,
		0.8833333333333333
	],
	"29": [
		0.5,
		0.8722222222222222
	],
	"30": [
		0.6140625,
		0.8944444444444445
	],
	"31": [
		0.55625,
		0.8833333333333333
	],
	"32": [
		0.725,
		0.9138888888888889
	],
	"33": [
		0.6671875,
		0.9027777777777778
	],
	"34": [
		0.8359375,
		0.9361111111111111
	],
	"35": [
		0.778125,
		0.925
	],
	"36": [
		0.390625,
		0.17222222222222222
	],
	"37": [
		0.3328125,
		0.1638888888888889
	],
	"38": [
		0.446875,
		0.16944444444444445
	],
	"39": [
		0.3890625,
		0.16111111111111112
	],
	"40": [
		0.1140625,
		0.8138888888888889
	],
	"41": [
		0.05625,
		0.8055555555555556
	],
	"42": [
		0.225,
		0.8277777777777777
	],
	"43": [
		0.1671875,
		0.8194444444444444
	],
	"44": [
		0.16875,
		0.16111111111111112
	],
	"45": [
		0.1125,
		0.18611111111111112
	],
	"46": [
		0.16875,
		0.36944444444444446
	],
	"47": [
		0.1140625,
		0.4027777777777778
	],
	"48": [
		0.278125,
		0.3
	],
	"49": [
		0.2234375,
		0.3333333333333333
	],
	"50": [
		1,
		0.3527777777777778
	],
	"51": [
		0.94375,
		0.36944444444444446
	],
	"52": [
		1,
		0.48055555555555557
	],
	"53": [
		0.9453125,
		0.4527777777777778
	],
	"54": [
		0.94375,
		0.9583333333333334
	],
	"55": [
		1,
		0.9722222222222222
	],
	"56": [
		0.0578125,
		0.08333333333333333
	],
	"57": [
		0.0015625,
		0.09444444444444444
	],
	"58": [
		0.2796875,
		0.8388888888888889
	],
	"59": [
		0.2234375,
		0.8277777777777777
	],
	"60": [
		0.390625,
		0.8555555555555555
	],
	"61": [
		0.334375,
		0.8444444444444444
	],
	"62": [
		0.7796875,
		0.925
	],
	"63": [
		0.7234375,
		0.9138888888888889
	],
	"64": [
		0.890625,
		0.9472222222222222
	],
	"65": [
		0.834375,
		0.9361111111111111
	],
	"66": [
		0.2796875,
		0.15833333333333333
	],
	"67": [
		0.2234375,
		0.15
	],
	"68": [
		0.16875,
		0.8194444444444444
	],
	"69": [
		0.1125,
		0.8111111111111111
	],
	"70": [
		0.5015625,
		0.8722222222222222
	],
	"71": [
		0.4453125,
		0.8638888888888889
	],
	"72": [
		0.66875,
		0.9027777777777778
	],
	"73": [
		0.6125,
		0.8944444444444445
	],
	"74": [
		0.0578125,
		0.25555555555555554
	],
	"75": [
		0.0015625,
		0.25
	],
	"76": [
		0.0578125,
		0.8055555555555556
	],
	"77": [
		0.0015625,
		0.8
	],
	"78": [
		0.1140625,
		0.2
	],
	"79": [
		0.059375,
		0.20555555555555555
	],
	"80": [
		0.6671875,
		0.18055555555555555
	],
	"81": [
		0.6125,
		0.18333333333333332
	],
	"82": [
		0.3265625,
		0.32222222222222224
	],
	"83": [
		0.278125,
		0.3611111111111111
	],
	"84": [
		0.384375,
		0.44166666666666665
	],
	"85": [
		0.334375,
		0.4638888888888889
	],
	"86": [
		0.3640625,
		0.3972222222222222
	],
	"87": [
		0.375,
		0.4861111111111111
	],
	"88": [
		0.2171875,
		0.1
	],
	"89": [
		0.1796875,
		0.15833333333333333
	],
	"90": [
		0.715625,
		0.1
	],
	"91": [
		0.6671875,
		0.10277777777777777
	],
	"92": [
		0.909375,
		0.40555555555555556
	],
	"93": [
		0.9484375,
		0.45555555555555555
	],
	"94": [
		0.375,
		0.4861111111111111
	],
	"95": [
		0.3359375,
		0.45555555555555555
	],
	"96": [
		0.946875,
		0.36944444444444446
	],
	"97": [
		0.909375,
		0.40555555555555556
	],
	"98": [
		0.9359375,
		0.9916666666666667
	],
	"99": [
		0.89375,
		0.9833333333333333
	],
	"100": [
		0.1140625,
		0.18055555555555555
	],
	"101": [
		0.0734375,
		0.2
	],
	"102": [
		0.375,
		0.46944444444444444
	],
	"103": [
		0.334375,
		0.4861111111111111
	],
	"104": [
		0.8625,
		0.23333333333333334
	],
	"105": [
		0.8890625,
		0.28888888888888886
	],
	"106": [
		0.2234375,
		0.8583333333333333
	],
	"107": [
		0.1828125,
		0.8666666666666667
	],
	"108": [
		0.225,
		0.37777777777777777
	],
	"109": [
		0.1859375,
		0.3861111111111111
	],
	"110": [
		0.8328125,
		0.9722222222222222
	],
	"111": [
		0.79375,
		0.9638888888888889
	],
	"112": [
		0.653125,
		0.6111111111111112
	],
	"113": [
		0.625,
		0.6583333333333333
	],
	"114": [
		0.284375,
		0.13055555555555556
	],
	"115": [
		0.315625,
		0.16944444444444445
	],
	"116": [
		0.2953125,
		0.13055555555555556
	],
	"117": [
		0.3265625,
		0.16944444444444445
	],
	"118": [
		0.8046875,
		0.7
	],
	"119": [
		0.778125,
		0.7472222222222222
	],
	"120": [
		0.4125,
		0.14166666666666666
	],
	"121": [
		0.4421875,
		0.17777777777777778
	],
	"122": [
		0.203125,
		0.20833333333333334
	],
	"123": [
		0.1671875,
		0.20555555555555555
	],
	"124": [
		0.3953125,
		0.058333333333333334
	],
	"125": [
		0.4234375,
		0.09722222222222222
	],
	"126": [
		0.009375,
		0.1
	],
	"127": [
		0.0359375,
		0.14166666666666666
	],
	"128": [
		0.2171875,
		0.1
	],
	"129": [
		0.225,
		0.16111111111111112
	],
	"130": [
		0.6984375,
		0.1
	],
	"131": [
		0.6671875,
		0.12777777777777777
	],
	"132": [
		0.3703125,
		0.2111111111111111
	],
	"133": [
		0.3359375,
		0.21944444444444444
	],
	"134": [
		0.3921875,
		0.058333333333333334
	],
	"135": [
		0.3671875,
		0.1
	],
	"136": [
		0.5609375,
		0.225
	],
	"137": [
		0.55625,
		0.2833333333333333
	],
	"138": [
		0.478125,
		0.17222222222222222
	],
	"139": [
		0.4453125,
		0.16666666666666666
	],
	"140": [
		0.5890625,
		0.12777777777777777
	],
	"141": [
		0.55625,
		0.13333333333333333
	],
	"142": [
		0.775,
		0.7083333333333334
	],
	"143": [
		0.8046875,
		0.7305555555555555
	],
	"144": [
		0.203125,
		0.10833333333333334
	],
	"145": [
		0.225,
		0.15
	],
	"146": [
		0.2875,
		0.2916666666666667
	],
	"147": [
		0.31875,
		0.30277777777777776
	],
	"148": [
		0.20625,
		0.10277777777777777
	],
	"149": [
		0.209375,
		0.15833333333333333
	],
	"150": [
		0.3078125,
		0.8722222222222222
	],
	"151": [
		0.2765625,
		0.8666666666666667
	],
	"152": [
		0.3875,
		0.8861111111111111
	],
	"153": [
		0.35625,
		0.8805555555555555
	],
	"154": [
		0.5578125,
		0.9166666666666666
	],
	"155": [
		0.5265625,
		0.9111111111111111
	],
	"156": [
		0.440625,
		0.14444444444444443
	],
	"157": [
		0.415625,
		0.175
	],
	"158": [
		0.5578125,
		0.2777777777777778
	],
	"159": [
		0.5296875,
		0.25833333333333336
	],
	"160": [
		0.315625,
		0.027777777777777776
	],
	"161": [
		0.296875,
		0.06944444444444445
	],
	"162": [
		0.653125,
		0.6111111111111112
	],
	"163": [
		0.65625,
		0.6638888888888889
	],
	"164": [
		0.6125,
		0.925
	],
	"165": [
		0.6421875,
		0.9305555555555556
	],
	"166": [
		0.440625,
		0.14444444444444443
	],
	"167": [
		0.4109375,
		0.14166666666666666
	],
	"168": [
		0.890625,
		0.19166666666666668
	],
	"169": [
		0.8609375,
		0.19166666666666668
	],
	"170": [
		0.04375,
		0.1
	],
	"171": [
		0.028125,
		0.14444444444444443
	],
	"172": [
		0.7875,
		0.6972222222222222
	],
	"173": [
		0.8046875,
		0.7388888888888889
	],
	"174": [
		0.7734375,
		0.625
	],
	"175": [
		0.7671875,
		0.675
	],
	"176": [
		0.328125,
		0.14722222222222223
	],
	"177": [
		0.3015625,
		0.16666666666666666
	],
	"178": [
		0.30625,
		0.13333333333333333
	],