{
	"EighteenYardNorthForwardEast": [
		0.38342696629213485,
		0.21979310633664195
	],
	"PenaltyCircleNorthWest": [
		0.12219101123595505,
		0.39938015663609333
	],
	"SixYardNorthForwardEast": [
		0.06601123595505617,
		0.2519579511663944
	],
	"EighteenYardNorthRearEast": [
		0.08848314606741572,
		0.17958705029945135
	]
}