{
	"0": [
		0.4125,
		0.044444444444444446
	],
	"1": [
		0.29375,
		0.04722222222222222
	],
	"2": [
		0.3703125,
		0.04722222222222222
	],
	"3": [
		0.0171875,
		0.05277777777777778
	],
	"4": [
		0.0578125,
		0.06111111111111111
	],
	"5": [
		0.61875,
		0.06944444444444445
	],
	"6": [
		0.8984375,
		0.075
	],
	"7": [
		0.934375,
		0.075
	],
	"8": [
		0.29375,
		0.08055555555555556
	],
	"9": [
		0.7578125,
		0.08333333333333333
	],
	"10": [
		0.2046875,
		0.10555555555555556
	],
	"11": [
		0.0578125,
		0.11388888888888889
	],
	"12": [
		0.7578125,
		0.11666666666666667
	],
	"13": [
		0.934375,
		0.11944444444444445
	],
	"14": [
		0.9890625,
		0.11944444444444445
	],
	"15": [
		0.8953125,
		0.12222222222222222
	],
	"16": [
		0.3046875,
		0.13333333333333333
	],
	"17": [
		0.540625,
		0.13333333333333333
	],
	"18": [
		0.840625,
		0.13333333333333333
	],
	"19": [
		0.44375,
		0.1388888888888889
	],
	"20": [
		0.6234375,
		0.1388888888888889
	],
	"21": [
		0.65625,
		0.1388888888888889
	],
	"22": [
		0.73125,
		0.14166666666666666
	],
	"23": [
		0.9609375,
		0.14722222222222223
	],
	"24": [
		0.1765625,
		0.1638888888888889
	],
	"25": [
		0.8921875,
		0.1638888888888889
	],
	"26": [
		0.4609375,
		0.18055555555555555
	],
	"27": [
		0.40625,
		0.18333333333333332
	],
	"28": [
		0.1703125,
		0.2
	],
	"29": [
		0.85,
		0.20277777777777778
	],
	"30": [
		0.9046875,
		0.20277777777777778
	],
	"31": [
		0.5515625,
		0.20555555555555555
	],
	"32": [
		0.35625,
		0.21666666666666667
	],
	"33": [
		0.3921875,
		0.21666666666666667
	],
	"34": [
		0.5296875,
		0.2388888888888889
	],
	"35": [
		0.06875,
		0.25277777777777777
	],
	"36": [
		0.8609375,
		0.2611111111111111
	],
	"37": [
		0.8953125,
		0.2611111111111111
	],
	"38": [
		0.5296875,
		0.2722222222222222
	],
	"39": [
		0.55625,
		0.2916666666666667
	],
	"40": [
		0.8609375,
		0.32222222222222224
	],
	"41": [
		0.8953125,
		0.32222222222222224
	],
	"42": [
		0.9828125,
		0.3527777777777778
	],
	"43": [
		0.63125,
		0.3861111111111111
	],
	"44": [
		0.128125,
		0.3888888888888889
	],
	"45": [
		0.1609375,
		0.3888888888888889
	],
	"46": [
		0.378125,
		0.3972222222222222
	],
	"47": [
		0.1109375,
		0.4027777777777778
	],
	"48": [
		0.928125,
		0.4388888888888889
	],
	"49": [
		0.9625,
		0.46111111111111114
	],
	"50": [
		0.0078125,
		0.46944444444444444
	],
	"51": [
		0.653125,
		0.6138888888888889
	],
	"52": [
		0.7921875,
		0.6166666666666667
	],
	"53": [
		0.303125,
		0.6333333333333333
	],
	"54": [
		0.653125,
		0.6472222222222223
	],
	"55": [
		0.7578125,
		0.6638888888888889
	],
	"56": [
		0.7890625,
		0.6638888888888889
	],
	"57": [
		0.303125,
		0.6666666666666666
	],
	"58": [
		0.521875,
		0.7055555555555556
	],
	"59": [
		0.5125,
		0.75
	],
	"60": [
		0.8125,
		0.75
	],
	"61": [
		0.778125,
		0.7694444444444445
	],
	"62": [
		0.0515625,
		0.8
	],
	"63": [
		0.0734375,
		0.8055555555555556
	],
	"64": [
		0.1171875,
		0.8111111111111111
	],
	"65": [
		0.1546875,
		0.8138888888888889
	],
	"66": [
		0.1734375,
		0.8166666666666667
	],
	"67": [
		0.2125,
		0.8222222222222222
	],
	"68": [
		0.2484375,
		0.8305555555555556
	],
	"69": [
		0.284375,
		0.8333333333333334
	],
	"70": [
		0.303125,
		0.8361111111111111
	],
	"71": [
		0.3421875,
		0.8472222222222222
	],
	"72": [
		0.390625,
		0.85
	],
	"73": [
		0.196875,
		0.8555555555555555
	],
	"74": [
		0.23125,
		0.8555555555555555
	],
	"75": [
		0.4625,
		0.8611111111111112
	],
	"76": [
		0.2703125,
		0.8638888888888889
	],
	"77": [
		0.303125,
		0.8694444444444445
	],
	"78": [
		0.49375,
		0.8722222222222222
	],
	"79": [
		0.5265625,
		0.8722222222222222
	],
	"80": [
		0.353125,
		0.8777777777777778
	],
	"81": [
		0.553125,
		0.8805555555555555
	],
	"82": [
		0.6015625,
		0.8888888888888888
	],
	"83": [
		0.6609375,
		0.9
	],
	"84": [
		0.2921875,
		0.9083333333333333
	],
	"85": [
		0.5265625,
		0.9083333333333333
	],
	"86": [
		0.709375,
		0.9083333333333333
	],
	"87": [
		0.259375,
		0.9111111111111111
	],
	"88": [
		0.5609375,
		0.9138888888888889
	],
	"89": [
		0.7484375,
		0.9166666666666666
	],
	"90": [
		0.765625,
		0.9194444444444444
	],
	"91": [
		0.603125,
		0.9222222222222223
	],
	"92": [
		0.6375,
		0.9277777777777778
	],
	"93": [
		0.8203125,
		0.9305555555555556
	],
	"94": [
		0.1671875,
		0.9361111111111111
	],
	"95": [
		0.1234375,
		0.9388888888888889
	],
	"96": [
		0.859375,
		0.9388888888888889
	],
	"97": [
		0.8890625,
		0.9444444444444444
	],
	"98": [
		0.73125,
		0.9472222222222222
	],
	"99": [
		0.9296875,
		0.9527777777777777
	],
	"100": [
		0.9796875,
		0.9666666666666667
	],
	"101": [
		0.9015625,
		0.9833333333333333
	],
	"102": [
		0.93125,
		0.9861111111111112
	]
}