{
	"0": [
		0.5201171875,
		0.044444444444444446
	],
	"1": [
		0.356640625,
		0.041666666666666664
	],
	"2": [
		0.6912109375,
		0.052083333333333336
	],
	"3": [
		0.6359375,
		0.05381944444444445
	],
	"4": [
		0.25546875,
		0.03611111111111111
	],
	"5": [
		0.4390625,
		0.04513888888888889
	],
	"6": [
		0.892578125,
		0.06666666666666667
	],
	"7": [
		0.434765625,
		0.03611111111111111
	],
	"8": [
		0.3828125,
		0.040625
	],
	"9": [
		0.091796875,
		0.09513888888888888
	],
	"10": [
		0.598046875,
		0.04236111111111111
	],
	"11": [
		0.301953125,
		0.09513888888888888
	],
	"12": [
		0.6021484375,
		0.053125
	],
	"13": [
		0.86796875,
		0.07013888888888889
	],
	"14": [
		0.513671875,
		0.03888888888888889
	],
	"15": [
		0.3060546875,
		0.034027777777777775
	],
	"16": [
		0.4650390625,
		0.04618055555555556
	],
	"17": [
		0.6369140625,
		0.04513888888888889
	],
	"18": [
		0.7248046875,
		0.05625
	],
	"19": [
		0.7248046875,
		0.05625
	],
	"20": [
		0.6421875,
		0.042708333333333334
	],
	"21": [
		0.7935546875,
		0.06527777777777778
	],
	"22": [
		0.814453125,
		0.06354166666666666
	],
	"23": [
		0.866015625,
		0.05277777777777778
	],
	"24": [
		0.683984375,
		0.044097222222222225
	],
	"25": [
		0.2947265625,
		0.10138888888888889
	],
	"26": [
		0.2873046875,
		0.03576388888888889
	],
	"27": [
		0.5583984375,
		0.043055555555555555
	],
	"28": [
		0.600390625,
		0.058680555555555555
	],
	"29": [
		0.549609375,
		0.049652777777777775
	],
	"30": [
		0.727734375,
		0.050694444444444445
	],
	"31": [
		0.471484375,
		0.03784722222222222
	],
	"32": [
		0.6857421875,
		0.06076388888888889
	],
	"33": [
		0.1095703125,
		0.10243055555555555
	],
	"34": [
		0.11015625,
		0.10034722222222223
	],
	"35": [
		0.60078125,
		0.06597222222222222
	],
	"36": [
		0.66640625,
		0.035416666666666666
	],
	"37": [
		0.2951171875,
		0.03888888888888889
	],
	"38": [
		0.8189453125,
		0.049305555555555554
	],
	"39": [
		0.5162109375,
		0.059722222222222225
	],
	"40": [
		0.8677734375,
		0.05416666666666667
	],
	"41": [
		0.7767578125,
		0.044097222222222225
	],
	"42": [
		0.435546875,
		0.050694444444444445
	],
	"43": [
		0.776953125,
		0.07083333333333333
	],
	"44": [
		0.2580078125,
		0.036458333333333336
	],
	"45": [
		0.231640625,
		0.10798611111111112
	],
	"46": [
		0.3515625,
		0.041666666666666664
	],
	"47": [
		0.0484375,
		0.08993055555555556
	],
	"48": [
		0.866015625,
		0.05277777777777778
	],
	"49": [
		0.433984375,
		0.05
	],
	"50": [
		0.6005859375,
		0.06111111111111111
	],
	"51": [
		0.5580078125,
		0.05173611111111111
	],
	"52": [
		0.687109375,
		0.06458333333333334
	],
	"53": [
		0.8193359375,
		0.05798611111111111
	],
	"54": [
		0.774609375,
		0.05243055555555556
	],
	"55": [
		0.774609375,
		0.05451388888888889
	],
	"56": [
		0.723828125,
		0.05416666666666667
	],
	"57": [
		0.547265625,
		0.042708333333333334
	],
	"58": [
		0.86953125,
		0.06944444444444445
	],
	"59": [
		0.77578125,
		0.0625
	],
	"60": [
		0.601953125,
		0.059027777777777776
	],
	"61": [
		0.6423828125,
		0.05590277777777778
	],
	"62": [
		0.28984375,
		0.036458333333333336
	],
	"63": [
		0.6015625,
		0.04826388888888889
	],
	"64": [
		0.45859375,
		0.03576388888888889
	],
	"65": [
		0.5177734375,
		0.057291666666666664
	],
	"66": [
		0.0931640625,
		0.09513888888888888
	],
	"67": [
		0.293359375,
		0.10451388888888889
	],
	"68": [
		0.4740234375,
		0.04756944444444444
	],
	"69": [
		0.776953125,
		0.07048611111111111
	],
	"70": [
		0.815625,
		0.05798611111111111
	],
	"71": [
		0.8681640625,
		0.05381944444444445
	],
	"72": [
		0.7029296875,
		0.9305555555555556
	],
	"73": [
		0.60078125,
		0.05798611111111111
	],
	"74": [
		0.8173828125,
		0.9496527777777778
	],
	"75": [
		0.2091796875,
		0.10520833333333333
	],
	"76": [
		0.6875,
		0.06597222222222222
	],
	"77": [
		0.2712890625,
		0.040625
	],
	"78": [
		0.7291015625,
		0.06111111111111111
	],
	"79": [
		0.29296875,
		0.03784722222222222
	],
	"80": [
		0.3017578125,
		0.10173611111111111
	],
	"81": [
		0.7119140625,
		0.06493055555555556
	],
	"82": [
		0.81875,
		0.06319444444444444
	],
	"83": [
		0.8001953125,
		0.06909722222222223
	],
	"84": [
		0.520703125,
		0.04201388888888889
	],
	"85": [
		0.1095703125,
		0.096875
	],
	"86": [
		0.3921875,
		0.04236111111111111
	],
	"87": [
		0.161328125,
		0.8454861111111112
	],
	"88": [
		0.77578125,
		0.06284722222222222
	],
	"89": [
		0.8140625,
		0.9524305555555556
	],
	"90": [
		0.7705078125,
		0.9430555555555555
	],
	"91": [
		0.3556640625,
		0.04548611111111111
	],
	"92": [
		0.7849609375,
		0.9475694444444445
	],
	"93": [
		0.6861328125,
		0.051041666666666666
	],
	"94": [
		0.8953125,
		0.06840277777777778
	],
	"95": [
		0.4365234375,
		0.05243055555555556
	],
	"96": [
		0.35390625,
		0.03923611111111111
	],
	"97": [
		0.8712890625,
		0.9597222222222223
	],
	"98": [
		0.2974609375,
		0.10347222222222222
	],
	"99": [
		0.3552734375,
		0.04236111111111111
	],
	"100": [
		0.314453125,
		0.034722222222222224
	],
	"101": [
		0.43515625,
		0.04513888888888889
	],
	"102": [
		0.51640625,
		0.050347222222222224
	],
	"103": [
		0.04375,
		0.08819444444444445
	],
	"104": [
		0.0806640625,
		0.8871527777777778
	],
	"105": [
		0.641796875,
		0.05625
	],
	"106": [
		0.5173828125,
		0.04618055555555556
	],
	"107": [
		0.8671875,
		0.9600694444444444
	],
	"108": [
		0.1431640625,
		0.10416666666666667
	],
	"109": [
		0.6439453125,
		0.05590277777777778
	],
	"110": [
		0.2966796875,
		0.10138888888888889
	],
	"111": [
		0.0830078125,
		0.09513888888888888
	],
	"112": [
		0.5203125,
		0.05381944444444445
	],
	"113": [
		0.624609375,
		0.059722222222222225
	],
	"114": [
		0.156640625,
		0.84375
	],
	"115": [
		0.6869140625,
		0.05798611111111111
	],
	"116": [
		0.3546875,
		0.04375
	],
	"117": [
		0.4388671875,
		0.04583333333333333
	],
	"118": [
		0.736328125,
		0.9371527777777777
	],
	"119": [
		0.0962890625,
		0.10173611111111111
	],
	"120": [
		0.8724609375,
		0.05347222222222222
	],
	"121": [
		0.1087890625,
		0.10347222222222222
	],
	"122": [
		0.135546875,
		0.10520833333333333
	],
	"123": [
		0.6869140625,
		0.058333333333333334
	],
	"124": [
		0.8009765625,
		0.052083333333333336
	],
	"125": [
		0.2923828125,
		0.046875
	],
	"126": [
		0.72890625,
		0.06041666666666667
	],
	"127": [
		0.8962890625,
		0.05555555555555555
	],
	"128": [
		0.2990234375,
		0.10277777777777777
	],
	"129": [
		0.3568359375,
		0.043402777777777776
	],
	"130": [
		0.4732421875,
		0.050694444444444445
	],
	"131": [
		0.296484375,
		0.036458333333333336
	],
	"132": [
		0.4353515625,
		0.04548611111111111
	],
	"133": [
		0.7265625,
		0.06701388888888889
	],
	"134": [
		0.1328125,
		0.8399305555555555
	],
	"135": [
		0.109765625,
		0.103125
	],
	"136": [
		0.5232421875,
		0.05451388888888889
	],
	"137": [
		0.781640625,
		0.050694444444444445
	],
	"138": [
		0.0408203125,
		0.08541666666666667
	],
	"139": [
		0.2953125,
		0.10138888888888889
	],
	"140": [
		0.392578125,
		0.04375
	],
	"141": [
		0.159375,
		0.8440972222222223
	],
	"142": [
		0.1095703125,
		0.096875
	],
	"143": [
		0.209765625,
		0.10659722222222222
	],
	"144": [
		0.7296875,
		0.041666666666666664
	],
	"145": [
		0.03828125,
		0.9284722222222223
	],
	"146": [
		0.109375,
		0.10069444444444445
	],
	"147": [
		0.494140625,
		0.8947916666666667
	],
	"148": [
		0.2046875,
		0.8520833333333333
	],
	"149": [
		0.3734375,
		0.8770833333333333
	],
	"150": [
		0.2515625,
		0.24131944444444445
	],
	"151": [
		0.6919921875,
		0.04722222222222222
	],
	"152": [
		0.641796875,
		0.03819444444444445
	],
	"153": [
		0.31484375,
		0.0375
	],
	"154": [
		0.8162109375,
		0.06909722222222223
	],
	"155": [
		0.86640625,
		0.07256944444444445
	],
	"156": [
		0.553125,
		0.058333333333333334
	],
	"157": [
		0.72421875,
		0.06180555555555556
	],
	"158": [
		0.796875,
		0.05173611111111111
	],
	"159": [
		0.29921875,
		0.05590277777777778
	],
	"160": [
		0.0419921875,
		0.08680555555555555
	],
	"161": [
		0.0916015625,
		0.8784722222222222
	],