{
	"CornerNorthEast": [
		0.1952247191011236,
		0.12865937931900992
	],
	"CornerSouthEast": [
		0.6235955056179775,
		0.3940193491644679
	],
	"CornerSouthWest": [
		0.6882022471910112,
		0.7290698161410563
	]
}