{
	"0": [
		0.4953125,
		0.1111111111111111
	],
	"1": [
		0.4453125,
		0.18611111111111112
	],
	"2": [
		0.7796875,
		0.3638888888888889
	],
	"3": [
		0.7203125,
		0.33055555555555555
	],
	"4": [
		0.446875,
		0.45555555555555555
	],
	"5": [
		0.3875,
		0.4388888888888889
	],
	"6": [
		0.390625,
		0.44166666666666665
	],
	"7": [
		0.3328125,
		0.41388888888888886
	],
	"8": [
		0.6140625,
		0.175
	],
	"9": [
		0.5546875,
		0.16944444444444445
	],
	"10": [
		0.446875,
		0.8722222222222222
	],
	"11": [
		0.3875,
		0.8694444444444445
	],
	"12": [
		0.3921875,
		0.325
	],
	"13": [
		0.334375,
		0.3472222222222222
	],
	"14": [
		0.7796875,
		0.4083333333333333
	],
	"15": [
		0.7234375,
		0.4388888888888889
	],
	"16": [
		0.725,
		0.4388888888888889
	],
	"17": [
		0.6671875,
		0.45555555555555555
	],
	"18": [
		0.05625,
		0.08888888888888889
	],
	"19": [
		0.1140625,
		0.10277777777777777
	],
	"20": [
		0.725,
		0.3333333333333333
	],
	"21": [
		0.6671875,
		0.3194444444444444
	],
	"22": [
		0.6703125,
		0.44722222222222224
	],
	"23": [
		0.6125,
		0.46111111111111114
	],
	"24": [
		0.55,
		0.5
	],
	"25": [
		0.553125,
		0.6027777777777777
	],
	"26": [
		0.553125,
		0.7
	],
	"27": [
		0.55,
		0.8027777777777778
	],
	"28": [
		0.55,
		0.2
	],
	"29": [
		0.5515625,
		0.30277777777777776
	],
	"30": [
		0.725,
		0.8777777777777778
	],
	"31": [
		0.6671875,
		0.875
	],
	"32": [
		0.55,
		0.6
	],
	"33": [
		0.55,
		0.7027777777777777
	],
	"34": [
		0.3359375,
		0.8694444444444445
	],
	"35": [
		0.278125,
		0.8694444444444445
	],
	"36": [
		0.946875,
		0.8861111111111111
	],
	"37": [
		0.8890625,
		0.8861111111111111
	],
	"38": [
		0.515625,
		0.20277777777777778
	],
	"39": [
		0.5515625,
		0.28055555555555556
	],
	"40": [
		0.4453125,
		0.31666666666666665
	],
	"41": [
		0.3890625,
		0.3277777777777778
	],
	"42": [
		0.7796875,
		0.19444444444444445
	],
	"43": [
		0.7234375,
		0.18611111111111112
	],
	"44": [
		0.66875,
		0.3194444444444444
	],
	"45": [
		0.6125,
		0.3111111111111111
	],
	"46": [
		0.5015625,
		0.46111111111111114
	],
	"47": [
		0.4453125,
		0.4527777777777778
	],
	"48": [
		0.390625,
		0.8722222222222222
	],
	"49": [
		0.334375,
		0.8694444444444445
	],
	"50": [
		0.7796875,
		0.8805555555555555
	],
	"51": [
		0.7234375,
		0.8777777777777778
	],
	"52": [
		0.33125,
		0.1111111111111111
	],
	"53": [
		0.275,
		0.1111111111111111
	],
	"54": [
		0.66875,
		0.875
	],
	"55": [
		0.6125,
		0.875
	],
	"56": [
		0.778125,
		0.16666666666666666
	],
	"57": [
		0.7234375,
		0.18611111111111112
	],
	"58": [
		0.5,
		0.8722222222222222
	],
	"59": [
		0.4453125,
		0.8694444444444445
	],
	"60": [
		0.665625,
		0.19166666666666668
	],
	"61": [
		0.6125,
		0.18611111111111112
	],
	"62": [
		0.0578125,
		0.18333333333333332
	],
	"63": [
		0.00625,
		0.18611111111111112
	],
	"64": [
		0.4984375,
		0.12777777777777777
	],
	"65": [
		0.446875,
		0.13055555555555556
	],
	"66": [
		0.778125,
		0.16666666666666666
	],
	"67": [
		0.8234375,
		0.20555555555555555
	],
	"68": [
		0.559375,
		0.16666666666666666
	],
	"69": [
		0.515625,
		0.2
	],
	"70": [
		0.103125,
		0.08055555555555556
	],
	"71": [
		0.05625,
		0.09444444444444444
	],
	"72": [
		0.825,
		0.19166666666666668
	],
	"73": [
		0.778125,
		0.19444444444444445
	],
	"74": [
		0.7125,
		0.44166666666666665
	],
	"75": [
		0.678125,
		0.49722222222222223
	],
	"76": [
		0.4921875,
		0.15
	],
	"77": [
		0.4484375,
		0.125
	],
	"78": [
		0.559375,
		0.16666666666666666
	],
	"79": [
		0.515625,
		0.17222222222222222
	],
	"80": [
		0.1,
		0.8722222222222222
	],
	"81": [
		0.05625,
		0.875
	],
	"82": [
		0.9890625,
		0.8888888888888888
	],
	"83": [
		0.9453125,
		0.8888888888888888
	],
	"84": [
		0.55,
		0.8
	],
	"85": [
		0.553125,
		0.875
	],
	"86": [
		0.5515625,
		0.2
	],
	"87": [
		0.515625,
		0.2361111111111111
	],
	"88": [
		0.390625,
		0.19166666666666668
	],
	"89": [
		0.35,
		0.19166666666666668
	],
	"90": [
		0.190625,
		0.42777777777777776
	],
	"91": [
		0.2234375,
		0.46944444444444444
	],
	"92": [
		0.55,
		0.43333333333333335
	],
	"93": [
		0.55,
		0.5027777777777778
	],
	"94": [
		0.44375,
		0.10833333333333334
	],
	"95": [
		0.4734375,
		0.1527777777777778
	],
	"96": [
		0.2171875,
		0.4
	],
	"97": [
		0.190625,
		0.45
	],
	"98": [
		0.4828125,
		0.10555555555555556
	],
	"99": [
		0.446875,
		0.13055555555555556
	],
	"100": [
		0.209375,
		0.4
	],
	"101": [
		0.2234375,
		0.4638888888888889
	],
	"102": [
		0.8546875,
		0.22777777777777777
	],
	"103": [
		0.8359375,
		0.2861111111111111
	],
	"104": [
		0.990625,
		0.925
	],
	"105": [
		0.953125,
		0.9194444444444444
	],
	"106": [
		0.515625,
		0.21944444444444444
	],
	"107": [
		0.5515625,
		0.2388888888888889
	],
	"108": [
		0.203125,
		0.08333333333333333
	],
	"109": [
		0.165625,
		0.08333333333333333
	],
	"110": [
		0.16875,
		0.8722222222222222
	],
	"111": [
		0.13125,
		0.8722222222222222
	],
	"112": [
		0.3125,
		0.2972222222222222
	],
	"113": [
		0.3359375,
		0.3472222222222222
	],
	"114": [
		0.5515625,
		0.19444444444444445
	],
	"115": [
		0.515625,
		0.18611111111111112
	],
	"116": [
		0.0921875,
		0.18333333333333332
	],
	"117": [
		0.05625,
		0.18333333333333332
	],
	"118": [
		0.159375,
		0.9027777777777778
	],
	"119": [
		0.1234375,
		0.9027777777777778
	],
	"120": [
		0.2234375,
		0.4083333333333333
	],
	"121": [
		0.190625,
		0.43333333333333335
	],
	"122": [
		0.2234375,
		0.4083333333333333
	],
	"123": [
		0.2140625,
		0.46944444444444444
	],
	"124": [
		0.8359375,
		0.225
	],
	"125": [
		0.8296875,
		0.2861111111111111
	],
	"126": [
		0.2109375,
		0.4027777777777778
	],
	"127": [
		0.2046875,
		0.4638888888888889
	],
	"128": [
		0.6703125,
		0.44722222222222224
	],
	"129": [
		0.690625,
		0.49722222222222223
	],
	"130": [
		0.7125,
		0.16666666666666666
	],
	"131": [
		0.678125,
		0.16944444444444445
	],
	"132": [
		0.3359375,
		0.9
	],
	"133": [
		0.3015625,
		0.9027777777777778
	],
	"134": [
		0.2234375,
		0.4361111111111111
	],
	"135": [
		0.190625,
		0.45
	],
	"136": [
		0.7609375,
		0.3472222222222222
	],
	"137": [
		0.7765625,
		0.4
	],
	"138": [
		0.334375,
		0.3472222222222222
	],
	"139": [
		0.309375,
		0.3861111111111111
	],
	"140": [
		0.66875,
		0.10833333333333334
	],
	"141": [
		0.6375,
		0.12777777777777777
	],
	"142": [
		0.0578125,
		0.09722222222222222
	],
	"143": [
		0.0859375,
		0.12777777777777777
	],
	"144": [
		0.6453125,
		0.16944444444444445
	],
	"145": [
		0.6125,
		0.17222222222222222
	],
	"146": [
		0.56875,
		0.23055555555555557
	],
	"147": [
		0.56875,
		0.28888888888888886
	],
	"148": [
		0.328125,
		0.25277777777777777
	],
	"149": [
		0.3125,
		0.30277777777777776
	],
	"150": [
		0.5375,
		0.2
	],
	"151": [
		0.521875,
		0.25
	],
	"152": [
		0.809375,
		0.9138888888888889
	],
	"153": [
		0.778125,
		0.9083333333333333
	],
	"154": [
		0.55625,
		0.875
	],
	"155": [
		0.525,
		0.8722222222222222
	],
	"156": [
		0.275,
		0.10833333333333334
	],
	"157": [
		0.3,
		0.14166666666666666
	],
	"158": [
		0.0359375,
		0.19166666666666668
	],
	"159": [
		0.0078125,
		0.16944444444444445
	],
	"160": [
		0.4296875,
		0.15833333333333333
	],
	"161": [
		0.4,
		0.16944444444444445
	],
	"162": [
		0.95,
		0.18055555555555555
	],
	"163": [
		0.9203125,
		0.18888888888888888
	],
	"164": [
		0.7,
		0.55
	],
	"165": [
		0.715625,
		0.5944444444444444
	],
	"166": [
		0.8359375,
		0.225
	],
	"167": [
		0.8546875,
		0.2638888888888889
	],
	"168": [
		0.6890625,
		0.44722222222222224
	],
	"169": [
		0.6828125,
		0.49722222222222223
	],
	"170": [
		0.471875,
		0.11388888888888889
	],
	"171": [
		0.4921875,
		0.15
	],
	"172": [
		0.778125,
		0.3611111111111111
	],
	"173": [
		0.7671875,
		0.4083333333333333
	],
	"174": [
		0.553125,
		0.8361111111111111
	],
	"175": [
		0.5328125,
		0.8722222222222222
	],
	"176": [
		0.315625,
		0.25277777777777777
	],
	"177": [
		0.31875,
		0.30277777777777776
	],
	"178": [
		0.4984375,
		0.1111111111111111
	],
	"179": [
		0.4828125,
		0.1527777777777778
	],