{
	"0": [
		0.5046875,
		0.2
	],
	"1": [
		0.55625,
		0.2972222222222222
	],
	"2": [
		0.828125,
		0.20555555555555555
	],
	"3": [
		0.78125,
		0.2777777777777778
	],
	"4": [
		0.7796875,
		0.38333333333333336
	],
	"5": [
		0.7203125,
		0.3527777777777778
	],
	"6": [
		0.7828125,
		0.20555555555555555
	],
	"7": [
		0.8125,
		0.3
	],
	"8": [
		0.559375,
		0.175
	],
	"9": [
		0.5,
		0.18888888888888888
	],
	"10": [
		0.5578125,
		0.2388888888888889
	],
	"11": [
		0.5,
		0.2111111111111111
	],
	"12": [
		0.05,
		0.1
	],
	"13": [
		0.00625,
		0.17222222222222222
	],
	"14": [
		0.8109375,
		0.2
	],
	"15": [
		0.796875,
		0.30277777777777776
	],
	"16": [
		0.446875,
		0.19444444444444445
	],
	"17": [
		0.3890625,
		0.17222222222222222
	],
	"18": [
		0.7796875,
		0.4388888888888889
	],
	"19": [
		0.7234375,
		0.4666666666666667
	],
	"20": [
		0.725,
		0.35555555555555557
	],
	"21": [
		0.6671875,
		0.3416666666666667
	],
	"22": [
		0.725,
		0.4666666666666667
	],
	"23": [
		0.6671875,
		0.48055555555555557
	],
	"24": [
		0.446875,
		0.4861111111111111
	],
	"25": [
		0.3890625,
		0.475
	],
	"26": [
		0.284375,
		0.4111111111111111
	],
	"27": [
		0.3359375,
		0.4583333333333333
	],
	"28": [
		0.6140625,
		0.18611111111111112
	],
	"29": [
		0.55625,
		0.18055555555555555
	],
	"30": [
		0.446875,
		0.2
	],
	"31": [
		0.3890625,
		0.20555555555555555
	],
	"32": [
		0.5390625,
		0.4
	],
	"33": [
		0.5421875,
		0.5027777777777778
	],
	"34": [
		0.5421875,
		0.5
	],
	"35": [
		0.5390625,
		0.6027777777777777
	],
	"36": [
		0.54375,
		0.8
	],
	"37": [
		0.540625,
		0.9027777777777778
	],
	"38": [
		0.946875,
		0.9444444444444444
	],
	"39": [
		0.8890625,
		0.9388888888888889
	],
	"40": [
		0.540625,
		0.3
	],
	"41": [
		0.5421875,
		0.4027777777777778
	],
	"42": [
		0.6140625,
		0.3333333333333333
	],
	"43": [
		0.55625,
		0.33055555555555555
	],
	"44": [
		0.725,
		0.9333333333333333
	],
	"45": [
		0.6671875,
		0.9305555555555556
	],
	"46": [
		0.8359375,
		0.9361111111111111
	],
	"47": [
		0.778125,
		0.9333333333333333
	],
	"48": [
		0.3359375,
		0.9277777777777778
	],
	"49": [
		0.278125,
		0.9277777777777778
	],
	"50": [
		0.334375,
		0.45555555555555555
	],
	"51": [
		0.390625,
		0.4777777777777778
	],
	"52": [
		0.390625,
		0.34444444444444444
	],
	"53": [
		0.334375,
		0.3611111111111111
	],
	"54": [
		0.8015625,
		0.2
	],
	"55": [
		0.809375,
		0.3
	],
	"56": [
		0.66875,
		0.3416666666666667
	],
	"57": [
		0.6125,
		0.3277777777777778
	],
	"58": [
		0.7984375,
		0.20555555555555555
	],
	"59": [
		0.784375,
		0.30277777777777776
	],
	"60": [
		0.7796875,
		0.20833333333333334
	],
	"61": [
		0.7234375,
		0.2
	],
	"62": [
		0.66875,
		0.48055555555555557
	],
	"63": [
		0.6125,
		0.4888888888888889
	],
	"64": [
		0.54375,
		0.20277777777777778
	],
	"65": [
		0.540625,
		0.30277777777777776
	],
	"66": [
		0.5015625,
		0.4888888888888889
	],
	"67": [
		0.4453125,
		0.4861111111111111
	],
	"68": [
		0.7796875,
		0.9361111111111111
	],
	"69": [
		0.7234375,
		0.9333333333333333
	],
	"70": [
		0.5015625,
		0.18333333333333332
	],
	"71": [
		0.4453125,
		0.18333333333333332
	],
	"72": [
		0.834375,
		0.20833333333333334
	],
	"73": [
		0.778125,
		0.20833333333333334
	],
	"74": [
		0.16875,
		0.9305555555555556
	],
	"75": [
		0.1125,
		0.9305555555555556
	],
	"76": [
		0.2796875,
		0.9277777777777778
	],
	"77": [
		0.2234375,
		0.9277777777777778
	],
	"78": [
		0.390625,
		0.9277777777777778
	],
	"79": [
		0.334375,
		0.9277777777777778
	],
	"80": [
		0.66875,
		0.9305555555555556
	],
	"81": [
		0.6125,
		0.9305555555555556
	],
	"82": [
		0.778125,
		0.18055555555555555
	],
	"83": [
		0.7234375,
		0.19166666666666668
	],
	"84": [
		0.7828125,
		0.20555555555555555
	],
	"85": [
		0.796875,
		0.3
	],
	"86": [
		1,
		0.9472222222222222
	],
	"87": [
		0.9453125,
		0.9416666666666667
	],
	"88": [
		0.33125,
		0.3611111111111111
	],
	"89": [
		0.284375,
		0.4027777777777778
	],
	"90": [
		0.6828125,
		0.7166666666666667
	],
	"91": [
		0.721875,
		0.7777777777777778
	],
	"92": [
		0.440625,
		0.33611111111111114
	],
	"93": [
		0.3890625,
		0.34444444444444444
	],
	"94": [
		0.5578125,
		0.24166666666666667
	],
	"95": [
		0.50625,
		0.2388888888888889
	],
	"96": [
		0.6125,
		0.3277777777777778
	],
	"97": [
		0.5859375,
		0.40555555555555556
	],
	"98": [
		0.065625,
		0.4166666666666667
	],
	"99": [
		0.0578125,
		0.5027777777777778
	],
	"100": [
		0.1125,
		0.9305555555555556
	],
	"101": [
		0.0640625,
		0.9333333333333333
	],
	"102": [
		0.6609375,
		0.2
	],
	"103": [
		0.6125,
		0.2
	],
	"104": [
		0.2125,
		0.4
	],
	"105": [
		0.203125,
		0.48333333333333334
	],
	"106": [
		0.065625,
		0.4166666666666667
	],
	"107": [
		0.0796875,
		0.49722222222222223
	],
	"108": [
		0.2421875,
		0.10833333333333334
	],
	"109": [
		0.2796875,
		0.15833333333333333
	],
	"110": [
		0.1671875,
		0.7305555555555555
	],
	"111": [
		0.140625,
		0.7972222222222223
	],
	"112": [
		0.5625,
		0.1388888888888889
	],
	"113": [
		0.5921875,
		0.2
	],
	"114": [
		0.053125,
		0.19166666666666668
	],
	"115": [
		0.0078125,
		0.19444444444444445
	],
	"116": [
		0.2359375,
		0.11666666666666667
	],
	"117": [
		0.2796875,
		0.13333333333333333
	],
	"118": [
		0.8109375,
		0.3
	],
	"119": [
		0.7796875,
		0.3527777777777778
	],
	"120": [
		0.5546875,
		0.22777777777777777
	],
	"121": [
		0.546875,
		0.30277777777777776
	],
	"122": [
		0.590625,
		0.3277777777777778
	],
	"123": [
		0.603125,
		0.4
	],
	"124": [
		0.3203125,
		0.11944444444444445
	],
	"125": [
		0.278125,
		0.125
	],
	"126": [
		0.603125,
		0.3277777777777778
	],
	"127": [
		0.6,
		0.4027777777777778
	],
	"128": [
		0.725,
		0.1388888888888889
	],
	"129": [
		0.6859375,
		0.1111111111111111
	],
	"130": [
		0.209375,
		0.40555555555555556
	],
	"131": [
		0.2171875,
		0.4777777777777778
	],
	"132": [
		0.8171875,
		0.3111111111111111
	],
	"133": [
		0.7796875,
		0.3416666666666667
	],
	"134": [
		0.0578125,
		0.10277777777777777
	],
	"135": [
		0.0203125,
		0.125
	],
	"136": [
		0.3734375,
		0.6027777777777777
	],
	"137": [
		0.3703125,
		0.6722222222222223
	],
	"138": [
		0.8171875,
		0.3111111111111111
	],
	"139": [
		0.7796875,
		0.31666666666666665
	],
	"140": [
		0.0828125,
		0.4361111111111111
	],
	"141": [
		0.0578125,
		0.4861111111111111
	],
	"142": [
		0.8140625,
		0.9722222222222222
	],
	"143": [
		0.7765625,
		0.9666666666666667
	],
	"144": [
		0.0390625,
		0.9333333333333333
	],
	"145": [
		0.0015625,
		0.9361111111111111
	],
	"146": [
		0.55,
		0.9305555555555556
	],
	"147": [
		0.5125,
		0.9277777777777778
	],
	"148": [
		0.8140625,
		0.3416666666666667
	],
	"149": [
		0.7796875,
		0.31666666666666665
	],
	"150": [
		0.590625,
		0.49722222222222223
	],
	"151": [
		0.6046875,
		0.5583333333333333
	],
	"152": [
		0.6953125,
		0.7222222222222222
	],
	"153": [
		0.6703125,
		0.7694444444444445
	],
	"154": [
		0.1671875,
		0.7194444444444444
	],
	"155": [
		0.1765625,
		0.7805555555555556
	],
	"156": [
		0.2171875,
		0.11944444444444445
	],
	"157": [
		0.1828125,
		0.13333333333333333
	],
	"158": [
		0.2625,
		0.10277777777777777
	],
	"159": [
		0.278125,
		0.15833333333333333
	],
	"160": [
		0.1703125,
		0.725
	],
	"161": [
		0.1640625,
		0.7861111111111111
	],
	"162": [
		0.7828125,
		0.25277777777777777
	],
	"163": [
		0.8109375,
		0.28888888888888886
	],
	"164": [
		0.784375,
		0.2388888888888889
	],
	"165": [
		0.8109375,
		0.2777777777777778
	],
	"166": [
		0.8140625,
		0.325
	],
	"167": [
		0.7796875,
		0.3277777777777778
	],
	"168": [
		0.4640625,
		0.10277777777777777
	],
	"169": [
		0.4890625,
		0.14444444444444443
	],
	"170": [
		0.46875,
		0.10833333333333334
	],
	"171": [
		0.4421875,
		0.14444444444444443
	],
	"172": [
		0.721875,
		0.1111111111111111
	],
	"173": [
		0.6890625,
		0.12222222222222222
	],
	"174": [
		0.2203125,
		0.9638888888888889
	],
	"175": [
		0.1875,
		0.9611111111111111
	],
	"176": [
		0.7953125,
		0.4
	],
	"177": [
		0.775,
		0.4444444444444444
	],
	"178": [
		0.1921875,
		0.11388888888888889
	],