{
	"0": [
		0.6125,
		0.21388888888888888
	],
	"1": [
		0.6609375,
		0.30277777777777776
	],
	"2": [
		0.8359375,
		0.37777777777777777
	],
	"3": [
		0.775,
		0.35555555555555557
	],
	"4": [
		0.7890625,
		0.2111111111111111
	],
	"5": [
		0.8359375,
		0.2833333333333333
	],
	"6": [
		0.5015625,
		0.4666666666666667
	],
	"7": [
		0.44375,
		0.4388888888888889
	],
	"8": [
		0.6421875,
		0.6972222222222222
	],
	"9": [
		0.64375,
		0.8027777777777778
	],
	"10": [
		0.503125,
		0.3527777777777778
	],
	"11": [
		0.4453125,
		0.375
	],
	"12": [
		0.8359375,
		0.45555555555555555
	],
	"13": [
		0.778125,
		0.475
	],
	"14": [
		0.5578125,
		0.34444444444444444
	],
	"15": [
		0.5,
		0.35555555555555557
	],
	"16": [
		0.725,
		0.20833333333333334
	],
	"17": [
		0.6671875,
		0.21388888888888888
	],
	"18": [
		0.6453125,
		0.3
	],
	"19": [
		0.6421875,
		0.4027777777777778
	],
	"20": [
		0.725,
		0.48055555555555557
	],
	"21": [
		0.6671875,
		0.48333333333333334
	],
	"22": [
		0.6421875,
		0.5
	],
	"23": [
		0.64375,
		0.6027777777777777
	],
	"24": [
		0.6421875,
		0.6
	],
	"25": [
		0.64375,
		0.7027777777777777
	],
	"26": [
		0.1140625,
		0.85
	],
	"27": [
		0.05625,
		0.8527777777777777
	],
	"28": [
		0.6140625,
		0.8666666666666667
	],
	"29": [
		0.55625,
		0.8638888888888889
	],
	"30": [
		0.946875,
		0.8888888888888888
	],
	"31": [
		0.8890625,
		0.8861111111111111
	],
	"32": [
		0.446875,
		0.8583333333333333
	],
	"33": [
		0.3890625,
		0.8583333333333333
	],
	"34": [
		0.7796875,
		0.35833333333333334
	],
	"35": [
		0.7234375,
		0.3472222222222222
	],
	"36": [
		0.7796875,
		0.4722222222222222
	],
	"37": [
		0.7234375,
		0.48055555555555557
	],
	"38": [
		0.0578125,
		0.85
	],
	"39": [
		0.0015625,
		0.8527777777777777
	],
	"40": [
		0.390625,
		0.8583333333333333
	],
	"41": [
		0.334375,
		0.8555555555555555
	],
	"42": [
		0.7796875,
		0.8777777777777778
	],
	"43": [
		0.7234375,
		0.875
	],
	"44": [
		0.890625,
		0.8861111111111111
	],
	"45": [
		0.834375,
		0.8833333333333333
	],
	"46": [
		0.66875,
		0.21388888888888888
	],
	"47": [
		0.6125,
		0.21388888888888888
	],
	"48": [
		0.6421875,
		0.2111111111111111
	],
	"49": [
		0.6453125,
		0.30277777777777776
	],
	"50": [
		0.1125,
		0.14722222222222223
	],
	"51": [
		0.1625,
		0.15833333333333333
	],
	"52": [
		0.21875,
		0.2222222222222222
	],
	"53": [
		0.16875,
		0.225
	],
	"54": [
		0.725,
		0.875
	],
	"55": [
		0.675,
		0.8722222222222222
	],
	"56": [
		0.3359375,
		0.8555555555555555
	],
	"57": [
		0.2859375,
		0.8555555555555555
	],
	"58": [
		0.809375,
		0.21944444444444444
	],
	"59": [
		0.83125,
		0.2972222222222222
	],
	"60": [
		0.609375,
		0.48333333333333334
	],
	"61": [
		0.5609375,
		0.4777777777777778
	],
	"62": [
		0.2734375,
		0.8555555555555555
	],
	"63": [
		0.225,
		0.8527777777777777
	],
	"64": [
		0.875,
		0.4166666666666667
	],
	"65": [
		0.8328125,
		0.4583333333333333
	],
	"66": [
		0.60625,
		0.20833333333333334
	],
	"67": [
		0.596875,
		0.2916666666666667
	],
	"68": [
		0.546875,
		0.475
	],
	"69": [
		0.5,
		0.4638888888888889
	],
	"70": [
		0.9921875,
		0.8944444444444445
	],
	"71": [
		0.9453125,
		0.8888888888888888
	],
	"72": [
		0.2234375,
		0.15
	],
	"73": [
		0.1765625,
		0.15
	],
	"74": [
		0.6203125,
		0.2111111111111111
	],
	"75": [
		0.6125,
		0.2916666666666667
	],
	"76": [
		0.8203125,
		0.2222222222222222
	],
	"77": [
		0.821875,
		0.30277777777777776
	],
	"78": [
		0.6578125,
		0.8694444444444445
	],
	"79": [
		0.6125,
		0.8666666666666667
	],
	"80": [
		0.8234375,
		0.14444444444444443
	],
	"81": [
		0.7828125,
		0.17222222222222222
	],
	"82": [
		0.175,
		0.43333333333333335
	],
	"83": [
		0.19375,
		0.5027777777777778
	],
	"84": [
		0.8890625,
		0.9166666666666666
	],
	"85": [
		0.846875,
		0.9111111111111111
	],
	"86": [
		0.178125,
		0.4305555555555556
	],
	"87": [
		0.16875,
		0.5027777777777778
	],
	"88": [
		0.2234375,
		0.15
	],
	"89": [
		0.19375,
		0.2
	],
	"90": [
		0.64375,
		0.8
	],
	"91": [
		0.6359375,
		0.8694444444444445
	],
	"92": [
		0.640625,
		0.8
	],
	"93": [
		0.646875,
		0.8694444444444445
	],
	"94": [
		0.1515625,
		0.8527777777777777
	],
	"95": [
		0.1125,
		0.85
	],
	"96": [
		0.1640625,
		0.4444444444444444
	],
	"97": [
		0.19375,
		0.4861111111111111
	],
	"98": [
		0.86875,
		0.4
	],
	"99": [
		0.834375,
		0.375
	],
	"100": [
		0.2984375,
		0.425
	],
	"101": [
		0.30625,
		0.4888888888888889
	],
	"102": [
		0.353125,
		0.3
	],
	"103": [
		0.334375,
		0.35555555555555557
	],
	"104": [
		0.4453125,
		0.8888888888888888
	],
	"105": [
		0.409375,
		0.8861111111111111
	],
	"106": [
		0.8296875,
		0.2361111111111111
	],
	"107": [
		0.79375,
		0.2361111111111111
	],
	"108": [
		0.0734375,
		0.12222222222222222
	],
	"109": [
		0.059375,
		0.18055555555555555
	],
	"110": [
		0.59375,
		0.19166666666666668
	],
	"111": [
		0.559375,
		0.2
	],
	"112": [
		0.41875,
		0.40555555555555556
	],
	"113": [
		0.446875,
		0.44166666666666665
	],
	"114": [
		0.2375,
		0.6972222222222222
	],
	"115": [
		0.2546875,
		0.75
	],
	"116": [
		0.446875,
		0.37222222222222223
	],
	"117": [
		0.41875,
		0.40555555555555556
	],
	"118": [
		0.38125,
		0.13333333333333333
	],
	"119": [
		0.35625,
		0.17222222222222222
	],
	"120": [
		0.3328125,
		0.30833333333333335
	],
	"121": [
		0.3546875,
		0.3527777777777778
	],
	"122": [
		0.8109375,
		0.175
	],
	"123": [
		0.7796875,
		0.15555555555555556
	],
	"124": [
		0.2375,
		0.6972222222222222
	],
	"125": [
		0.2359375,
		0.7555555555555555
	],
	"126": [
		0.4265625,
		0.13333333333333333
	],
	"127": [
		0.4,
		0.16666666666666666
	],
	"128": [
		0.8046875,
		0.1388888888888889
	],
	"129": [
		0.8125,
		0.19444444444444445
	],
	"130": [
		0.653125,
		0.15555555555555556
	],
	"131": [
		0.6234375,
		0.175
	],
	"132": [
		0.728125,
		0.20833333333333334
	],
	"133": [
		0.7546875,
		0.2388888888888889
	],
	"134": [
		0.7578125,
		0.2388888888888889
	],
	"135": [
		0.7265625,
		0.23055555555555557
	],
	"136": [
		0.9765625,
		0.925
	],
	"137": [
		0.9453125,
		0.9194444444444444
	],
	"138": [
		0.66875,
		0.4861111111111111
	],
	"139": [
		0.6375,
		0.48333333333333334
	],
	"140": [
		0.2328125,
		0.6583333333333333
	],
	"141": [
		0.2515625,
		0.7027777777777777
	],
	"142": [
		0.6671875,
		0.2611111111111111
	],
	"143": [
		0.6453125,
		0.3
	],
	"144": [
		0.634375,
		0.20833333333333334
	],
	"145": [
		0.6125,
		0.24722222222222223
	],
	"146": [
		0.303125,
		0.5972222222222222
	],
	"147": [
		0.290625,
		0.6472222222222223
	],
	"148": [
		0.4203125,
		0.13333333333333333
	],
	"149": [
		0.4125,
		0.18611111111111112
	],
	"150": [
		0.1625,
		0.4388888888888889
	],
	"151": [
		0.16875,
		0.49166666666666664
	],
	"152": [
		0.2484375,
		0.7
	],
	"153": [
		0.234375,
		0.7472222222222222
	],
	"154": [
		0.6296875,
		0.13333333333333333
	],
	"155": [
		0.653125,
		0.16666666666666666
	],
	"156": [
		0.334375,
		0.26666666666666666
	],
	"157": [
		0.3578125,
		0.3
	],
	"158": [
		0.578125,
		0.19722222222222222
	],
	"159": [
		0.55625,
		0.23333333333333334
	],
	"160": [
		0.475,
		0.8583333333333333
	],
	"161": [
		0.4453125,
		0.8611111111111112
	],
	"162": [
		0.4,
		0.13333333333333333
	],
	"163": [
		0.409375,
		0.18333333333333332
	],
	"164": [
		0.6125,
		0.21388888888888888
	],
	"165": [
		0.621875,
		0.2638888888888889
	],
	"166": [
		0.19375,
		0.4638888888888889
	],
	"167": [
		0.16875,
		0.49166666666666664
	],
	"168": [
		0.596875,
		0.15833333333333333
	],
	"169": [
		0.578125,
		0.19722222222222222
	],
	"170": [
		0.146875,
		0.3
	],
	"171": [
		0.128125,
		0.3388888888888889
	],
	"172": [
		0.8484375,
		0.3111111111111111
	],
	"173": [
		0.834375,
		0.35555555555555557
	],
	"174": [
		0.559375,
		0.45555555555555555
	],
	"175": [
		0.5640625,
		0.5055555555555555
	],
	"176": [
		0.2109375,
		0.13055555555555556
	],
	"177": [
		0.2203125,
		0.17777777777777778
	],
	"178": [
		0.528125,
		0.8611111111111112
	],
	"179": [
		0.5,
		0.8638888888888889
	],
	"180": [
		0.2484375,
		0.7
	],