{
	"EighteenYardNorthForwardEast": [
		0.39747191011235955,
		0.21979310633664195
	],
	"PenaltyCircleNorthWest": [
		0.12544872203935142,
		0.389184347748
	],
	"SixYardNorthForwardEast": [
		0.06882022471910113,
		0.2599991623738326
	],
	"EighteenYardNorthRearEast": [
		0.08567415730337079,
		0.18762826150688947
	]
}