{
	"0": [
		0.2109375,
		0.16909722222222223
	],
	"1": [
		0.2875,
		0.06180555555555556
	],
	"2": [
		0.323046875,
		0.18263888888888888
	],
	"3": [
		0.2896484375,
		0.18090277777777777
	],
	"4": [
		0.208984375,
		0.050347222222222224
	],
	"5": [
		0.2923828125,
		0.08715277777777777
	],
	"6": [
		0.48125,
		0.18888888888888888
	],
	"7": [
		0.2845703125,
		0.09236111111111112
	],
	"8": [
		0.28984375,
		0.06979166666666667
	],
	"9": [
		0.021484375,
		0.13854166666666667
	],
	"10": [
		0.258984375,
		0.17916666666666667
	],
	"11": [
		0.230859375,
		0.11805555555555555
	],
	"12": [
		0.258984375,
		0.1798611111111111
	],
	"13": [
		0.45078125,
		0.1892361111111111
	],
	"14": [
		0.2109375,
		0.16909722222222223
	],
	"15": [
		0.244921875,
		0.04861111111111111
	],
	"16": [
		0.2927734375,
		0.08680555555555555
	],
	"17": [
		0.28984375,
		0.18055555555555555
	],
	"18": [
		0.3533203125,
		0.184375
	],
	"19": [
		0.3533203125,
		0.184375
	],
	"20": [
		0.28984375,
		0.1795138888888889
	],
	"21": [
		0.417578125,
		0.18611111111111112
	],
	"22": [
		0.417578125,
		0.18611111111111112
	],
	"23": [
		0.450390625,
		0.1795138888888889
	],
	"24": [
		0.3236328125,
		0.18090277777777777
	],
	"25": [
		0.2052734375,
		0.14166666666666666
	],
	"26": [
		0.253515625,
		0.05138888888888889
	],
	"27": [
		0.225390625,
		0.1642361111111111
	],
	"28": [
		0.259375,
		0.18090277777777777
	],
	"29": [
		0.225390625,
		0.16597222222222222
	],
	"30": [
		0.3533203125,
		0.184375
	],
	"31": [
		0.2939453125,
		0.08576388888888889
	],
	"32": [
		0.3236328125,
		0.18263888888888888
	],
	"33": [
		0.0384765625,
		0.13680555555555557
	],
	"34": [
		0.0408203125,
		0.13125
	],
	"35": [
		0.259765625,
		0.18472222222222223
	],
	"36": [
		0.3203125,
		0.1638888888888889
	],
	"37": [
		0.25,
		0.04895833333333333
	],
	"38": [
		0.417578125,
		0.18611111111111112
	],
	"39": [
		0.1990234375,
		0.18472222222222223
	],
	"40": [
		0.4572265625,
		0.16527777777777777
	],
	"41": [
		0.387109375,
		0.17743055555555556
	],
	"42": [
		0.23984375,
		0.12013888888888889
	],
	"43": [
		0.3875,
		0.18680555555555556
	],
	"44": [
		0.20859375,
		0.05
	],
	"45": [
		0.1107421875,
		0.15208333333333332
	],
	"46": [
		0.2875,
		0.0625
	],
	"47": [
		0.450390625,
		0.1795138888888889
	],
	"48": [
		0.2462890625,
		0.11319444444444444
	],
	"49": [
		0.259375,
		0.18055555555555555
	],
	"50": [
		0.2251953125,
		0.1642361111111111
	],
	"51": [
		0.3236328125,
		0.18368055555555557
	],
	"52": [
		0.417578125,
		0.18611111111111112
	],
	"53": [
		0.3869140625,
		0.18506944444444445
	],
	"54": [
		0.3869140625,
		0.18506944444444445
	],
	"55": [
		0.3533203125,
		0.184375
	],
	"56": [
		0.2251953125,
		0.1642361111111111
	],
	"57": [
		0.45078125,
		0.18888888888888888
	],
	"58": [
		0.3869140625,
		0.18506944444444445
	],
	"59": [
		0.259375,
		0.18090277777777777
	],
	"60": [
		0.2896484375,
		0.18090277777777777
	],
	"61": [
		0.2525390625,
		0.049652777777777775
	],
	"62": [
		0.2591796875,
		0.17881944444444445
	],
	"63": [
		0.2947265625,
		0.08645833333333333
	],
	"64": [
		0.2001953125,
		0.1829861111111111
	],
	"65": [
		0.0212890625,
		0.13854166666666667
	],
	"66": [
		0.2939453125,
		0.08645833333333333
	],
	"67": [
		0.3873046875,
		0.18715277777777778
	],
	"68": [
		0.417578125,
		0.18611111111111112
	],
	"69": [
		0.4572265625,
		0.16527777777777777
	],
	"70": [
		0.3482421875,
		0.828125
	],
	"71": [
		0.2591796875,
		0.17881944444444445
	],
	"72": [
		0.42734375,
		0.8336805555555555
	],
	"73": [
		0.109765625,
		0.140625
	],
	"74": [
		0.3236328125,
		0.18368055555555557
	],
	"75": [
		0.2515625,
		0.05277777777777778
	],
	"76": [
		0.3533203125,
		0.184375
	],
	"77": [
		0.2501953125,
		0.04895833333333333
	],
	"78": [
		0.2052734375,
		0.14166666666666666
	],
	"79": [
		0.353515625,
		0.18506944444444445
	],
	"80": [
		0.417578125,
		0.18611111111111112
	],
	"81": [
		0.417578125,
		0.18645833333333334
	],
	"82": [
		0.2109375,
		0.16909722222222223
	],
	"83": [
		0.05390625,
		0.12222222222222222
	],
	"84": [
		0.290625,
		0.06145833333333333
	],
	"85": [
		0.3869140625,
		0.18506944444444445
	],
	"86": [
		0.418359375,
		0.8340277777777778
	],
	"87": [
		0.4224609375,
		0.8333333333333334
	],
	"88": [
		0.2873046875,
		0.06875
	],
	"89": [
		0.42421875,
		0.8336805555555555
	],
	"90": [
		0.323046875,
		0.18263888888888888
	],
	"91": [
		0.48125,
		0.18888888888888888
	],
	"92": [
		0.2142578125,
		0.13923611111111112
	],
	"93": [
		0.2873046875,
		0.0625
	],
	"94": [
		0.487890625,
		0.8381944444444445
	],
	"95": [
		0.1673828125,
		0.14027777777777778
	],
	"96": [
		0.2876953125,
		0.06354166666666666
	],
	"97": [
		0.2576171875,
		0.09861111111111111
	],
	"98": [
		0.205078125,
		0.1701388888888889
	],
	"99": [
		0.28984375,
		0.18055555555555555
	],
	"100": [
		0.209375,
		0.16979166666666667
	],
	"101": [
		0.4544921875,
		0.8361111111111111
	],
	"102": [
		0.05703125,
		0.14583333333333334
	],
	"103": [
		0.28984375,
		0.18055555555555555
	],
	"104": [
		0.199609375,
		0.14930555555555555
	],
	"105": [
		0.2044921875,
		0.16944444444444445
	],
	"106": [
		0.2896484375,
		0.1829861111111111
	],
	"107": [
		0.3236328125,
		0.18333333333333332
	],
	"108": [
		0.2880859375,
		0.06875
	],
	"109": [
		0.2845703125,
		0.09236111111111112
	],
	"110": [
		0.3642578125,
		0.8305555555555556
	],
	"111": [
		0.020703125,
		0.15729166666666666
	],
	"112": [
		0.481640625,
		0.18888888888888888
	],
	"113": [
		0.0302734375,
		0.1597222222222222
	],
	"114": [
		0.3236328125,
		0.18333333333333332
	],
	"115": [
		0.417578125,
		0.18611111111111112
	],
	"116": [
		0.2703125,
		0.052083333333333336
	],
	"117": [
		0.3533203125,
		0.184375
	],
	"118": [
		0.481640625,
		0.18888888888888888
	],
	"119": [
		0.2111328125,
		0.13194444444444445
	],
	"120": [
		0.2880859375,
		0.0642361111111111
	],
	"121": [
		0.293359375,
		0.08680555555555555
	],
	"122": [
		0.24921875,
		0.04895833333333333
	],
	"123": [
		0.258984375,
		0.09618055555555556
	],
	"124": [
		0.3533203125,
		0.18368055555555557
	],
	"125": [
		0.0380859375,
		0.13854166666666667
	],
	"126": [
		0.2087890625,
		0.16944444444444445
	],
	"127": [
		0.3931640625,
		0.1642361111111111
	],
	"128": [
		0.203125,
		0.1451388888888889
	],
	"129": [
		0.290625,
		0.06145833333333333
	],
	"130": [
		0.05390625,
		0.12222222222222222
	],
	"131": [
		0.1060546875,
		0.1482638888888889
	],
	"132": [
		0.3533203125,
		0.184375
	],
	"133": [
		0.0408203125,
		0.1326388888888889
	],
	"134": [
		0.2181640625,
		0.8194444444444444
	],
	"135": [
		0.08203125,
		0.8173611111111111
	],
	"136": [
		0.3240234375,
		0.178125
	],
	"137": [
		0.28984375,
		0.18055555555555555
	],
	"138": [
		0.24765625,
		0.04826388888888889
	],
	"139": [
		0.417578125,
		0.1857638888888889
	],
	"140": [
		0.450390625,
		0.1875
	],
	"141": [
		0.225390625,
		0.16909722222222223
	],
	"142": [
		0.3533203125,
		0.18368055555555557
	],
	"143": [
		0.417578125,
		0.1857638888888889
	],
	"144": [
		0.2828125,
		0.06041666666666667
	],
	"145": [
		0.2896484375,
		0.18159722222222222
	],
	"146": [
		0.0287109375,
		0.8388888888888889
	],
	"147": [
		0.481640625,
		0.18888888888888888
	],
	"148": [
		0.2251953125,
		0.1642361111111111
	],
	"149": [
		0.2140625,
		0.1684027777777778
	],
	"150": [
		0.2861328125,
		0.06805555555555555
	],
	"151": [
		0.1060546875,
		0.8385416666666666
	],
	"152": [
		0.0986328125,
		0.21284722222222222
	],
	"153": [
		0.3533203125,
		0.18368055555555557
	],
	"154": [
		0.2109375,
		0.16909722222222223
	],
	"155": [
		0.3533203125,
		0.184375
	],
	"156": [
		0.3875,
		0.18715277777777778
	],
	"157": [
		0.2080078125,
		0.04895833333333333
	],
	"158": [
		0.0390625,
		0.1375
	],
	"159": [
		0.0298828125,
		0.159375
	],
	"160": [
		0.417578125,
		0.1857638888888889
	],
	"161": [
		0.259375,
		0.09583333333333334
	],
	"162": [
		0.28984375,
		0.18020833333333333
	],
	"163": [
		0.3236328125,
		0.18263888888888888
	],