{
	"0": [
		0.6421875,
		0.005555555555555556
	],
	"1": [
		0.7828125,
		0.025
	],
	"2": [
		0.5640625,
		0.07777777777777778
	],
	"3": [
		0.971875,
		0.08333333333333333
	],
	"4": [
		0.99375,
		0.08611111111111111
	],
	"5": [
		0.5203125,
		0.08888888888888889
	],
	"6": [
		0.603125,
		0.08888888888888889
	],
	"7": [
		0.4515625,
		0.11944444444444445
	],
	"8": [
		0.3765625,
		0.12777777777777777
	],
	"9": [
		0.415625,
		0.12777777777777777
	],
	"10": [
		0.903125,
		0.12777777777777777
	],
	"11": [
		0.9375,
		0.12777777777777777
	],
	"12": [
		0.05625,
		0.1388888888888889
	],
	"13": [
		0.603125,
		0.1388888888888889
	],
	"14": [
		0.628125,
		0.14444444444444443
	],
	"15": [
		0.9875,
		0.14444444444444443
	],
	"16": [
		0.1140625,
		0.1638888888888889
	],
	"17": [
		0.15,
		0.16666666666666666
	],
	"18": [
		0.8828125,
		0.16666666666666666
	],
	"19": [
		0.9375,
		0.16666666666666666
	],
	"20": [
		0.2484375,
		0.18333333333333332
	],
	"21": [
		0.534375,
		0.18888888888888888
	],
	"22": [
		0.0875,
		0.19444444444444445
	],
	"23": [
		0.95,
		0.20277777777777778
	],
	"24": [
		0.4265625,
		0.20555555555555555
	],
	"25": [
		0.74375,
		0.20555555555555555
	],
	"26": [
		0.375,
		0.21944444444444444
	],
	"27": [
		0.85,
		0.21944444444444444
	],
	"28": [
		0.790625,
		0.24444444444444444
	],
	"29": [
		0.75625,
		0.25833333333333336
	],
	"30": [
		0.0578125,
		0.2611111111111111
	],
	"31": [
		0.86875,
		0.2833333333333333
	],
	"32": [
		0.91875,
		0.2833333333333333
	],
	"33": [
		0.6796875,
		0.29444444444444445
	],
	"34": [
		0.1015625,
		0.2972222222222222
	],
	"35": [
		0.7046875,
		0.2972222222222222
	],
	"36": [
		0.546875,
		0.3
	],
	"37": [
		0.73125,
		0.3
	],
	"38": [
		0.0578125,
		0.30277777777777776
	],
	"39": [
		0.65,
		0.30277777777777776
	],
	"40": [
		0.75,
		0.30277777777777776
	],
	"41": [
		0.83125,
		0.3111111111111111
	],
	"42": [
		0.55625,
		0.3416666666666667
	],
	"43": [
		0.5203125,
		0.35555555555555557
	],
	"44": [
		0.4546875,
		0.38055555555555554
	],
	"45": [
		0.478125,
		0.38333333333333336
	],
	"46": [
		0.4984375,
		0.3861111111111111
	],
	"47": [
		0.534375,
		0.3861111111111111
	],
	"48": [
		0.5546875,
		0.3888888888888889
	],
	"49": [
		0.4265625,
		0.39444444444444443
	],
	"50": [
		0.584375,
		0.3972222222222222
	],
	"51": [
		0.4078125,
		0.4027777777777778
	],
	"52": [
		0.6234375,
		0.4027777777777778
	],
	"53": [
		0.65625,
		0.4027777777777778
	],
	"54": [
		0.3859375,
		0.4111111111111111
	],
	"55": [
		0.603125,
		0.42777777777777776
	],
	"56": [
		0.5546875,
		0.45
	],
	"57": [
		0.49375,
		0.4777777777777778
	],
	"58": [
		0.3578125,
		0.4861111111111111
	],
	"59": [
		0.7921875,
		0.49166666666666664
	],
	"60": [
		0.9625,
		0.49166666666666664
	],
	"61": [
		0.8296875,
		0.49444444444444446
	],
	"62": [
		0.1734375,
		0.5
	],
	"63": [
		0.440625,
		0.5027777777777778
	],
	"64": [
		0.996875,
		0.5138888888888888
	],
	"65": [
		0.3125,
		0.525
	],
	"66": [
		0.3515625,
		0.525
	],
	"67": [
		0.6375,
		0.525
	],
	"68": [
		0.078125,
		0.5333333333333333
	],
	"69": [
		0.975,
		0.5333333333333333
	],
	"70": [
		0.31875,
		0.5583333333333333
	],
	"71": [
		0.8390625,
		0.5638888888888889
	],
	"72": [
		0.909375,
		0.5666666666666667
	],
	"73": [
		0.0015625,
		0.5694444444444444
	],
	"74": [
		0.06875,
		0.5722222222222222
	],
	"75": [
		0.28125,
		0.575
	],
	"76": [
		0.1390625,
		0.5861111111111111
	],
	"77": [
		0.2578125,
		0.5861111111111111
	],
	"78": [
		0.871875,
		0.5861111111111111
	],
	"79": [
		0.171875,
		0.5916666666666667
	],
	"80": [
		0.63125,
		0.5944444444444444
	],
	"81": [
		0.66875,
		0.5944444444444444
	],
	"82": [
		0.96875,
		0.5944444444444444
	],
	"83": [
		0.2265625,
		0.6
	],
	"84": [
		0.9328125,
		0.6
	],
	"85": [
		0.7796875,
		0.6111111111111112
	],
	"86": [
		0.6234375,
		0.6305555555555555
	],
	"87": [
		0.8671875,
		0.6472222222222223
	],
	"88": [
		0.9,
		0.6472222222222223
	],
	"89": [
		0.6234375,
		0.6666666666666666
	],
	"90": [
		0.6484375,
		0.6722222222222223
	],
	"91": [
		0.71875,
		0.675
	],
	"92": [
		0.834375,
		0.6888888888888889
	],
	"93": [
		0.96875,
		0.7
	],
	"94": [
		0.6703125,
		0.7027777777777777
	],
	"95": [
		0.928125,
		0.7083333333333334
	],
	"96": [
		0.6390625,
		0.7222222222222222
	],
	"97": [
		0.584375,
		0.7527777777777778
	],
	"98": [
		0.534375,
		0.7805555555555556
	],
	"99": [
		0.01875,
		0.7916666666666666
	],
	"100": [
		0.0703125,
		0.8055555555555556
	],
	"101": [
		0.103125,
		0.8055555555555556
	],
	"102": [
		0.1484375,
		0.8166666666666667
	],
	"103": [
		0.4734375,
		0.8194444444444444
	],
	"104": [
		0.190625,
		0.825
	],
	"105": [
		0.440625,
		0.8388888888888889
	],
	"106": [
		0.35625,
		0.8583333333333333
	]
}