{
	"0": [
		0.7724609375,
		0.19270833333333334
	],
	"1": [
		0.7603515625,
		0.2013888888888889
	],
	"2": [
		0.8357421875,
		0.20069444444444445
	],
	"3": [
		0.2259765625,
		0.18263888888888888
	],
	"4": [
		0.05390625,
		0.18229166666666666
	],
	"5": [
		0.3373046875,
		0.18715277777777778
	],
	"6": [
		0.29296875,
		0.18229166666666666
	],
	"7": [
		0.237890625,
		0.15902777777777777
	],
	"8": [
		0.3650390625,
		0.18958333333333333
	],
	"9": [
		0.50390625,
		0.19340277777777778
	],
	"10": [
		0.49609375,
		0.19618055555555555
	],
	"11": [
		0.8451171875,
		0.19305555555555556
	],
	"12": [
		0.425,
		0.1954861111111111
	],
	"13": [
		0.1533203125,
		0.17777777777777778
	],
	"14": [
		0.4048828125,
		0.19270833333333334
	],
	"15": [
		0.75,
		0.19479166666666667
	],
	"16": [
		0.819140625,
		0.19479166666666667
	],
	"17": [
		0.2138671875,
		0.18958333333333333
	],
	"18": [
		0.1267578125,
		0.18541666666666667
	],
	"19": [
		0.3572265625,
		0.19305555555555556
	],
	"20": [
		0.32265625,
		0.17256944444444444
	],
	"21": [
		0.0767578125,
		0.1857638888888889
	],
	"22": [
		0.2076171875,
		0.18159722222222222
	],
	"23": [
		0.4328125,
		0.19409722222222223
	],
	"24": [
		0.1419921875,
		0.18854166666666666
	],
	"25": [
		0.366015625,
		0.18819444444444444
	],
	"26": [
		0.8916015625,
		0.196875
	],
	"27": [
		0.28984375,
		0.19479166666666667
	],
	"28": [
		0.1568359375,
		0.18125
	],
	"29": [
		0.2693359375,
		0.18645833333333334
	],
	"30": [
		0.7775390625,
		0.18611111111111112
	],
	"31": [
		0.29609375,
		0.18888888888888888
	],
	"32": [
		0.21171875,
		0.19618055555555555
	],
	"33": [
		0.1515625,
		0.17430555555555555
	],
	"34": [
		0.4333984375,
		0.190625
	],
	"35": [
		0.2271484375,
		0.18159722222222222
	],
	"36": [
		0.1296875,
		0.18611111111111112
	],
	"37": [
		0.33828125,
		0.1954861111111111
	],
	"38": [
		0.0859375,
		0.18611111111111112
	],
	"39": [
		0.058203125,
		0.184375
	],
	"40": [
		0.2693359375,
		0.19409722222222223
	],
	"41": [
		0.082421875,
		0.16909722222222223
	],
	"42": [
		0.2212890625,
		0.17569444444444443
	],
	"43": [
		0.5041015625,
		0.19340277777777778
	],
	"44": [
		0.476953125,
		0.2
	],
	"45": [
		0.7515625,
		0.20416666666666666
	],
	"46": [
		0.0853515625,
		0.18090277777777777
	],
	"47": [
		0.2017578125,
		0.19652777777777777
	],
	"48": [
		0.65625,
		0.16701388888888888
	],
	"49": [
		0.8501953125,
		0.1920138888888889
	],
	"50": [
		0.2275390625,
		0.19756944444444444
	],
	"51": [
		0.4291015625,
		0.18263888888888888
	],
	"52": [
		0.0333984375,
		0.15347222222222223
	],
	"53": [
		0.40859375,
		0.1986111111111111
	],
	"54": [
		0.7330078125,
		0.1684027777777778
	],
	"55": [
		0.8220703125,
		0.20833333333333334
	],
	"56": [
		0.0857421875,
		0.19166666666666668
	],
	"57": [
		0.4759765625,
		0.19270833333333334
	],
	"58": [
		0.3580078125,
		0.18333333333333332
	],
	"59": [
		0.29609375,
		0.18888888888888888
	],
	"60": [
		0.15703125,
		0.19340277777777778
	],
	"61": [
		0.4986328125,
		0.184375
	],
	"62": [
		0.770703125,
		0.18715277777777778
	],
	"63": [
		0.36640625,
		0.2013888888888889
	],
	"64": [
		0.7763671875,
		0.20277777777777778
	],
	"65": [
		0.5681640625,
		0.17916666666666667
	],
	"66": [
		0.237890625,
		0.15902777777777777
	],
	"67": [
		0.826171875,
		0.2
	],
	"68": [
		0.2962890625,
		0.19895833333333332
	],
	"69": [
		0.131640625,
		0.17326388888888888
	],
	"70": [
		0.7533203125,
		0.1986111111111111
	],
	"71": [
		0.849609375,
		0.20451388888888888
	],
	"72": [
		0.2125,
		0.1909722222222222
	],
	"73": [
		0.8451171875,
		0.18611111111111112
	],
	"74": [
		0.8501953125,
		0.20451388888888888
	],
	"75": [
		0.824609375,
		0.20069444444444445
	],
	"76": [
		0.275,
		0.18472222222222223
	],
	"77": [
		0.278515625,
		0.19722222222222222
	],
	"78": [
		0.752734375,
		0.20277777777777778
	],
	"79": [
		0.5037109375,
		0.20243055555555556
	],
	"80": [
		0.433984375,
		0.20173611111111112
	],
	"81": [
		0.0580078125,
		0.18506944444444445
	],
	"82": [
		0.82265625,
		0.20381944444444444
	],
	"83": [
		0.5037109375,
		0.203125
	],
	"84": [
		0.1296875,
		0.18263888888888888
	],
	"85": [
		0.776953125,
		0.2048611111111111
	],
	"86": [
		0.8873046875,
		0.1829861111111111
	],
	"87": [
		0.3416015625,
		0.184375
	],
	"88": [
		0.75546875,
		0.1875
	],
	"89": [
		0.2962890625,
		0.19930555555555557
	],
	"90": [
		0.4798828125,
		0.19895833333333332
	],
	"91": [
		0.3384765625,
		0.19270833333333334
	],
	"92": [
		0.1294921875,
		0.184375
	],
	"93": [
		0.3384765625,
		0.19340277777777778
	],
	"94": [
		0.5498046875,
		0.1701388888888889
	],
	"95": [
		0.76171875,
		0.20590277777777777
	],
	"96": [
		0.8279296875,
		0.18888888888888888
	],
	"97": [
		0.067578125,
		0.1829861111111111
	],
	"98": [
		0.4783203125,
		0.1909722222222222
	],
	"99": [
		0.855078125,
		0.4184027777777778
	],
	"100": [
		0.4087890625,
		0.19722222222222222
	],
	"101": [
		0.8240234375,
		0.19375
	],
	"102": [
		0.3908203125,
		0.4027777777777778
	],
	"103": [
		0.07109375,
		0.17395833333333333
	],
	"104": [
		0.8390625,
		0.20694444444444443
	],
	"105": [
		0.26875,
		0.1892361111111111
	],
	"106": [
		0.28984375,
		0.19756944444444444
	],
	"107": [
		0.4140625,
		0.19270833333333334
	],
	"108": [
		0.3662109375,
		0.20173611111111112
	],
	"109": [
		0.854296875,
		0.41041666666666665
	],
	"110": [
		0.390625,
		0.41041666666666665
	],
	"111": [
		0.1982421875,
		0.17083333333333334
	],
	"112": [
		0.0794921875,
		0.18958333333333333
	],
	"113": [
		0.8537109375,
		0.42430555555555555
	],
	"114": [
		0.21875,
		0.1954861111111111
	],
	"115": [
		0.40859375,
		0.18888888888888888
	],
	"116": [
		0.7693359375,
		0.1951388888888889
	],
	"117": [
		0.7212890625,
		0.18645833333333334
	],
	"118": [
		0.212109375,
		0.18194444444444444
	],
	"119": [
		0.155078125,
		0.4371527777777778
	],
	"120": [
		0.8404296875,
		0.1954861111111111
	],
	"121": [
		0.3392578125,
		0.18611111111111112
	],
	"122": [
		0.2125,
		0.1909722222222222
	],
	"123": [
		0.3900390625,
		0.4152777777777778
	],
	"124": [
		0.390625,
		0.415625
	],
	"125": [
		0.280859375,
		0.1638888888888889
	],
	"126": [
		0.8544921875,
		0.4201388888888889
	],
	"127": [
		0.4966796875,
		0.20069444444444445
	],
	"128": [
		0.4294921875,
		0.1829861111111111
	],
	"129": [
		0.753515625,
		0.19166666666666668
	],
	"130": [
		0.855078125,
		0.41215277777777776
	],
	"131": [
		0.483984375,
		0.18888888888888888
	],
	"132": [
		0.3587890625,
		0.1986111111111111
	],
	"133": [
		0.694921875,
		0.16875
	],
	"134": [
		0.4193359375,
		0.18506944444444445
	],
	"135": [
		0.4869140625,
		0.2013888888888889
	],
	"136": [
		0.2,
		0.175
	],
	"137": [
		0.616796875,
		0.7152777777777778
	],
	"138": [
		0.584375,
		0.17430555555555555
	],
	"139": [
		0.3900390625,
		0.41597222222222224
	],
	"140": [
		0.61953125,
		0.23854166666666668
	],
	"141": [
		0.156640625,
		0.19340277777777778
	],
	"142": [
		0.3904296875,
		0.4076388888888889
	],
	"143": [
		0.2892578125,
		0.1795138888888889
	],
	"144": [
		0.26953125,
		0.1829861111111111
	],
	"145": [
		0.617578125,
		0.18020833333333333
	],
	"146": [
		0.4978515625,
		0.1909722222222222
	],
	"147": [
		0.0859375,
		0.19305555555555556
	],
	"148": [
		0.30703125,
		0.16180555555555556
	],
	"149": [
		0.2083984375,
		0.184375
	],
	"150": [
		0.32734375,
		0.16909722222222223
	],
	"151": [
		0.854296875,
		0.4111111111111111
	],
	"152": [
		0.1296875,
		0.17881944444444445
	],
	"153": [
		0.6951171875,
		0.17256944444444444
	],
	"154": [
		0.0775390625,
		0.17222222222222222
	],
	"155": [
		0.15,
		0.1920138888888889
	],
	"156": [
		0.38984375,
		0.39861111111111114
	],
	"157": [
		0.6169921875,
		0.7267361111111111
	],
	"158": [
		0.2580078125,
		0.15868055555555555
	],
	"159": [
		0.23515625,
		0.17222222222222222
	],
	"160": [
		0.228515625,
		0.8677083333333333
	],
	"161": [
		0.359375,
		0.178125
	],
	"162": [
		0.390234375,
		0.4170138888888889
	],
	"163": [
		0.20546875,
		0.16805555555555557
	],