{
	"0": [
		0.9634765625,
		0.1
	],
	"1": [
		0.959765625,
		0.11631944444444445
	],
	"2": [
		0.707421875,
		0.10034722222222223
	],
	"3": [
		0.4037109375,
		0.11631944444444445
	],
	"4": [
		0.7384765625,
		0.09791666666666667
	],
	"5": [
		0.6341796875,
		0.08263888888888889
	],
	"6": [
		0.4865234375,
		0.07326388888888889
	],
	"7": [
		0.934765625,
		0.11388888888888889
	],
	"8": [
		0.706640625,
		0.11145833333333334
	],
	"9": [
		0.41015625,
		0.10729166666666666
	],
	"10": [
		0.9265625,
		0.13958333333333334
	],
	"11": [
		0.933984375,
		0.12534722222222222
	],
	"12": [
		0.701953125,
		0.12361111111111112
	],
	"13": [
		0.2033203125,
		0.17673611111111112
	],
	"14": [
		0.5857421875,
		0.06076388888888889
	],
	"15": [
		0.1517578125,
		0.20034722222222223
	],
	"16": [
		0.326953125,
		0.13368055555555555
	],
	"17": [
		0.2919921875,
		0.14618055555555556
	],
	"18": [
		0.3216796875,
		0.14444444444444443
	],
	"19": [
		0.12890625,
		0.18020833333333333
	],
	"20": [
		0.7787109375,
		0.07708333333333334
	],
	"21": [
		0.74921875,
		0.07534722222222222
	],
	"22": [
		0.287109375,
		0.15729166666666666
	],
	"23": [
		0.268359375,
		0.16666666666666666
	],
	"24": [
		0.1609375,
		0.1892361111111111
	],
	"25": [
		0.266015625,
		0.13958333333333334
	],
	"26": [
		0.27109375,
		0.15833333333333333
	],
	"27": [
		0.8482421875,
		0.08645833333333333
	],
	"28": [
		0.12734375,
		0.8979166666666667
	],
	"29": [
		0.689453125,
		0.11597222222222223
	],
	"30": [
		0.9232421875,
		0.10902777777777778
	],
	"31": [
		0.129296875,
		0.2170138888888889
	],
	"32": [
		0.1658203125,
		0.9079861111111112
	],
	"33": [
		0.384375,
		0.12395833333333334
	],
	"34": [
		0.414453125,
		0.9625
	],
	"35": [
		0.69921875,
		0.11354166666666667
	],
	"36": [
		0.1931640625,
		0.1857638888888889
	],
	"37": [
		0.4328125,
		0.10451388888888889
	],
	"38": [
		0.847265625,
		0.0798611111111111
	],
	"39": [
		0.8470703125,
		0.09513888888888888
	],
	"40": [
		0.9248046875,
		0.12881944444444443
	],
	"41": [
		0.9501953125,
		0.08854166666666667
	],
	"42": [
		0.3875,
		0.11736111111111111
	],
	"43": [
		0.277734375,
		0.12291666666666666
	],
	"44": [
		0.6138671875,
		0.06319444444444444
	],
	"45": [
		0.1328125,
		0.9003472222222222
	],
	"46": [
		0.146484375,
		0.175
	],
	"47": [
		0.6232421875,
		0.33368055555555554
	],
	"48": [
		0.7498046875,
		0.08506944444444445
	],
	"49": [
		0.302734375,
		0.15104166666666666
	],
	"50": [
		0.1755859375,
		0.19444444444444445
	],
	"51": [
		0.9638671875,
		0.09375
	],
	"52": [
		0.2107421875,
		0.1829861111111111
	],
	"53": [
		0.696875,
		0.09444444444444444
	],
	"54": [
		0.73359375,
		0.121875
	],
	"55": [
		0.2697265625,
		0.1451388888888889
	],
	"56": [
		0.6228515625,
		0.36354166666666665
	],
	"57": [
		0.909375,
		0.14201388888888888
	],
	"58": [
		0.3154296875,
		0.9381944444444444
	],
	"59": [
		0.170703125,
		0.5708333333333333
	],
	"60": [
		0.02109375,
		0.8809027777777778
	],
	"61": [
		0.6232421875,
		0.3333333333333333
	],
	"62": [
		0.44375,
		0.09513888888888888
	],
	"63": [
		0.180859375,
		0.19618055555555555
	],
	"64": [
		0.414453125,
		0.9621527777777777
	],
	"65": [
		0.275,
		0.13541666666666666
	],
	"66": [
		0.6232421875,
		0.3347222222222222
	],
	"67": [
		0.0248046875,
		0.8798611111111111
	],
	"68": [
		0.6572265625,
		0.08125
	],
	"69": [
		0.72109375,
		0.22777777777777777
	],
	"70": [
		0.96953125,
		0.1388888888888889
	],
	"71": [
		0.205078125,
		0.19270833333333334
	],
	"72": [
		0.13984375,
		0.178125
	],
	"73": [
		0.415625,
		0.9625
	],
	"74": [
		0.703515625,
		0.09895833333333333
	],
	"75": [
		0.391796875,
		0.1232638888888889
	],
	"76": [
		0.1349609375,
		0.2013888888888889
	],
	"77": [
		0.21171875,
		0.18888888888888888
	],
	"78": [
		0.1849609375,
		0.18263888888888888
	],
	"79": [
		0.275,
		0.165625
	],
	"80": [
		0.4330078125,
		0.9666666666666667
	],
	"81": [
		0.4509765625,
		0.10798611111111112
	],
	"82": [
		0.1408203125,
		0.21145833333333333
	],
	"83": [
		0.6279296875,
		0.35694444444444445
	],
	"84": [
		0.311328125,
		0.1423611111111111
	],
	"85": [
		0.682421875,
		0.09791666666666667
	],
	"86": [
		0.190625,
		0.19340277777777778
	],
	"87": [
		0.16328125,
		0.5767361111111111
	],
	"88": [
		0.1353515625,
		0.18680555555555556
	],
	"89": [
		0.2125,
		0.1753472222222222
	],
	"90": [
		0.4169921875,
		0.11041666666666666
	],
	"91": [
		0.9677734375,
		0.14548611111111112
	],
	"92": [
		0.7119140625,
		0.11354166666666667
	],
	"93": [
		0.9474609375,
		0.12569444444444444
	],
	"94": [
		0.6123046875,
		0.07222222222222222
	],
	"95": [
		0.2625,
		0.9253472222222222
	],
	"96": [
		0.67265625,
		0.07569444444444444
	],
	"97": [
		0.937890625,
		0.12708333333333333
	],
	"98": [
		0.6927734375,
		0.10381944444444445
	],
	"99": [
		0.959765625,
		0.13541666666666666
	],
	"100": [
		0.778515625,
		0.08298611111111111
	],
	"101": [
		0.69140625,
		0.09756944444444444
	],
	"102": [
		0.308984375,
		0.15243055555555557
	],
	"103": [
		0.6876953125,
		0.08888888888888889
	],
	"104": [
		0.4259765625,
		0.10208333333333333
	],
	"105": [
		0.9173828125,
		0.11145833333333334
	],
	"106": [
		0.6283203125,
		0.34930555555555554
	],
	"107": [
		0.5111328125,
		0.07534722222222222
	],
	"108": [
		0.9505859375,
		0.09583333333333334
	],
	"109": [
		0.429296875,
		0.11041666666666666
	],
	"110": [
		0.73359375,
		0.11597222222222223
	],
	"111": [
		0.5978515625,
		0.30868055555555557
	],
	"112": [
		0.4427734375,
		0.109375
	],
	"113": [
		0.1697265625,
		0.203125
	],
	"114": [
		0.3166015625,
		0.14930555555555555
	],
	"115": [
		0.4505859375,
		0.09409722222222222
	],
	"116": [
		0.9703125,
		0.10208333333333333
	],
	"117": [
		0.280859375,
		0.134375
	],
	"118": [
		0.11015625,
		0.28020833333333334
	],
	"119": [
		0.420703125,
		0.11388888888888889
	],
	"120": [
		0.2029296875,
		0.18993055555555555
	],
	"121": [
		0.726171875,
		0.12361111111111112
	],
	"122": [
		0.1689453125,
		0.18611111111111112
	],
	"123": [
		0.1662109375,
		0.20590277777777777
	],
	"124": [
		0.71484375,
		0.08923611111111111
	],
	"125": [
		0.58671875,
		0.06597222222222222
	],
	"126": [
		0.6466796875,
		0.07430555555555556
	],
	"127": [
		0.33515625,
		0.1451388888888889
	],
	"128": [
		0.2123046875,
		0.14548611111111112
	],
	"129": [
		0.1615234375,
		0.203125
	],
	"130": [
		0.2068359375,
		0.18854166666666666
	],
	"131": [
		0.1982421875,
		0.19375
	],
	"132": [
		0.3017578125,
		0.15694444444444444
	],
	"133": [
		0.7029296875,
		0.10833333333333334
	],
	"134": [
		0.9572265625,
		0.1267361111111111
	],
	"135": [
		0.685546875,
		0.115625
	],
	"136": [
		0.9244140625,
		0.09930555555555555
	],
	"137": [
		0.3216796875,
		0.2677083333333333
	],
	"138": [
		0.4431640625,
		0.09027777777777778
	],
	"139": [
		0.1556640625,
		0.20590277777777777
	],
	"140": [
		0.3359375,
		0.13194444444444445
	],
	"141": [
		0.412890625,
		0.4184027777777778
	],
	"142": [
		0.9091796875,
		0.12048611111111111
	],
	"143": [
		0.171484375,
		0.17777777777777778
	],
	"144": [
		0.9294921875,
		0.11354166666666667
	],
	"145": [
		0.9498046875,
		0.14305555555555555
	],
	"146": [
		0.0388671875,
		0.5614583333333333
	],
	"147": [
		0.9087890625,
		0.11354166666666667
	],
	"148": [
		0.9560546875,
		0.134375
	],
	"149": [
		0.729296875,
		0.11909722222222222
	],
	"150": [
		0.5310546875,
		0.10694444444444444
	],
	"151": [
		0.7302734375,
		0.11215277777777778
	],
	"152": [
		0.2001953125,
		0.16770833333333332
	],
	"153": [
		0.407421875,
		0.11805555555555555
	],
	"154": [
		0.1603515625,
		0.18055555555555555
	],
	"155": [
		0.7125,
		0.12430555555555556
	],
	"156": [
		0.21171875,
		0.5430555555555555
	],
	"157": [
		0.971875,
		0.14479166666666668
	],
	"158": [
		0.6060546875,
		0.06215277777777778
	],
	"159": [
		0.2890625,
		0.16284722222222223
	],
	"160": [
		0.324609375,
		0.12777777777777777
	],
	"161": [
		0.561328125,
		0.06527777777777778
	],
	"162": [
		0.4052734375,
		0.12222222222222222
	],