{
	"SixYardNorthForwardEast": [
		0.0800561797752809,
		0.26267956610964527
	],
	"EighteenYardNorthForwardEast": [
		0.3890449438202247,
		0.21175189512920384
	],
	"PenaltyCircleNorthWest": [
		0.1306179775280899,
		0.36185450433471544
	],
	"CornerNorthEast": [
		0.199438202247191,
		0.13938099426226075
	]
}