{
	"0": [
		0.508203125,
		0.04652777777777778
	],
	"1": [
		0.34609375,
		0.04375
	],
	"2": [
		0.6775390625,
		0.05520833333333333
	],
	"3": [
		0.624609375,
		0.057291666666666664
	],
	"4": [
		0.252734375,
		0.036458333333333336
	],
	"5": [
		0.42734375,
		0.04618055555555556
	],
	"6": [
		0.87890625,
		0.06909722222222223
	],
	"7": [
		0.4236328125,
		0.03923611111111111
	],
	"8": [
		0.3728515625,
		0.04201388888888889
	],
	"9": [
		0.091796875,
		0.09513888888888888
	],
	"10": [
		0.585546875,
		0.04548611111111111
	],
	"11": [
		0.3013671875,
		0.09479166666666666
	],
	"12": [
		0.5890625,
		0.05555555555555555
	],
	"13": [
		0.8548828125,
		0.071875
	],
	"14": [
		0.5021484375,
		0.041666666666666664
	],
	"15": [
		0.2984375,
		0.035416666666666666
	],
	"16": [
		0.4544921875,
		0.04826388888888889
	],
	"17": [
		0.6255859375,
		0.04861111111111111
	],
	"18": [
		0.7134765625,
		0.058333333333333334
	],
	"19": [
		0.7134765625,
		0.058333333333333334
	],
	"20": [
		0.629296875,
		0.04513888888888889
	],
	"21": [
		0.7833984375,
		0.06770833333333333
	],
	"22": [
		0.80234375,
		0.06597222222222222
	],
	"23": [
		0.8537109375,
		0.05486111111111111
	],
	"24": [
		0.67109375,
		0.04722222222222222
	],
	"25": [
		0.2943359375,
		0.10104166666666667
	],
	"26": [
		0.28359375,
		0.03611111111111111
	],
	"27": [
		0.5453125,
		0.044444444444444446
	],
	"28": [
		0.58671875,
		0.06180555555555556
	],
	"29": [
		0.537890625,
		0.05243055555555556
	],
	"30": [
		0.715625,
		0.05347222222222222
	],
	"31": [
		0.461328125,
		0.040625
	],
	"32": [
		0.6724609375,
		0.06354166666666666
	],
	"33": [
		0.1095703125,
		0.10243055555555555
	],
	"34": [
		0.11015625,
		0.10034722222222223
	],
	"35": [
		0.5880859375,
		0.06805555555555555
	],
	"36": [
		0.6552734375,
		0.03784722222222222
	],
	"37": [
		0.2912109375,
		0.03923611111111111
	],
	"38": [
		0.8064453125,
		0.05486111111111111
	],
	"39": [
		0.504296875,
		0.06284722222222222
	],
	"40": [
		0.8556640625,
		0.05625
	],
	"41": [
		0.7642578125,
		0.04652777777777778
	],
	"42": [
		0.42421875,
		0.05243055555555556
	],
	"43": [
		0.7634765625,
		0.07256944444444445
	],
	"44": [
		0.2544921875,
		0.036458333333333336
	],
	"45": [
		0.228515625,
		0.10798611111111112
	],
	"46": [
		0.34140625,
		0.044444444444444446
	],
	"47": [
		0.0478515625,
		0.08958333333333333
	],
	"48": [
		0.8537109375,
		0.05486111111111111
	],
	"49": [
		0.422265625,
		0.05243055555555556
	],
	"50": [
		0.5869140625,
		0.0642361111111111
	],
	"51": [
		0.54453125,
		0.050694444444444445
	],
	"52": [
		0.6734375,
		0.06631944444444444
	],
	"53": [
		0.8064453125,
		0.059722222222222225
	],
	"54": [
		0.7623046875,
		0.05555555555555555
	],
	"55": [
		0.7615234375,
		0.05763888888888889
	],
	"56": [
		0.7125,
		0.05798611111111111
	],
	"57": [
		0.536328125,
		0.04548611111111111
	],
	"58": [
		0.8552734375,
		0.07152777777777777
	],
	"59": [
		0.7625,
		0.06493055555555556
	],
	"60": [
		0.5888671875,
		0.06145833333333333
	],
	"61": [
		0.6296875,
		0.05590277777777778
	],
	"62": [
		0.2865234375,
		0.0375
	],
	"63": [
		0.5888671875,
		0.05173611111111111
	],
	"64": [
		0.448046875,
		0.03784722222222222
	],
	"65": [
		0.50625,
		0.060069444444444446
	],
	"66": [
		0.0931640625,
		0.09513888888888888
	],
	"67": [
		0.292578125,
		0.10381944444444445
	],
	"68": [
		0.4626953125,
		0.046875
	],
	"69": [
		0.7634765625,
		0.07222222222222222
	],
	"70": [
		0.803515625,
		0.060069444444444446
	],
	"71": [
		0.8556640625,
		0.05625
	],
	"72": [
		0.6880859375,
		0.9270833333333334
	],
	"73": [
		0.587890625,
		0.060069444444444446
	],
	"74": [
		0.810546875,
		0.946875
	],
	"75": [
		0.2091796875,
		0.10520833333333333
	],
	"76": [
		0.6736328125,
		0.06770833333333333
	],
	"77": [
		0.265234375,
		0.04131944444444444
	],
	"78": [
		0.716015625,
		0.060069444444444446
	],
	"79": [
		0.2904296875,
		0.03819444444444445
	],
	"80": [
		0.3013671875,
		0.10104166666666667
	],
	"81": [
		0.699609375,
		0.06701388888888889
	],
	"82": [
		0.8052734375,
		0.06354166666666666
	],
	"83": [
		0.7880859375,
		0.071875
	],
	"84": [
		0.5087890625,
		0.044444444444444446
	],
	"85": [
		0.1095703125,
		0.096875
	],
	"86": [
		0.3806640625,
		0.041666666666666664
	],
	"87": [
		0.1490234375,
		0.8440972222222223
	],
	"88": [
		0.7625,
		0.06493055555555556
	],
	"89": [
		0.8033203125,
		0.9493055555555555
	],
	"90": [
		0.7650390625,
		0.9413194444444445
	],
	"91": [
		0.3451171875,
		0.04756944444444444
	],
	"92": [
		0.7791015625,
		0.9451388888888889
	],
	"93": [
		0.6734375,
		0.05486111111111111
	],
	"94": [
		0.880859375,
		0.07013888888888889
	],
	"95": [
		0.4251953125,
		0.05416666666666667
	],
	"96": [
		0.34375,
		0.042708333333333334
	],
	"97": [
		0.8736328125,
		0.9583333333333334
	],
	"98": [
		0.2970703125,
		0.10277777777777777
	],
	"99": [
		0.3451171875,
		0.04513888888888889
	],
	"100": [
		0.305859375,
		0.03263888888888889
	],
	"101": [
		0.4236328125,
		0.04722222222222222
	],
	"102": [
		0.5048828125,
		0.05347222222222222
	],
	"103": [
		0.04296875,
		0.0875
	],
	"104": [
		0.07109375,
		0.8861111111111111
	],
	"105": [
		0.6291015625,
		0.05625
	],
	"106": [
		0.505859375,
		0.04861111111111111
	],
	"107": [
		0.8501953125,
		0.9559027777777778
	],
	"108": [
		0.1431640625,
		0.10416666666666667
	],
	"109": [
		0.6306640625,
		0.05555555555555555
	],
	"110": [
		0.2962890625,
		0.10104166666666667
	],
	"111": [
		0.0830078125,
		0.09513888888888888
	],
	"112": [
		0.50859375,
		0.05555555555555555
	],
	"113": [
		0.6125,
		0.06215277777777778
	],
	"114": [
		0.146484375,
		0.8423611111111111
	],
	"115": [
		0.673046875,
		0.059722222222222225
	],
	"116": [
		0.3443359375,
		0.04652777777777778
	],
	"117": [
		0.4271484375,
		0.046875
	],
	"118": [
		0.7244140625,
		0.9340277777777778
	],
	"119": [
		0.0962890625,
		0.10173611111111111
	],
	"120": [
		0.8607421875,
		0.05590277777777778
	],
	"121": [
		0.1087890625,
		0.10347222222222222
	],
	"122": [
		0.131640625,
		0.10520833333333333
	],
	"123": [
		0.673046875,
		0.060069444444444446
	],
	"124": [
		0.7884765625,
		0.05486111111111111
	],
	"125": [
		0.2904296875,
		0.04791666666666667
	],
	"126": [
		0.7162109375,
		0.059722222222222225
	],
	"127": [
		0.88359375,
		0.058680555555555555
	],
	"128": [
		0.2986328125,
		0.10208333333333333
	],
	"129": [
		0.3462890625,
		0.04548611111111111
	],
	"130": [
		0.46171875,
		0.05
	],
	"131": [
		0.2900390625,
		0.03715277777777778
	],
	"132": [
		0.4240234375,
		0.04722222222222222
	],
	"133": [
		0.713671875,
		0.06666666666666667
	],
	"134": [
		0.1244140625,
		0.8392361111111111
	],
	"135": [
		0.109765625,
		0.103125
	],
	"136": [
		0.5107421875,
		0.05694444444444444
	],
	"137": [
		0.76953125,
		0.05347222222222222
	],
	"138": [
		0.039453125,
		0.08472222222222223
	],
	"139": [
		0.294921875,
		0.10104166666666667
	],
	"140": [
		0.380859375,
		0.043402777777777776
	],
	"141": [
		0.146875,
		0.8427083333333333
	],
	"142": [
		0.1095703125,
		0.096875
	],
	"143": [
		0.209765625,
		0.10659722222222222
	],
	"144": [
		0.716796875,
		0.04513888888888889
	],
	"145": [
		0.027734375,
		0.9274305555555555
	],
	"146": [
		0.109375,
		0.10069444444444445
	],
	"147": [
		0.4845703125,
		0.8927083333333333
	],
	"148": [
		0.195703125,
		0.8506944444444444
	],
	"149": [
		0.3615234375,
		0.875
	],
	"150": [
		0.24140625,
		0.24270833333333333
	],
	"151": [
		0.6791015625,
		0.049652777777777775
	],
	"152": [
		0.62890625,
		0.04097222222222222
	],
	"153": [
		0.3064453125,
		0.035416666666666666
	],
	"154": [
		0.802734375,
		0.06944444444444445
	],
	"155": [
		0.853125,
		0.07395833333333333
	],
	"156": [
		0.5416015625,
		0.06076388888888889
	],
	"157": [
		0.7125,
		0.0642361111111111
	],
	"158": [
		0.784765625,
		0.05381944444444445
	],
	"159": [
		0.29765625,
		0.05625
	],
	"160": [
		0.040625,
		0.08611111111111111
	],
	"161": [
		0.0814453125,
		0.8774305555555556
	],
	"162": [
		0.6125,
		0.046875
	],