{
	"CornerNorthWest": [
		0.21348314606741572,
		0.11509805600753618
	],
	"CornerNorthEast": [
		0.8033707865168539,
		0.16442579429648027
	],
	"CornerSouthWest": [
		0.2148876404494382,
		0.86049499015158
	],
	"CornerSouthEast": [
		0.7823033707865169,
		0.9153035882504068
	]
}