{
	"EighteenYardNorthForwardEast": [
		0.3890449438202247,
		0.23813650033131148
	],
	"SixYardNorthForwardEast": [
		0.07303370786516854,
		0.25685026293938557
	],
	"PenaltySpotNorth": [
		0.0800561797752809,
		0.3306578097610481
	],
	"PenaltyCircleNorthWest": [
		0.13202247191011235,
		0.38493297313828434
	]
}