{
	"0": [
		0.29140625,
		0.12291666666666666
	],
	"1": [
		0.28828125,
		0.06180555555555556
	],
	"2": [
		0.42265625,
		0.13333333333333333
	],
	"3": [
		0.3876953125,
		0.12152777777777778
	],
	"4": [
		0.209765625,
		0.049305555555555554
	],
	"5": [
		0.2970703125,
		0.08576388888888889
	],
	"6": [
		0.603125,
		0.1329861111111111
	],
	"7": [
		0.296875,
		0.08784722222222222
	],
	"8": [
		0.290625,
		0.06979166666666667
	],
	"9": [
		0.0802734375,
		0.09756944444444444
	],
	"10": [
		0.3509765625,
		0.12881944444444443
	],
	"11": [
		0.2705078125,
		0.09791666666666667
	],
	"12": [
		0.3509765625,
		0.12986111111111112
	],
	"13": [
		0.565234375,
		0.140625
	],
	"14": [
		0.29140625,
		0.121875
	],
	"15": [
		0.24921875,
		0.03854166666666667
	],
	"16": [
		0.3,
		0.08472222222222223
	],
	"17": [
		0.387890625,
		0.12083333333333333
	],
	"18": [
		0.4587890625,
		0.12569444444444444
	],
	"19": [
		0.4587890625,
		0.12569444444444444
	],
	"20": [
		0.3875,
		0.12048611111111111
	],
	"21": [
		0.530859375,
		0.13506944444444444
	],
	"22": [
		0.5314453125,
		0.13090277777777778
	],
	"23": [
		0.5689453125,
		0.12777777777777777
	],
	"24": [
		0.4224609375,
		0.1326388888888889
	],
	"25": [
		0.2666015625,
		0.10381944444444445
	],
	"26": [
		0.254296875,
		0.04479166666666667
	],
	"27": [
		0.318359375,
		0.11597222222222223
	],
	"28": [
		0.3513671875,
		0.13368055555555555
	],
	"29": [
		0.3181640625,
		0.12013888888888889
	],
	"30": [
		0.4587890625,
		0.12569444444444444
	],
	"31": [
		0.3009765625,
		0.08298611111111111
	],
	"32": [
		0.4224609375,
		0.13680555555555557
	],
	"33": [
		0.1025390625,
		0.10381944444444445
	],
	"34": [
		0.103125,
		0.10104166666666667
	],
	"35": [
		0.3513671875,
		0.14097222222222222
	],
	"36": [
		0.4177734375,
		0.11493055555555555
	],
	"37": [
		0.2515625,
		0.04131944444444444
	],
	"38": [
		0.53125,
		0.12881944444444443
	],
	"39": [
		0.284375,
		0.1388888888888889
	],
	"40": [
		0.5748046875,
		0.12291666666666666
	],
	"41": [
		0.497265625,
		0.12222222222222222
	],
	"42": [
		0.29296875,
		0.09618055555555556
	],
	"43": [
		0.493359375,
		0.14027777777777778
	],
	"44": [
		0.210546875,
		0.04826388888888889
	],
	"45": [
		0.1845703125,
		0.11284722222222222
	],
	"46": [
		0.28828125,
		0.0625
	],
	"47": [
		0.5689453125,
		0.12777777777777777
	],
	"48": [
		0.29296875,
		0.0954861111111111
	],
	"49": [
		0.351171875,
		0.13645833333333332
	],
	"50": [
		0.3185546875,
		0.11805555555555555
	],
	"51": [
		0.4224609375,
		0.13854166666666667
	],
	"52": [
		0.5314453125,
		0.12881944444444443
	],
	"53": [
		0.49375,
		0.1361111111111111
	],
	"54": [
		0.49375,
		0.13645833333333332
	],
	"55": [
		0.4587890625,
		0.12569444444444444
	],
	"56": [
		0.3181640625,
		0.11805555555555555
	],
	"57": [
		0.565234375,
		0.14027777777777778
	],
	"58": [
		0.49375,
		0.1371527777777778
	],
	"59": [
		0.3513671875,
		0.13333333333333333
	],
	"60": [
		0.38828125,
		0.12013888888888889
	],
	"61": [
		0.2537109375,
		0.04236111111111111
	],
	"62": [
		0.3517578125,
		0.12916666666666668
	],
	"63": [
		0.29921875,
		0.08472222222222223
	],
	"64": [
		0.284375,
		0.13645833333333332
	],
	"65": [
		0.0806640625,
		0.09756944444444444
	],
	"66": [
		0.3009765625,
		0.08368055555555555
	],
	"67": [
		0.4931640625,
		0.13993055555555556
	],
	"68": [
		0.5314453125,
		0.12916666666666668
	],
	"69": [
		0.5748046875,
		0.12291666666666666
	],
	"70": [
		0.4421875,
		0.859375
	],
	"71": [
		0.3509765625,
		0.13229166666666667
	],
	"72": [
		0.540625,
		0.8684027777777777
	],
	"73": [
		0.18203125,
		0.1125
	],
	"74": [
		0.4228515625,
		0.13819444444444445
	],
	"75": [
		0.2517578125,
		0.04652777777777778
	],
	"76": [
		0.4587890625,
		0.12569444444444444
	],
	"77": [
		0.251953125,
		0.040625
	],
	"78": [
		0.2666015625,
		0.10381944444444445
	],
	"79": [
		0.458984375,
		0.13402777777777777
	],
	"80": [
		0.53125,
		0.1284722222222222
	],
	"81": [
		0.530859375,
		0.13472222222222222
	],
	"82": [
		0.29140625,
		0.12291666666666666
	],
	"83": [
		0.101953125,
		0.09618055555555556
	],
	"84": [
		0.29140625,
		0.06145833333333333
	],
	"85": [
		0.49375,
		0.1371527777777778
	],
	"86": [
		0.524609375,
		0.8670138888888889
	],
	"87": [
		0.530078125,
		0.8684027777777777
	],
	"88": [
		0.28828125,
		0.06875
	],
	"89": [
		0.526953125,
		0.8680555555555556
	],
	"90": [
		0.42265625,
		0.13333333333333333
	],
	"91": [
		0.6033203125,
		0.13402777777777777
	],
	"92": [
		0.2876953125,
		0.10034722222222223
	],
	"93": [
		0.2880859375,
		0.0625
	],
	"94": [
		0.6091796875,
		0.8756944444444444
	],
	"95": [
		0.2513671875,
		0.11840277777777777
	],
	"96": [
		0.2884765625,
		0.06354166666666666
	],
	"97": [
		0.2962890625,
		0.090625
	],
	"98": [
		0.2873046875,
		0.12534722222222222
	],
	"99": [
		0.387890625,
		0.12083333333333333
	],
	"100": [
		0.291015625,
		0.12291666666666666
	],
	"101": [
		0.5619140625,
		0.8711805555555555
	],
	"102": [
		0.11640625,
		0.10833333333333334
	],
	"103": [
		0.387890625,
		0.12083333333333333
	],
	"104": [
		0.2650390625,
		0.10625
	],
	"105": [
		0.063671875,
		0.09722222222222222
	],
	"106": [
		0.287109375,
		0.12534722222222222
	],
	"107": [
		0.3849609375,
		0.1295138888888889
	],
	"108": [
		0.42265625,
		0.134375
	],
	"109": [
		0.2888671875,
		0.06875
	],
	"110": [
		0.296875,
		0.08784722222222222
	],
	"111": [
		0.469921875,
		0.8621527777777778
	],
	"112": [
		0.087890625,
		0.11215277777777778
	],
	"113": [
		0.602734375,
		0.13229166666666667
	],
	"114": [
		0.101171875,
		0.10590277777777778
	],
	"115": [
		0.42265625,
		0.134375
	],
	"116": [
		0.5314453125,
		0.12916666666666668
	],
	"117": [
		0.2708984375,
		0.052083333333333336
	],
	"118": [
		0.4587890625,
		0.12569444444444444
	],
	"119": [
		0.603125,
		0.12986111111111112
	],
	"120": [
		0.2626953125,
		0.10347222222222222
	],
	"121": [
		0.2888671875,
		0.0642361111111111
	],
	"122": [
		0.300390625,
		0.08402777777777778
	],
	"123": [
		0.2515625,
		0.040625
	],
	"124": [
		0.2962890625,
		0.08993055555555556
	],
	"125": [
		0.4587890625,
		0.12534722222222222
	],
	"126": [
		0.10234375,
		0.10451388888888889
	],
	"127": [
		0.290625,
		0.1232638888888889
	],
	"128": [
		0.5046875,
		0.12256944444444444
	],
	"129": [
		0.2642578125,
		0.10486111111111111
	],
	"130": [
		0.29140625,
		0.06145833333333333
	],
	"131": [
		0.101953125,
		0.09618055555555556
	],
	"132": [
		0.180078125,
		0.11493055555555555
	],
	"133": [
		0.4587890625,
		0.12604166666666666
	],
	"134": [
		0.1025390625,
		0.10173611111111111
	],
	"135": [
		0.2859375,
		0.8416666666666667
	],
	"136": [
		0.0189453125,
		0.8211805555555556
	],
	"137": [
		0.15625,
		0.8329861111111111
	],
	"138": [
		0.05546875,
		0.2899305555555556
	],
	"139": [
		0.4224609375,
		0.1284722222222222
	],
	"140": [
		0.38828125,
		0.11527777777777778
	],
	"141": [
		0.2525390625,
		0.03784722222222222
	],
	"142": [
		0.530859375,
		0.13055555555555556
	],
	"143": [
		0.5650390625,
		0.14027777777777778
	],
	"144": [
		0.3185546875,
		0.121875
	],
	"145": [
		0.4587890625,
		0.12534722222222222
	],
	"146": [
		0.530859375,
		0.13055555555555556
	],
	"147": [
		0.2830078125,
		0.06041666666666667
	],
	"148": [
		0.3861328125,
		0.12083333333333333
	],
	"149": [
		0.0884765625,
		0.8534722222222222
	],
	"150": [
		0.603125,
		0.12986111111111112
	],
	"151": [
		0.318359375,
		0.11631944444444445
	],
	"152": [
		0.2943359375,
		0.12152777777777778
	],
	"153": [
		0.2865234375,
		0.06805555555555555
	],
	"154": [
		0.1748046875,
		0.8572916666666667
	],
	"155": [
		0.1796875,
		0.17222222222222222
	],
	"156": [
		0.4587890625,
		0.12534722222222222
	],
	"157": [
		0.2919921875,
		0.12048611111111111
	],
	"158": [
		0.4587890625,
		0.12569444444444444
	],
	"159": [
		0.493359375,
		0.14131944444444444
	],
	"160": [
		0.209765625,
		0.04618055555555556
	],
	"161": [
		0.10234375,
		0.10520833333333333
	],
	"162": [
		0.1005859375,
		0.10625
	],