{
	"EighteenYardNorthRearEast": [
		0.3653095624254129,
		0.3654320272405726
	],
	"EighteenYardNorthForwardWest": [
		0.5112241876695456,
		0.5320382619582624
	],
	"EighteenYardNorthRearWest": [
		0.37154523017088864,
		0.551078974497427
	],
	"EighteenYardNorthForwardEast": [
		0.49999998572768917,
		0.3678121163079682
	]
}