{
	"0": [
		0.203125,
		0.17291666666666666
	],
	"1": [
		0.2875,
		0.06180555555555556
	],
	"2": [
		0.3150390625,
		0.18611111111111112
	],
	"3": [
		0.2806640625,
		0.18541666666666667
	],
	"4": [
		0.208984375,
		0.050347222222222224
	],
	"5": [
		0.2923828125,
		0.08715277777777777
	],
	"6": [
		0.47265625,
		0.19270833333333334
	],
	"7": [
		0.2828125,
		0.09236111111111112
	],
	"8": [
		0.28984375,
		0.06979166666666667
	],
	"9": [
		0.250390625,
		0.18368055555555557
	],
	"10": [
		0.2228515625,
		0.12152777777777778
	],
	"11": [
		0.2501953125,
		0.184375
	],
	"12": [
		0.4431640625,
		0.19236111111111112
	],
	"13": [
		0.203125,
		0.17291666666666666
	],
	"14": [
		0.2447265625,
		0.04895833333333333
	],
	"15": [
		0.2927734375,
		0.08680555555555555
	],
	"16": [
		0.2806640625,
		0.18541666666666667
	],
	"17": [
		0.3443359375,
		0.18784722222222222
	],
	"18": [
		0.3443359375,
		0.18784722222222222
	],
	"19": [
		0.2806640625,
		0.18472222222222223
	],
	"20": [
		0.40859375,
		0.1892361111111111
	],
	"21": [
		0.40859375,
		0.1892361111111111
	],
	"22": [
		0.4421875,
		0.1829861111111111
	],
	"23": [
		0.315625,
		0.18472222222222223
	],
	"24": [
		0.19765625,
		0.14583333333333334
	],
	"25": [
		0.253515625,
		0.05173611111111111
	],
	"26": [
		0.21640625,
		0.16944444444444445
	],
	"27": [
		0.250390625,
		0.18472222222222223
	],
	"28": [
		0.21640625,
		0.17083333333333334
	],
	"29": [
		0.3443359375,
		0.18784722222222222
	],
	"30": [
		0.2939453125,
		0.08576388888888889
	],
	"31": [
		0.3154296875,
		0.18611111111111112
	],
	"32": [
		0.030078125,
		0.14027777777777778
	],
	"33": [
		0.0330078125,
		0.13506944444444444
	],
	"34": [
		0.2509765625,
		0.1892361111111111
	],
	"35": [
		0.3123046875,
		0.16805555555555557
	],
	"36": [
		0.25,
		0.049305555555555554
	],
	"37": [
		0.40859375,
		0.1892361111111111
	],
	"38": [
		0.190234375,
		0.18784722222222222
	],
	"39": [
		0.4484375,
		0.16909722222222223
	],
	"40": [
		0.3783203125,
		0.18159722222222222
	],
	"41": [
		0.231640625,
		0.12465277777777778
	],
	"42": [
		0.37890625,
		0.190625
	],
	"43": [
		0.20859375,
		0.05
	],
	"44": [
		0.102734375,
		0.15590277777777778
	],
	"45": [
		0.2875,
		0.0625
	],
	"46": [
		0.4421875,
		0.1829861111111111
	],
	"47": [
		0.2396484375,
		0.11597222222222223
	],
	"48": [
		0.2509765625,
		0.18506944444444445
	],
	"49": [
		0.2162109375,
		0.16944444444444445
	],
	"50": [
		0.315234375,
		0.1875
	],
	"51": [
		0.40859375,
		0.1892361111111111
	],
	"52": [
		0.3787109375,
		0.18993055555555555
	],
	"53": [
		0.3787109375,
		0.18993055555555555
	],
	"54": [
		0.3443359375,
		0.18784722222222222
	],
	"55": [
		0.2162109375,
		0.16944444444444445
	],
	"56": [
		0.4431640625,
		0.1920138888888889
	],
	"57": [
		0.3787109375,
		0.18993055555555555
	],
	"58": [
		0.250390625,
		0.18472222222222223
	],
	"59": [
		0.2806640625,
		0.18541666666666667
	],
	"60": [
		0.2525390625,
		0.05
	],
	"61": [
		0.2509765625,
		0.18333333333333332
	],
	"62": [
		0.2947265625,
		0.08645833333333333
	],
	"63": [
		0.1912109375,
		0.18680555555555556
	],
	"64": [
		0.2939453125,
		0.08645833333333333
	],
	"65": [
		0.378515625,
		0.19166666666666668
	],
	"66": [
		0.40859375,
		0.1892361111111111
	],
	"67": [
		0.4484375,
		0.16909722222222223
	],
	"68": [
		0.338671875,
		0.8298611111111112
	],
	"69": [
		0.2509765625,
		0.18333333333333332
	],
	"70": [
		0.4185546875,
		0.8354166666666667
	],
	"71": [
		0.1021484375,
		0.14479166666666668
	],
	"72": [
		0.315234375,
		0.1875
	],
	"73": [
		0.2515625,
		0.05277777777777778
	],
	"74": [
		0.3443359375,
		0.18784722222222222
	],
	"75": [
		0.2501953125,
		0.049305555555555554
	],
	"76": [
		0.19765625,
		0.14583333333333334
	],
	"77": [
		0.3447265625,
		0.18854166666666666
	],
	"78": [
		0.40859375,
		0.1892361111111111
	],
	"79": [
		0.40859375,
		0.1892361111111111
	],
	"80": [
		0.203125,
		0.17291666666666666
	],
	"81": [
		0.047265625,
		0.12604166666666666
	],
	"82": [
		0.290625,
		0.06145833333333333
	],
	"83": [
		0.3787109375,
		0.18993055555555555
	],
	"84": [
		0.4099609375,
		0.8357638888888889
	],
	"85": [
		0.41171875,
		0.8354166666666667
	],
	"86": [
		0.2873046875,
		0.06875
	],
	"87": [
		0.4154296875,
		0.8354166666666667
	],
	"88": [
		0.3150390625,
		0.18611111111111112
	],
	"89": [
		0.47265625,
		0.19270833333333334
	],
	"90": [
		0.2060546875,
		0.14340277777777777
	],
	"91": [
		0.2873046875,
		0.0625
	],
	"92": [
		0.4748046875,
		0.8395833333333333
	],
	"93": [
		0.1583984375,
		0.1440972222222222
	],
	"94": [
		0.2876953125,
		0.06354166666666666
	],
	"95": [
		0.255078125,
		0.09930555555555555
	],
	"96": [
		0.196875,
		0.1736111111111111
	],
	"97": [
		0.2806640625,
		0.18541666666666667
	],
	"98": [
		0.201953125,
		0.1736111111111111
	],
	"99": [
		0.4435546875,
		0.8375
	],
	"100": [
		0.049609375,
		0.14965277777777777
	],
	"101": [
		0.2806640625,
		0.18541666666666667
	],
	"102": [
		0.1919921875,
		0.1527777777777778
	],
	"103": [
		0.196875,
		0.17256944444444444
	],
	"104": [
		0.280859375,
		0.18680555555555556
	],
	"105": [
		0.315234375,
		0.18715277777777778
	],
	"106": [
		0.2880859375,
		0.06875
	],
	"107": [
		0.2828125,
		0.09236111111111112
	],
	"108": [
		0.35234375,
		0.8319444444444445
	],
	"109": [
		0.4724609375,
		0.19236111111111112
	],
	"110": [
		0.020703125,
		0.16493055555555555
	],
	"111": [
		0.315234375,
		0.18715277777777778
	],
	"112": [
		0.40859375,
		0.1892361111111111
	],
	"113": [
		0.2703125,
		0.052083333333333336
	],
	"114": [
		0.3443359375,
		0.18784722222222222
	],
	"115": [
		0.4724609375,
		0.19236111111111112
	],
	"116": [
		0.2025390625,
		0.13576388888888888
	],
	"117": [
		0.2880859375,
		0.0642361111111111
	],
	"118": [
		0.293359375,
		0.08680555555555555
	],
	"119": [
		0.24921875,
		0.049305555555555554
	],
	"120": [
		0.2564453125,
		0.09722222222222222
	],
	"121": [
		0.3443359375,
		0.18715277777777778
	],
	"122": [
		0.0298828125,
		0.1423611111111111
	],
	"123": [
		0.201953125,
		0.17291666666666666
	],
	"124": [
		0.3845703125,
		0.16805555555555557
	],
	"125": [
		0.1947265625,
		0.14895833333333333
	],
	"126": [
		0.290625,
		0.06145833333333333
	],
	"127": [
		0.047265625,
		0.12604166666666666
	],
	"128": [
		0.098046875,
		0.15243055555555557
	],
	"129": [
		0.3443359375,
		0.18784722222222222
	],
	"130": [
		0.0330078125,
		0.13645833333333332
	],
	"131": [
		0.2099609375,
		0.8215277777777777
	],
	"132": [
		0.072265625,
		0.8208333333333333
	],
	"133": [
		0.316015625,
		0.18194444444444444
	],
	"134": [
		0.2806640625,
		0.18541666666666667
	],
	"135": [
		0.24765625,
		0.04861111111111111
	],
	"136": [
		0.40859375,
		0.1892361111111111
	],
	"137": [
		0.4423828125,
		0.19131944444444443
	],
	"138": [
		0.21640625,
		0.17465277777777777
	],
	"139": [
		0.3443359375,
		0.18715277777777778
	],
	"140": [
		0.40859375,
		0.1892361111111111
	],
	"141": [
		0.2828125,
		0.06041666666666667
	],
	"142": [
		0.280859375,
		0.1857638888888889
	],
	"143": [
		0.0197265625,
		0.8413194444444444
	],
	"144": [
		0.4724609375,
		0.19236111111111112
	],
	"145": [
		0.2162109375,
		0.16944444444444445
	],
	"146": [
		0.20625,
		0.17222222222222222
	],
	"147": [
		0.2861328125,
		0.06805555555555555
	],
	"148": [
		0.0962890625,
		0.8420138888888888
	],
	"149": [
		0.0892578125,
		0.21666666666666667
	],
	"150": [
		0.3443359375,
		0.18715277777777778
	],
	"151": [
		0.203125,
		0.17291666666666666
	],
	"152": [
		0.3443359375,
		0.18784722222222222
	],
	"153": [
		0.37890625,
		0.19131944444444443
	],
	"154": [
		0.2080078125,
		0.04895833333333333
	],
	"155": [
		0.03125,
		0.14097222222222222
	],
	"156": [
		0.020703125,
		0.16493055555555555
	],
	"157": [
		0.40859375,
		0.1892361111111111
	],
	"158": [
		0.2580078125,
		0.09583333333333334
	],
	"159": [
		0.2806640625,
		0.18506944444444445
	],
	"160": [
		0.3154296875,
		0.18611111111111112
	],
	"161": [
		0.2943359375,
		0.08298611111111111
	],