{
	"0": [
		0.774609375,
		0.19340277777777778
	],
	"1": [
		0.7623046875,
		0.20173611111111112
	],
	"2": [
		0.8376953125,
		0.2013888888888889
	],
	"3": [
		0.22890625,
		0.18333333333333332
	],
	"4": [
		0.0587890625,
		0.18229166666666666
	],
	"5": [
		0.3412109375,
		0.1875
	],
	"6": [
		0.296484375,
		0.18229166666666666
	],
	"7": [
		0.241796875,
		0.159375
	],
	"8": [
		0.368359375,
		0.1892361111111111
	],
	"9": [
		0.5068359375,
		0.19340277777777778
	],
	"10": [
		0.4986328125,
		0.196875
	],
	"11": [
		0.8470703125,
		0.19375
	],
	"12": [
		0.428515625,
		0.19618055555555555
	],
	"13": [
		0.1576171875,
		0.17847222222222223
	],
	"14": [
		0.4078125,
		0.19305555555555556
	],
	"15": [
		0.7521484375,
		0.1954861111111111
	],
	"16": [
		0.82109375,
		0.1954861111111111
	],
	"17": [
		0.217578125,
		0.19027777777777777
	],
	"18": [
		0.131640625,
		0.18611111111111112
	],
	"19": [
		0.360546875,
		0.19340277777777778
	],
	"20": [
		0.3263671875,
		0.17291666666666666
	],
	"21": [
		0.08125,
		0.18611111111111112
	],
	"22": [
		0.2109375,
		0.18229166666666666
	],
	"23": [
		0.4369140625,
		0.19375
	],
	"24": [
		0.1458984375,
		0.18888888888888888
	],
	"25": [
		0.3693359375,
		0.18784722222222222
	],
	"26": [
		0.8935546875,
		0.196875
	],
	"27": [
		0.293359375,
		0.1951388888888889
	],
	"28": [
		0.161328125,
		0.18055555555555555
	],
	"29": [
		0.273046875,
		0.18680555555555556
	],
	"30": [
		0.7798828125,
		0.18611111111111112
	],
	"31": [
		0.299609375,
		0.1875
	],
	"32": [
		0.215625,
		0.196875
	],
	"33": [
		0.1560546875,
		0.175
	],
	"34": [
		0.4384765625,
		0.19340277777777778
	],
	"35": [
		0.23125,
		0.18159722222222222
	],
	"36": [
		0.13515625,
		0.18680555555555556
	],
	"37": [
		0.3421875,
		0.19583333333333333
	],
	"38": [
		0.019140625,
		0.18055555555555555
	],
	"39": [
		0.0908203125,
		0.18645833333333334
	],
	"40": [
		0.0634765625,
		0.18472222222222223
	],
	"41": [
		0.2736328125,
		0.19444444444444445
	],
	"42": [
		0.0869140625,
		0.1701388888888889
	],
	"43": [
		0.2251953125,
		0.17673611111111112
	],
	"44": [
		0.5068359375,
		0.19305555555555556
	],
	"45": [
		0.4802734375,
		0.20104166666666667
	],
	"46": [
		0.7537109375,
		0.2048611111111111
	],
	"47": [
		0.090234375,
		0.18125
	],
	"48": [
		0.2048828125,
		0.19722222222222222
	],
	"49": [
		0.658984375,
		0.16770833333333332
	],
	"50": [
		0.8521484375,
		0.19166666666666668
	],
	"51": [
		0.23125,
		0.19895833333333332
	],
	"52": [
		0.432421875,
		0.18333333333333332
	],
	"53": [
		0.03828125,
		0.15347222222222223
	],
	"54": [
		0.4115234375,
		0.19930555555555557
	],
	"55": [
		0.73515625,
		0.1684027777777778
	],
	"56": [
		0.8240234375,
		0.20902777777777778
	],
	"57": [
		0.0908203125,
		0.19305555555555556
	],
	"58": [
		0.4791015625,
		0.19375
	],
	"59": [
		0.3615234375,
		0.1840277777777778
	],
	"60": [
		0.299609375,
		0.1875
	],
	"61": [
		0.1623046875,
		0.1954861111111111
	],
	"62": [
		0.5013671875,
		0.18506944444444445
	],
	"63": [
		0.773046875,
		0.18784722222222222
	],
	"64": [
		0.36953125,
		0.20104166666666667
	],
	"65": [
		0.77890625,
		0.20347222222222222
	],
	"66": [
		0.570703125,
		0.1795138888888889
	],
	"67": [
		0.241796875,
		0.159375
	],
	"68": [
		0.82734375,
		0.20069444444444445
	],
	"69": [
		0.2998046875,
		0.19895833333333332
	],
	"70": [
		0.1365234375,
		0.17395833333333333
	],
	"71": [
		0.75546875,
		0.19930555555555557
	],
	"72": [
		0.8525390625,
		0.20555555555555555
	],
	"73": [
		0.21640625,
		0.19166666666666668
	],
	"74": [
		0.8470703125,
		0.18715277777777778
	],
	"75": [
		0.85234375,
		0.2048611111111111
	],
	"76": [
		0.8267578125,
		0.2013888888888889
	],
	"77": [
		0.278515625,
		0.18472222222222223
	],
	"78": [
		0.28203125,
		0.196875
	],
	"79": [
		0.7548828125,
		0.20347222222222222
	],
	"80": [
		0.5068359375,
		0.20277777777777778
	],
	"81": [
		0.43828125,
		0.2013888888888889
	],
	"82": [
		0.06328125,
		0.1857638888888889
	],
	"83": [
		0.8248046875,
		0.20451388888888888
	],
	"84": [
		0.5068359375,
		0.20347222222222222
	],
	"85": [
		0.13515625,
		0.18368055555555557
	],
	"86": [
		0.7794921875,
		0.20520833333333333
	],
	"87": [
		0.0193359375,
		0.18472222222222223
	],
	"88": [
		0.6189453125,
		0.9680555555555556
	],
	"89": [
		0.8892578125,
		0.18333333333333332
	],
	"90": [
		0.345703125,
		0.184375
	],
	"91": [
		0.75703125,
		0.18819444444444444
	],
	"92": [
		0.2998046875,
		0.1986111111111111
	],
	"93": [
		0.4833984375,
		0.2
	],
	"94": [
		0.3423828125,
		0.19340277777777778
	],
	"95": [
		0.1349609375,
		0.18506944444444445
	],
	"96": [
		0.3423828125,
		0.19409722222222223
	],
	"97": [
		0.5521484375,
		0.17048611111111112
	],
	"98": [
		0.018359375,
		0.1701388888888889
	],
	"99": [
		0.763671875,
		0.20625
	],
	"100": [
		0.8298828125,
		0.18958333333333333
	],
	"101": [
		0.0720703125,
		0.18333333333333332
	],
	"102": [
		0.4814453125,
		0.19166666666666668
	],
	"103": [
		0.8572265625,
		0.4184027777777778
	],
	"104": [
		0.4119140625,
		0.19756944444444444
	],
	"105": [
		0.826171875,
		0.19444444444444445
	],
	"106": [
		0.3939453125,
		0.40243055555555557
	],
	"107": [
		0.075390625,
		0.17430555555555555
	],
	"108": [
		0.841015625,
		0.20729166666666668
	],
	"109": [
		0.2728515625,
		0.18958333333333333
	],
	"110": [
		0.293359375,
		0.19826388888888888
	],
	"111": [
		0.4171875,
		0.19305555555555556
	],
	"112": [
		0.3693359375,
		0.2013888888888889
	],
	"113": [
		0.85703125,
		0.41041666666666665
	],
	"114": [
		0.3943359375,
		0.41006944444444443
	],
	"115": [
		0.2017578125,
		0.17152777777777778
	],
	"116": [
		0.083984375,
		0.190625
	],
	"117": [
		0.85625,
		0.4239583333333333
	],
	"118": [
		0.222265625,
		0.19618055555555555
	],
	"119": [
		0.4115234375,
		0.18958333333333333
	],
	"120": [
		0.771484375,
		0.19583333333333333
	],
	"121": [
		0.7234375,
		0.18680555555555556
	],
	"122": [
		0.2162109375,
		0.18229166666666666
	],
	"123": [
		0.1576171875,
		0.43680555555555556
	],
	"124": [
		0.8423828125,
		0.19583333333333333
	],
	"125": [
		0.34296875,
		0.18611111111111112
	],
	"126": [
		0.21640625,
		0.19166666666666668
	],
	"127": [
		0.3947265625,
		0.41631944444444446
	],
	"128": [
		0.3939453125,
		0.4152777777777778
	],
	"129": [
		0.2845703125,
		0.16458333333333333
	],
	"130": [
		0.85703125,
		0.4201388888888889
	],
	"131": [
		0.499609375,
		0.20208333333333334
	],
	"132": [
		0.4328125,
		0.18368055555555557
	],
	"133": [
		0.7556640625,
		0.1920138888888889
	],
	"134": [
		0.8572265625,
		0.41180555555555554
	],
	"135": [
		0.4865234375,
		0.18958333333333333
	],
	"136": [
		0.362109375,
		0.1996527777777778
	],
	"137": [
		0.6974609375,
		0.16909722222222223
	],
	"138": [
		0.42265625,
		0.1857638888888889
	],
	"139": [
		0.48984375,
		0.20243055555555556
	],
	"140": [
		0.20234375,
		0.17604166666666668
	],
	"141": [
		0.619140625,
		0.7208333333333333
	],
	"142": [
		0.587109375,
		0.17465277777777777
	],
	"143": [
		0.3947265625,
		0.4170138888888889
	],
	"144": [
		0.6216796875,
		0.23680555555555555
	],
	"145": [
		0.1619140625,
		0.1954861111111111
	],
	"146": [
		0.394140625,
		0.40694444444444444
	],
	"147": [
		0.0189453125,
		0.18715277777777778
	],
	"148": [
		0.2927734375,
		0.18020833333333333
	],
	"149": [
		0.2732421875,
		0.18333333333333332
	],
	"150": [
		0.61953125,
		0.18055555555555555
	],
	"151": [
		0.5005859375,
		0.1920138888888889
	],
	"152": [
		0.0908203125,
		0.19409722222222223
	],
	"153": [
		0.3109375,
		0.1625
	],
	"154": [
		0.2115234375,
		0.18506944444444445
	],
	"155": [
		0.33046875,
		0.16979166666666667
	],
	"156": [
		0.85703125,
		0.4111111111111111
	],
	"157": [
		0.134765625,
		0.1795138888888889
	],
	"158": [
		0.6974609375,
		0.17291666666666666
	],
	"159": [
		0.08203125,
		0.17291666666666666
	],
	"160": [
		0.154296875,
		0.19305555555555556
	],
	"161": [
		0.3939453125,
		0.3972222222222222
	],
	"162": [
		0.619140625,
		0.7319444444444444
	],