{
	"0": [
		0.5546875,
		0.20277777777777778
	],
	"1": [
		0.584375,
		0.3055555555555556
	],
	"2": [
		0.38125,
		0.3111111111111111
	],
	"3": [
		0.340625,
		0.3972222222222222
	],
	"4": [
		0.5578125,
		0.4083333333333333
	],
	"5": [
		0.603125,
		0.4861111111111111
	],
	"6": [
		0.559375,
		0.6972222222222222
	],
	"7": [
		0.5609375,
		0.8027777777777778
	],
	"8": [
		0.446875,
		0.45555555555555555
	],
	"9": [
		0.3890625,
		0.4388888888888889
	],
	"10": [
		0.725,
		0.44166666666666665
	],
	"11": [
		0.6671875,
		0.4583333333333333
	],
	"12": [
		0.5671875,
		0.2
	],
	"13": [
		0.559375,
		0.30277777777777776
	],
	"14": [
		0.446875,
		0.33611111111111114
	],
	"15": [
		0.3890625,
		0.35
	],
	"16": [
		0.725,
		0.3527777777777778
	],
	"17": [
		0.6671875,
		0.3388888888888889
	],
	"18": [
		0.7765625,
		0.4027777777777778
	],
	"19": [
		0.7234375,
		0.4444444444444444
	],
	"20": [
		0.6140625,
		0.21388888888888888
	],
	"21": [
		0.55625,
		0.21666666666666667
	],
	"22": [
		0.1140625,
		0.8333333333333334
	],
	"23": [
		0.05625,
		0.8361111111111111
	],
	"24": [
		0.725,
		0.8416666666666667
	],
	"25": [
		0.6671875,
		0.8388888888888889
	],
	"26": [
		0.946875,
		0.85
	],
	"27": [
		0.8890625,
		0.8472222222222222
	],
	"28": [
		0.559375,
		0.3
	],
	"29": [
		0.559375,
		0.4027777777777778
	],
	"30": [
		0.446875,
		0.15
	],
	"31": [
		0.503125,
		0.17222222222222222
	],
	"32": [
		0.7765625,
		0.39166666666666666
	],
	"33": [
		0.7234375,
		0.3527777777777778
	],
	"34": [
		0.6109375,
		0.20277777777777778
	],
	"35": [
		0.55625,
		0.22777777777777777
	],
	"36": [
		0.66875,
		0.3388888888888889
	],
	"37": [
		0.6125,
		0.33055555555555555
	],
	"38": [
		0.5015625,
		0.4638888888888889
	],
	"39": [
		0.4453125,
		0.45555555555555555
	],
	"40": [
		0.66875,
		0.45555555555555555
	],
	"41": [
		0.6125,
		0.4638888888888889
	],
	"42": [
		0.5953125,
		0.20277777777777778
	],
	"43": [
		0.55625,
		0.275
	],
	"44": [
		0.890625,
		0.85
	],
	"45": [
		0.834375,
		0.8444444444444444
	],
	"46": [
		0.7796875,
		0.8444444444444444
	],
	"47": [
		0.7234375,
		0.8416666666666667
	],
	"48": [
		0.7796875,
		0.22777777777777777
	],
	"49": [
		0.7234375,
		0.22777777777777777
	],
	"50": [
		0.2796875,
		0.8333333333333334
	],
	"51": [
		0.2234375,
		0.8333333333333334
	],
	"52": [
		0.66875,
		0.8388888888888889
	],
	"53": [
		0.6125,
		0.8388888888888889
	],
	"54": [
		0.6125,
		0.4638888888888889
	],
	"55": [
		0.5578125,
		0.4861111111111111
	],
	"56": [
		0.6078125,
		0.4861111111111111
	],
	"57": [
		0.559375,
		0.4361111111111111
	],
	"58": [
		0.390625,
		0.4388888888888889
	],
	"59": [
		0.340625,
		0.3972222222222222
	],
	"60": [
		1,
		0.8555555555555555
	],
	"61": [
		0.9453125,
		0.85
	],
	"62": [
		0.6125,
		0.4638888888888889
	],
	"63": [
		0.5578125,
		0.46111111111111114
	],
	"64": [
		0.384375,
		0.33611111111111114
	],
	"65": [
		0.340625,
		0.39166666666666666
	],
	"66": [
		0.940625,
		0.225
	],
	"67": [
		0.8875,
		0.225
	],
	"68": [
		0.45625,
		0.12777777777777777
	],
	"69": [
		0.49375,
		0.19166666666666668
	],
	"70": [
		0.5578125,
		0.6111111111111112
	],
	"71": [
		0.5609375,
		0.7027777777777777
	],
	"72": [
		0.5578125,
		0.3972222222222222
	],
	"73": [
		0.5609375,
		0.4861111111111111
	],
	"74": [
		0.3359375,
		0.7305555555555555
	],
	"75": [
		0.371875,
		0.7916666666666666
	],
	"76": [
		0.375,
		0.6972222222222222
	],
	"77": [
		0.3796875,
		0.7833333333333333
	],
	"78": [
		0.1125,
		0.21944444444444444
	],
	"79": [
		0.0640625,
		0.225
	],
	"80": [
		0.59375,
		0.2
	],
	"81": [
		0.553125,
		0.24444444444444444
	],
	"82": [
		0.3796875,
		0.14722222222222223
	],
	"83": [
		0.334375,
		0.15
	],
	"84": [
		0.490625,
		0.8333333333333334
	],
	"85": [
		0.4453125,
		0.8361111111111111
	],
	"86": [
		0.553125,
		0.2388888888888889
	],
	"87": [
		0.584375,
		0.2916666666666667
	],
	"88": [
		0.359375,
		0.3
	],
	"89": [
		0.390625,
		0.3527777777777778
	],
	"90": [
		0.4875,
		0.2
	],
	"91": [
		0.446875,
		0.225
	],
	"92": [
		0.225,
		0.8333333333333334
	],
	"93": [
		0.1828125,
		0.8333333333333334
	],
	"94": [
		0.559375,
		0.4305555555555556
	],
	"95": [
		0.5875,
		0.4861111111111111
	],
	"96": [
		0.1421875,
		0.1388888888888889
	],
	"97": [
		0.1125,
		0.19166666666666668
	],
	"98": [
		0.5546875,
		0.19722222222222222
	],
	"99": [
		0.5453125,
		0.26944444444444443
	],
	"100": [
		0.49375,
		0.15
	],
	"101": [
		0.4640625,
		0.2
	],
	"102": [
		0.55625,
		0.21666666666666667
	],
	"103": [
		0.584375,
		0.2638888888888889
	],
	"104": [
		0.5890625,
		0.1527777777777778
	],
	"105": [
		0.5609375,
		0.19722222222222222
	],
	"106": [
		0.875,
		0.8777777777777778
	],
	"107": [
		0.8375,
		0.8722222222222222
	],
	"108": [
		0.5703125,
		0.1361111111111111
	],
	"109": [
		0.5578125,
		0.19722222222222222
	],
	"110": [
		0.4453125,
		0.2
	],
	"111": [
		0.4796875,
		0.2222222222222222
	],
	"112": [
		0.359375,
		0.3
	],
	"113": [
		0.371875,
		0.3611111111111111
	],
	"114": [
		0.371875,
		0.29444444444444445
	],
	"115": [
		0.384375,
		0.35555555555555557
	],
	"116": [
		0.38125,
		0.3
	],
	"117": [
		0.371875,
		0.3611111111111111
	],
	"118": [
		0.7515625,
		0.8416666666666667
	],
	"119": [
		0.7796875,
		0.8805555555555555
	],
	"120": [
		0.35625,
		0.3138888888888889
	],
	"121": [
		0.3828125,
		0.35555555555555557
	],
	"122": [
		0.034375,
		0.12222222222222222
	],
	"123": [
		0.0515625,
		0.175
	],
	"124": [
		0.684375,
		0.6972222222222222
	],
	"125": [
		0.709375,
		0.7388888888888889
	],
	"126": [
		0.503125,
		0.17222222222222222
	],
	"127": [
		0.4734375,
		0.2
	],
	"128": [
		0.3453125,
		0.12777777777777777
	],
	"129": [
		0.371875,
		0.1638888888888889
	],
	"130": [
		0.715625,
		0.1527777777777778
	],
	"131": [
		0.6828125,
		0.1638888888888889
	],
	"132": [
		0.1453125,
		0.2111111111111111
	],
	"133": [
		0.1125,
		0.21944444444444444
	],
	"134": [
		0.3109375,
		0.8333333333333334
	],
	"135": [
		0.278125,
		0.8333333333333334
	],
	"136": [
		0.684375,
		0.14166666666666666
	],
	"137": [
		0.715625,
		0.15833333333333333
	],
	"138": [
		0.1328125,
		0.13333333333333333
	],
	"139": [
		0.1125,
		0.17777777777777778
	],
	"140": [
		0.6625,
		0.14722222222222223
	],
	"141": [
		0.6328125,
		0.16944444444444445
	],
	"142": [
		0.5484375,
		0.21944444444444444
	],
	"143": [
		0.55625,
		0.275
	],
	"144": [
		0.6015625,
		0.4527777777777778
	],
	"145": [
		0.5765625,
		0.4888888888888889
	],
	"146": [
		0.28125,
		0.40555555555555556
	],
	"147": [
		0.2640625,
		0.4527777777777778
	],
	"148": [
		0.69375,
		0.6972222222222222
	],
	"149": [
		0.6828125,
		0.75
	],
	"150": [
		0.6421875,
		0.2
	],
	"151": [
		0.6109375,
		0.20277777777777778
	],
	"152": [
		0.309375,
		0.14444444444444443
	],
	"153": [
		0.334375,
		0.17777777777777778
	],
	"154": [
		0.809375,
		0.22777777777777777
	],
	"155": [
		0.778125,
		0.22777777777777777
	],
	"156": [
		0.3796875,
		0.14166666666666666
	],
	"157": [
		0.359375,
		0.18333333333333332
	],
	"158": [
		0.778125,
		0.8444444444444444
	],
	"159": [
		0.7546875,
		0.8805555555555555
	],
	"160": [
		0.321875,
		0.12777777777777777
	],
	"161": [
		0.334375,
		0.17777777777777778
	],
	"162": [
		0.0578125,
		0.5
	],
	"163": [
		0.0328125,
		0.5305555555555556
	],
	"164": [
		0.03125,
		0.5
	],
	"165": [
		0.05625,
		0.5305555555555556
	],
	"166": [
		0.8046875,
		0.3972222222222222
	],
	"167": [
		0.8140625,
		0.44722222222222224
	],
	"168": [
		0.6984375,
		0.2
	],
	"169": [
		0.725,
		0.2222222222222222
	],
	"170": [
		0.384375,
		0.3333333333333333
	],
	"171": [
		0.35625,
		0.3194444444444444
	],
	"172": [
		0.834375,
		0.725
	],
	"173": [
		0.8109375,
		0.7555555555555555
	],
	"174": [
		0.446875,
		0.18888888888888888
	],
	"175": [
		0.41875,
		0.2
	],
	"176": [
		0.4875,
		0.15
	],
	"177": [
		0.48125,
		0.2
	],
	"178": [
		0.353125,
		0.6972222222222222
	],
	"179": [
		0.3796875,
		0.7166666666666667
	],
	"180": [
		0.8078125,
		0.3972222222222222
	],