{
	"0": [
		0.05625,
		0.044444444444444446
	],
	"1": [
		0.003125,
		0.10555555555555556
	],
	"2": [
		0.1703125,
		0.24722222222222223
	],
	"3": [
		0.1125,
		0.2861111111111111
	],
	"4": [
		0.225,
		0.21388888888888888
	],
	"5": [
		0.1671875,
		0.25277777777777777
	],
	"6": [
		0.725,
		0.9361111111111111
	],
	"7": [
		0.6640625,
		0.925
	],
	"8": [
		0.0140625,
		0.016666666666666666
	],
	"9": [
		0.0578125,
		0.09166666666666666
	],
	"10": [
		0.8359375,
		0.9611111111111111
	],
	"11": [
		0.7765625,
		0.9472222222222222
	],
	"12": [
		0.334375,
		0.14444444444444443
	],
	"13": [
		0.278125,
		0.18055555555555555
	],
	"14": [
		0.0578125,
		0.3194444444444444
	],
	"15": [
		0.0015625,
		0.35555555555555557
	],
	"16": [
		0.3359375,
		0.06111111111111111
	],
	"17": [
		0.278125,
		0.08611111111111111
	],
	"18": [
		0.1140625,
		0.044444444444444446
	],
	"19": [
		0.05625,
		0.06111111111111111
	],
	"20": [
		0.0578125,
		0.06388888888888888
	],
	"21": [
		0.0015625,
		0.09166666666666666
	],
	"22": [
		0.1140625,
		0.10277777777777777
	],
	"23": [
		0.05625,
		0.08888888888888889
	],
	"24": [
		0.225,
		0.8583333333333333
	],
	"25": [
		0.1671875,
		0.8472222222222222
	],
	"26": [
		0.3359375,
		0.875
	],
	"27": [
		0.278125,
		0.8638888888888889
	],
	"28": [
		0.446875,
		0.8916666666666667
	],
	"29": [
		0.3890625,
		0.8805555555555555
	],
	"30": [
		0.6140625,
		0.9166666666666666
	],
	"31": [
		0.55625,
		0.9055555555555556
	],
	"32": [
		0.946875,
		0.9805555555555555
	],
	"33": [
		0.8890625,
		0.9694444444444444
	],
	"34": [
		0.1140625,
		0.8416666666666667
	],
	"35": [
		0.05625,
		0.8333333333333334
	],
	"36": [
		0.446875,
		0.075
	],
	"37": [
		0.3890625,
		0.06944444444444445
	],
	"38": [
		0.225,
		0.10833333333333334
	],
	"39": [
		0.1671875,
		0.11388888888888889
	],
	"40": [
		0.16875,
		0.3111111111111111
	],
	"41": [
		0.1125,
		0.325
	],
	"42": [
		0.7796875,
		0.95
	],
	"43": [
		0.7234375,
		0.9361111111111111
	],
	"44": [
		0.16875,
		0.11388888888888889
	],
	"45": [
		0.1125,
		0.10277777777777777
	],
	"46": [
		0.66875,
		0.9277777777777778
	],
	"47": [
		0.6125,
		0.9166666666666666
	],
	"48": [
		0.890625,
		0.9694444444444444
	],
	"49": [
		0.834375,
		0.9583333333333334
	],
	"50": [
		0.2796875,
		0.11388888888888889
	],
	"51": [
		0.2234375,
		0.10555555555555556
	],
	"52": [
		0.0578125,
		0.8361111111111111
	],
	"53": [
		0.0015625,
		0.8277777777777777
	],
	"54": [
		0.1125,
		0.8416666666666667
	],
	"55": [
		0.16875,
		0.85
	],
	"56": [
		0.2796875,
		0.8638888888888889
	],
	"57": [
		0.2234375,
		0.8555555555555555
	],
	"58": [
		0.390625,
		0.8805555555555555
	],
	"59": [
		0.334375,
		0.8722222222222222
	],
	"60": [
		0.5015625,
		0.8972222222222223
	],
	"61": [
		0.4453125,
		0.8888888888888888
	],
	"62": [
		0.55625,
		0.9055555555555556
	],
	"63": [
		0.5,
		0.9
	],
	"64": [
		0.390625,
		0.06944444444444445
	],
	"65": [
		0.334375,
		0.06666666666666667
	],
	"66": [
		0.66875,
		0.08333333333333333
	],
	"67": [
		0.6125,
		0.08611111111111111
	],
	"68": [
		0.125,
		0.002777777777777778
	],
	"69": [
		0.165625,
		0.06944444444444445
	],
	"70": [
		1,
		0.9916666666666667
	],
	"71": [
		0.9453125,
		0.9805555555555555
	],
	"72": [
		1,
		0.005555555555555556
	],
	"73": [
		0.9453125,
		0.008333333333333333
	],
	"74": [
		1,
		0.3
	],
	"75": [
		0.9484375,
		0.3277777777777778
	],
	"76": [
		0.0109375,
		0.022222222222222223
	],
	"77": [
		0.0578125,
		0.06388888888888888
	],
	"78": [
		0.0625,
		0.030555555555555555
	],
	"79": [
		0.096875,
		0.1
	],
	"80": [
		0.1125,
		0.325
	],
	"81": [
		0.0609375,
		0.3333333333333333
	],
	"82": [
		0.71875,
		0.011111111111111112
	],
	"83": [
		0.6671875,
		0.005555555555555556
	],
	"84": [
		0.828125,
		0.09444444444444444
	],
	"85": [
		0.778125,
		0.09444444444444444
	],
	"86": [
		0.1046875,
		0.05555555555555555
	],
	"87": [
		0.05625,
		0.044444444444444446
	],
	"88": [
		0.1140625,
		0.044444444444444446
	],
	"89": [
		0.0765625,
		0.1
	],
	"90": [
		0.6140625,
		0.08611111111111111
	],
	"91": [
		0.565625,
		0.08888888888888889
	],
	"92": [
		0.0796875,
		0.025
	],
	"93": [
		0.05625,
		0.1
	],
	"94": [
		0.09375,
		0.044444444444444446
	],
	"95": [
		0.05625,
		0.09722222222222222
	],
	"96": [
		0.05625,
		0.044444444444444446
	],
	"97": [
		0.0921875,
		0.1
	],
	"98": [
		0.434375,
		0.925
	],
	"99": [
		0.3875,
		0.9166666666666666
	],
	"100": [
		0.3359375,
		0.07777777777777778
	],
	"101": [
		0.290625,
		0.05555555555555555
	],
	"102": [
		0.2640625,
		0.25
	],
	"103": [
		0.2234375,
		0.2916666666666667
	],
	"104": [
		0.2796875,
		0.17777777777777778
	],
	"105": [
		0.2359375,
		0.20555555555555555
	],
	"106": [
		0.3125,
		0.03333333333333333
	],
	"107": [
		0.278125,
		0.08611111111111111
	],
	"108": [
		0.2234375,
		0.21388888888888888
	],
	"109": [
		0.2640625,
		0.25
	],
	"110": [
		0.0328125,
		0.016666666666666666
	],
	"111": [
		0.0140625,
		0.08888888888888889
	],
	"112": [
		0.0609375,
		0.025
	],
	"113": [
		0.06875,
		0.10277777777777777
	],
	"114": [
		0.2109375,
		0.2972222222222222
	],
	"115": [
		0.1671875,
		0.3111111111111111
	],
	"116": [
		0.0578125,
		0.04722222222222222
	],
	"117": [
		0.0140625,
		0.041666666666666664
	],
	"118": [
		0.49375,
		0.5944444444444444
	],
	"119": [
		0.49375,
		0.6722222222222223
	],
	"120": [
		0.984375,
		0.4027777777777778
	],
	"121": [
		0.9453125,
		0.36944444444444446
	],
	"122": [
		0.159375,
		0.027777777777777776
	],
	"123": [
		0.11875,
		0.005555555555555556
	],
	"124": [
		0.3015625,
		0.03333333333333333
	],
	"125": [
		0.3359375,
		0.07777777777777778
	],
	"126": [
		0.0953125,
		0.2972222222222222
	],
	"127": [
		0.05625,
		0.3194444444444444
	],
	"128": [
		0.328125,
		0.9083333333333333
	],
	"129": [
		0.2875,
		0.9027777777777778
	],
	"130": [
		0.496875,
		0.6
	],
	"131": [
		0.48125,
		0.6666666666666666
	],
	"132": [
		0.0171875,
		0.016666666666666666
	],
	"133": [
		0.034375,
		0.08055555555555556
	],
	"134": [
		0.6140625,
		0.09722222222222222
	],
	"135": [
		0.578125,
		0.06666666666666667
	],
	"136": [
		0.7765625,
		0.002777777777777778
	],
	"137": [
		0.740625,
		0.03333333333333333
	],
	"138": [
		0.1109375,
		0.875
	],
	"139": [
		0.15,
		0.8805555555555555
	],
	"140": [
		0.075,
		0.025
	],
	"141": [
		0.103125,
		0.07222222222222222
	],
	"142": [
		0.203125,
		0.06944444444444445
	],
	"143": [
		0.165625,
		0.05277777777777778
	],
	"144": [
		0.215625,
		0.030555555555555555
	],
	"145": [
		0.184375,
		0.06944444444444445
	],
	"146": [
		0.0296875,
		0.016666666666666666
	],
	"147": [
		0.0265625,
		0.08333333333333333
	],
	"148": [
		0.01875,
		0.10833333333333334
	],
	"149": [
		0.05625,
		0.1111111111111111
	],
	"150": [
		0.2015625,
		0.05277777777777778
	],
	"151": [
		0.165625,
		0.06666666666666667
	],
	"152": [
		0.3125,
		0.11388888888888889
	],
	"153": [
		0.278125,
		0.13333333333333333
	],
	"154": [
		0.2203125,
		0.9388888888888889
	],
	"155": [
		0.184375,
		0.9444444444444444
	],
	"156": [
		0.528125,
		0.7055555555555556
	],
	"157": [
		0.55625,
		0.7444444444444445
	],
	"158": [
		0.6359375,
		0.4
	],
	"159": [
		0.6125,
		0.44722222222222224
	],
	"160": [
		0.334375,
		0.05
	],
	"161": [
		0.365625,
		0.07777777777777778
	],
	"162": [
		0.7421875,
		0.002777777777777778
	],
	"163": [
		0.7765625,
		0.013888888888888888
	],
	"164": [
		0.1125,
		0.2861111111111111
	],
	"165": [
		0.0796875,
		0.3055555555555556
	],
	"166": [
		1,
		0.41388888888888886
	],
	"167": [
		0.9671875,
		0.39444444444444443
	],
	"168": [
		0.534375,
		0.9416666666666667
	],
	"169": [
		0.5,
		0.9361111111111111
	],
	"170": [
		0.725,
		0.9777777777777777
	],
	"171": [
		0.690625,
		0.9722222222222222
	],
	"172": [
		0.8359375,
		0.9972222222222222
	],
	"173": [
		0.8015625,
		0.9916666666666667
	],
	"174": [
		0.05625,
		0.058333333333333334
	],
	"175": [
		0.08125,
		0.1
	],
	"176": [
		0.290625,
		0.03333333333333333
	],
	"177": [
		0.303125,
		0.08888888888888889
	],