{
	"0": [
		0.76875,
		0.07881944444444444
	],
	"1": [
		0.431640625,
		0.09756944444444444
	],
	"2": [
		0.8072265625,
		0.06909722222222223
	],
	"3": [
		0.684765625,
		0.057291666666666664
	],
	"4": [
		0.521875,
		0.04583333333333333
	],
	"5": [
		0.7693359375,
		0.08645833333333333
	],
	"6": [
		0.4361328125,
		0.08819444444444445
	],
	"7": [
		0.763671875,
		0.10034722222222223
	],
	"8": [
		0.20546875,
		0.16597222222222222
	],
	"9": [
		0.6353515625,
		0.035069444444444445
	],
	"10": [
		0.1451171875,
		0.19166666666666668
	],
	"11": [
		0.341796875,
		0.11770833333333333
	],
	"12": [
		0.3001953125,
		0.1326388888888889
	],
	"13": [
		0.3357421875,
		0.128125
	],
	"14": [
		0.1220703125,
		0.16944444444444445
	],
	"15": [
		0.854296875,
		0.051041666666666666
	],
	"16": [
		0.81640625,
		0.04618055555555556
	],
	"17": [
		0.2912109375,
		0.14652777777777778
	],
	"18": [
		0.27734375,
		0.15763888888888888
	],
	"19": [
		0.15546875,
		0.1798611111111111
	],
	"20": [
		0.2751953125,
		0.125
	],
	"21": [
		0.2791015625,
		0.1440972222222222
	],
	"22": [
		0.93125,
		0.06145833333333333
	],
	"23": [
		0.11015625,
		0.96875
	],
	"24": [
		0.7498046875,
		0.09236111111111112
	],
	"25": [
		0.12265625,
		0.20868055555555556
	],
	"26": [
		0.408984375,
		0.11354166666666667
	],
	"27": [
		0.7630859375,
		0.08506944444444445
	],
	"28": [
		0.1916015625,
		0.17465277777777777
	],
	"29": [
		0.458984375,
		0.08298611111111111
	],
	"30": [
		0.9326171875,
		0.05347222222222222
	],
	"31": [
		0.931640625,
		0.06701388888888889
	],
	"32": [
		0.4107421875,
		0.09618055555555556
	],
	"33": [
		0.28515625,
		0.10972222222222222
	],
	"34": [
		0.664453125,
		0.036458333333333336
	],
	"35": [
		0.13984375,
		0.16145833333333334
	],
	"36": [
		0.678125,
		0.34131944444444445
	],
	"37": [
		0.81640625,
		0.05347222222222222
	],
	"38": [
		0.314453125,
		0.1371527777777778
	],
	"39": [
		0.173046875,
		0.184375
	],
	"40": [
		0.2126953125,
		0.17222222222222222
	],
	"41": [
		0.7564453125,
		0.07048611111111111
	],
	"42": [
		0.7998046875,
		0.09965277777777778
	],
	"43": [
		0.279296875,
		0.12986111111111112
	],
	"44": [
		0.6775390625,
		0.3659722222222222
	],
	"45": [
		0.17265625,
		0.59375
	],
	"46": [
		0.678125,
		0.34131944444444445
	],
	"47": [
		0.4765625,
		0.07222222222222222
	],
	"48": [
		0.180078125,
		0.1857638888888889
	],
	"49": [
		0.2826171875,
		0.12222222222222222
	],
	"50": [
		0.678125,
		0.3423611111111111
	],
	"51": [
		0.7111328125,
		0.05416666666666667
	],
	"52": [
		0.7859375,
		0.21944444444444444
	],
	"53": [
		0.207421875,
		0.18194444444444444
	],
	"54": [
		0.1310546875,
		0.1673611111111111
	],
	"55": [
		0.7673828125,
		0.07395833333333333
	],
	"56": [
		0.413671875,
		0.10451388888888889
	],
	"57": [
		0.126953125,
		0.19166666666666668
	],
	"58": [
		0.2138671875,
		0.17743055555555556
	],
	"59": [
		0.1818359375,
		0.17152777777777778
	],
	"60": [
		0.2822265625,
		0.1517361111111111
	],
	"61": [
		0.4810546875,
		0.08645833333333333
	],
	"62": [
		0.1322265625,
		0.20347222222222222
	],
	"63": [
		0.681640625,
		0.3590277777777778
	],
	"64": [
		0.3263671875,
		0.12534722222222222
	],
	"65": [
		0.74375,
		0.0763888888888889
	],
	"66": [
		0.1892578125,
		0.18263888888888888
	],
	"67": [
		0.16171875,
		0.6010416666666667
	],
	"68": [
		0.128515625,
		0.17673611111111112
	],
	"69": [
		0.214453125,
		0.16354166666666667
	],
	"70": [
		0.4412109375,
		0.09236111111111112
	],
	"71": [
		0.772265625,
		0.09236111111111112
	],
	"72": [
		0.6650390625,
		0.04583333333333333
	],
	"73": [
		0.7396484375,
		0.043055555555555555
	],
	"74": [
		0.7529296875,
		0.07847222222222222
	],
	"75": [
		0.8537109375,
		0.058333333333333334
	],
	"76": [
		0.752734375,
		0.075
	],
	"77": [
		0.32578125,
		0.13819444444444445
	],
	"78": [
		0.74765625,
		0.06354166666666666
	],
	"79": [
		0.4552734375,
		0.08020833333333334
	],
	"80": [
		0.6810546875,
		0.3545138888888889
	],
	"81": [
		0.548046875,
		0.05173611111111111
	],
	"82": [
		0.455859375,
		0.090625
	],
	"83": [
		0.7998046875,
		0.09479166666666666
	],
	"84": [
		0.649609375,
		0.30972222222222223
	],
	"85": [
		0.4763671875,
		0.08645833333333333
	],
	"86": [
		0.1650390625,
		0.19409722222222223
	],
	"87": [
		0.331640625,
		0.13402777777777777
	],
	"88": [
		0.4822265625,
		0.07256944444444445
	],
	"89": [
		0.2900390625,
		0.11979166666666667
	],
	"90": [
		0.1033203125,
		0.27847222222222223
	],
	"91": [
		0.444140625,
		0.09513888888888888
	],
	"92": [
		0.2046875,
		0.17881944444444445
	],
	"93": [
		0.7927734375,
		0.10173611111111111
	],
	"94": [
		0.1642578125,
		0.17673611111111112
	],
	"95": [
		0.1625,
		0.19722222222222222
	],
	"96": [
		0.7763671875,
		0.06458333333333334
	],
	"97": [
		0.6353515625,
		0.03993055555555555
	],
	"98": [
		0.702734375,
		0.04861111111111111
	],
	"99": [
		0.350390625,
		0.12916666666666668
	],
	"100": [
		0.215625,
		0.12743055555555555
	],
	"101": [
		0.1568359375,
		0.19583333333333333
	],
	"102": [
		0.208203125,
		0.17881944444444445
	],
	"103": [
		0.196484375,
		0.1829861111111111
	],
	"104": [
		0.31171875,
		0.14340277777777777
	],
	"105": [
		0.7638671875,
		0.08263888888888889
	],
	"106": [
		0.7484375,
		0.096875
	],
	"107": [
		0.3369140625,
		0.2638888888888889
	],
	"108": [
		0.4755859375,
		0.06805555555555555
	],
	"109": [
		0.1498046875,
		0.19722222222222222
	],
	"110": [
		0.3517578125,
		0.11597222222222223
	],
	"111": [
		0.44453125,
		0.42743055555555554
	],
	"112": [
		0.1681640625,
		0.1673611111111111
	],
	"113": [
		0.796484375,
		0.09756944444444444
	],
	"114": [
		0.5728515625,
		0.08541666666666667
	],
	"115": [
		0.7998046875,
		0.08888888888888889
	],
	"116": [
		0.2017578125,
		0.15520833333333334
	],
	"117": [
		0.4345703125,
		0.10034722222222223
	],
	"118": [
		0.155859375,
		0.16979166666666667
	],
	"119": [
		0.7720703125,
		0.10208333333333333
	],
	"120": [
		0.2103515625,
		0.5701388888888889
	],
	"121": [
		0.6568359375,
		0.03576388888888889
	],
	"122": [
		0.2931640625,
		0.15069444444444444
	],
	"123": [
		0.3392578125,
		0.11145833333333334
	],
	"124": [
		0.6078125,
		0.040625
	],
	"125": [
		0.432421875,
		0.10277777777777777
	],
	"126": [
		0.2111328125,
		0.15104166666666666
	],
	"127": [
		0.8537109375,
		0.05555555555555555
	],
	"128": [
		0.4333984375,
		0.0798611111111111
	],
	"129": [
		0.03828125,
		0.40243055555555557
	],
	"130": [
		0.348046875,
		0.13229166666666667
	],
	"131": [
		0.9673828125,
		0.06354166666666666
	],
	"132": [
		0.2109375,
		0.159375
	],
	"133": [
		0.17265625,
		0.16631944444444444
	],
	"134": [
		0.2978515625,
		0.12708333333333333
	],
	"135": [
		0.7859375,
		0.09652777777777778
	],
	"136": [
		0.3451171875,
		0.13194444444444445
	],
	"137": [
		0.6353515625,
		0.04097222222222222
	],
	"138": [
		0.529296875,
		0.050694444444444445
	],
	"139": [
		0.4296875,
		0.4378472222222222
	],
	"140": [
		0.76328125,
		0.08125
	],
	"141": [
		0.7591796875,
		0.06180555555555556
	],
	"142": [
		0.34765625,
		0.10972222222222222
	],
	"143": [
		0.577734375,
		0.044444444444444446
	],
	"144": [
		0.3087890625,
		0.125
	],
	"145": [
		0.4822265625,
		0.06388888888888888
	],
	"146": [
		0.053515625,
		0.39479166666666665
	],
	"147": [
		0.8853515625,
		0.04236111111111111
	],
	"148": [
		0.2943359375,
		0.1111111111111111
	],
	"149": [
		0.76953125,
		0.09479166666666666
	],
	"150": [
		0.306640625,
		0.10451388888888889
	],
	"151": [
		0.2748046875,
		0.11875
	],
	"152": [
		0.1814453125,
		0.1642361111111111
	],
	"153": [
		0.204296875,
		0.12777777777777777
	],
	"154": [
		0.4396484375,
		0.09756944444444444
	],
	"155": [
		0.4552734375,
		0.07222222222222222
	],
	"156": [
		0.4412109375,
		0.0763888888888889
	],
	"157": [
		0.1994140625,
		0.24375
	],
	"158": [
		0.1857421875,
		0.13993055555555556
	],
	"159": [
		0.4552734375,
		0.07361111111111111
	],
	"160": [
		0.3509765625,
		0.1232638888888889
	],
	"161": [
		0.548046875,
		0.058333333333333334
	],