{
	"SixYardNorthForwardEast": [
		0.07443820224719101,
		0.2599991623738326
	],
	"EighteenYardNorthForwardEast": [
		0.3806179775280899,
		0.21711270260082924
	],
	"PenaltyCircleNorthWest": [
		0.12780898876404495,
		0.3966997529002806
	],
	"CornerNorthEast": [
		0.19662921348314608,
		0.15010260920551158
	]
}