{
	"PenaltySpotNorth": [
		0.08707865168539326,
		0.3454193191253806
	],
	"SixYardNorthForwardEast": [
		0.07584269662921349,
		0.26570716855798504
	],
	"EighteenYardNorthForwardEast": [
		0.39325842696629215,
		0.21551803671925454
	],
	"PenaltyCircleNorthEast": [
		0.29213483146067415,
		0.28046867792231756
	],
	"PenaltyCircleNorthWest": [
		0.13764044943820225,
		0.39856075283697756
	]
}