{
	"PenaltySpotNorth": [
		0.08653904213849195,
		0.33226817517699203
	],
	"EighteenYardNorthRearEast": [
		0.0901339205694825,
		0.19005847953216373
	],
	"PenaltyCircleNorthWest": [
		0.34691011235955055,
		0.6028945790870943
	],
	"CornerNorthEast": [
		0.2021785990383535,
		0.14743533192430086
	]
}