{
	"0": [
		0.7796875,
		0.2
	],
	"1": [
		0.83125,
		0.28888888888888886
	],
	"2": [
		0.5078125,
		0.2
	],
	"3": [
		0.553125,
		0.2833333333333333
	],
	"4": [
		0.50625,
		0.21666666666666667
	],
	"5": [
		0.55,
		0.3
	],
	"6": [
		0.725,
		0.3527777777777778
	],
	"7": [
		0.6640625,
		0.33055555555555555
	],
	"8": [
		0.1,
		0.09722222222222222
	],
	"9": [
		0.05625,
		0.175
	],
	"10": [
		0.6140625,
		0.18888888888888888
	],
	"11": [
		0.5546875,
		0.18611111111111112
	],
	"12": [
		0.725,
		0.42777777777777776
	],
	"13": [
		0.6671875,
		0.45
	],
	"14": [
		0.5265625,
		0.2
	],
	"15": [
		0.5328125,
		0.30277777777777776
	],
	"16": [
		0.446875,
		0.32222222222222224
	],
	"17": [
		0.3890625,
		0.3333333333333333
	],
	"18": [
		0.446875,
		0.4583333333333333
	],
	"19": [
		0.3890625,
		0.44722222222222224
	],
	"20": [
		0.6703125,
		0.44722222222222224
	],
	"21": [
		0.6125,
		0.4583333333333333
	],
	"22": [
		0.471875,
		0.10833333333333334
	],
	"23": [
		0.4484375,
		0.20277777777777778
	],
	"24": [
		0.53125,
		0.7
	],
	"25": [
		0.5359375,
		0.8027777777777778
	],
	"26": [
		0.5578125,
		0.18611111111111112
	],
	"27": [
		0.5,
		0.18888888888888888
	],
	"28": [
		0.6140625,
		0.20277777777777778
	],
	"29": [
		0.55625,
		0.2
	],
	"30": [
		0.6140625,
		0.46111111111111114
	],
	"31": [
		0.55625,
		0.4638888888888889
	],
	"32": [
		0.8359375,
		0.8611111111111112
	],
	"33": [
		0.778125,
		0.8611111111111112
	],
	"34": [
		0.390625,
		0.44722222222222224
	],
	"35": [
		0.334375,
		0.425
	],
	"36": [
		0.390625,
		0.33055555555555555
	],
	"37": [
		0.334375,
		0.35
	],
	"38": [
		0.66875,
		0.3333333333333333
	],
	"39": [
		0.6125,
		0.32222222222222224
	],
	"40": [
		0.3359375,
		0.13333333333333333
	],
	"41": [
		0.2796875,
		0.13055555555555556
	],
	"42": [
		0.5328125,
		0.3
	],
	"43": [
		0.534375,
		0.4
	],
	"44": [
		0.5015625,
		0.46111111111111114
	],
	"45": [
		0.4453125,
		0.4583333333333333
	],
	"46": [
		0.890625,
		0.8638888888888889
	],
	"47": [
		0.834375,
		0.8611111111111112
	],
	"48": [
		0.225,
		0.8527777777777777
	],
	"49": [
		0.16875,
		0.8527777777777777
	],
	"50": [
		0.66875,
		0.8555555555555555
	],
	"51": [
		0.6125,
		0.8555555555555555
	],
	"52": [
		0.5109375,
		0.2
	],
	"53": [
		0.5328125,
		0.2916666666666667
	],
	"54": [
		0.7796875,
		0.2
	],
	"55": [
		0.725,
		0.2111111111111111
	],
	"56": [
		1,
		0.8694444444444445
	],
	"57": [
		0.9453125,
		0.8666666666666667
	],
	"58": [
		0.484375,
		0.13055555555555556
	],
	"59": [
		0.4453125,
		0.19722222222222222
	],
	"60": [
		0.5453125,
		0.13055555555555556
	],
	"61": [
		0.5078125,
		0.2
	],
	"62": [
		0.7234375,
		0.35
	],
	"63": [
		0.7703125,
		0.3972222222222222
	],
	"64": [
		0.5546875,
		0.2638888888888889
	],
	"65": [
		0.5046875,
		0.23055555555555557
	],
	"66": [
		0.6671875,
		0.2111111111111111
	],
	"67": [
		0.6140625,
		0.20555555555555555
	],
	"68": [
		0.771875,
		0.4027777777777778
	],
	"69": [
		0.7234375,
		0.4305555555555556
	],
	"70": [
		0.465625,
		0.11666666666666667
	],
	"71": [
		0.5,
		0.18333333333333332
	],
	"72": [
		0.115625,
		0.13055555555555556
	],
	"73": [
		0.0671875,
		0.13055555555555556
	],
	"74": [
		0.725,
		0.2111111111111111
	],
	"75": [
		0.6765625,
		0.2111111111111111
	],
	"76": [
		0.4921875,
		0.16944444444444445
	],
	"77": [
		0.4453125,
		0.18611111111111112
	],
	"78": [
		0.334375,
		0.325
	],
	"79": [
		0.303125,
		0.3888888888888889
	],
	"80": [
		0.6140625,
		0.8555555555555555
	],
	"81": [
		0.5671875,
		0.8527777777777777
	],
	"82": [
		0.0578125,
		0.20277777777777778
	],
	"83": [
		0.0125,
		0.20277777777777778
	],
	"84": [
		0.55625,
		0.16944444444444445
	],
	"85": [
		0.5125,
		0.15555555555555556
	],
	"86": [
		0.303125,
		0.4111111111111111
	],
	"87": [
		0.30625,
		0.4888888888888889
	],
	"88": [
		0.7109375,
		0.8555555555555555
	],
	"89": [
		0.6671875,
		0.8555555555555555
	],
	"90": [
		0.10625,
		0.10277777777777777
	],
	"91": [
		0.0671875,
		0.1361111111111111
	],
	"92": [
		0.225,
		0.4
	],
	"93": [
		0.2390625,
		0.4722222222222222
	],
	"94": [
		0.446875,
		0.19722222222222222
	],
	"95": [
		0.4046875,
		0.2111111111111111
	],
	"96": [
		0.5234375,
		0.12222222222222222
	],
	"97": [
		0.55625,
		0.16944444444444445
	],
	"98": [
		0.325,
		0.11944444444444445
	],
	"99": [
		0.290625,
		0.15833333333333333
	],
	"100": [
		0.8015625,
		0.2972222222222222
	],
	"101": [
		0.828125,
		0.35
	],
	"102": [
		0.0953125,
		0.20277777777777778
	],
	"103": [
		0.05625,
		0.20277777777777778
	],
	"104": [
		0.48125,
		0.12222222222222222
	],
	"105": [
		0.4921875,
		0.18888888888888888
	],
	"106": [
		0.4734375,
		0.10833333333333334
	],
	"107": [
		0.446875,
		0.15833333333333333
	],
	"108": [
		0.5328125,
		0.2
	],
	"109": [
		0.50625,
		0.25
	],
	"110": [
		0.2421875,
		0.4111111111111111
	],
	"111": [
		0.2265625,
		0.4722222222222222
	],
	"112": [
		0.928125,
		0.20277777777777778
	],
	"113": [
		0.890625,
		0.20833333333333334
	],
	"114": [
		0.828125,
		0.7
	],
	"115": [
		0.803125,
		0.75
	],
	"116": [
		0.7734375,
		0.8916666666666667
	],
	"117": [
		0.7359375,
		0.8861111111111111
	],
	"118": [
		0.228125,
		0.40555555555555556
	],
	"119": [
		0.2265625,
		0.4722222222222222
	],
	"120": [
		0.546875,
		0.8527777777777777
	],
	"121": [
		0.509375,
		0.8527777777777777
	],
	"122": [
		0.8890625,
		0.10833333333333334
	],
	"123": [
		0.86875,
		0.1638888888888889
	],
	"124": [
		0.3140625,
		0.2972222222222222
	],
	"125": [
		0.33125,
		0.35555555555555557
	],
	"126": [
		0.225,
		0.4
	],
	"127": [
		0.209375,
		0.4583333333333333
	],
	"128": [
		0.3328125,
		0.8833333333333333
	],
	"129": [
		0.296875,
		0.8805555555555555
	],
	"130": [
		0.3078125,
		0.4
	],
	"131": [
		0.3,
		0.46111111111111114
	],
	"132": [
		0.4140625,
		0.13055555555555556
	],
	"133": [
		0.4484375,
		0.14166666666666666
	],
	"134": [
		1,
		0.125
	],
	"135": [
		0.965625,
		0.1361111111111111
	],
	"136": [
		0.8078125,
		0.24166666666666667
	],
	"137": [
		0.8015625,
		0.30277777777777776
	],
	"138": [
		0.3046875,
		0.3972222222222222
	],
	"139": [
		0.3359375,
		0.425
	],
	"140": [
		0.440625,
		0.1361111111111111
	],
	"141": [
		0.4625,
		0.18333333333333332
	],
	"142": [
		0.4625,
		0.12222222222222222
	],
	"143": [
		0.4625,
		0.18333333333333332
	],
	"144": [
		0.2203125,
		0.40555555555555556
	],
	"145": [
		0.2203125,
		0.4666666666666667
	],
	"146": [
		0.775,
		0.35
	],
	"147": [
		0.7578125,
		0.4027777777777778
	],
	"148": [
		0.825,
		0.3
	],
	"149": [
		0.8015625,
		0.34444444444444444
	],
	"150": [
		0.8046875,
		0.24166666666666667
	],
	"151": [
		0.8125,
		0.3
	],
	"152": [
		0.640625,
		0.4527777777777778
	],
	"153": [
		0.6109375,
		0.48055555555555557
	],
	"154": [
		0.8296875,
		0.7666666666666667
	],
	"155": [
		0.8046875,
		0.7277777777777777
	],
	"156": [
		0.5171875,
		0.2
	],
	"157": [
		0.5125,
		0.25833333333333336
	],
	"158": [
		0.53125,
		0.8
	],
	"159": [
		0.5421875,
		0.8555555555555555
	],
	"160": [
		0.3328125,
		0.2972222222222222
	],
	"161": [
		0.3296875,
		0.35555555555555557
	],
	"162": [
		0.45,
		0.14166666666666666
	],
	"163": [
		0.4515625,
		0.2
	],
	"164": [
		0.1609375,
		0.8833333333333333
	],
	"165": [
		0.128125,
		0.8861111111111111
	],
	"166": [
		0.0578125,
		0.8555555555555555
	],
	"167": [
		0.025,
		0.8555555555555555
	],
	"168": [
		0.965625,
		0.125
	],
	"169": [
		0.996875,
		0.14166666666666666
	],
	"170": [
		0.3328125,
		0.30833333333333335
	],
	"171": [
		0.359375,
		0.3416666666666667
	],
	"172": [
		0.8109375,
		0.6555555555555556
	],
	"173": [
		0.83125,
		0.7
	],
	"174": [
		0.06875,
		0.11666666666666667
	],
	"175": [
		0.09375,
		0.15
	],
	"176": [
		0.090625,
		0.09722222222222222
	],
	"177": [
		0.115625,
		0.13055555555555556
	],
	"178": [
		0.428125,
		0.11388888888888889
	],
	"179": [
		0.446875,
		0.15833333333333333
	],
	"180": [
		0.153125,
		0.8555555555555555
	],
	"181": [
		0.121875,
		0.8555555555555555
	],