{
	"PenaltySpotNorth": [
		0.3300561797752809,
		0.4310360734385091
	],
	"EighteenYardNorthForwardWest": [
		0.10393258426966293,
		0.7056001476150936
	],
	"SixYardNorthRearEast": [
		0.15870786516853932,
		0.31884860226958206
	],
	"SixYardNorthForwardEast": [
		0.3103932584269663,
		0.3483716209982471
	],
	"EighteenYardNorthForwardEast": [
		0.7893258426966292,
		0.28342097979518405
	]
}