{
	"0": [
		0.2333984375,
		0.10277777777777777
	],
	"1": [
		0.6111328125,
		0.1
	],
	"2": [
		0.457421875,
		0.09270833333333334
	],
	"3": [
		0.7744140625,
		0.10798611111111112
	],
	"4": [
		0.7091796875,
		0.10208333333333333
	],
	"5": [
		0.315234375,
		0.08090277777777778
	],
	"6": [
		0.3841796875,
		0.08715277777777777
	],
	"7": [
		0.534375,
		0.09861111111111111
	],
	"8": [
		0.9513671875,
		0.11597222222222223
	],
	"9": [
		0.5173828125,
		0.08055555555555556
	],
	"10": [
		0.46953125,
		0.08819444444444445
	],
	"11": [
		0.09453125,
		0.10590277777777778
	],
	"12": [
		0.4416015625,
		0.07395833333333333
	],
	"13": [
		0.673828125,
		0.08715277777777777
	],
	"14": [
		0.3056640625,
		0.09826388888888889
	],
	"15": [
		0.69296875,
		0.10729166666666666
	],
	"16": [
		0.935546875,
		0.11527777777777778
	],
	"17": [
		0.59453125,
		0.08715277777777777
	],
	"18": [
		0.39453125,
		0.08368055555555555
	],
	"19": [
		0.546875,
		0.09513888888888888
	],
	"20": [
		0.708203125,
		0.09375
	],
	"21": [
		0.9701171875,
		0.10416666666666667
	],
	"22": [
		0.7916015625,
		0.10243055555555555
	],
	"23": [
		0.7916015625,
		0.10243055555555555
	],
	"24": [
		0.713671875,
		0.08888888888888889
	],
	"25": [
		0.6677734375,
		0.06770833333333333
	],
	"26": [
		0.8625,
		0.11006944444444444
	],
	"27": [
		0.65,
		0.06770833333333333
	],
	"28": [
		0.879296875,
		0.10972222222222222
	],
	"29": [
		0.92890625,
		0.09930555555555555
	],
	"30": [
		0.4748046875,
		0.07708333333333334
	],
	"31": [
		0.755078125,
		0.09097222222222222
	],
	"32": [
		0.2947265625,
		0.10138888888888889
	],
	"33": [
		0.3693359375,
		0.08263888888888889
	],
	"34": [
		0.63203125,
		0.08611111111111111
	],
	"35": [
		0.678515625,
		0.10034722222222223
	],
	"36": [
		0.9748046875,
		0.09479166666666666
	],
	"37": [
		0.6259765625,
		0.09652777777777778
	],
	"38": [
		0.7951171875,
		0.09444444444444444
	],
	"39": [
		0.5517578125,
		0.08402777777777778
	],
	"40": [
		0.9712890625,
		0.10729166666666666
	],
	"41": [
		0.75859375,
		0.11041666666666666
	],
	"42": [
		0.4,
		0.07291666666666667
	],
	"43": [
		0.133984375,
		0.10798611111111112
	],
	"44": [
		0.137109375,
		0.10451388888888889
	],
	"45": [
		0.678125,
		0.11284722222222222
	],
	"46": [
		0.7380859375,
		0.08541666666666667
	],
	"47": [
		0.3705078125,
		0.09131944444444444
	],
	"48": [
		0.81640625,
		0.07951388888888888
	],
	"49": [
		0.8837890625,
		0.0920138888888889
	],
	"50": [
		0.598046875,
		0.10798611111111112
	],
	"51": [
		0.9314453125,
		0.10243055555555555
	],
	"52": [
		0.8408203125,
		0.09097222222222222
	],
	"53": [
		0.5236328125,
		0.10034722222222223
	],
	"54": [
		0.84765625,
		0.11319444444444444
	],
	"55": [
		0.044921875,
		0.115625
	],
	"56": [
		0.3125,
		0.0798611111111111
	],
	"57": [
		0.24453125,
		0.10833333333333334
	],
	"58": [
		0.441796875,
		0.09444444444444444
	],
	"59": [
		0.0890625,
		0.11284722222222222
	],
	"60": [
		0.321875,
		0.07256944444444445
	],
	"61": [
		0.9306640625,
		0.10625
	],
	"62": [
		0.5193359375,
		0.10069444444444445
	],
	"63": [
		0.6802734375,
		0.10729166666666666
	],
	"64": [
		0.6330078125,
		0.10381944444444445
	],
	"65": [
		0.762890625,
		0.10868055555555556
	],
	"66": [
		0.9197265625,
		0.08125
	],
	"67": [
		0.9013671875,
		0.07430555555555556
	],
	"68": [
		0.88515625,
		0.11006944444444444
	],
	"69": [
		0.8439453125,
		0.09930555555555555
	],
	"70": [
		0.842578125,
		0.10694444444444444
	],
	"71": [
		0.97734375,
		0.11736111111111111
	],
	"72": [
		0.8357421875,
		0.071875
	],
	"73": [
		0.56015625,
		0.06319444444444444
	],
	"74": [
		0.790625,
		0.10034722222222223
	],
	"75": [
		0.6234375,
		0.08888888888888889
	],
	"76": [
		0.9388671875,
		0.11527777777777778
	],
	"77": [
		0.84765625,
		0.10208333333333333
	],
	"78": [
		0.686328125,
		0.10833333333333334
	],
	"79": [
		0.71328125,
		0.10833333333333334
	],
	"80": [
		0.375390625,
		0.08611111111111111
	],
	"81": [
		0.8353515625,
		0.06701388888888889
	],
	"82": [
		0.6810546875,
		0.09236111111111112
	],
	"83": [
		0.5408203125,
		0.08472222222222223
	],
	"84": [
		0.6029296875,
		0.10381944444444445
	],
	"85": [
		0.0958984375,
		0.10173611111111111
	],
	"86": [
		0.2927734375,
		0.10451388888888889
	],
	"87": [
		0.5541015625,
		0.09895833333333333
	],
	"88": [
		0.83984375,
		0.07604166666666666
	],
	"89": [
		0.8501953125,
		0.11388888888888889
	],
	"90": [
		0.8787109375,
		0.10347222222222222
	],
	"91": [
		0.933984375,
		0.10208333333333333
	],
	"92": [
		0.7908203125,
		0.9371527777777777
	],
	"93": [
		0.6828125,
		0.10138888888888889
	],
	"94": [
		0.905859375,
		0.9597222222222223
	],
	"95": [
		0.228125,
		0.10590277777777778
	],
	"96": [
		0.4107421875,
		0.05416666666666667
	],
	"97": [
		0.4521484375,
		0.058333333333333334
	],
	"98": [
		0.2181640625,
		0.10520833333333333
	],
	"99": [
		0.7669921875,
		0.11180555555555556
	],
	"100": [
		0.3265625,
		0.08680555555555555
	],
	"101": [
		0.7974609375,
		0.11354166666666667
	],
	"102": [
		0.3798828125,
		0.08819444444444445
	],
	"103": [
		0.3009765625,
		0.10208333333333333
	],
	"104": [
		0.7796875,
		0.115625
	],
	"105": [
		0.8826171875,
		0.11597222222222223
	],
	"106": [
		0.8642578125,
		0.11840277777777777
	],
	"107": [
		0.04921875,
		0.11215277777777778
	],
	"108": [
		0.5283203125,
		0.07395833333333333
	],
	"109": [
		0.603515625,
		0.09236111111111112
	],
	"110": [
		0.1375,
		0.10208333333333333
	],
	"111": [
		0.9732421875,
		0.11736111111111111
	],
	"112": [
		0.476953125,
		0.09583333333333334
	],
	"113": [
		0.922265625,
		0.08368055555555555
	],
	"114": [
		0.2740234375,
		0.8416666666666667
	],
	"115": [
		0.3923828125,
		0.07708333333333334
	],
	"116": [
		0.84921875,
		0.10451388888888889
	],
	"117": [
		0.9083984375,
		0.9621527777777777
	],
	"118": [
		0.8447265625,
		0.9493055555555555
	],
	"119": [
		0.45234375,
		0.09479166666666666
	],
	"120": [
		0.1701171875,
		0.10659722222222222
	],
	"121": [
		0.8681640625,
		0.9555555555555556
	],
	"122": [
		0.759375,
		0.09965277777777778
	],
	"123": [
		0.81328125,
		0.07743055555555556
	],
	"124": [
		0.9564453125,
		0.11909722222222222
	],
	"125": [
		0.52734375,
		0.10069444444444445
	],
	"126": [
		0.4451171875,
		0.08506944444444445
	],
	"127": [
		0.9248046875,
		0.9663194444444444
	],
	"128": [
		0.29765625,
		0.10347222222222222
	],
	"129": [
		0.4494140625,
		0.08854166666666667
	],
	"130": [
		0.401953125,
		0.09027777777777778
	],
	"131": [
		0.5232421875,
		0.0875
	],
	"132": [
		0.5994140625,
		0.09236111111111112
	],
	"133": [
		0.625390625,
		0.07430555555555556
	],
	"134": [
		0.041015625,
		0.12430555555555556
	],
	"135": [
		0.076171875,
		0.10833333333333334
	],
	"136": [
		0.1962890625,
		0.875
	],
	"137": [
		0.7138671875,
		0.10972222222222222
	],
	"138": [
		0.600390625,
		0.09166666666666666
	],
	"139": [
		0.924609375,
		0.9659722222222222
	],
	"140": [
		0.0306640625,
		0.13576388888888888
	],
	"141": [
		0.17265625,
		0.10659722222222222
	],
	"142": [
		0.7177734375,
		0.11215277777777778
	],
	"143": [
		0.4615234375,
		0.08055555555555556
	],
	"144": [
		0.2966796875,
		0.10138888888888889
	],
	"145": [
		0.08984375,
		0.10416666666666667
	],
	"146": [
		0.6072265625,
		0.10277777777777777
	],
	"147": [
		0.6955078125,
		0.11041666666666666
	],
	"148": [
		0.258984375,
		0.8395833333333333
	],
	"149": [
		0.7623046875,
		0.10104166666666667
	],
	"150": [
		0.44765625,
		0.09444444444444444
	],
	"151": [
		0.860546875,
		0.06770833333333333
	],
	"152": [
		0.5341796875,
		0.10104166666666667
	],
	"153": [
		0.8298828125,
		0.9465277777777777
	],
	"154": [
		0.9193359375,
		0.08611111111111111
	],
	"155": [
		0.530859375,
		0.065625
	],
	"156": [
		0.0974609375,
		0.1125
	],
	"157": [
		0.9447265625,
		0.10208333333333333
	],
	"158": [
		0.1240234375,
		0.10972222222222222
	],
	"159": [
		0.160546875,
		0.10902777777777778
	],
	"160": [
		0.7640625,
		0.1
	],
	"161": [
		0.375,
		0.07604166666666666
	],