{
	"SixYardNorthForwardEast": [
		0.07659237791136342,
		0.2529923300970209
	],
	"EighteenYardNorthRearEast": [
		0.09691011235955056,
		0.18494785777107678
	],
	"EighteenYardNorthForwardEast": [
		0.39747191011235955,
		0.22247351007245467
	],
	"PenaltyCircleNorthEast": [
		0.2949438202247191,
		0.2841227959961469
	],
	"PenaltyCircleNorthWest": [
		0.13764044943820225,
		0.38061733048540436
	]
}