{
	"0": [
		0.3359375,
		1
	],
	"1": [
		0.0015625,
		0.9527777777777777
	],
	"2": [
		1,
		0.9944444444444445
	],
	"3": [
		0.5,
		0.8944444444444445
	],
	"4": [
		0.5,
		0.8944444444444445
	],
	"5": [
		0.25,
		0.8527777777777777
	],
	"6": [
		0.25,
		0.8527777777777777
	],
	"7": [
		0.0015625,
		0.8194444444444444
	],
	"8": [
		0.2109375,
		0.25277777777777777
	],
	"9": [
		0.0015625,
		0.38333333333333336
	],
	"10": [
		0.7171875,
		0.08611111111111111
	],
	"11": [
		0.634375,
		0.08055555555555556
	],
	"12": [
		0.3359375,
		0.6055555555555555
	],
	"13": [
		0.325,
		0.7416666666666667
	],
	"14": [
		0.3265625,
		0.6277777777777778
	],
	"15": [
		0.325,
		0.7416666666666667
	],
	"16": [
		0.30625,
		0.2638888888888889
	],
	"17": [
		0.25,
		0.3
	],
	"18": [
		0.2515625,
		0.22777777777777777
	],
	"19": [
		0.2109375,
		0.25277777777777777
	],
	"20": [
		0.0421875,
		0.06111111111111111
	],
	"21": [
		0.078125,
		0.1111111111111111
	],
	"22": [
		0.2625,
		0.21944444444444444
	],
	"23": [
		0.30625,
		0.2388888888888889
	],
	"24": [
		0.4765625,
		0.9277777777777778
	],
	"25": [
		0.4328125,
		0.9222222222222223
	],
	"26": [
		0.746875,
		0.002777777777777778
	],
	"27": [
		0.7078125,
		0.022222222222222223
	],
	"28": [
		0.31875,
		0.625
	],
	"29": [
		0.3171875,
		0.6944444444444444
	],
	"30": [
		0.05,
		0.04722222222222222
	],
	"31": [
		0.0671875,
		0.10833333333333334
	],
	"32": [
		0.25,
		0.8888888888888888
	],
	"33": [
		0.284375,
		0.8972222222222223
	],
	"34": [
		0.784375,
		0.9888888888888889
	],
	"35": [
		0.75,
		0.9805555555555555
	],
	"36": [
		0.828125,
		0.07777777777777778
	],
	"37": [
		0.7953125,
		0.075
	],
	"38": [
		0.3359375,
		0.6472222222222223
	],
	"39": [
		0.3171875,
		0.6944444444444444
	],
	"40": [
		0.334375,
		0.6611111111111111
	],
	"41": [
		0.3078125,
		0.6944444444444444
	],
	"42": [
		0.30625,
		0.2388888888888889
	],
	"43": [
		0.2828125,
		0.2861111111111111
	],
	"44": [
		0.3109375,
		0.65
	],
	"45": [
		0.3296875,
		0.6888888888888889
	],
	"46": [
		0.5984375,
		0.6055555555555555
	],
	"47": [
		0.5828125,
		0.6472222222222223
	],
	"48": [
		0.6921875,
		0.3638888888888889
	],
	"49": [
		0.6734375,
		0.4
	],
	"50": [
		0.709375,
		0.005555555555555556
	],
	"51": [
		0.734375,
		0.022222222222222223
	],
	"52": [
		0.6875,
		0.4027777777777778
	],
	"53": [
		0.6734375,
		0.44166666666666665
	],
	"54": [
		0.6359375,
		0.7194444444444444
	],
	"55": [
		0.61875,
		0.7527777777777778
	],
	"56": [
		0.6953125,
		0.06111111111111111
	],
	"57": [
		0.7171875,
		0.08611111111111111
	],
	"58": [
		0.621875,
		0.7722222222222223
	],
	"59": [
		0.6,
		0.7916666666666666
	],
	"60": [
		0.54375,
		0.175
	],
	"61": [
		0.559375,
		0.20833333333333334
	],
	"62": [
		0.5484375,
		0.36944444444444446
	],
	"63": [
		0.5625,
		0.4027777777777778
	],
	"64": [
		0.3296875,
		0.6888888888888889
	],
	"65": [
		0.3078125,
		0.6944444444444444
	],
	"66": [
		0.3265625,
		0.37222222222222223
	],
	"67": [
		0.3109375,
		0.4027777777777778
	],
	"68": [
		0.5484375,
		0.36944444444444446
	],
	"69": [
		0.5671875,
		0.3861111111111111
	],
	"70": [
		0.6765625,
		0.375
	],
	"71": [
		0.6875,
		0.4027777777777778
	],
	"72": [
		0.565625,
		0.36666666666666664
	],
	"73": [
		0.5484375,
		0.39166666666666666
	],
	"74": [
		0.3625,
		0.33611111111111114
	],
	"75": [
		0.378125,
		0.3638888888888889
	],
	"76": [
		0.49375,
		0.6861111111111111
	],
	"77": [
		0.48125,
		0.7166666666666667
	],
	"78": [
		0.3765625,
		0.14722222222222223
	],
	"79": [
		0.2515625,
		0.22777777777777777
	],
	"80": [
		0.25,
		0.3
	],
	"81": [
		0.125,
		0.33055555555555555
	],
	"82": [
		0.1265625,
		0.11388888888888889
	],
	"83": [
		0.0140625,
		0.10555555555555556
	],
	"84": [
		0.26875,
		0.125
	],
	"85": [
		0.371875,
		0.13333333333333333
	],
	"86": [
		0.1265625,
		0.11388888888888889
	],
	"87": [
		0.0375,
		0.07777777777777778
	],
	"88": [
		0.31875,
		0.625
	],
	"89": [
		0.325,
		0.7416666666666667
	],
	"90": [
		0.246875,
		0.044444444444444446
	],
	"91": [
		0.18125,
		0.05555555555555555
	],
	"92": [
		0.0625,
		0.14444444444444443
	],
	"93": [
		0.0015625,
		0.18055555555555555
	],
	"94": [
		0.3359375,
		0.625
	],
	"95": [
		0.3171875,
		0.6944444444444444
	],
	"96": [
		0.3265625,
		0.37222222222222223
	],
	"97": [
		0.3171875,
		0.45
	],
	"98": [
		0.6921875,
		0.3638888888888889
	],
	"99": [
		0.6734375,
		0.44166666666666665
	],
	"100": [
		0.5796875,
		0.9472222222222222
	],
	"101": [
		0.5375,
		0.9416666666666667
	],
	"102": [
		0.3359375,
		0.6472222222222223
	],
	"103": [
		0.3078125,
		0.6944444444444444
	],
	"104": [
		0.3765625,
		0.9111111111111111
	],
	"105": [
		0.3359375,
		0.9055555555555556
	],
	"106": [
		0.103125,
		0.9388888888888889
	],
	"107": [
		0.0671875,
		0.9638888888888889
	],
	"108": [
		0.6765625,
		0.9666666666666667
	],
	"109": [
		0.6390625,
		0.9583333333333334
	],
	"110": [
		0.55625,
		0.6222222222222222
	],
	"111": [
		0.5375,
		0.675
	],
	"112": [
		0.61875,
		0.7527777777777778
	],
	"113": [
		0.6,
		0.7916666666666666
	],
	"114": [
		0.165625,
		0.8777777777777778
	],
	"115": [
		0.134375,
		0.8944444444444445
	],
	"116": [
		0.165625,
		0.8777777777777778
	],
	"117": [
		0.1953125,
		0.8833333333333333
	],
	"118": [
		0.31875,
		0.625
	],
	"119": [
		0.334375,
		0.6611111111111111
	],
	"120": [
		0.5640625,
		0.06388888888888888
	],
	"121": [
		0.5375,
		0.058333333333333334
	],
	"122": [
		0.30625,
		0.2388888888888889
	],
	"123": [
		0.290625,
		0.28055555555555556
	],
	"124": [
		0.3078125,
		0.6944444444444444
	],
	"125": [
		0.328125,
		0.7194444444444444
	],
	"126": [
		0.3625,
		0.33611111111111114
	],
	"127": [
		0.359375,
		0.375
	],
	"128": [
		0.925,
		0.15555555555555556
	],
	"129": [
		0.9046875,
		0.18333333333333332
	],
	"130": [
		0.925,
		0.15555555555555556
	],
	"131": [
		0.925,
		0.2
	],
	"132": [
		0.465625,
		0.26944444444444443
	],
	"133": [
		0.4546875,
		0.30833333333333335
	],
	"134": [
		0.1515625,
		0.030555555555555555
	],
	"135": [
		0.13125,
		0.05277777777777778
	],
	"136": [
		0.928125,
		0.17777777777777778
	],
	"137": [
		0.915625,
		0.21388888888888888
	],
	"138": [
		0.690625,
		0.3416666666666667
	],
	"139": [
		0.6765625,
		0.375
	],
	"140": [
		0.5421875,
		0.5888888888888889
	],
	"141": [
		0.55625,
		0.6222222222222222
	],
	"142": [
		0.9046875,
		0.18333333333333332
	],
	"143": [
		0.925,
		0.2
	],
	"144": [
		0.55625,
		0.3472222222222222
	],
	"145": [
		0.5484375,
		0.39166666666666666
	],
	"146": [
		0.28125,
		0.05555555555555555
	],
	"147": [
		0.303125,
		0.06666666666666667
	],
	"148": [
		0.6,
		0.625
	],
	"149": [
		0.5828125,
		0.6472222222222223
	],
	"150": [
		0.721875,
		0.002777777777777778
	],
	"151": [
		0.7,
		0.011111111111111112
	],
	"152": [
		0.628125,
		0.06666666666666667
	],
	"153": [
		0.6484375,
		0.08333333333333333
	],
	"154": [
		0.5609375,
		0.13055555555555556
	],
	"155": [
		0.546875,
		0.16111111111111112
	],
	"156": [
		0.371875,
		0.3333333333333333
	],
	"157": [
		0.3578125,
		0.3611111111111111
	],
	"158": [
		0.6,
		0.6555555555555556
	],
	"159": [
		0.5859375,
		0.6833333333333333
	],
	"160": [
		0.6078125,
		0.7472222222222222
	],
	"161": [
		0.621875,
		0.7722222222222223
	],
	"162": [
		0.221875,
		0.03611111111111111
	],
	"163": [
		0.246875,
		0.044444444444444446
	],
	"164": [
		0.39375,
		0.05
	],
	"165": [
		0.4125,
		0.06666666666666667
	],
	"166": [
		0.9140625,
		0.002777777777777778
	],
	"167": [
		0.9234375,
		0.03611111111111111
	],
	"168": [
		0.559375,
		0.5916666666666667
	],
	"169": [
		0.55625,
		0.6222222222222222
	],
	"170": [
		0.10625,
		0.044444444444444446
	],
	"171": [
		0.13125,
		0.05277777777777778
	],
	"172": [
		0.565625,
		0.36666666666666664
	],
	"173": [
		0.5625,
		0.4027777777777778
	],
	"174": [
		0.896875,
		0.002777777777777778
	],
	"175": [
		0.8890625,
		0.03611111111111111
	],
	"176": [
		0.39375,
		0.1361111111111111
	],
	"177": [
		0.3765625,
		0.14722222222222223
	],