{
	"0": [
		0.4953125,
		0.1111111111111111
	],
	"1": [
		0.4453125,
		0.19444444444444445
	],
	"2": [
		0.3921875,
		0.325
	],
	"3": [
		0.334375,
		0.35
	],
	"4": [
		0.5546875,
		0.6972222222222222
	],
	"5": [
		0.5515625,
		0.8027777777777778
	],
	"6": [
		0.6140625,
		0.875
	],
	"7": [
		0.5546875,
		0.8694444444444445
	],
	"8": [
		0.5515625,
		0.2972222222222222
	],
	"9": [
		0.553125,
		0.4027777777777778
	],
	"10": [
		0.5515625,
		0.3972222222222222
	],
	"11": [
		0.553125,
		0.5027777777777778
	],
	"12": [
		0.6140625,
		0.18611111111111112
	],
	"13": [
		0.55625,
		0.16666666666666666
	],
	"14": [
		0.7796875,
		0.3611111111111111
	],
	"15": [
		0.7234375,
		0.33055555555555555
	],
	"16": [
		0.7796875,
		0.4111111111111111
	],
	"17": [
		0.7234375,
		0.44166666666666665
	],
	"18": [
		0.446875,
		0.45555555555555555
	],
	"19": [
		0.3890625,
		0.4388888888888889
	],
	"20": [
		0.725,
		0.4388888888888889
	],
	"21": [
		0.6671875,
		0.45555555555555555
	],
	"22": [
		0.725,
		0.3333333333333333
	],
	"23": [
		0.6671875,
		0.3194444444444444
	],
	"24": [
		0.1140625,
		0.1
	],
	"25": [
		0.05625,
		0.08888888888888889
	],
	"26": [
		0.446875,
		0.31666666666666665
	],
	"27": [
		0.3890625,
		0.3277777777777778
	],
	"28": [
		0.446875,
		0.18611111111111112
	],
	"29": [
		0.3890625,
		0.19444444444444445
	],
	"30": [
		0.5515625,
		0.2
	],
	"31": [
		0.553125,
		0.30277777777777776
	],
	"32": [
		0.5578125,
		0.875
	],
	"33": [
		0.5,
		0.8722222222222222
	],
	"34": [
		0.946875,
		0.8888888888888888
	],
	"35": [
		0.8890625,
		0.8861111111111111
	],
	"36": [
		0.7796875,
		0.19166666666666668
	],
	"37": [
		0.721875,
		0.19166666666666668
	],
	"38": [
		0.225,
		0.8722222222222222
	],
	"39": [
		0.1671875,
		0.8722222222222222
	],
	"40": [
		0.3359375,
		0.8722222222222222
	],
	"41": [
		0.278125,
		0.8722222222222222
	],
	"42": [
		0.725,
		0.8777777777777778
	],
	"43": [
		0.6671875,
		0.8777777777777778
	],
	"44": [
		0.3890625,
		0.44166666666666665
	],
	"45": [
		0.334375,
		0.4166666666666667
	],
	"46": [
		0.66875,
		0.3194444444444444
	],
	"47": [
		0.6125,
		0.3111111111111111
	],
	"48": [
		0.5015625,
		0.46111111111111114
	],
	"49": [
		0.4453125,
		0.4527777777777778
	],
	"50": [
		0.66875,
		0.4527777777777778
	],
	"51": [
		0.6125,
		0.46111111111111114
	],
	"52": [
		0.16875,
		0.8722222222222222
	],
	"53": [
		0.1125,
		0.875
	],
	"54": [
		0.66875,
		0.8777777777777778
	],
	"55": [
		0.6125,
		0.875
	],
	"56": [
		0.2796875,
		0.8722222222222222
	],
	"57": [
		0.2234375,
		0.8722222222222222
	],
	"58": [
		0.5171875,
		0.11388888888888889
	],
	"59": [
		0.553125,
		0.18888888888888888
	],
	"60": [
		1,
		0.8916666666666667
	],
	"61": [
		0.9453125,
		0.8888888888888888
	],
	"62": [
		0.5171875,
		0.2
	],
	"63": [
		0.553125,
		0.2722222222222222
	],
	"64": [
		0.484375,
		0.1
	],
	"65": [
		0.446875,
		0.16944444444444445
	],
	"66": [
		0.7765625,
		0.8805555555555555
	],
	"67": [
		0.7234375,
		0.8777777777777778
	],
	"68": [
		0.778125,
		0.16666666666666666
	],
	"69": [
		0.7265625,
		0.18611111111111112
	],
	"70": [
		0.4921875,
		0.14444444444444443
	],
	"71": [
		0.4453125,
		0.18611111111111112
	],
	"72": [
		0.1140625,
		0.1
	],
	"73": [
		0.0625,
		0.11388888888888889
	],
	"74": [
		0.8265625,
		0.19166666666666668
	],
	"75": [
		0.778125,
		0.16666666666666666
	],
	"76": [
		0.396875,
		0.16666666666666666
	],
	"77": [
		0.446875,
		0.16944444444444445
	],
	"78": [
		0.334375,
		0.1
	],
	"79": [
		0.2859375,
		0.11666666666666667
	],
	"80": [
		0.8265625,
		0.19166666666666668
	],
	"81": [
		0.778125,
		0.19444444444444445
	],
	"82": [
		0.5515625,
		0.5
	],
	"83": [
		0.553125,
		0.5833333333333334
	],
	"84": [
		0.4453125,
		0.10833333333333334
	],
	"85": [
		0.475,
		0.17222222222222222
	],
	"86": [
		0.0515625,
		0.19166666666666668
	],
	"87": [
		0.00625,
		0.175
	],
	"88": [
		0.046875,
		0.875
	],
	"89": [
		0.0015625,
		0.8777777777777778
	],
	"90": [
		0.115625,
		0.8722222222222222
	],
	"91": [
		0.0703125,
		0.875
	],
	"92": [
		0.8375,
		0.225
	],
	"93": [
		0.8359375,
		0.30277777777777776
	],
	"94": [
		0.5578125,
		0.16944444444444445
	],
	"95": [
		0.5171875,
		0.19722222222222222
	],
	"96": [
		0.196875,
		0.4111111111111111
	],
	"97": [
		0.225,
		0.46944444444444444
	],
	"98": [
		0.5515625,
		0.8
	],
	"99": [
		0.553125,
		0.875
	],
	"100": [
		0.3078125,
		0.4111111111111111
	],
	"101": [
		0.3171875,
		0.48333333333333334
	],
	"102": [
		0.996875,
		0.925
	],
	"103": [
		0.95625,
		0.9194444444444444
	],
	"104": [
		0.5578125,
		0.16944444444444445
	],
	"105": [
		0.5171875,
		0.16944444444444445
	],
	"106": [
		0.4828125,
		0.12777777777777777
	],
	"107": [
		0.44375,
		0.1111111111111111
	],
	"108": [
		0.8515625,
		0.23333333333333334
	],
	"109": [
		0.834375,
		0.2972222222222222
	],
	"110": [
		0.6953125,
		0.44722222222222224
	],
	"111": [
		0.6671875,
		0.49722222222222223
	],
	"112": [
		0.2171875,
		0.4
	],
	"113": [
		0.2125,
		0.46944444444444444
	],
	"114": [
		0.2078125,
		0.4
	],
	"115": [
		0.203125,
		0.46944444444444444
	],
	"116": [
		0.3734375,
		0.8722222222222222
	],
	"117": [
		0.334375,
		0.8722222222222222
	],
	"118": [
		0.3359375,
		0.3333333333333333
	],
	"119": [
		0.309375,
		0.38333333333333336
	],
	"120": [
		0.2171875,
		0.4
	],
	"121": [
		0.190625,
		0.45
	],
	"122": [
		0.225,
		0.4638888888888889
	],
	"123": [
		0.190625,
		0.43333333333333335
	],
	"124": [
		0.553125,
		0.2388888888888889
	],
	"125": [
		0.5171875,
		0.21944444444444444
	],
	"126": [
		0.828125,
		0.8833333333333333
	],
	"127": [
		0.790625,
		0.8805555555555555
	],
	"128": [
		0.553125,
		0.21388888888888888
	],
	"129": [
		0.5171875,
		0.23055555555555557
	],
	"130": [
		0.203125,
		0.40555555555555556
	],
	"131": [
		0.2125,
		0.46944444444444444
	],
	"132": [
		0.5515625,
		0.2
	],
	"133": [
		0.5234375,
		0.24166666666666667
	],
	"134": [
		0.3125,
		0.2972222222222222
	],
	"135": [
		0.3359375,
		0.3472222222222222
	],
	"136": [
		0.325,
		0.40555555555555556
	],
	"137": [
		0.3015625,
		0.45555555555555555
	],
	"138": [
		0.5671875,
		0.225
	],
	"139": [
		0.5703125,
		0.28888888888888886
	],
	"140": [
		0.2140625,
		0.4027777777777778
	],
	"141": [
		0.225,
		0.4638888888888889
	],
	"142": [
		0.3125,
		0.25555555555555554
	],
	"143": [
		0.334375,
		0.3055555555555556
	],
	"144": [
		0.225,
		0.4361111111111111
	],
	"145": [
		0.190625,
		0.45
	],
	"146": [
		0.0578125,
		0.09722222222222222
	],
	"147": [
		0.0875,
		0.13055555555555556
	],
	"148": [
		0.13125,
		0.10277777777777777
	],
	"149": [
		0.159375,
		0.1388888888888889
	],
	"150": [
		0.646875,
		0.16944444444444445
	],
	"151": [
		0.6125,
		0.17222222222222222
	],
	"152": [
		0.2234375,
		0.4166666666666667
	],
	"153": [
		0.196875,
		0.45555555555555555
	],
	"154": [
		0.2234375,
		0.4166666666666667
	],
	"155": [
		0.190625,
		0.43333333333333335
	],
	"156": [
		0.3109375,
		0.3972222222222222
	],
	"157": [
		0.303125,
		0.45555555555555555
	],
	"158": [
		0.6671875,
		0.4527777777777778
	],
	"159": [
		0.6921875,
		0.49166666666666664
	],
	"160": [
		0.6953125,
		0.44722222222222224
	],
	"161": [
		0.6859375,
		0.5027777777777778
	],
	"162": [
		0.328125,
		0.25555555555555554
	],
	"163": [
		0.3125,
		0.3055555555555556
	],
	"164": [
		0.2859375,
		0.10833333333333334
	],
	"165": [
		0.309375,
		0.14722222222222223
	],
	"166": [
		0.7140625,
		0.16666666666666666
	],
	"167": [
		0.6828125,
		0.16944444444444445
	],
	"168": [
		0.890625,
		0.8861111111111111
	],
	"169": [
		0.859375,
		0.8833333333333333
	],
	"170": [
		0.8640625,
		0.16666666666666666
	],
	"171": [
		0.8328125,
		0.16666666666666666
	],
	"172": [
		0.2234375,
		0.42777777777777776
	],
	"173": [
		0.203125,
		0.46944444444444444
	],
	"174": [
		0.2265625,
		0.4166666666666667
	],
	"175": [
		0.221875,
		0.46944444444444444
	],
	"176": [
		0.5546875,
		0.8277777777777777
	],
	"177": [
		0.540625,
		0.875
	],