{
	"PenaltySpotNorth": [
		0.3300561797752809,
		0.4310360734385091
	],
	"EighteenYardNorthForwardWest": [
		0.10393258426966293,
		0.7056001476150936
	]
}