{
	"CornerNorthWest": [
		0.12359550561797752,
		0.5146375172760397
	],
	"CornerNorthEast": [
		0.16573033707865167,
		0.1581438204129497
	],
	"CornerSouthEast": [
		0.46662073676690247,
		0.1243167484516475
	],
	"CornerSouthWest": [
		0.5491573033707865,
		0.7237090086694309
	]
}