{
	"SixYardNorthForwardEast": [
		0.07443820224719101,
		0.26570716855798504
	],
	"EighteenYardNorthRearEast": [
		0.09550561797752809,
		0.1929890689785149
	],
	"EighteenYardNorthForwardEast": [
		0.4002808988764045,
		0.21256573484638805
	],
	"PenaltyCircleNorthEast": [
		0.2949438202247191,
		0.2841227959961469
	],
	"PenaltyCircleNorthWest": [
		0.13764044943820225,
		0.38061733048540436
	],
	"PenaltySpotNorth": [
		0.08848314606741572,
		0.3306578097610481
	]
}