{
	"0": [
		0.23828125,
		0.15347222222222223
	],
	"1": [
		0.2875,
		0.06180555555555556
	],
	"2": [
		0.354296875,
		0.16631944444444444
	],
	"3": [
		0.321875,
		0.1638888888888889
	],
	"4": [
		0.2091796875,
		0.050347222222222224
	],
	"5": [
		0.2923828125,
		0.08715277777777777
	],
	"6": [
		0.519921875,
		0.17326388888888888
	],
	"7": [
		0.28515625,
		0.0920138888888889
	],
	"8": [
		0.28984375,
		0.06979166666666667
	],
	"9": [
		0.0462890625,
		0.12152777777777778
	],
	"10": [
		0.2888671875,
		0.16215277777777778
	],
	"11": [
		0.252734375,
		0.10555555555555556
	],
	"12": [
		0.2888671875,
		0.16284722222222223
	],
	"13": [
		0.486328125,
		0.17430555555555555
	],
	"14": [
		0.23828125,
		0.15347222222222223
	],
	"15": [
		0.2462890625,
		0.04652777777777778
	],
	"16": [
		0.2927734375,
		0.08680555555555555
	],
	"17": [
		0.321484375,
		0.1607638888888889
	],
	"18": [
		0.3865234375,
		0.1684027777777778
	],
	"19": [
		0.3865234375,
		0.1684027777777778
	],
	"20": [
		0.3216796875,
		0.1597222222222222
	],
	"21": [
		0.453125,
		0.1701388888888889
	],
	"22": [
		0.454296875,
		0.17118055555555556
	],
	"23": [
		0.4857421875,
		0.16493055555555555
	],
	"24": [
		0.3544921875,
		0.165625
	],
	"25": [
		0.233203125,
		0.12569444444444444
	],
	"26": [
		0.253515625,
		0.051041666666666666
	],
	"27": [
		0.25703125,
		0.14756944444444445
	],
	"28": [
		0.2892578125,
		0.16458333333333333
	],
	"29": [
		0.256640625,
		0.15069444444444444
	],
	"30": [
		0.3865234375,
		0.1684027777777778
	],
	"31": [
		0.2943359375,
		0.08541666666666667
	],
	"32": [
		0.3544921875,
		0.16666666666666666
	],
	"33": [
		0.0634765625,
		0.12430555555555556
	],
	"34": [
		0.065625,
		0.11805555555555555
	],
	"35": [
		0.2892578125,
		0.17083333333333334
	],
	"36": [
		0.351171875,
		0.1482638888888889
	],
	"37": [
		0.25,
		0.04861111111111111
	],
	"38": [
		0.454296875,
		0.17083333333333334
	],
	"39": [
		0.22578125,
		0.17118055555555556
	],
	"40": [
		0.4923828125,
		0.1527777777777778
	],
	"41": [
		0.4203125,
		0.1607638888888889
	],
	"42": [
		0.26171875,
		0.10555555555555556
	],
	"43": [
		0.4205078125,
		0.17256944444444444
	],
	"44": [
		0.2087890625,
		0.05
	],
	"45": [
		0.1359375,
		0.1375
	],
	"46": [
		0.2875,
		0.0625
	],
	"47": [
		0.4857421875,
		0.16493055555555555
	],
	"48": [
		0.263671875,
		0.10208333333333333
	],
	"49": [
		0.2890625,
		0.16666666666666666
	],
	"50": [
		0.25703125,
		0.14791666666666667
	],
	"51": [
		0.3544921875,
		0.16805555555555557
	],
	"52": [
		0.454296875,
		0.1701388888888889
	],
	"53": [
		0.419921875,
		0.16875
	],
	"54": [
		0.419921875,
		0.16875
	],
	"55": [
		0.3865234375,
		0.1684027777777778
	],
	"56": [
		0.25703125,
		0.14791666666666667
	],
	"57": [
		0.486328125,
		0.1736111111111111
	],
	"58": [
		0.419921875,
		0.16909722222222223
	],
	"59": [
		0.2892578125,
		0.16458333333333333
	],
	"60": [
		0.321484375,
		0.16145833333333334
	],
	"61": [
		0.2525390625,
		0.049305555555555554
	],
	"62": [
		0.2890625,
		0.16319444444444445
	],
	"63": [
		0.2951171875,
		0.08611111111111111
	],
	"64": [
		0.22578125,
		0.1701388888888889
	],
	"65": [
		0.0458984375,
		0.12222222222222222
	],
	"66": [
		0.2943359375,
		0.08611111111111111
	],
	"67": [
		0.4205078125,
		0.171875
	],
	"68": [
		0.454296875,
		0.16979166666666667
	],
	"69": [
		0.4923828125,
		0.1527777777777778
	],
	"70": [
		0.3759765625,
		0.8340277777777778
	],
	"71": [
		0.2884765625,
		0.1638888888888889
	],
	"72": [
		0.460546875,
		0.8413194444444444
	],
	"73": [
		0.1341796875,
		0.12604166666666666
	],
	"74": [
		0.3544921875,
		0.16805555555555557
	],
	"75": [
		0.2515625,
		0.052083333333333336
	],
	"76": [
		0.3865234375,
		0.1684027777777778
	],
	"77": [
		0.2505859375,
		0.04826388888888889
	],
	"78": [
		0.233203125,
		0.12569444444444444
	],
	"79": [
		0.3865234375,
		0.17152777777777778
	],
	"80": [
		0.454296875,
		0.17083333333333334
	],
	"81": [
		0.4533203125,
		0.17152777777777778
	],
	"82": [
		0.23828125,
		0.15347222222222223
	],
	"83": [
		0.077734375,
		0.10833333333333334
	],
	"84": [
		0.290625,
		0.06145833333333333
	],
	"85": [
		0.419921875,
		0.16909722222222223
	],
	"86": [
		0.4505859375,
		0.8413194444444444
	],
	"87": [
		0.451953125,
		0.8409722222222222
	],
	"88": [
		0.2873046875,
		0.06875
	],
	"89": [
		0.4529296875,
		0.8409722222222222
	],
	"90": [
		0.354296875,
		0.16631944444444444
	],
	"91": [
		0.519140625,
		0.17152777777777778
	],
	"92": [
		0.2423828125,
		0.12395833333333334
	],
	"93": [
		0.2873046875,
		0.0625
	],
	"94": [
		0.5169921875,
		0.8458333333333333
	],
	"95": [
		0.1962890625,
		0.12881944444444443
	],
	"96": [
		0.2876953125,
		0.06354166666666666
	],
	"97": [
		0.2666015625,
		0.09826388888888889
	],
	"98": [
		0.2330078125,
		0.15416666666666667
	],
	"99": [
		0.321484375,
		0.1607638888888889
	],
	"100": [
		0.2375,
		0.15416666666666667
	],
	"101": [
		0.491015625,
		0.8434027777777777
	],
	"102": [
		0.0806640625,
		0.13055555555555556
	],
	"103": [
		0.321484375,
		0.1607638888888889
	],
	"104": [
		0.2267578125,
		0.13368055555555555
	],
	"105": [
		0.03125,
		0.121875
	],
	"106": [
		0.2328125,
		0.15347222222222223
	],
	"107": [
		0.3212890625,
		0.16875
	],
	"108": [
		0.3544921875,
		0.16701388888888888
	],
	"109": [
		0.2880859375,
		0.06875
	],
	"110": [
		0.28515625,
		0.0920138888888889
	],
	"111": [
		0.3998046875,
		0.8375
	],
	"112": [
		0.0443359375,
		0.14270833333333333
	],
	"113": [
		0.5197265625,
		0.17256944444444444
	],
	"114": [
		0.0568359375,
		0.13819444444444445
	],
	"115": [
		0.3544921875,
		0.16701388888888888
	],
	"116": [
		0.454296875,
		0.16979166666666667
	],
	"117": [
		0.2703125,
		0.052083333333333336
	],
	"118": [
		0.3865234375,
		0.1684027777777778
	],
	"119": [
		0.519921875,
		0.17222222222222222
	],
	"120": [
		0.23828125,
		0.11736111111111111
	],
	"121": [
		0.2880859375,
		0.0642361111111111
	],
	"122": [
		0.29375,
		0.08645833333333333
	],
	"123": [
		0.25,
		0.04791666666666667
	],
	"124": [
		0.273046875,
		0.0954861111111111
	],
	"125": [
		0.3865234375,
		0.16805555555555557
	],
	"126": [
		0.0615234375,
		0.125
	],
	"127": [
		0.2365234375,
		0.15416666666666667
	],
	"128": [
		0.4265625,
		0.15138888888888888
	],
	"129": [
		0.2296875,
		0.1295138888888889
	],
	"130": [
		0.290625,
		0.06145833333333333
	],
	"131": [
		0.077734375,
		0.10833333333333334
	],
	"132": [
		0.1302734375,
		0.13541666666666666
	],
	"133": [
		0.3865234375,
		0.1684027777777778
	],
	"134": [
		0.065625,
		0.11979166666666667
	],
	"135": [
		0.2421875,
		0.8232638888888889
	],
	"136": [
		0.1060546875,
		0.81875
	],
	"137": [
		0.3544921875,
		0.16215277777777778
	],
	"138": [
		0.32109375,
		0.16041666666666668
	],
	"139": [
		0.2490234375,
		0.04652777777777778
	],
	"140": [
		0.453125,
		0.1684027777777778
	],
	"141": [
		0.4859375,
		0.17291666666666666
	],
	"142": [
		0.2564453125,
		0.15416666666666667
	],
	"143": [
		0.3865234375,
		0.16805555555555557
	],
	"144": [
		0.453125,
		0.1684027777777778
	],
	"145": [
		0.2828125,
		0.06041666666666667
	],
	"146": [
		0.321484375,
		0.16284722222222223
	],
	"147": [
		0.0517578125,
		0.8402777777777778
	],
	"148": [
		0.519921875,
		0.17222222222222222
	],
	"149": [
		0.25703125,
		0.14722222222222223
	],
	"150": [
		0.240234375,
		0.15486111111111112
	],
	"151": [
		0.2861328125,
		0.06805555555555555
	],
	"152": [
		0.1283203125,
		0.8413194444444444
	],
	"153": [
		0.1259765625,
		0.20034722222222223
	],
	"154": [
		0.3865234375,
		0.16805555555555557
	],
	"155": [
		0.23828125,
		0.15347222222222223
	],
	"156": [
		0.3865234375,
		0.1684027777777778
	],
	"157": [
		0.4205078125,
		0.17326388888888888
	],
	"158": [
		0.2080078125,
		0.04895833333333333
	],
	"159": [
		0.06328125,
		0.12534722222222222
	],
	"160": [
		0.0564453125,
		0.14097222222222222
	],
	"161": [
		0.453125,
		0.1684027777777778
	],
	"162": [
		0.2673828125,
		0.09583333333333334
	],