{
	"0": [
		0.3640625,
		0.03611111111111111
	],
	"1": [
		0.6734375,
		0.06388888888888888
	],
	"2": [
		0.2015625,
		0.07222222222222222
	],
	"3": [
		0.8875,
		0.1361111111111111
	],
	"4": [
		0.13125,
		0.19722222222222222
	],
	"5": [
		0.278125,
		0.29444444444444445
	],
	"6": [
		0.1953125,
		0.3472222222222222
	],
	"7": [
		0.1546875,
		0.37222222222222223
	],
	"8": [
		0.134375,
		0.3861111111111111
	],
	"9": [
		0.6375,
		0.3861111111111111
	],
	"10": [
		0.071875,
		0.425
	],
	"11": [
		0.615625,
		0.45
	],
	"12": [
		0.796875,
		0.7166666666666667
	],
	"13": [
		0.796875,
		0.7666666666666667
	],
	"14": [
		0.1109375,
		0.8111111111111111
	],
	"15": [
		0.1703125,
		0.8194444444444444
	],
	"16": [
		0.19375,
		0.8222222222222222
	],
	"17": [
		0.24375,
		0.8305555555555556
	],
	"18": [
		0.2609375,
		0.8333333333333334
	],
	"19": [
		0.2828125,
		0.8361111111111111
	],
	"20": [
		0.36875,
		0.85
	],
	"21": [
		0.5109375,
		0.8722222222222222
	],
	"22": [
		0.5359375,
		0.8777777777777778
	],
	"23": [
		0.5625,
		0.8833333333333333
	],
	"24": [
		0.5984375,
		0.8888888888888888
	],
	"25": [
		0.146875,
		0.9027777777777778
	],
	"26": [
		0.7609375,
		0.9194444444444444
	],
	"27": [
		0.7890625,
		0.925
	],
	"28": [
		0.109375,
		0.9361111111111111
	],
	"29": [
		0.953125,
		0.9583333333333334
	]
}