{
	"0": [
		0.5,
		0.2111111111111111
	],
	"1": [
		0.553125,
		0.3
	],
	"2": [
		0.3359375,
		0.4583333333333333
	],
	"3": [
		0.278125,
		0.41388888888888886
	],
	"4": [
		0.8265625,
		0.19722222222222222
	],
	"5": [
		0.7875,
		0.2777777777777778
	],
	"6": [
		0.3359375,
		0.3527777777777778
	],
	"7": [
		0.28125,
		0.39166666666666666
	],
	"8": [
		0.7796875,
		0.43333333333333335
	],
	"9": [
		0.7234375,
		0.4638888888888889
	],
	"10": [
		0.725,
		0.4638888888888889
	],
	"11": [
		0.6671875,
		0.48055555555555557
	],
	"12": [
		0.7234375,
		0.35
	],
	"13": [
		0.7796875,
		0.37777777777777777
	],
	"14": [
		0.725,
		0.35
	],
	"15": [
		0.6671875,
		0.33611111111111114
	],
	"16": [
		0.446875,
		0.4861111111111111
	],
	"17": [
		0.3890625,
		0.475
	],
	"18": [
		0.66875,
		0.2
	],
	"19": [
		0.6125,
		0.175
	],
	"20": [
		0.6140625,
		0.18055555555555555
	],
	"21": [
		0.55625,
		0.175
	],
	"22": [
		0.5375,
		0.8
	],
	"23": [
		0.540625,
		0.9027777777777778
	],
	"24": [
		0.946875,
		0.9472222222222222
	],
	"25": [
		0.8890625,
		0.9416666666666667
	],
	"26": [
		0.5359375,
		0.2
	],
	"27": [
		0.5375,
		0.30277777777777776
	],
	"28": [
		0.66875,
		0.4777777777777778
	],
	"29": [
		0.6109375,
		0.48055555555555557
	],
	"30": [
		0.1640625,
		0.8055555555555556
	],
	"31": [
		0.128125,
		0.8861111111111111
	],
	"32": [
		0.3359375,
		0.9305555555555556
	],
	"33": [
		0.278125,
		0.9333333333333333
	],
	"34": [
		0.446875,
		0.9333333333333333
	],
	"35": [
		0.3890625,
		0.9305555555555556
	],
	"36": [
		0.5578125,
		0.9333333333333333
	],
	"37": [
		0.5,
		0.9305555555555556
	],
	"38": [
		0.5578125,
		0.17777777777777778
	],
	"39": [
		0.5,
		0.17777777777777778
	],
	"40": [
		0.5578125,
		0.23055555555555557
	],
	"41": [
		0.5,
		0.23055555555555557
	],
	"42": [
		0.1140625,
		0.9361111111111111
	],
	"43": [
		0.05625,
		0.9361111111111111
	],
	"44": [
		0.5625,
		0.12222222222222222
	],
	"45": [
		0.6046875,
		0.19166666666666668
	],
	"46": [
		0.509375,
		0.2
	],
	"47": [
		0.55,
		0.2722222222222222
	],
	"48": [
		0.390625,
		0.475
	],
	"49": [
		0.334375,
		0.45555555555555555
	],
	"50": [
		0.44375,
		0.2
	],
	"51": [
		0.390625,
		0.1638888888888889
	],
	"52": [
		0.390625,
		0.3388888888888889
	],
	"53": [
		0.334375,
		0.3527777777777778
	],
	"54": [
		0.4453125,
		0.3333333333333333
	],
	"55": [
		0.3890625,
		0.3388888888888889
	],
	"56": [
		0.66875,
		0.33611111111111114
	],
	"57": [
		0.6125,
		0.33055555555555555
	],
	"58": [
		0.5390625,
		0.6
	],
	"59": [
		0.5359375,
		0.7
	],
	"60": [
		0.5015625,
		0.9305555555555556
	],
	"61": [
		0.4453125,
		0.9333333333333333
	],
	"62": [
		0.5015625,
		0.17777777777777778
	],
	"63": [
		0.4453125,
		0.17777777777777778
	],
	"64": [
		0.2796875,
		0.9333333333333333
	],
	"65": [
		0.2234375,
		0.9333333333333333
	],
	"66": [
		0.0625,
		0.10555555555555556
	],
	"67": [
		0.0078125,
		0.11944444444444445
	],
	"68": [
		0.8328125,
		0.9416666666666667
	],
	"69": [
		0.778125,
		0.9388888888888889
	],
	"70": [
		1,
		0.95
	],
	"71": [
		0.9453125,
		0.9472222222222222
	],
	"72": [
		0.4984375,
		0.4888888888888889
	],
	"73": [
		0.4453125,
		0.48333333333333334
	],
	"74": [
		0.9984375,
		0.19444444444444445
	],
	"75": [
		0.9453125,
		0.19444444444444445
	],
	"76": [
		0.225,
		0.9333333333333333
	],
	"77": [
		0.171875,
		0.9333333333333333
	],
	"78": [
		0.71875,
		0.9361111111111111
	],
	"79": [
		0.6671875,
		0.9361111111111111
	],
	"80": [
		0.278125,
		0.11944444444444445
	],
	"81": [
		0.228125,
		0.10833333333333334
	],
	"82": [
		0.5359375,
		0.2
	],
	"83": [
		0.5,
		0.2611111111111111
	],
	"84": [
		0.059375,
		0.4166666666666667
	],
	"85": [
		0.046875,
		0.5
	],
	"86": [
		0.08125,
		0.42777777777777776
	],
	"87": [
		0.0578125,
		0.5
	],
	"88": [
		0.7890625,
		0.23333333333333334
	],
	"89": [
		0.8125,
		0.30277777777777776
	],
	"90": [
		0.446875,
		0.17777777777777778
	],
	"91": [
		0.403125,
		0.2
	],
	"92": [
		0.8140625,
		0.2388888888888889
	],
	"93": [
		0.784375,
		0.3
	],
	"94": [
		0.6109375,
		0.3277777777777778
	],
	"95": [
		0.6125,
		0.4027777777777778
	],
	"96": [
		0.78125,
		0.3055555555555556
	],
	"97": [
		0.8171875,
		0.34444444444444444
	],
	"98": [
		0.815625,
		0.2638888888888889
	],
	"99": [
		0.78125,
		0.3055555555555556
	],
	"100": [
		0.8203125,
		0.3138888888888889
	],
	"101": [
		0.7828125,
		0.34444444444444444
	],
	"102": [
		0.046875,
		0.42777777777777776
	],
	"103": [
		0.053125,
		0.5
	],
	"104": [
		0.2140625,
		0.9666666666666667
	],
	"105": [
		0.1734375,
		0.9694444444444444
	],
	"106": [
		0.0421875,
		0.18888888888888888
	],
	"107": [
		0.0015625,
		0.18888888888888888
	],
	"108": [
		0.5625,
		0.15555555555555556
	],
	"109": [
		0.5921875,
		0.20277777777777778
	],
	"110": [
		0.6125,
		0.3333333333333333
	],
	"111": [
		0.5953125,
		0.3972222222222222
	],
	"112": [
		0.8203125,
		0.3138888888888889
	],
	"113": [
		0.78125,
		0.3055555555555556
	],
	"114": [
		0.790625,
		0.23333333333333334
	],
	"115": [
		0.7890625,
		0.30277777777777776
	],
	"116": [
		0.1140625,
		0.9694444444444444
	],
	"117": [
		0.075,
		0.9722222222222222
	],
	"118": [
		0.5171875,
		0.2
	],
	"119": [
		0.5,
		0.2611111111111111
	],
	"120": [
		0.6140625,
		0.475
	],
	"121": [
		0.5765625,
		0.4888888888888889
	],
	"122": [
		0.8125,
		0.2972222222222222
	],
	"123": [
		0.7828125,
		0.3388888888888889
	],
	"124": [
		0.2125,
		0.4083333333333333
	],
	"125": [
		0.209375,
		0.475
	],
	"126": [
		0.890625,
		0.9416666666666667
	],
	"127": [
		0.853125,
		0.9416666666666667
	],
	"128": [
		0.5078125,
		0.19722222222222222
	],
	"129": [
		0.515625,
		0.2611111111111111
	],
	"130": [
		0.709375,
		0.175
	],
	"131": [
		0.6734375,
		0.17777777777777778
	],
	"132": [
		0.0625,
		0.41388888888888886
	],
	"133": [
		0.0828125,
		0.4666666666666667
	],
	"134": [
		0.715625,
		0.7361111111111112
	],
	"135": [
		0.684375,
		0.7666666666666667
	],
	"136": [
		0.2390625,
		0.10555555555555556
	],
	"137": [
		0.2671875,
		0.14444444444444443
	],
	"138": [
		0.490625,
		0.2
	],
	"139": [
		0.5,
		0.2611111111111111
	],
	"140": [
		0.584375,
		0.15555555555555556
	],
	"141": [
		0.5546875,
		0.18888888888888888
	],
	"142": [
		0.6140625,
		0.49722222222222223
	],
	"143": [
		0.5984375,
		0.5527777777777778
	],
	"144": [
		0.8171875,
		0.3277777777777778
	],
	"145": [
		0.7828125,
		0.32222222222222224
	],
	"146": [
		0.5953125,
		0.20277777777777778
	],
	"147": [
		0.5625,
		0.19722222222222222
	],
	"148": [
		0.3109375,
		0.9694444444444444
	],
	"149": [
		0.278125,
		0.9638888888888889
	],
	"150": [
		0.8109375,
		0.9777777777777777
	],
	"151": [
		0.778125,
		0.9722222222222222
	],
	"152": [
		0.8296875,
		0.19722222222222222
	],
	"153": [
		0.796875,
		0.19722222222222222
	],
	"154": [
		0.6046875,
		0.5
	],
	"155": [
		0.6140625,
		0.5555555555555556
	],
	"156": [
		0.0828125,
		0.4444444444444444
	],
	"157": [
		0.0546875,
		0.4722222222222222
	],
	"158": [
		0.5359375,
		0.2
	],
	"159": [
		0.5578125,
		0.24166666666666667
	],
	"160": [
		0.7953125,
		0.2972222222222222
	],
	"161": [
		0.8171875,
		0.3388888888888889
	],
	"162": [
		0.815625,
		0.2638888888888889
	],
	"163": [
		0.7890625,
		0.23333333333333334
	],
	"164": [
		0.3890625,
		0.6305555555555555
	],
	"165": [
		0.403125,
		0.6805555555555556
	],
	"166": [
		0.371875,
		0.20277777777777778
	],
	"167": [
		0.3421875,
		0.18611111111111112
	],
	"168": [
		0.721875,
		0.7361111111111112
	],
	"169": [
		0.7,
		0.775
	],
	"170": [
		0.7,
		0.7361111111111112
	],
	"171": [
		0.721875,
		0.775
	],
	"172": [
		0.05625,
		0.42777777777777776
	],
	"173": [
		0.0828125,
		0.45555555555555555
	],
	"174": [
		0.803125,
		0.10277777777777777
	],
	"175": [
		0.8203125,
		0.14722222222222223
	],
	"176": [
		0.1546875,
		0.9
	],
	"177": [
		0.128125,
		0.875
	],
	"178": [
		0.796875,
		0.4
	],
	"179": [
		0.7765625,
		0.4388888888888889
	],
	"180": [
		0.0828125,
		0.42777777777777776
	],