{
	"0": [
		0.15703125,
		0.18159722222222222
	],
	"1": [
		0.2875,
		0.06180555555555556
	],
	"2": [
		0.270703125,
		0.19583333333333333
	],
	"3": [
		0.2275390625,
		0.19652777777777777
	],
	"4": [
		0.20859375,
		0.050694444444444445
	],
	"5": [
		0.291796875,
		0.08715277777777777
	],
	"6": [
		0.42265625,
		0.2
	],
	"7": [
		0.27734375,
		0.09270833333333334
	],
	"8": [
		0.28984375,
		0.06979166666666667
	],
	"9": [
		0.2033203125,
		0.1909722222222222
	],
	"10": [
		0.1755859375,
		0.13194444444444445
	],
	"11": [
		0.2033203125,
		0.19166666666666668
	],
	"12": [
		0.39765625,
		0.19826388888888888
	],
	"13": [
		0.15703125,
		0.18159722222222222
	],
	"14": [
		0.2447265625,
		0.04895833333333333
	],
	"15": [
		0.2921875,
		0.08680555555555555
	],
	"16": [
		0.2275390625,
		0.19652777777777777
	],
	"17": [
		0.2921875,
		0.19583333333333333
	],
	"18": [
		0.2921875,
		0.19583333333333333
	],
	"19": [
		0.228125,
		0.1951388888888889
	],
	"20": [
		0.3580078125,
		0.19618055555555555
	],
	"21": [
		0.3580078125,
		0.19618055555555555
	],
	"22": [
		0.39765625,
		0.1909722222222222
	],
	"23": [
		0.2708984375,
		0.19444444444444445
	],
	"24": [
		0.1490234375,
		0.15416666666666667
	],
	"25": [
		0.253515625,
		0.05173611111111111
	],
	"26": [
		0.1625,
		0.1795138888888889
	],
	"27": [
		0.2029296875,
		0.19166666666666668
	],
	"28": [
		0.1625,
		0.18055555555555555
	],
	"29": [
		0.2921875,
		0.19583333333333333
	],
	"30": [
		0.2931640625,
		0.08611111111111111
	],
	"31": [
		0.270703125,
		0.19583333333333333
	],
	"32": [
		0.2033203125,
		0.196875
	],
	"33": [
		0.2650390625,
		0.18194444444444444
	],
	"34": [
		0.25,
		0.049305555555555554
	],
	"35": [
		0.3580078125,
		0.19618055555555555
	],
	"36": [
		0.1369140625,
		0.19409722222222223
	],
	"37": [
		0.40546875,
		0.17743055555555556
	],
	"38": [
		0.3326171875,
		0.18993055555555555
	],
	"39": [
		0.1837890625,
		0.13576388888888888
	],
	"40": [
		0.33203125,
		0.19791666666666666
	],
	"41": [
		0.20859375,
		0.050347222222222224
	],
	"42": [
		0.053515625,
		0.16527777777777777
	],
	"43": [
		0.2875,
		0.0625
	],
	"44": [
		0.39765625,
		0.1909722222222222
	],
	"45": [
		0.19453125,
		0.12465277777777778
	],
	"46": [
		0.2029296875,
		0.1920138888888889
	],
	"47": [
		0.1625,
		0.1795138888888889
	],
	"48": [
		0.2708984375,
		0.19652777777777777
	],
	"49": [
		0.3580078125,
		0.19618055555555555
	],
	"50": [
		0.33203125,
		0.19756944444444444
	],
	"51": [
		0.33203125,
		0.19756944444444444
	],
	"52": [
		0.2921875,
		0.19583333333333333
	],
	"53": [
		0.1625,
		0.1795138888888889
	],
	"54": [
		0.39765625,
		0.19791666666666666
	],
	"55": [
		0.33203125,
		0.19756944444444444
	],
	"56": [
		0.2029296875,
		0.19166666666666668
	],
	"57": [
		0.2275390625,
		0.19652777777777777
	],
	"58": [
		0.2525390625,
		0.05
	],
	"59": [
		0.203125,
		0.1909722222222222
	],
	"60": [
		0.29453125,
		0.08645833333333333
	],
	"61": [
		0.1396484375,
		0.196875
	],
	"62": [
		0.2931640625,
		0.08680555555555555
	],
	"63": [
		0.332421875,
		0.19791666666666666
	],
	"64": [
		0.3580078125,
		0.19618055555555555
	],
	"65": [
		0.40546875,
		0.17743055555555556
	],
	"66": [
		0.2890625,
		0.8447916666666667
	],
	"67": [
		0.203125,
		0.1909722222222222
	],
	"68": [
		0.3681640625,
		0.8489583333333334
	],
	"69": [
		0.0533203125,
		0.15486111111111112
	],
	"70": [
		0.2708984375,
		0.19652777777777777
	],
	"71": [
		0.2515625,
		0.05277777777777778
	],
	"72": [
		0.2921875,
		0.19583333333333333
	],
	"73": [
		0.2501953125,
		0.049305555555555554
	],
	"74": [
		0.1490234375,
		0.15416666666666667
	],
	"75": [
		0.2921875,
		0.19652777777777777
	],
	"76": [
		0.3580078125,
		0.19618055555555555
	],
	"77": [
		0.3580078125,
		0.19618055555555555
	],
	"78": [
		0.15703125,
		0.18159722222222222
	],
	"79": [
		0.290625,
		0.06145833333333333
	],
	"80": [
		0.33203125,
		0.19756944444444444
	],
	"81": [
		0.3591796875,
		0.8493055555555555
	],
	"82": [
		0.362109375,
		0.8493055555555555
	],
	"83": [
		0.2873046875,
		0.06875
	],
	"84": [
		0.356640625,
		0.8489583333333334
	],
	"85": [
		0.270703125,
		0.19583333333333333
	],
	"86": [
		0.42265625,
		0.2
	],
	"87": [
		0.153125,
		0.15625
	],
	"88": [
		0.2873046875,
		0.0625
	],
	"89": [
		0.42734375,
		0.8517361111111111
	],
	"90": [
		0.1095703125,
		0.153125
	],
	"91": [
		0.2876953125,
		0.06354166666666666
	],
	"92": [
		0.240625,
		0.10208333333333333
	],
	"93": [
		0.1509765625,
		0.1829861111111111
	],
	"94": [
		0.2275390625,
		0.19652777777777777
	],
	"95": [
		0.155078125,
		0.1829861111111111
	],
	"96": [
		0.391796875,
		0.8503472222222223
	],
	"97": [
		0.2275390625,
		0.19652777777777777
	],
	"98": [
		0.1451171875,
		0.16319444444444445
	],
	"99": [
		0.1509765625,
		0.18263888888888888
	],
	"100": [
		0.2275390625,
		0.19652777777777777
	],
	"101": [
		0.270703125,
		0.19583333333333333
	],
	"102": [
		0.2880859375,
		0.06875
	],
	"103": [
		0.27734375,
		0.09270833333333334
	],
	"104": [
		0.2974609375,
		0.8475694444444445
	],
	"105": [
		0.42265625,
		0.20104166666666667
	],
	"106": [
		0.270703125,
		0.19583333333333333
	],
	"107": [
		0.3580078125,
		0.19618055555555555
	],
	"108": [
		0.2703125,
		0.052083333333333336
	],
	"109": [
		0.2921875,
		0.19583333333333333
	],
	"110": [
		0.42265625,
		0.20104166666666667
	],
	"111": [
		0.1529296875,
		0.1482638888888889
	],
	"112": [
		0.2880859375,
		0.0642361111111111
	],
	"113": [
		0.292578125,
		0.08715277777777777
	],
	"114": [
		0.24921875,
		0.049305555555555554
	],
	"115": [
		0.24765625,
		0.09895833333333333
	],
	"116": [
		0.2921875,
		0.19583333333333333
	],
	"117": [
		0.155078125,
		0.18229166666666666
	],
	"118": [
		0.340625,
		0.17881944444444445
	],
	"119": [
		0.14765625,
		0.15729166666666666
	],
	"120": [
		0.290625,
		0.06145833333333333
	],
	"121": [
		0.0486328125,
		0.16180555555555556
	],
	"122": [
		0.2921875,
		0.19583333333333333
	],
	"123": [
		0.162890625,
		0.8371527777777777
	],
	"124": [
		0.2708984375,
		0.1909722222222222
	],
	"125": [
		0.2275390625,
		0.19652777777777777
	],
	"126": [
		0.2470703125,
		0.04895833333333333
	],
	"127": [
		0.3580078125,
		0.19618055555555555
	],
	"128": [
		0.397265625,
		0.19826388888888888
	],
	"129": [
		0.1625,
		0.18194444444444444
	],
	"130": [
		0.2921875,
		0.19583333333333333
	],
	"131": [
		0.3580078125,
		0.19618055555555555
	],
	"132": [
		0.2828125,
		0.06041666666666667
	],
	"133": [
		0.228125,
		0.19791666666666666
	],
	"134": [
		0.42265625,
		0.20104166666666667
	],
	"135": [
		0.1625,
		0.1795138888888889
	],
	"136": [
		0.158984375,
		0.1798611111111111
	],
	"137": [
		0.2861328125,
		0.06805555555555555
	],
	"138": [
		0.0412109375,
		0.8625
	],
	"139": [
		0.0353515625,
		0.22604166666666667
	],
	"140": [
		0.2921875,
		0.19583333333333333
	],
	"141": [
		0.15703125,
		0.18159722222222222
	],
	"142": [
		0.2921875,
		0.19583333333333333
	],
	"143": [
		0.33203125,
		0.19791666666666666
	],
	"144": [
		0.2080078125,
		0.04895833333333333
	],
	"145": [
		0.3580078125,
		0.19618055555555555
	],
	"146": [
		0.2517578125,
		0.09652777777777778
	],
	"147": [
		0.2275390625,
		0.1954861111111111
	],
	"148": [
		0.270703125,
		0.19583333333333333
	],
	"149": [
		0.2943359375,
		0.08298611111111111
	],
	"150": [
		0.2275390625,
		0.19652777777777777
	],
	"151": [
		0.2275390625,
		0.19652777777777777
	],
	"152": [
		0.207421875,
		0.04895833333333333
	],
	"153": [
		0.0412109375,
		0.8597222222222223
	],
	"154": [
		0.2462890625,
		0.049305555555555554
	],
	"155": [
		0.0484375,
		0.16111111111111112
	],
	"156": [
		0.0416015625,
		0.8659722222222223
	],
	"157": [
		0.2896484375,
		0.06458333333333334
	],
	"158": [
		0.2130859375,
		0.11319444444444444
	],
	"159": [
		0.2275390625,
		0.19652777777777777
	],
	"160": [
		0.2701171875,
		0.18645833333333334
	],
	"161": [
		0.3515625,
		0.18055555555555555
	],
	"162": [
		0.2275390625,
		0.1954861111111111
	],