{
	"0": [
		0.205859375,
		0.17152777777777778
	],
	"1": [
		0.2875,
		0.06180555555555556
	],
	"2": [
		0.31796875,
		0.18541666666666667
	],
	"3": [
		0.2841796875,
		0.18368055555555557
	],
	"4": [
		0.208984375,
		0.050347222222222224
	],
	"5": [
		0.2923828125,
		0.08715277777777777
	],
	"6": [
		0.4763671875,
		0.1920138888888889
	],
	"7": [
		0.28359375,
		0.09236111111111112
	],
	"8": [
		0.28984375,
		0.06979166666666667
	],
	"9": [
		0.2537109375,
		0.18194444444444444
	],
	"10": [
		0.2259765625,
		0.12013888888888889
	],
	"11": [
		0.253515625,
		0.18263888888888888
	],
	"12": [
		0.446484375,
		0.1909722222222222
	],
	"13": [
		0.205859375,
		0.17152777777777778
	],
	"14": [
		0.2447265625,
		0.04895833333333333
	],
	"15": [
		0.2927734375,
		0.08680555555555555
	],
	"16": [
		0.2841796875,
		0.18368055555555557
	],
	"17": [
		0.348046875,
		0.18715277777777778
	],
	"18": [
		0.348046875,
		0.18715277777777778
	],
	"19": [
		0.2841796875,
		0.1829861111111111
	],
	"20": [
		0.4125,
		0.18888888888888888
	],
	"21": [
		0.4125,
		0.18888888888888888
	],
	"22": [
		0.4453125,
		0.18194444444444444
	],
	"23": [
		0.3185546875,
		0.18368055555555557
	],
	"24": [
		0.2005859375,
		0.14444444444444443
	],
	"25": [
		0.253515625,
		0.05138888888888889
	],
	"26": [
		0.2201171875,
		0.1673611111111111
	],
	"27": [
		0.25390625,
		0.18368055555555557
	],
	"28": [
		0.2201171875,
		0.16909722222222223
	],
	"29": [
		0.348046875,
		0.18715277777777778
	],
	"30": [
		0.2939453125,
		0.08576388888888889
	],
	"31": [
		0.3185546875,
		0.18541666666666667
	],
	"32": [
		0.0333984375,
		0.13923611111111112
	],
	"33": [
		0.0361328125,
		0.13402777777777777
	],
	"34": [
		0.2541015625,
		0.1875
	],
	"35": [
		0.315234375,
		0.16666666666666666
	],
	"36": [
		0.25,
		0.04895833333333333
	],
	"37": [
		0.4125,
		0.18888888888888888
	],
	"38": [
		0.1939453125,
		0.18680555555555556
	],
	"39": [
		0.4517578125,
		0.16770833333333332
	],
	"40": [
		0.3818359375,
		0.1798611111111111
	],
	"41": [
		0.23515625,
		0.12291666666666666
	],
	"42": [
		0.3822265625,
		0.1892361111111111
	],
	"43": [
		0.20859375,
		0.05
	],
	"44": [
		0.105859375,
		0.1545138888888889
	],
	"45": [
		0.2875,
		0.0625
	],
	"46": [
		0.4453125,
		0.18194444444444444
	],
	"47": [
		0.241796875,
		0.11527777777777778
	],
	"48": [
		0.2541015625,
		0.18333333333333332
	],
	"49": [
		0.219921875,
		0.1673611111111111
	],
	"50": [
		0.318359375,
		0.18645833333333334
	],
	"51": [
		0.4125,
		0.18888888888888888
	],
	"52": [
		0.38203125,
		0.1875
	],
	"53": [
		0.38203125,
		0.1875
	],
	"54": [
		0.348046875,
		0.18715277777777778
	],
	"55": [
		0.219921875,
		0.1673611111111111
	],
	"56": [
		0.446484375,
		0.190625
	],
	"57": [
		0.38203125,
		0.1875
	],
	"58": [
		0.25390625,
		0.18368055555555557
	],
	"59": [
		0.2841796875,
		0.18368055555555557
	],
	"60": [
		0.2525390625,
		0.049652777777777775
	],
	"61": [
		0.2541015625,
		0.18159722222222222
	],
	"62": [
		0.2947265625,
		0.08645833333333333
	],
	"63": [
		0.194921875,
		0.18541666666666667
	],
	"64": [
		0.2939453125,
		0.08645833333333333
	],
	"65": [
		0.38203125,
		0.18958333333333333
	],
	"66": [
		0.4125,
		0.18888888888888888
	],
	"67": [
		0.4517578125,
		0.16770833333333332
	],
	"68": [
		0.3421875,
		0.8295138888888889
	],
	"69": [
		0.2541015625,
		0.18159722222222222
	],
	"70": [
		0.423828125,
		0.8347222222222223
	],
	"71": [
		0.105078125,
		0.14305555555555555
	],
	"72": [
		0.318359375,
		0.18645833333333334
	],
	"73": [
		0.2515625,
		0.05277777777777778
	],
	"74": [
		0.348046875,
		0.18715277777777778
	],
	"75": [
		0.2501953125,
		0.04895833333333333
	],
	"76": [
		0.2005859375,
		0.14444444444444443
	],
	"77": [
		0.3482421875,
		0.18784722222222222
	],
	"78": [
		0.4125,
		0.18888888888888888
	],
	"79": [
		0.4125,
		0.18888888888888888
	],
	"80": [
		0.205859375,
		0.17152777777777778
	],
	"81": [
		0.049609375,
		0.125
	],
	"82": [
		0.290625,
		0.06145833333333333
	],
	"83": [
		0.38203125,
		0.1875
	],
	"84": [
		0.413671875,
		0.8350694444444444
	],
	"85": [
		0.4162109375,
		0.834375
	],
	"86": [
		0.2873046875,
		0.06875
	],
	"87": [
		0.4193359375,
		0.834375
	],
	"88": [
		0.31796875,
		0.18541666666666667
	],
	"89": [
		0.4763671875,
		0.1920138888888889
	],
	"90": [
		0.2095703125,
		0.14166666666666666
	],
	"91": [
		0.2873046875,
		0.0625
	],
	"92": [
		0.480078125,
		0.8395833333333333
	],
	"93": [
		0.16171875,
		0.1423611111111111
	],
	"94": [
		0.2876953125,
		0.06354166666666666
	],
	"95": [
		0.256640625,
		0.09895833333333333
	],
	"96": [
		0.1998046875,
		0.17256944444444444
	],
	"97": [
		0.2841796875,
		0.18368055555555557
	],
	"98": [
		0.2048828125,
		0.17222222222222222
	],
	"99": [
		0.4498046875,
		0.8371527777777777
	],
	"100": [
		0.0525390625,
		0.1482638888888889
	],
	"101": [
		0.2841796875,
		0.18368055555555557
	],
	"102": [
		0.1951171875,
		0.15138888888888888
	],
	"103": [
		0.1998046875,
		0.17152777777777778
	],
	"104": [
		0.284765625,
		0.18541666666666667
	],
	"105": [
		0.318359375,
		0.18611111111111112
	],
	"106": [
		0.2880859375,
		0.06875
	],
	"107": [
		0.28359375,
		0.09236111111111112
	],
	"108": [
		0.3603515625,
		0.8319444444444445
	],
	"109": [
		0.476171875,
		0.19166666666666668
	],
	"110": [
		0.025,
		0.16354166666666667
	],
	"111": [
		0.318359375,
		0.18611111111111112
	],
	"112": [
		0.4125,
		0.18888888888888888
	],
	"113": [
		0.2703125,
		0.052083333333333336
	],
	"114": [
		0.348046875,
		0.18715277777777778
	],
	"115": [
		0.476171875,
		0.19166666666666668
	],
	"116": [
		0.2056640625,
		0.134375
	],
	"117": [
		0.2880859375,
		0.0642361111111111
	],
	"118": [
		0.293359375,
		0.08680555555555555
	],
	"119": [
		0.24921875,
		0.04895833333333333
	],
	"120": [
		0.257421875,
		0.096875
	],
	"121": [
		0.348046875,
		0.18645833333333334
	],
	"122": [
		0.0328125,
		0.14131944444444444
	],
	"123": [
		0.204296875,
		0.171875
	],
	"124": [
		0.387890625,
		0.16701388888888888
	],
	"125": [
		0.1978515625,
		0.14756944444444445
	],
	"126": [
		0.290625,
		0.06145833333333333
	],
	"127": [
		0.049609375,
		0.125
	],
	"128": [
		0.1009765625,
		0.15069444444444444
	],
	"129": [
		0.348046875,
		0.18715277777777778
	],
	"130": [
		0.0361328125,
		0.13541666666666666
	],
	"131": [
		0.2140625,
		0.8211805555555556
	],
	"132": [
		0.076171875,
		0.8194444444444444
	],
	"133": [
		0.3189453125,
		0.18090277777777777
	],
	"134": [
		0.2841796875,
		0.18368055555555557
	],
	"135": [
		0.24765625,
		0.04826388888888889
	],
	"136": [
		0.4125,
		0.18888888888888888
	],
	"137": [
		0.4455078125,
		0.18993055555555555
	],
	"138": [
		0.2201171875,
		0.17256944444444444
	],
	"139": [
		0.348046875,
		0.18645833333333334
	],
	"140": [
		0.4125,
		0.18888888888888888
	],
	"141": [
		0.2828125,
		0.06041666666666667
	],
	"142": [
		0.2841796875,
		0.184375
	],
	"143": [
		0.0232421875,
		0.840625
	],
	"144": [
		0.476171875,
		0.19166666666666668
	],
	"145": [
		0.219921875,
		0.1673611111111111
	],
	"146": [
		0.2091796875,
		0.17083333333333334
	],
	"147": [
		0.2861328125,
		0.06805555555555555
	],
	"148": [
		0.10078125,
		0.840625
	],
	"149": [
		0.0931640625,
		0.215625
	],
	"150": [
		0.348046875,
		0.18645833333333334
	],
	"151": [
		0.205859375,
		0.17152777777777778
	],
	"152": [
		0.348046875,
		0.18715277777777778
	],
	"153": [
		0.3822265625,
		0.18958333333333333
	],
	"154": [
		0.2080078125,
		0.04895833333333333
	],
	"155": [
		0.0341796875,
		0.13993055555555556
	],
	"156": [
		0.025,
		0.16354166666666667
	],
	"157": [
		0.4125,
		0.18888888888888888
	],
	"158": [
		0.2587890625,
		0.09583333333333334
	],
	"159": [
		0.2841796875,
		0.18333333333333332
	],
	"160": [
		0.3185546875,
		0.18541666666666667
	],
	"161": [
		0.2943359375,
		0.08298611111111111
	],
	"162": [
		0.0341796875,
		0.13923611111111112
	],
	"163": [
		0.2841796875,
		0.18368055555555557
	],
	"164": [
		0.043359375,
		0.1267361111111111
	],