{
	"0": [
		0.3671875,
		0.03611111111111111
	],
	"1": [
		0.4125,
		0.041666666666666664
	],
	"2": [
		0.0140625,
		0.05277777777777778
	],
	"3": [
		0.6671875,
		0.058333333333333334
	],
	"4": [
		0.0546875,
		0.06111111111111111
	],
	"5": [
		0.571875,
		0.06388888888888888
	],
	"6": [
		0.8953125,
		0.07222222222222222
	],
	"7": [
		0.9921875,
		0.075
	],
	"8": [
		0.0546875,
		0.11388888888888889
	],
	"9": [
		0.571875,
		0.11666666666666667
	],
	"10": [
		0.9921875,
		0.12777777777777777
	],
	"11": [
		0.0359375,
		0.13333333333333333
	],
	"12": [
		0.1375,
		0.16666666666666666
	],
	"13": [
		0.2890625,
		0.16944444444444445
	],
	"14": [
		0.240625,
		0.175
	],
	"15": [
		0.3046875,
		0.175
	],
	"16": [
		0.6890625,
		0.17777777777777778
	],
	"17": [
		0.45625,
		0.18055555555555555
	],
	"18": [
		0.3296875,
		0.18333333333333332
	],
	"19": [
		0.6390625,
		0.19166666666666668
	],
	"20": [
		0.659375,
		0.19166666666666668
	],
	"21": [
		0.0671875,
		0.19722222222222222
	],
	"22": [
		0.1328125,
		0.19722222222222222
	],
	"23": [
		0.1109375,
		0.2
	],
	"24": [
		0.165625,
		0.2
	],
	"25": [
		0.6890625,
		0.2
	],
	"26": [
		0.765625,
		0.2
	],
	"27": [
		0.528125,
		0.20555555555555555
	],
	"28": [
		0.0515625,
		0.20833333333333334
	],
	"29": [
		0.0421875,
		0.2111111111111111
	],
	"30": [
		0.321875,
		0.21666666666666667
	],
	"31": [
		0.51875,
		0.23333333333333334
	],
	"32": [
		0.5140625,
		0.25
	],
	"33": [
		0.859375,
		0.25
	],
	"34": [
		0.89375,
		0.25
	],
	"35": [
		0.0484375,
		0.25277777777777777
	],
	"36": [
		0.08125,
		0.25555555555555554
	],
	"37": [
		0.0265625,
		0.2777777777777778
	],
	"38": [
		0.303125,
		0.2777777777777778
	],
	"39": [
		0.4609375,
		0.2861111111111111
	],
	"40": [
		0.5625,
		0.2861111111111111
	],
	"41": [
		0.51875,
		0.29444444444444445
	],
	"42": [
		0.2625,
		0.3055555555555556
	],
	"43": [
		0.21875,
		0.3333333333333333
	],
	"44": [
		0.4609375,
		0.3416666666666667
	],
	"45": [
		0.1921875,
		0.35
	],
	"46": [
		0.978125,
		0.3527777777777778
	],
	"47": [
		0.9546875,
		0.3611111111111111
	],
	"48": [
		0.1703125,
		0.3638888888888889
	],
	"49": [
		0.15625,
		0.37222222222222223
	],
	"50": [
		0.1359375,
		0.3861111111111111
	],
	"51": [
		0.709375,
		0.3861111111111111
	],
	"52": [
		0.121875,
		0.39444444444444443
	],
	"53": [
		0.1046875,
		0.40555555555555556
	],
	"54": [
		0.0875,
		0.4166666666666667
	],
	"55": [
		0.0640625,
		0.4305555555555556
	],
	"56": [
		0.7078125,
		0.4361111111111111
	],
	"57": [
		0.0375,
		0.44722222222222224
	],
	"58": [
		0.5078125,
		0.7055555555555556
	],
	"59": [
		0.0203125,
		0.7972222222222223
	],
	"60": [
		0.046875,
		0.8
	],
	"61": [
		0.071875,
		0.8055555555555556
	],
	"62": [
		0.0890625,
		0.8083333333333333
	],
	"63": [
		0.1140625,
		0.8111111111111111
	],
	"64": [
		0.134375,
		0.8138888888888889
	],
	"65": [
		0.153125,
		0.8166666666666667
	],
	"66": [
		0.1734375,
		0.8194444444444444
	],
	"67": [
		0.196875,
		0.8222222222222222
	],
	"68": [
		0.2515625,
		0.8305555555555556
	],
	"69": [
		0.2640625,
		0.8333333333333334
	],
	"70": [
		0.2828125,
		0.8361111111111111
	],
	"71": [
		0.303125,
		0.8388888888888889
	],
	"72": [
		0.321875,
		0.8416666666666667
	],
	"73": [
		0.340625,
		0.8444444444444444
	],
	"74": [
		0.1796875,
		0.8555555555555555
	],
	"75": [
		0.40625,
		0.8555555555555555
	],
	"76": [
		0.4390625,
		0.8611111111111112
	],
	"77": [
		0.4609375,
		0.8638888888888889
	],
	"78": [
		0.471875,
		0.8666666666666667
	],
	"79": [
		0.490625,
		0.8694444444444445
	],
	"80": [
		0.50625,
		0.8722222222222222
	],
	"81": [
		0.5234375,
		0.875
	],
	"82": [
		0.5390625,
		0.8777777777777778
	],
	"83": [
		0.559375,
		0.8805555555555555
	],
	"84": [
		0.56875,
		0.8833333333333333
	],
	"85": [
		0.6,
		0.8888888888888888
	],
	"86": [
		0.6328125,
		0.8944444444444445
	],
	"87": [
		0.6484375,
		0.8972222222222223
	],
	"88": [
		0.1484375,
		0.9
	],
	"89": [
		0.6625,
		0.9
	],
	"90": [
		0.6734375,
		0.9027777777777778
	],
	"91": [
		0.7375,
		0.9138888888888889
	],
	"92": [
		0.753125,
		0.9166666666666666
	],
	"93": [
		0.7671875,
		0.9194444444444444
	],
	"94": [
		0.78125,
		0.9222222222222223
	],
	"95": [
		0.790625,
		0.925
	],
	"96": [
		0.8046875,
		0.9277777777777778
	],
	"97": [
		0.81875,
		0.9305555555555556
	],
	"98": [
		0.8328125,
		0.9333333333333333
	],
	"99": [
		0.846875,
		0.9361111111111111
	],
	"100": [
		0.115625,
		0.9388888888888889
	],
	"101": [
		0.8625,
		0.9388888888888889
	],
	"102": [
		0.875,
		0.9416666666666667
	],
	"103": [
		0.8890625,
		0.9444444444444444
	],
	"104": [
		0.903125,
		0.9472222222222222
	],
	"105": [
		0.9140625,
		0.95
	],
	"106": [
		0.928125,
		0.9527777777777777
	],
	"107": [
		0.940625,
		0.9555555555555556
	],
	"108": [
		0.9546875,
		0.9583333333333334
	],
	"109": [
		0.98125,
		0.9666666666666667
	],
	"110": [
		0.99375,
		0.9694444444444444
	],
	"111": [
		0.928125,
		0.9833333333333333
	]
}