{
	"EighteenYardNorthForwardEast": [
		0.398876404494382,
		0.21711270260082924
	],
	"PenaltyCircleNorthWest": [
		0.12078651685393259,
		0.402060560371906
	],
	"SixYardNorthForwardEast": [
		0.06601123595505617,
		0.25731875863801984
	],
	"EighteenYardNorthRearEast": [
		0.08848314606741572,
		0.18494785777107678
	]
}