{
	"CornerNorthWest": [
		0.22191011235955055,
		0.18494785777107678
	],
	"CornerNorthEast": [
		0.6039325842696629,
		0.22515391380826738
	],
	"CornerSouthWest": [
		0.14606741573033707,
		0.8336055618377518
	],
	"CornerSouthEast": [
		0.6418539325842697,
		0.8738116178749424
	]
}