{
	"0": [
		0.3703125,
		0.041666666666666664
	],
	"1": [
		0.3953125,
		0.041666666666666664
	],
	"2": [
		0.05625,
		0.05
	],
	"3": [
		0.571875,
		0.06111111111111111
	],
	"4": [
		0.66875,
		0.06388888888888888
	],
	"5": [
		0.6859375,
		0.06944444444444445
	],
	"6": [
		0.896875,
		0.06944444444444445
	],
	"7": [
		0.9296875,
		0.06944444444444445
	],
	"8": [
		0.9140625,
		0.07222222222222222
	],
	"9": [
		0.9953125,
		0.075
	],
	"10": [
		0.4296875,
		0.08333333333333333
	],
	"11": [
		0.203125,
		0.09166666666666666
	],
	"12": [
		0.9953125,
		0.13333333333333333
	],
	"13": [
		0.6140625,
		0.1527777777777778
	],
	"14": [
		0.925,
		0.1527777777777778
	],
	"15": [
		0.840625,
		0.1638888888888889
	],
	"16": [
		0.896875,
		0.1638888888888889
	],
	"17": [
		0.134375,
		0.16666666666666666
	],
	"18": [
		0.271875,
		0.16944444444444445
	],
	"19": [
		0.2875,
		0.16944444444444445
	],
	"20": [
		0.240625,
		0.17222222222222222
	],
	"21": [
		0.303125,
		0.175
	],
	"22": [
		0.6921875,
		0.17777777777777778
	],
	"23": [
		0.4046875,
		0.18333333333333332
	],
	"24": [
		0.5921875,
		0.19166666666666668
	],
	"25": [
		0.640625,
		0.19166666666666668
	],
	"26": [
		0.6234375,
		0.19444444444444445
	],
	"27": [
		0.690625,
		0.19444444444444445
	],
	"28": [
		0.109375,
		0.2
	],
	"29": [
		0.1703125,
		0.2
	],
	"30": [
		0.896875,
		0.20833333333333334
	],
	"31": [
		0.559375,
		0.21944444444444444
	],
	"32": [
		0.0671875,
		0.25277777777777777
	],
	"33": [
		0.0484375,
		0.26666666666666666
	],
	"34": [
		0.0265625,
		0.2777777777777778
	],
	"35": [
		0.30625,
		0.2777777777777778
	],
	"36": [
		0.29375,
		0.2861111111111111
	],
	"37": [
		0.271875,
		0.3
	],
	"38": [
		0.253125,
		0.3111111111111111
	],
	"39": [
		0.20625,
		0.3416666666666667
	],
	"40": [
		0.98125,
		0.3527777777777778
	],
	"41": [
		0.184375,
		0.35555555555555557
	],
	"42": [
		0.165625,
		0.36666666666666664
	],
	"43": [
		0.596875,
		0.36944444444444446
	],
	"44": [
		0.584375,
		0.375
	],
	"45": [
		0.6296875,
		0.375
	],
	"46": [
		0.709375,
		0.3861111111111111
	],
	"47": [
		0.1015625,
		0.4083333333333333
	],
	"48": [
		0.065625,
		0.4305555555555556
	],
	"49": [
		0.0515625,
		0.4388888888888889
	],
	"50": [
		0.709375,
		0.4388888888888889
	],
	"51": [
		0.571875,
		0.44166666666666665
	],
	"52": [
		0.6296875,
		0.44722222222222224
	],
	"53": [
		0.58125,
		0.4527777777777778
	],
	"54": [
		0.95,
		0.45555555555555555
	],
	"55": [
		0.6265625,
		0.46944444444444444
	],
	"56": [
		0.7890625,
		0.6277777777777778
	],
	"57": [
		0.7578125,
		0.6333333333333333
	],
	"58": [
		0.7578125,
		0.6972222222222222
	],
	"59": [
		0.7734375,
		0.7055555555555556
	],
	"60": [
		0.7953125,
		0.7138888888888889
	],
	"61": [
		0.03125,
		0.8
	],
	"62": [
		0.075,
		0.8055555555555556
	],
	"63": [
		0.0953125,
		0.8083333333333333
	],
	"64": [
		0.1171875,
		0.8111111111111111
	],
	"65": [
		0.134375,
		0.8138888888888889
	],
	"66": [
		0.15625,
		0.8166666666666667
	],
	"67": [
		0.1765625,
		0.8194444444444444
	],
	"68": [
		0.1984375,
		0.8222222222222222
	],
	"69": [
		0.215625,
		0.825
	],
	"70": [
		0.2296875,
		0.8277777777777777
	],
	"71": [
		0.246875,
		0.8305555555555556
	],
	"72": [
		0.265625,
		0.8333333333333334
	],
	"73": [
		0.2859375,
		0.8361111111111111
	],
	"74": [
		0.3046875,
		0.8388888888888889
	],
	"75": [
		0.31875,
		0.8416666666666667
	],
	"76": [
		0.340625,
		0.8444444444444444
	],
	"77": [
		0.353125,
		0.8472222222222222
	],
	"78": [
		0.371875,
		0.85
	],
	"79": [
		0.18125,
		0.8555555555555555
	],
	"80": [
		0.2328125,
		0.8555555555555555
	],
	"81": [
		0.440625,
		0.8611111111111112
	],
	"82": [
		0.4625,
		0.8638888888888889
	],
	"83": [
		0.4734375,
		0.8666666666666667
	],
	"84": [
		0.4921875,
		0.8694444444444445
	],
	"85": [
		0.5078125,
		0.8722222222222222
	],
	"86": [
		0.525,
		0.875
	],
	"87": [
		0.5390625,
		0.8777777777777778
	],
	"88": [
		0.5546875,
		0.8805555555555555
	],
	"89": [
		0.5703125,
		0.8833333333333333
	],
	"90": [
		0.5859375,
		0.8861111111111111
	],
	"91": [
		0.6015625,
		0.8888888888888888
	],
	"92": [
		0.6328125,
		0.8944444444444445
	],
	"93": [
		0.665625,
		0.9
	],
	"94": [
		0.1515625,
		0.9027777777777778
	],
	"95": [
		0.6953125,
		0.9055555555555556
	],
	"96": [
		0.7109375,
		0.9083333333333333
	],
	"97": [
		0.725,
		0.9111111111111111
	],
	"98": [
		0.7390625,
		0.9138888888888889
	],
	"99": [
		0.753125,
		0.9166666666666666
	],
	"100": [
		0.7796875,
		0.9222222222222223
	],
	"101": [
		0.8046875,
		0.9277777777777778
	],
	"102": [
		0.81875,
		0.9305555555555556
	],
	"103": [
		0.8328125,
		0.9333333333333333
	],
	"104": [
		0.8484375,
		0.9361111111111111
	],
	"105": [
		0.1140625,
		0.9388888888888889
	],
	"106": [
		0.1703125,
		0.9388888888888889
	],
	"107": [
		0.8625,
		0.9388888888888889
	],
	"108": [
		0.875,
		0.9416666666666667
	],
	"109": [
		0.8890625,
		0.9444444444444444
	],
	"110": [
		0.9015625,
		0.9472222222222222
	],
	"111": [
		0.9140625,
		0.95
	],
	"112": [
		0.928125,
		0.9527777777777777
	],
	"113": [
		0.940625,
		0.9555555555555556
	],
	"114": [
		0.9546875,
		0.9583333333333334
	],
	"115": [
		0.9796875,
		0.9666666666666667
	],
	"116": [
		0.8859375,
		0.9805555555555555
	],
	"117": [
		0.9296875,
		0.9805555555555555
	]
}