{
	"0": [
		0.834375,
		0.3638888888888889
	],
	"1": [
		0.775,
		0.3277777777777778
	],
	"2": [
		0.8359375,
		0.3972222222222222
	],
	"3": [
		0.778125,
		0.43333333333333335
	],
	"4": [
		0.3921875,
		0.325
	],
	"5": [
		0.3359375,
		0.3638888888888889
	],
	"6": [
		0.4484375,
		0.3111111111111111
	],
	"7": [
		0.3890625,
		0.3277777777777778
	],
	"8": [
		0.7265625,
		0.44722222222222224
	],
	"9": [
		0.6671875,
		0.4583333333333333
	],
	"10": [
		0.115625,
		0.8861111111111111
	],
	"11": [
		0.05625,
		0.8888888888888888
	],
	"12": [
		0.446875,
		0.44722222222222224
	],
	"13": [
		0.3890625,
		0.42777777777777776
	],
	"14": [
		0.8359375,
		0.18055555555555555
	],
	"15": [
		0.778125,
		0.17222222222222222
	],
	"16": [
		0.725,
		0.3138888888888889
	],
	"17": [
		0.6671875,
		0.3055555555555556
	],
	"18": [
		0.5578125,
		0.46111111111111114
	],
	"19": [
		0.5,
		0.45555555555555555
	],
	"20": [
		0.5859375,
		0.6
	],
	"21": [
		0.5828125,
		0.7027777777777777
	],
	"22": [
		0.5859375,
		0.7
	],
	"23": [
		0.5828125,
		0.8027777777777778
	],
	"24": [
		0.5578125,
		0.15833333333333333
	],
	"25": [
		0.5,
		0.15555555555555556
	],
	"26": [
		0.6140625,
		0.15833333333333333
	],
	"27": [
		0.55625,
		0.15555555555555556
	],
	"28": [
		0.6703125,
		0.1527777777777778
	],
	"29": [
		0.6125,
		0.15555555555555556
	],
	"30": [
		0.446875,
		0.8888888888888888
	],
	"31": [
		0.3890625,
		0.8861111111111111
	],
	"32": [
		0.946875,
		0.9083333333333333
	],
	"33": [
		0.8890625,
		0.9055555555555556
	],
	"34": [
		0.584375,
		0.3
	],
	"35": [
		0.584375,
		0.4027777777777778
	],
	"36": [
		0.16875,
		0.8861111111111111
	],
	"37": [
		0.1109375,
		0.8861111111111111
	],
	"38": [
		0.225,
		0.8861111111111111
	],
	"39": [
		0.1671875,
		0.8861111111111111
	],
	"40": [
		0.6140625,
		0.8916666666666667
	],
	"41": [
		0.55625,
		0.8916666666666667
	],
	"42": [
		0.665625,
		0.175
	],
	"43": [
		0.609375,
		0.1527777777777778
	],
	"44": [
		0.7796875,
		0.33055555555555555
	],
	"45": [
		0.7234375,
		0.3138888888888889
	],
	"46": [
		0.7796875,
		0.43333333333333335
	],
	"47": [
		0.7234375,
		0.45
	],
	"48": [
		0.5015625,
		0.45555555555555555
	],
	"49": [
		0.4453125,
		0.4444444444444444
	],
	"50": [
		0.890625,
		0.9055555555555556
	],
	"51": [
		0.834375,
		0.9027777777777778
	],
	"52": [
		0.5578125,
		0.8916666666666667
	],
	"53": [
		0.5015625,
		0.8916666666666667
	],
	"54": [
		0.725,
		0.8972222222222223
	],
	"55": [
		0.6703125,
		0.8944444444444445
	],
	"56": [
		1,
		0.9111111111111111
	],
	"57": [
		0.9453125,
		0.9083333333333333
	],
	"58": [
		0.3390625,
		0.39444444444444443
	],
	"59": [
		0.3890625,
		0.42777777777777776
	],
	"60": [
		0.5859375,
		0.5055555555555555
	],
	"61": [
		0.5828125,
		0.6
	],
	"62": [
		0.2234375,
		0.4
	],
	"63": [
		0.2359375,
		0.49166666666666664
	],
	"64": [
		0.10625,
		0.15555555555555556
	],
	"65": [
		0.0546875,
		0.17222222222222222
	],
	"66": [
		0.2109375,
		0.4
	],
	"67": [
		0.2203125,
		0.49166666666666664
	],
	"68": [
		0.496875,
		0.3055555555555556
	],
	"69": [
		0.4453125,
		0.3138888888888889
	],
	"70": [
		0.5859375,
		0.3972222222222222
	],
	"71": [
		0.584375,
		0.4861111111111111
	],
	"72": [
		0.8890625,
		0.21666666666666667
	],
	"73": [
		0.9046875,
		0.3
	],
	"74": [
		0.49375,
		0.16666666666666666
	],
	"75": [
		0.4453125,
		0.17777777777777778
	],
	"76": [
		0.23125,
		0.40555555555555556
	],
	"77": [
		0.2265625,
		0.49166666666666664
	],
	"78": [
		0.66875,
		0.45555555555555555
	],
	"79": [
		0.621875,
		0.46111111111111114
	],
	"80": [
		0.04375,
		0.06388888888888888
	],
	"81": [
		0.003125,
		0.10555555555555556
	],
	"82": [
		0.2703125,
		0.8861111111111111
	],
	"83": [
		0.2234375,
		0.8861111111111111
	],
	"84": [
		0.2015625,
		0.41944444444444445
	],
	"85": [
		0.2234375,
		0.49166666666666664
	],
	"86": [
		0.8140625,
		0.3472222222222222
	],
	"87": [
		0.7828125,
		0.4027777777777778
	],
	"88": [
		0.0578125,
		0.17222222222222222
	],
	"89": [
		0.015625,
		0.15833333333333333
	],
	"90": [
		0.8734375,
		0.17777777777777778
	],
	"91": [
		0.834375,
		0.1527777777777778
	],
	"92": [
		0.446875,
		0.17777777777777778
	],
	"93": [
		0.40625,
		0.175
	],
	"94": [
		0.0140625,
		0.31666666666666665
	],
	"95": [
		0.003125,
		0.3861111111111111
	],
	"96": [
		0.04375,
		0.07222222222222222
	],
	"97": [
		0.0046875,
		0.08333333333333333
	],
	"98": [
		0.7953125,
		0.33611111111111114
	],
	"99": [
		0.8,
		0.40555555555555556
	],
	"100": [
		0.775,
		0.09166666666666666
	],
	"101": [
		0.7359375,
		0.08888888888888889
	],
	"102": [
		0.8734375,
		0.17777777777777778
	],
	"103": [
		0.834375,
		0.18055555555555555
	],
	"104": [
		0.5,
		0.13333333333333333
	],
	"105": [
		0.4703125,
		0.17777777777777778
	],
	"106": [
		0.55625,
		0.15555555555555556
	],
	"107": [
		0.5859375,
		0.2
	],
	"108": [
		0.334375,
		0.09722222222222222
	],
	"109": [
		0.296875,
		0.08055555555555556
	],
	"110": [
		0.0140625,
		0.31666666666666665
	],
	"111": [
		0.0203125,
		0.38333333333333336
	],
	"112": [
		0.834375,
		0.15555555555555556
	],
	"113": [
		0.796875,
		0.1527777777777778
	],
	"114": [
		0.2609375,
		0.17222222222222222
	],
	"115": [
		0.2234375,
		0.17222222222222222
	],
	"116": [
		0.3359375,
		0.2972222222222222
	],
	"117": [
		0.3609375,
		0.3416666666666667
	],
	"118": [
		0.6015625,
		0.21666666666666667
	],
	"119": [
		0.6015625,
		0.2777777777777778
	],
	"120": [
		0.390625,
		0.8861111111111111
	],
	"121": [
		0.35625,
		0.8861111111111111
	],
	"122": [
		0.259375,
		0.1
	],
	"123": [
		0.278125,
		0.15
	],
	"124": [
		0.5078125,
		0.09722222222222222
	],
	"125": [
		0.515625,
		0.15555555555555556
	],
	"126": [
		0.903125,
		0.24722222222222223
	],
	"127": [
		0.8875,
		0.3
	],
	"128": [
		0.665625,
		0.6527777777777778
	],
	"129": [
		0.6453125,
		0.7
	],
	"130": [
		0.65625,
		0.6444444444444445
	],
	"131": [
		0.6515625,
		0.7027777777777777
	],
	"132": [
		0.75625,
		0.1527777777777778
	],
	"133": [
		0.7234375,
		0.15555555555555556
	],
	"134": [
		0.946875,
		0.9388888888888889
	],
	"135": [
		0.9140625,
		0.9416666666666667
	],
	"136": [
		0.7796875,
		0.1638888888888889
	],
	"137": [
		0.7484375,
		0.17777777777777778
	],
	"138": [
		0.3328125,
		0.24722222222222223
	],
	"139": [
		0.328125,
		0.30277777777777776
	],
	"140": [
		0.0453125,
		0.14166666666666666
	],
	"141": [
		0.0203125,
		0.175
	],
	"142": [
		0.2234375,
		0.4
	],
	"143": [
		0.1984375,
		0.43333333333333335
	],
	"144": [
		0.584375,
		0.2
	],
	"145": [
		0.6046875,
		0.24166666666666667
	],
	"146": [
		0.55625,
		0.15555555555555556
	],
	"147": [
		0.540625,
		0.20277777777777778
	],
	"148": [
		0.7546875,
		0.5361111111111111
	],
	"149": [
		0.746875,
		0.5888888888888889
	],
	"150": [
		0.3078125,
		0.09722222222222222
	],
	"151": [
		0.33125,
		0.13055555555555556
	],
	"152": [
		0.3171875,
		0.4222222222222222
	],
	"153": [
		0.31875,
		0.475
	],
	"154": [
		0.16875,
		0.9194444444444444
	],
	"155": [
		0.1390625,
		0.9194444444444444
	],
	"156": [
		0.03125,
		0.09722222222222222
	],
	"157": [
		0.00625,
		0.06944444444444445
	],
	"158": [
		0.428125,
		0.1527777777777778
	],
	"159": [
		0.4078125,
		0.18888888888888888
	],
	"160": [
		0.56875,
		0.06944444444444445
	],
	"161": [
		0.5921875,
		0.09722222222222222
	],
	"162": [
		0.75625,
		0.1527777777777778
	],
	"163": [
		0.7796875,
		0.18055555555555555
	],
	"164": [
		0.8125,
		0.1527777777777778
	],
	"165": [
		0.8359375,
		0.18055555555555555
	],
	"166": [
		0.7515625,
		0.8972222222222223
	],
	"167": [
		0.7234375,
		0.8972222222222223
	],
	"168": [
		0.2234375,
		0.15
	],
	"169": [
		0.203125,
		0.18333333333333332
	],
	"170": [
		0.746875,
		0.5361111111111111
	],
	"171": [
		0.753125,
		0.5833333333333334
	],
	"172": [
		0.778125,
		0.4111111111111111
	],
	"173": [
		0.7578125,
		0.44166666666666665
	],
	"174": [
		0.0828125,
		0.9194444444444444
	],
	"175": [
		0.05625,
		0.9222222222222223
	],
	"176": [
		0.540625,
		0.2
	],