{
	"0": [
		0.3484375,
		0.09756944444444444
	],
	"1": [
		0.2921875,
		0.06180555555555556
	],
	"2": [
		0.498046875,
		0.10590277777777778
	],
	"3": [
		0.4580078125,
		0.0920138888888889
	],
	"4": [
		0.2181640625,
		0.046875
	],
	"5": [
		0.305859375,
		0.084375
	],
	"6": [
		0.6912109375,
		0.109375
	],
	"7": [
		0.30703125,
		0.08576388888888889
	],
	"8": [
		0.2966796875,
		0.06840277777777778
	],
	"9": [
		0.0892578125,
		0.09444444444444444
	],
	"10": [
		0.42109375,
		0.10138888888888889
	],
	"11": [
		0.29453125,
		0.09722222222222222
	],
	"12": [
		0.4201171875,
		0.10520833333333333
	],
	"13": [
		0.65078125,
		0.11805555555555555
	],
	"14": [
		0.3470703125,
		0.096875
	],
	"15": [
		0.2537109375,
		0.03888888888888889
	],
	"16": [
		0.3134765625,
		0.08541666666666667
	],
	"17": [
		0.4587890625,
		0.08958333333333333
	],
	"18": [
		0.53515625,
		0.09930555555555555
	],
	"19": [
		0.53515625,
		0.09930555555555555
	],
	"20": [
		0.45859375,
		0.08923611111111111
	],
	"21": [
		0.6099609375,
		0.1111111111111111
	],
	"22": [
		0.6126953125,
		0.10486111111111111
	],
	"23": [
		0.6560546875,
		0.10173611111111111
	],
	"24": [
		0.4978515625,
		0.10451388888888889
	],
	"25": [
		0.296484375,
		0.10486111111111111
	],
	"26": [
		0.2552734375,
		0.04548611111111111
	],
	"27": [
		0.383984375,
		0.09131944444444444
	],
	"28": [
		0.41953125,
		0.10902777777777778
	],
	"29": [
		0.3841796875,
		0.0954861111111111
	],
	"30": [
		0.5353515625,
		0.09930555555555555
	],
	"31": [
		0.31328125,
		0.08263888888888889
	],
	"32": [
		0.4966796875,
		0.1111111111111111
	],
	"33": [
		0.1080078125,
		0.10277777777777777
	],
	"34": [
		0.1087890625,
		0.10069444444444445
	],
	"35": [
		0.4189453125,
		0.11597222222222223
	],
	"36": [
		0.48984375,
		0.08784722222222222
	],
	"37": [
		0.2537109375,
		0.04236111111111111
	],
	"38": [
		0.612109375,
		0.10381944444444445
	],
	"39": [
		0.346484375,
		0.11284722222222222
	],
	"40": [
		0.662109375,
		0.10173611111111111
	],
	"41": [
		0.5763671875,
		0.09409722222222222
	],
	"42": [
		0.305859375,
		0.09375
	],
	"43": [
		0.5734375,
		0.11458333333333333
	],
	"44": [
		0.2177734375,
		0.04722222222222222
	],
	"45": [
		0.214453125,
		0.10659722222222222
	],
	"46": [
		0.291796875,
		0.0625
	],
	"47": [
		0.6560546875,
		0.10173611111111111
	],
	"48": [
		0.306640625,
		0.09340277777777778
	],
	"49": [
		0.419140625,
		0.11180555555555556
	],
	"50": [
		0.383984375,
		0.09097222222222222
	],
	"51": [
		0.496484375,
		0.11388888888888889
	],
	"52": [
		0.6123046875,
		0.10381944444444445
	],
	"53": [
		0.574609375,
		0.10833333333333334
	],
	"54": [
		0.573828125,
		0.10868055555555556
	],
	"55": [
		0.53515625,
		0.09930555555555555
	],
	"56": [
		0.383984375,
		0.09340277777777778
	],
	"57": [
		0.6509765625,
		0.11770833333333333
	],
	"58": [
		0.5740234375,
		0.109375
	],
	"59": [
		0.4197265625,
		0.10868055555555556
	],
	"60": [
		0.4583984375,
		0.09027777777777778
	],
	"61": [
		0.2556640625,
		0.043055555555555555
	],
	"62": [
		0.4220703125,
		0.10104166666666667
	],
	"63": [
		0.309765625,
		0.08333333333333333
	],
	"64": [
		0.346484375,
		0.11076388888888888
	],
	"65": [
		0.0900390625,
		0.09409722222222222
	],
	"66": [
		0.312890625,
		0.08263888888888889
	],
	"67": [
		0.5728515625,
		0.11458333333333333
	],
	"68": [
		0.6123046875,
		0.10416666666666667
	],
	"69": [
		0.662109375,
		0.10173611111111111
	],
	"70": [
		0.514453125,
		0.8802083333333334
	],
	"71": [
		0.4193359375,
		0.10798611111111112
	],
	"72": [
		0.615234375,
		0.8930555555555556
	],
	"73": [
		0.2091796875,
		0.10486111111111111
	],
	"74": [
		0.49765625,
		0.11284722222222222
	],
	"75": [
		0.252734375,
		0.04791666666666667
	],
	"76": [
		0.5353515625,
		0.09930555555555555
	],
	"77": [
		0.2541015625,
		0.041666666666666664
	],
	"78": [
		0.2958984375,
		0.10451388888888889
	],
	"79": [
		0.53359375,
		0.10833333333333334
	],
	"80": [
		0.6125,
		0.10381944444444445
	],
	"81": [
		0.612109375,
		0.11076388888888888
	],
	"82": [
		0.3484375,
		0.09722222222222222
	],
	"83": [
		0.106640625,
		0.09618055555555556
	],
	"84": [
		0.2966796875,
		0.06111111111111111
	],
	"85": [
		0.0283203125,
		0.8253472222222222
	],
	"86": [
		0.5740234375,
		0.109375
	],
	"87": [
		0.604296875,
		0.89375
	],
	"88": [
		0.605859375,
		0.8927083333333333
	],
	"89": [
		0.2931640625,
		0.06770833333333333
	],
	"90": [
		0.604296875,
		0.8930555555555556
	],
	"91": [
		0.4982421875,
		0.10625
	],
	"92": [
		0.69140625,
		0.10902777777777778
	],
	"93": [
		0.303515625,
		0.09756944444444444
	],
	"94": [
		0.2916015625,
		0.06215277777777778
	],
	"95": [
		0.680859375,
		0.9034722222222222
	],
	"96": [
		0.2935546875,
		0.109375
	],
	"97": [
		0.2927734375,
		0.06354166666666666
	],
	"98": [
		0.30703125,
		0.08854166666666667
	],
	"99": [
		0.34609375,
		0.10173611111111111
	],
	"100": [
		0.458203125,
		0.09027777777777778
	],
	"101": [
		0.3478515625,
		0.09861111111111111
	],
	"102": [
		0.6466796875,
		0.8996527777777777
	],
	"103": [
		0.143359375,
		0.10486111111111111
	],
	"104": [
		0.458203125,
		0.090625
	],
	"105": [
		0.2958984375,
		0.10694444444444444
	],
	"106": [
		0.0802734375,
		0.09513888888888888
	],
	"107": [
		0.3466796875,
		0.10138888888888889
	],
	"108": [
		0.4521484375,
		0.10347222222222222
	],
	"109": [
		0.0314453125,
		0.825
	],
	"110": [
		0.4974609375,
		0.10833333333333334
	],
	"111": [
		0.29296875,
		0.06770833333333333
	],
	"112": [
		0.306640625,
		0.08611111111111111
	],
	"113": [
		0.54296875,
		0.8854166666666666
	],
	"114": [
		0.094921875,
		0.10243055555555555
	],
	"115": [
		0.68828125,
		0.10486111111111111
	],
	"116": [
		0.107421875,
		0.10381944444444445
	],
	"117": [
		0.4974609375,
		0.10833333333333334
	],
	"118": [
		0.6123046875,
		0.10416666666666667
	],
	"119": [
		0.2734375,
		0.05138888888888889
	],
	"120": [
		0.5353515625,
		0.09965277777777778
	],
	"121": [
		0.6912109375,
		0.10590277777777778
	],
	"122": [
		0.294921875,
		0.10520833333333333
	],
	"123": [
		0.293359375,
		0.06388888888888888
	],
	"124": [
		0.31328125,
		0.08368055555555555
	],
	"125": [
		0.2537109375,
		0.041666666666666664
	],
	"126": [
		0.306640625,
		0.08819444444444445
	],
	"127": [
		0.5349609375,
		0.09895833333333333
	],
	"128": [
		0.108203125,
		0.10347222222222222
	],
	"129": [
		0.3484375,
		0.10069444444444445
	],
	"130": [
		0.584765625,
		0.09965277777777778
	],
	"131": [
		0.2974609375,
		0.10486111111111111
	],
	"132": [
		0.2966796875,
		0.06111111111111111
	],
	"133": [
		0.028125,
		0.8256944444444444
	],
	"134": [
		0.106640625,
		0.09618055555555556
	],
	"135": [
		0.2095703125,
		0.10590277777777778
	],
	"136": [
		0.53515625,
		0.09965277777777778
	],
	"137": [
		0.1078125,
		0.10104166666666667
	],
	"138": [
		0.341796875,
		0.8569444444444444
	],
	"139": [
		0.064453125,
		0.8302083333333333
	],
	"140": [
		0.212109375,
		0.8461805555555556
	],
	"141": [
		0.1103515625,
		0.2690972222222222
	],
	"142": [
		0.4990234375,
		0.09861111111111111
	],
	"143": [
		0.459765625,
		0.08402777777777778
	],
	"144": [
		0.258203125,
		0.03784722222222222
	],
	"145": [
		0.6126953125,
		0.10520833333333333
	],
	"146": [
		0.6509765625,
		0.11736111111111111
	],
	"147": [
		0.3841796875,
		0.09513888888888888
	],
	"148": [
		0.5353515625,
		0.09895833333333333
	],
	"149": [
		0.6107421875,
		0.10451388888888889
	],
	"150": [
		0.2849609375,
		0.06041666666666667
	],
	"151": [
		0.453125,
		0.09479166666666666
	],
	"152": [
		0.13828125,
		0.8663194444444444
	],
	"153": [
		0.6912109375,
		0.10590277777777778
	],
	"154": [
		0.383984375,
		0.09166666666666666
	],
	"155": [
		0.3482421875,
		0.09305555555555556
	],
	"156": [
		0.051953125,
		0.85625
	],
	"157": [
		0.2896484375,
		0.06701388888888889
	],
	"158": [
		0.2294921875,
		0.8732638888888888
	],
	"159": [
		0.230078125,
		0.15902777777777777
	],
	"160": [
		0.5353515625,
		0.1
	],
	"161": [
		0.348828125,
		0.09340277777777778
	],