{
	"CornerNorthWest": [
		0.35252808988764045,
		0.23841740172989637
	],
	"CornerNorthEast": [
		0.7173601147776184,
		0.26034084096942706
	],
	"CornerSouthWest": [
		0.5716292134831461,
		0.8961205789158174
	],
	"CornerSouthEast": [
		0.7216642754662841,
		0.844052410721932
	]
}