{
	"SixYardNorthForwardEast": [
		0.07443820224719101,
		0.26570716855798504
	],
	"EighteenYardNorthRearEast": [
		0.09550561797752809,
		0.1929890689785149
	],
	"EighteenYardNorthForwardEast": [
		0.39185393258426965,
		0.21847033859212103
	],
	"PenaltyCircleNorthEast": [
		0.29213483146067415,
		0.27456407417658457
	],
	"PenaltyCircleNorthWest": [
		0.13202247191011235,
		0.38084694159977855
	],
	"PenaltySpotNorth": [
		0.08426966292134831,
		0.31589630039671557
	]
}