{
	"0": [
		0.3359375,
		0.2611111111111111
	],
	"1": [
		0.278125,
		0.3
	],
	"2": [
		0.225,
		0.3333333333333333
	],
	"3": [
		0.1671875,
		0.36944444444444446
	],
	"4": [
		0.1140625,
		0.4027777777777778
	],
	"5": [
		0.05625,
		0.4388888888888889
	],
	"6": [
		0.334375,
		0.3194444444444444
	],
	"7": [
		0.278125,
		0.3611111111111111
	],
	"8": [
		0.0578125,
		0.25277777777777777
	],
	"9": [
		0.0015625,
		0.2916666666666667
	],
	"10": [
		0.390625,
		0.225
	],
	"11": [
		0.334375,
		0.2638888888888889
	],
	"12": [
		0.0578125,
		0.4388888888888889
	],
	"13": [
		0.0015625,
		0.475
	],
	"14": [
		0.278125,
		0.14722222222222223
	],
	"15": [
		0.3359375,
		0.1638888888888889
	],
	"16": [
		0.225,
		0.14444444444444443
	],
	"17": [
		0.1671875,
		0.15833333333333333
	],
	"18": [
		1,
		0.4722222222222222
	],
	"19": [
		0.9453125,
		0.4361111111111111
	],
	"20": [
		0.5578125,
		0.8861111111111111
	],
	"21": [
		0.5,
		0.8722222222222222
	],
	"22": [
		0.725,
		0.9166666666666666
	],
	"23": [
		0.6671875,
		0.9027777777777778
	],
	"24": [
		0.7796875,
		0.9277777777777778
	],
	"25": [
		0.721875,
		0.9138888888888889
	],
	"26": [
		0.8359375,
		0.9388888888888889
	],
	"27": [
		0.778125,
		0.925
	],
	"28": [
		0.946875,
		0.9611111111111111
	],
	"29": [
		0.8890625,
		0.9472222222222222
	],
	"30": [
		0.225,
		0.8305555555555556
	],
	"31": [
		0.1671875,
		0.8194444444444444
	],
	"32": [
		0.2796875,
		0.8388888888888889
	],
	"33": [
		0.221875,
		0.8277777777777777
	],
	"34": [
		0.3359375,
		0.8472222222222222
	],
	"35": [
		0.278125,
		0.8361111111111111
	],
	"36": [
		0.446875,
		0.8666666666666667
	],
	"37": [
		0.3890625,
		0.8555555555555555
	],
	"38": [
		0.6140625,
		0.8944444444444445
	],
	"39": [
		0.55625,
		0.8833333333333333
	],
	"40": [
		0.1140625,
		0.8138888888888889
	],
	"41": [
		0.05625,
		0.8055555555555556
	],
	"42": [
		0.0578125,
		0.20277777777777778
	],
	"43": [
		0.0015625,
		0.22777777777777777
	],
	"44": [
		0.446875,
		0.16111111111111112
	],
	"45": [
		0.3890625,
		0.16666666666666666
	],
	"46": [
		0.16875,
		0.36944444444444446
	],
	"47": [
		0.1140625,
		0.4027777777777778
	],
	"48": [
		0.16875,
		0.15833333333333333
	],
	"49": [
		0.1125,
		0.18055555555555555
	],
	"50": [
		0.1140625,
		0.18333333333333332
	],
	"51": [
		0.0578125,
		0.20277777777777778
	],
	"52": [
		0.2796875,
		0.35833333333333334
	],
	"53": [
		0.2234375,
		0.37777777777777777
	],
	"54": [
		0.890625,
		0.95
	],
	"55": [
		0.834375,
		0.9361111111111111
	],
	"56": [
		0.390625,
		0.16666666666666666
	],
	"57": [
		0.334375,
		0.15555555555555556
	],
	"58": [
		0.390625,
		0.8555555555555555
	],
	"59": [
		0.334375,
		0.8444444444444444
	],
	"60": [
		0.5015625,
		0.875
	],
	"61": [
		0.4453125,
		0.8638888888888889
	],
	"62": [
		0.0578125,
		0.25277777777777777
	],
	"63": [
		0.0015625,
		0.24444444444444444
	],
	"64": [
		0.16875,
		0.8194444444444444
	],
	"65": [
		0.1125,
		0.8111111111111111
	],
	"66": [
		0.2796875,
		0.15
	],
	"67": [
		0.2234375,
		0.14444444444444443
	],
	"68": [
		0.2765625,
		0.3
	],
	"69": [
		0.2234375,
		0.3333333333333333
	],
	"70": [
		0.0578125,
		0.8055555555555556
	],
	"71": [
		0.0015625,
		0.8
	],
	"72": [
		1,
		0.35555555555555557
	],
	"73": [
		0.9453125,
		0.375
	],
	"74": [
		1,
		0.9722222222222222
	],
	"75": [
		0.9453125,
		0.9611111111111111
	],
	"76": [
		0.6671875,
		0.9027777777777778
	],
	"77": [
		0.6125,
		0.8944444444444445
	],
	"78": [
		0.0546875,
		0.07222222222222222
	],
	"79": [
		0.0015625,
		0.09444444444444444
	],
	"80": [
		0.725,
		0.08888888888888889
	],
	"81": [
		0.671875,
		0.09722222222222222
	],
	"82": [
		0.384375,
		0.4388888888888889
	],
	"83": [
		0.34375,
		0.4888888888888889
	],
	"84": [
		0.6140625,
		0.4
	],
	"85": [
		0.6328125,
		0.4777777777777778
	],
	"86": [
		0.2671875,
		0.13333333333333333
	],
	"87": [
		0.2234375,
		0.15555555555555556
	],
	"88": [
		0.3921875,
		0.058333333333333334
	],
	"89": [
		0.43125,
		0.09722222222222222
	],
	"90": [
		0.3203125,
		0.20833333333333334
	],
	"91": [
		0.278125,
		0.2222222222222222
	],
	"92": [
		0.59375,
		0.4111111111111111
	],
	"93": [
		0.6140625,
		0.4777777777777778
	],
	"94": [
		0.6171875,
		0.4027777777777778
	],
	"95": [
		0.6140625,
		0.4777777777777778
	],
	"96": [
		0.6109375,
		0.15555555555555556
	],
	"97": [
		0.65,
		0.18333333333333332
	],
	"98": [
		0.6125,
		0.4
	],
	"99": [
		0.59375,
		0.4666666666666667
	],
	"100": [
		0.6109375,
		0.09166666666666666
	],
	"101": [
		0.5703125,
		0.09722222222222222
	],
	"102": [
		0.2171875,
		0.8277777777777777
	],
	"103": [
		0.1859375,
		0.8722222222222222
	],
	"104": [
		0.34375,
		0.4666666666666667
	],
	"105": [
		0.3828125,
		0.48055555555555557
	],
	"106": [
		0.60625,
		0.4027777777777778
	],
	"107": [
		0.6015625,
		0.4722222222222222
	],
	"108": [
		0.946875,
		0.9972222222222222
	],
	"109": [
		0.9078125,
		0.9888888888888889
	],
	"110": [
		0.6515625,
		0.17777777777777778
	],
	"111": [
		0.6125,
		0.18333333333333332
	],
	"112": [
		0.590625,
		0.1
	],
	"113": [
		0.5625,
		0.14722222222222223
	],
	"114": [
		0.296875,
		0.125
	],
	"115": [
		0.328125,
		0.1638888888888889
	],
	"116": [
		0.7625,
		0.6333333333333333
	],
	"117": [
		0.75625,
		0.7
	],
	"118": [
		0.4828125,
		0.16666666666666666
	],
	"119": [
		0.4453125,
		0.16111111111111112
	],
	"120": [
		0.315625,
		0.875
	],
	"121": [
		0.278125,
		0.8694444444444445
	],
	"122": [
		0.65625,
		0.9333333333333333
	],
	"123": [
		0.61875,
		0.9277777777777778
	],
	"124": [
		0.3578125,
		0.13055555555555556
	],
	"125": [
		0.3875,
		0.16944444444444445
	],
	"126": [
		0.3671875,
		0.11944444444444445
	],
	"127": [
		0.390625,
		0.16944444444444445
	],
	"128": [
		0.3078125,
		0.125
	],
	"129": [
		0.3359375,
		0.1638888888888889
	],
	"130": [
		0.6109375,
		0.4222222222222222
	],
	"131": [
		0.6359375,
		0.4666666666666667
	],
	"132": [
		0.2203125,
		0.8583333333333333
	],
	"133": [
		0.1859375,
		0.8722222222222222
	],
	"134": [
		0.225,
		0.375
	],
	"135": [
		0.190625,
		0.38333333333333336
	],
	"136": [
		0.4828125,
		0.9055555555555556
	],
	"137": [
		0.4484375,
		0.8972222222222223
	],
	"138": [
		0.9796875,
		0.18888888888888888
	],
	"139": [
		0.9453125,
		0.18888888888888888
	],
	"140": [
		0.296875,
		0.2861111111111111
	],
	"141": [
		0.3296875,
		0.30277777777777776
	],
	"142": [
		0.4015625,
		0.05
	],
	"143": [
		0.4203125,
		0.1
	],
	"144": [
		0.334375,
		0.1361111111111111
	],
	"145": [
		0.3015625,
		0.15
	],
	"146": [
		0.0234375,
		0.06111111111111111
	],
	"147": [
		0.0484375,
		0.1
	],
	"148": [
		0.5671875,
		0.2222222222222222
	],
	"149": [
		0.5625,
		0.28055555555555556
	],
	"150": [
		0.675,
		0.08055555555555556
	],
	"151": [
		0.70625,
		0.1
	],
	"152": [
		0.3140625,
		0.125
	],
	"153": [
		0.28125,
		0.125
	],
	"154": [
		0.35625,
		0.4527777777777778
	],
	"155": [
		0.3828125,
		0.4861111111111111
	],
	"156": [
		0.346875,
		0.4527777777777778
	],
	"157": [
		0.3734375,
		0.4861111111111111
	],
	"158": [
		0.775,
		0.6472222222222223
	],
	"159": [
		0.75625,
		0.6944444444444444
	],
	"160": [
		0.0265625,
		0.06111111111111111
	],
	"161": [
		0.0015625,
		0.09722222222222222
	],
	"162": [
		0.7796875,
		0.1
	],
	"163": [
		0.7515625,
		0.12777777777777777
	],
	"164": [
		0.925,
		0.4027777777777778
	],
	"165": [
		0.9484375,
		0.44166666666666665
	],
	"166": [
		0.5453125,
		0.21666666666666667
	],
	"167": [
		0.5515625,
		0.2722222222222222
	],
	"168": [
		0.415625,
		0.058333333333333334
	],
	"169": [
		0.3890625,
		0.08888888888888889
	],
	"170": [
		0.5671875,
		0.2222222222222222
	],
	"171": [
		0.578125,
		0.275
	],
	"172": [
		0.9796875,
		0.10277777777777777
	],
	"173": [
		0.9484375,
		0.10833333333333334
	],
	"174": [
		0.390625,
		0.8861111111111111
	],
	"175": [
		0.359375,
		0.8833333333333333
	],
	"176": [
		0.6375,
		0.15
	],
	"177": [
		0.6125,
		0.18333333333333332
	],
	"178": [
		0.31875,
		0.6166666666666667
	],