{
	"0": [
		0.8359375,
		0.4222222222222222
	],
	"1": [
		0.778125,
		0.4444444444444444
	],
	"2": [
		0.8359375,
		0.3277777777777778
	],
	"3": [
		0.778125,
		0.30833333333333335
	],
	"4": [
		0.446875,
		0.44166666666666665
	],
	"5": [
		0.3890625,
		0.4222222222222222
	],
	"6": [
		0.659375,
		0.13055555555555556
	],
	"7": [
		0.615625,
		0.2
	],
	"8": [
		0.446875,
		0.3
	],
	"9": [
		0.3890625,
		0.31666666666666665
	],
	"10": [
		0.446875,
		0.11666666666666667
	],
	"11": [
		0.5015625,
		0.1527777777777778
	],
	"12": [
		0.390625,
		0.31666666666666665
	],
	"13": [
		0.3359375,
		0.3527777777777778
	],
	"14": [
		0.503125,
		0.2916666666666667
	],
	"15": [
		0.4453125,
		0.3
	],
	"16": [
		0.603125,
		0.8
	],
	"17": [
		0.6078125,
		0.9027777777777778
	],
	"18": [
		0.60625,
		0.4
	],
	"19": [
		0.603125,
		0.5027777777777778
	],
	"20": [
		0.60625,
		0.5
	],
	"21": [
		0.603125,
		0.6027777777777777
	],
	"22": [
		0.603125,
		0.6
	],
	"23": [
		0.60625,
		0.7027777777777777
	],
	"24": [
		0.946875,
		0.9444444444444444
	],
	"25": [
		0.8890625,
		0.9388888888888889
	],
	"26": [
		1,
		0.9472222222222222
	],
	"27": [
		0.9421875,
		0.9416666666666667
	],
	"28": [
		0.603125,
		0.2
	],
	"29": [
		0.6046875,
		0.30277777777777776
	],
	"30": [
		0.725,
		0.9305555555555556
	],
	"31": [
		0.6671875,
		0.9277777777777778
	],
	"32": [
		0.446875,
		0.1527777777777778
	],
	"33": [
		0.3890625,
		0.1527777777777778
	],
	"34": [
		0.5578125,
		0.13055555555555556
	],
	"35": [
		0.5,
		0.13055555555555556
	],
	"36": [
		0.6140625,
		0.13055555555555556
	],
	"37": [
		0.55625,
		0.13055555555555556
	],
	"38": [
		0.8359375,
		0.1527777777777778
	],
	"39": [
		0.778125,
		0.1527777777777778
	],
	"40": [
		0.946875,
		0.15
	],
	"41": [
		0.8890625,
		0.15
	],
	"42": [
		0.6140625,
		0.925
	],
	"43": [
		0.55625,
		0.925
	],
	"44": [
		0.66875,
		0.9277777777777778
	],
	"45": [
		0.6109375,
		0.9277777777777778
	],
	"46": [
		0.0578125,
		0.14166666666666666
	],
	"47": [
		0.0015625,
		0.12777777777777777
	],
	"48": [
		0.5015625,
		0.14166666666666666
	],
	"49": [
		0.4453125,
		0.1527777777777778
	],
	"50": [
		0.7796875,
		0.30833333333333335
	],
	"51": [
		0.7234375,
		0.2972222222222222
	],
	"52": [
		0.5015625,
		0.4527777777777778
	],
	"53": [
		0.4453125,
		0.44166666666666665
	],
	"54": [
		0.7796875,
		0.44166666666666665
	],
	"55": [
		0.7234375,
		0.4527777777777778
	],
	"56": [
		0.890625,
		0.14722222222222223
	],
	"57": [
		0.834375,
		0.15555555555555556
	],
	"58": [
		0.7234375,
		0.1361111111111111
	],
	"59": [
		0.6671875,
		0.13055555555555556
	],
	"60": [
		0.9265625,
		0.2
	],
	"61": [
		0.9234375,
		0.3
	],
	"62": [
		0.60625,
		0.7
	],
	"63": [
		0.603125,
		0.8
	],
	"64": [
		0.66875,
		0.13333333333333333
	],
	"65": [
		0.6125,
		0.13055555555555556
	],
	"66": [
		0.0578125,
		0.9194444444444444
	],
	"67": [
		0.0015625,
		0.9222222222222223
	],
	"68": [
		0.890625,
		0.9388888888888889
	],
	"69": [
		0.834375,
		0.9361111111111111
	],
	"70": [
		0.7796875,
		0.1527777777777778
	],
	"71": [
		0.7234375,
		0.1527777777777778
	],
	"72": [
		0.921875,
		0.2
	],
	"73": [
		0.9328125,
		0.2972222222222222
	],
	"74": [
		0.653125,
		0.12222222222222222
	],
	"75": [
		0.6109375,
		0.18611111111111112
	],
	"76": [
		0.725,
		0.4527777777777778
	],
	"77": [
		0.6703125,
		0.4583333333333333
	],
	"78": [
		0.8890625,
		0.1361111111111111
	],
	"79": [
		0.9296875,
		0.2
	],
	"80": [
		0.8328125,
		0.325
	],
	"81": [
		0.88125,
		0.36666666666666664
	],
	"82": [
		0.5203125,
		0.1
	],
	"83": [
		0.5578125,
		0.1638888888888889
	],
	"84": [
		0.5484375,
		0.06944444444444445
	],
	"85": [
		0.4984375,
		0.08611111111111111
	],
	"86": [
		0.28125,
		0.7
	],
	"87": [
		0.2734375,
		0.7861111111111111
	],
	"88": [
		0.59375,
		0.13055555555555556
	],
	"89": [
		0.55625,
		0.18611111111111112
	],
	"90": [
		0.5484375,
		0.4583333333333333
	],
	"91": [
		0.5,
		0.4527777777777778
	],
	"92": [
		0.725,
		0.2972222222222222
	],
	"93": [
		0.678125,
		0.2916666666666667
	],
	"94": [
		0.346875,
		0.3972222222222222
	],
	"95": [
		0.390625,
		0.4222222222222222
	],
	"96": [
		0.9265625,
		0.24444444444444444
	],
	"97": [
		0.896875,
		0.3055555555555556
	],
	"98": [
		0.8890625,
		0.9388888888888889
	],
	"99": [
		0.85625,
		0.9944444444444445
	],
	"100": [
		0.58125,
		0.13055555555555556
	],
	"101": [
		0.55625,
		0.19722222222222222
	],
	"102": [
		0.9359375,
		0.26944444444444443
	],
	"103": [
		0.896875,
		0.3055555555555556
	],
	"104": [
		0.6109375,
		0.46111111111111114
	],
	"105": [
		0.5671875,
		0.4583333333333333
	],
	"106": [
		0.6625,
		0.4583333333333333
	],
	"107": [
		0.61875,
		0.46111111111111114
	],
	"108": [
		0.165625,
		0.9555555555555556
	],
	"109": [
		0.1234375,
		0.9555555555555556
	],
	"110": [
		0.3828125,
		0.05
	],
	"111": [
		0.3421875,
		0.06944444444444445
	],
	"112": [
		0.9328125,
		0.24444444444444444
	],
	"113": [
		0.896875,
		0.2833333333333333
	],
	"114": [
		0.8734375,
		0.39444444444444443
	],
	"115": [
		0.834375,
		0.4222222222222222
	],
	"116": [
		0.55625,
		0.13055555555555556
	],
	"117": [
		0.546875,
		0.20277777777777778
	],
	"118": [
		0.6,
		0.13055555555555556
	],
	"119": [
		0.60625,
		0.20277777777777778
	],
	"120": [
		0.56875,
		0.13055555555555556
	],
	"121": [
		0.565625,
		0.20277777777777778
	],
	"122": [
		0.2671875,
		0.9527777777777777
	],
	"123": [
		0.2265625,
		0.9555555555555556
	],
	"124": [
		0.221875,
		0.9194444444444444
	],
	"125": [
		0.18125,
		0.9194444444444444
	],
	"126": [
		0.54375,
		0.05555555555555555
	],
	"127": [
		0.5140625,
		0.10277777777777777
	],
	"128": [
		0.7765625,
		0.05555555555555555
	],
	"129": [
		0.80625,
		0.10277777777777777
	],
	"130": [
		0.55625,
		0.13055555555555556
	],
	"131": [
		0.56875,
		0.19722222222222222
	],
	"132": [
		0.9359375,
		0.2861111111111111
	],
	"133": [
		0.896875,
		0.2777777777777778
	],
	"134": [
		0.890625,
		0.9805555555555555
	],
	"135": [
		0.8515625,
		0.9722222222222222
	],
	"136": [
		0.8734375,
		0.12777777777777777
	],
	"137": [
		0.834375,
		0.13055555555555556
	],
	"138": [
		0.5265625,
		0.09722222222222222
	],
	"139": [
		0.5,
		0.14722222222222223
	],
	"140": [
		0.521875,
		0.044444444444444446
	],
	"141": [
		0.5484375,
		0.09166666666666666
	],
	"142": [
		0.0578125,
		0.9555555555555556
	],
	"143": [
		0.0203125,
		0.9583333333333334
	],
	"144": [
		0.5203125,
		0.9222222222222223
	],
	"145": [
		0.5578125,
		0.925
	],
	"146": [
		0.225,
		0.14722222222222223
	],
	"147": [
		0.1875,
		0.14722222222222223
	],
	"148": [
		0.528125,
		0.05
	],
	"149": [
		0.4984375,
		0.08888888888888889
	],
	"150": [
		0.5875,
		0.03888888888888889
	],
	"151": [
		0.6140625,
		0.08333333333333333
	],
	"152": [
		0.0921875,
		0.14166666666666666
	],
	"153": [
		0.05625,
		0.14166666666666666
	],
	"154": [
		0.48125,
		0.9222222222222223
	],
	"155": [
		0.4453125,
		0.9222222222222223
	],
	"156": [
		0.3328125,
		0.7472222222222222
	],
	"157": [
		0.315625,
		0.8027777777777778
	],
	"158": [
		0.4984375,
		0.08611111111111111
	],
	"159": [
		0.4640625,
		0.06944444444444445
	],
	"160": [
		0.5046875,
		0.08055555555555556
	],
	"161": [
		0.5390625,
		0.09722222222222222
	],
	"162": [
		0.7234375,
		0.08333333333333333
	],
	"163": [
		0.6890625,
		0.06666666666666667
	],
	"164": [
		0.3453125,
		0.03888888888888889
	],
	"165": [
		0.3703125,
		0.08333333333333333
	],
	"166": [
		0.7203125,
		0.05555555555555555
	],
	"167": [
		0.6921875,
		0.09166666666666666
	],
	"168": [
		0.0296875,
		0.11666666666666667
	],
	"169": [
		0.0578125,
		0.1527777777777778
	],
	"170": [
		0.7953125,
		0.044444444444444446
	],
	"171": [
		0.80625,
		0.10277777777777777
	],
	"172": [
		1,
		0.9861111111111112
	],
	"173": [
		0.965625,
		0.9805555555555555
	],
	"174": [
		1,
		0.05555555555555555
	],
	"175": [
		0.9734375,
		0.09444444444444444
	],
	"176": [
		0.1546875,
		0.9194444444444444
	],
	"177": [
		0.1203125,
		0.9194444444444444
	],