{
	"0": [
		0.8078125,
		0.196875
	],
	"1": [
		0.7958984375,
		0.20277777777777778
	],
	"2": [
		0.0818359375,
		0.184375
	],
	"3": [
		0.86640625,
		0.20243055555555556
	],
	"4": [
		0.2869140625,
		0.18680555555555556
	],
	"5": [
		0.133203125,
		0.178125
	],
	"6": [
		0.392578125,
		0.18715277777777778
	],
	"7": [
		0.3505859375,
		0.18888888888888888
	],
	"8": [
		0.303125,
		0.1673611111111111
	],
	"9": [
		0.4169921875,
		0.19131944444444443
	],
	"10": [
		0.548046875,
		0.19305555555555556
	],
	"11": [
		0.541015625,
		0.1986111111111111
	],
	"12": [
		0.8765625,
		0.196875
	],
	"13": [
		0.4734375,
		0.19756944444444444
	],
	"14": [
		0.2197265625,
		0.18368055555555557
	],
	"15": [
		0.4578125,
		0.18854166666666666
	],
	"16": [
		0.7849609375,
		0.19583333333333333
	],
	"17": [
		0.0232421875,
		0.17430555555555555
	],
	"18": [
		0.8537109375,
		0.19444444444444445
	],
	"19": [
		0.090625,
		0.18020833333333333
	],
	"20": [
		0.275,
		0.1909722222222222
	],
	"21": [
		0.1990234375,
		0.18125
	],
	"22": [
		0.4107421875,
		0.19618055555555555
	],
	"23": [
		0.38203125,
		0.17118055555555556
	],
	"24": [
		0.1484375,
		0.1875
	],
	"25": [
		0.2658203125,
		0.18263888888888888
	],
	"26": [
		0.481640625,
		0.19375
	],
	"27": [
		0.0673828125,
		0.1763888888888889
	],
	"28": [
		0.208203125,
		0.1892361111111111
	],
	"29": [
		0.422265625,
		0.1795138888888889
	],
	"30": [
		0.9248046875,
		0.1954861111111111
	],
	"31": [
		0.346484375,
		0.19618055555555555
	],
	"32": [
		0.2255859375,
		0.17708333333333334
	],
	"33": [
		0.3291015625,
		0.18680555555555556
	],
	"34": [
		0.8123046875,
		0.18784722222222222
	],
	"35": [
		0.35703125,
		0.1798611111111111
	],
	"36": [
		0.026171875,
		0.16493055555555555
	],
	"37": [
		0.2697265625,
		0.19618055555555555
	],
	"38": [
		0.2189453125,
		0.178125
	],
	"39": [
		0.48828125,
		0.18888888888888888
	],
	"40": [
		0.291796875,
		0.17777777777777778
	],
	"41": [
		0.2037109375,
		0.19270833333333334
	],
	"42": [
		0.3953125,
		0.20034722222222223
	],
	"43": [
		0.096484375,
		0.17395833333333333
	],
	"44": [
		0.1625,
		0.17847222222222223
	],
	"45": [
		0.137109375,
		0.1909722222222222
	],
	"46": [
		0.3322265625,
		0.2
	],
	"47": [
		0.1556640625,
		0.17708333333333334
	],
	"48": [
		0.283984375,
		0.18055555555555555
	],
	"49": [
		0.5517578125,
		0.18506944444444445
	],
	"50": [
		0.525390625,
		0.2048611111111111
	],
	"51": [
		0.78828125,
		0.20729166666666668
	],
	"52": [
		0.1576171875,
		0.18090277777777777
	],
	"53": [
		0.2564453125,
		0.19930555555555557
	],
	"54": [
		0.6974609375,
		0.17118055555555556
	],
	"55": [
		0.0880859375,
		0.1736111111111111
	],
	"56": [
		0.8857421875,
		0.18819444444444444
	],
	"57": [
		0.2947265625,
		0.19652777777777777
	],
	"58": [
		0.0705078125,
		0.18680555555555556
	],
	"59": [
		0.4787109375,
		0.18611111111111112
	],
	"60": [
		0.11640625,
		0.1545138888888889
	],
	"61": [
		0.4615234375,
		0.203125
	],
	"62": [
		0.7720703125,
		0.16701388888888888
	],
	"63": [
		0.855078125,
		0.21145833333333333
	],
	"64": [
		0.163671875,
		0.19305555555555556
	],
	"65": [
		0.523828125,
		0.19131944444444443
	],
	"66": [
		0.412109375,
		0.18506944444444445
	],
	"67": [
		0.3521484375,
		0.18368055555555557
	],
	"68": [
		0.22890625,
		0.1951388888888889
	],
	"69": [
		0.54453125,
		0.18819444444444444
	],
	"70": [
		0.806640625,
		0.19131944444444443
	],
	"71": [
		0.423828125,
		0.20173611111111112
	],
	"72": [
		0.8162109375,
		0.20347222222222222
	],
	"73": [
		0.030078125,
		0.18368055555555557
	],
	"74": [
		0.01953125,
		0.1701388888888889
	],
	"75": [
		0.6119140625,
		0.17916666666666667
	],
	"76": [
		0.302734375,
		0.1673611111111111
	],
	"77": [
		0.860546875,
		0.20243055555555556
	],
	"78": [
		0.3595703125,
		0.20034722222222223
	],
	"79": [
		0.2046875,
		0.17673611111111112
	],
	"80": [
		0.7904296875,
		0.20069444444444445
	],
	"81": [
		0.8857421875,
		0.20694444444444443
	],
	"82": [
		0.27265625,
		0.19236111111111112
	],
	"83": [
		0.8755859375,
		0.190625
	],
	"84": [
		0.8833984375,
		0.2048611111111111
	],
	"85": [
		0.86015625,
		0.203125
	],
	"86": [
		0.3353515625,
		0.18472222222222223
	],
	"87": [
		0.337109375,
		0.196875
	],
	"88": [
		0.7904296875,
		0.20451388888888888
	],
	"89": [
		0.5546875,
		0.20069444444444445
	],
	"90": [
		0.4888671875,
		0.20243055555555556
	],
	"91": [
		0.0748046875,
		0.18611111111111112
	],
	"92": [
		0.1400390625,
		0.1892361111111111
	],
	"93": [
		0.858984375,
		0.20694444444444443
	],
	"94": [
		0.5515625,
		0.20069444444444445
	],
	"95": [
		0.076171875,
		0.16111111111111112
	],
	"96": [
		0.204296875,
		0.18784722222222222
	],
	"97": [
		0.8134765625,
		0.20520833333333333
	],
	"98": [
		0.0982421875,
		0.18611111111111112
	],
	"99": [
		0.65859375,
		0.9381944444444444
	],
	"100": [
		0.918359375,
		0.184375
	],
	"101": [
		0.399609375,
		0.18506944444444445
	],
	"102": [
		0.7912109375,
		0.19027777777777777
	],
	"103": [
		0.3576171875,
		0.20104166666666667
	],
	"104": [
		0.5296875,
		0.20104166666666667
	],
	"105": [
		0.3990234375,
		0.19722222222222222
	],
	"106": [
		0.20390625,
		0.18993055555555555
	],
	"107": [
		0.3986328125,
		0.19756944444444444
	],
	"108": [
		0.592578125,
		0.17222222222222222
	],
	"109": [
		0.0974609375,
		0.1642361111111111
	],
	"110": [
		0.79609375,
		0.2076388888888889
	],
	"111": [
		0.8615234375,
		0.190625
	],
	"112": [
		0.14140625,
		0.18541666666666667
	],
	"113": [
		0.5265625,
		0.19340277777777778
	],
	"114": [
		0.8890625,
		0.41388888888888886
	],
	"115": [
		0.464453125,
		0.1996527777777778
	],
	"116": [
		0.85703125,
		0.19756944444444444
	],
	"117": [
		0.4470703125,
		0.38819444444444445
	],
	"118": [
		0.1419921875,
		0.1753472222222222
	],
	"119": [
		0.8708984375,
		0.20833333333333334
	],
	"120": [
		0.0732421875,
		0.17326388888888888
	],
	"121": [
		0.3345703125,
		0.19409722222222223
	],
	"122": [
		0.3466796875,
		0.20104166666666667
	],
	"123": [
		0.028515625,
		0.184375
	],
	"124": [
		0.4654296875,
		0.19305555555555556
	],
	"125": [
		0.421875,
		0.2013888888888889
	],
	"126": [
		0.8892578125,
		0.4013888888888889
	],
	"127": [
		0.44609375,
		0.40069444444444446
	],
	"128": [
		0.2578125,
		0.171875
	],
	"129": [
		0.1509765625,
		0.19375
	],
	"130": [
		0.0705078125,
		0.1753472222222222
	],
	"131": [
		0.88828125,
		0.4201388888888889
	],
	"132": [
		0.0189453125,
		0.18472222222222223
	],
	"133": [
		0.2806640625,
		0.19722222222222222
	],
	"134": [
		0.46171875,
		0.19131944444444443
	],
	"135": [
		0.8033203125,
		0.196875
	],
	"136": [
		0.76328125,
		0.18993055555555555
	],
	"137": [
		0.273046875,
		0.18263888888888888
	],
	"138": [
		0.1994140625,
		0.421875
	],
	"139": [
		0.0849609375,
		0.1892361111111111
	],
	"140": [
		0.8720703125,
		0.196875
	],
	"141": [
		0.396875,
		0.18854166666666666
	],
	"142": [
		0.2724609375,
		0.1920138888888889
	],
	"143": [
		0.0720703125,
		0.1892361111111111
	],
	"144": [
		0.447265625,
		0.4111111111111111
	],
	"145": [
		0.4470703125,
		0.41006944444444443
	],
	"146": [
		0.3423828125,
		0.17048611111111112
	],
	"147": [
		0.078125,
		0.16770833333333332
	],
	"148": [
		0.8890625,
		0.41631944444444446
	],
	"149": [
		0.5408203125,
		0.20416666666666666
	],
	"150": [
		0.4765625,
		0.18472222222222223
	],
	"151": [
		0.78984375,
		0.19409722222222223
	],
	"152": [
		0.8888671875,
		0.40520833333333334
	],
	"153": [
		0.5298828125,
		0.18993055555555555
	],
	"154": [
		0.41171875,
		0.20243055555555556
	],
	"155": [
		0.7361328125,
		0.16979166666666667
	],
	"156": [
		0.4669921875,
		0.1857638888888889
	],
	"157": [
		0.53203125,
		0.20208333333333334
	],
	"158": [
		0.2560546875,
		0.17604166666666668
	],
	"159": [
		0.6603515625,
		0.6965277777777777
	],
	"160": [
		0.6228515625,
		0.17708333333333334
	],
	"161": [
		0.447265625,
		0.41180555555555554
	],
	"162": [
		0.665234375,
		0.23159722222222223
	],
	"163": [
		0.226171875,
		0.19131944444444443
	],