{
	"CornerNorthEast": [
		0.19803370786516855,
		0.14206139799807346
	],
	"CornerSouthEast": [
		0.6235955056179775,
		0.3940193491644679
	],
	"CornerSouthWest": [
		0.6882022471910112,
		0.7290698161410563
	]
}