{
	"EighteenYardNorthForwardEast": [
		0.4002808988764045,
		0.21175189512920384
	],
	"PenaltyCircleNorthWest": [
		0.13764044943820225,
		0.38329773422121705
	],
	"EighteenYardNorthRearEast": [
		0.08776266996291718,
		0.19283363463588746
	],
	"SixYardNorthForwardEast": [
		0.07303370786516854,
		0.2599991623738326
	]
}