{
	"PenaltySpotNorth": [
		0.3300561797752809,
		0.4310360734385091
	],
	"EighteenYardNorthForwardWest": [
		0.10393258426966293,
		0.7056001476150936
	],
	"SixYardNorthRearEast": [
		0.15870786516853932,
		0.31884860226958206
	]
}