{
	"CornerNorthWest": [
		0.11235955056179775,
		0.16886543535620052
	],
	"CornerNorthEast": [
		0.7851123595505618,
		0.1259789755831972
	],
	"CornerSouthEast": [
		0.8764044943820225,
		0.8925744440256314
	],
	"CornerSouthWest": [
		0.06882022471910113,
		0.9043418686306415
	]
}