{
	"EighteenYardNorthForwardEast": [
		0.3890449438202247,
		0.21979310633664195
	],
	"PenaltyCircleNorthWest": [
		0.12640449438202248,
		0.3940193491644679
	],
	"SixYardNorthForwardEast": [
		0.06601123595505617,
		0.2519579511663944
	],
	"EighteenYardNorthRearEast": [
		0.0898876404494382,
		0.19030866524270218
	]
}