{
	"CornerNorthWest": [
		0.12640449438202248,
		0.20279181296565899
	],
	"CornerNorthEast": [
		0.9157303370786517,
		0.0876937569581228
	],
	"CornerSouthEast": [
		0.8089887640449438,
		0.8467928406268733
	],
	"CornerSouthWest": [
		0.125,
		0.8467928406268733
	]
}