{
	"SixYardNorthForwardEast": [
		0.06460674157303371,
		0.2509456591936525
	],
	"EighteenYardNorthForwardEast": [
		0.38764044943820225,
		0.23027954608358706
	],
	"PenaltyCircleNorthWest": [
		0.12950718142818335,
		0.39728271460444675
	],
	"CornerNorthEast": [
		0.19662921348314608,
		0.15010260920551158
	],
	"PenaltyCircleNorthEast": [
		0.29353932584269665,
		0.2868031997319596
	],
	"PenaltySpotNorth": [
		0.08567415730337079,
		0.3336101116339146
	]
}