{
	"CornerNorthWest": [
		0.1348314606741573,
		0.5414415546341668
	],
	"CornerNorthEast": [
		0.16573033707865167,
		0.1581438204129497
	],
	"CornerSouthEast": [
		0.476123595505618,
		0.155463416677137
	],
	"CornerSouthWest": [
		0.4887640449438202,
		0.5521631695774176
	]
}