{
	"0": [
		0.9818359375,
		0.11319444444444444
	],
	"1": [
		0.726953125,
		0.0954861111111111
	],
	"2": [
		0.41640625,
		0.11180555555555556
	],
	"3": [
		0.759375,
		0.09166666666666666
	],
	"4": [
		0.65234375,
		0.07777777777777778
	],
	"5": [
		0.5017578125,
		0.06736111111111111
	],
	"6": [
		0.96015625,
		0.10868055555555556
	],
	"7": [
		0.726171875,
		0.10520833333333333
	],
	"8": [
		0.4224609375,
		0.103125
	],
	"9": [
		0.9521484375,
		0.13472222222222222
	],
	"10": [
		0.9595703125,
		0.11909722222222222
	],
	"11": [
		0.719921875,
		0.12152777777777778
	],
	"12": [
		0.212890625,
		0.17395833333333333
	],
	"13": [
		0.603515625,
		0.05555555555555555
	],
	"14": [
		0.1591796875,
		0.19791666666666666
	],
	"15": [
		0.3376953125,
		0.13020833333333334
	],
	"16": [
		0.30078125,
		0.14375
	],
	"17": [
		0.3318359375,
		0.14027777777777778
	],
	"18": [
		0.136328125,
		0.17708333333333334
	],
	"19": [
		0.8017578125,
		0.07256944444444445
	],
	"20": [
		0.76953125,
		0.06840277777777778
	],
	"21": [
		0.295703125,
		0.15486111111111112
	],
	"22": [
		0.277734375,
		0.165625
	],
	"23": [
		0.169140625,
		0.18645833333333334
	],
	"24": [
		0.27578125,
		0.1361111111111111
	],
	"25": [
		0.280078125,
		0.15520833333333334
	],
	"26": [
		0.872265625,
		0.08159722222222222
	],
	"27": [
		0.1357421875,
		0.9079861111111112
	],
	"28": [
		0.7087890625,
		0.11041666666666666
	],
	"29": [
		0.9490234375,
		0.10381944444444445
	],
	"30": [
		0.1375,
		0.21493055555555557
	],
	"31": [
		0.1716796875,
		0.9173611111111111
	],
	"32": [
		0.3951171875,
		0.12465277777777778
	],
	"33": [
		0.7193359375,
		0.10555555555555556
	],
	"34": [
		0.2009765625,
		0.1829861111111111
	],
	"35": [
		0.44609375,
		0.1
	],
	"36": [
		0.871875,
		0.075
	],
	"37": [
		0.871875,
		0.08923611111111111
	],
	"38": [
		0.9515625,
		0.12118055555555556
	],
	"39": [
		0.977734375,
		0.08541666666666667
	],
	"40": [
		0.3998046875,
		0.11145833333333334
	],
	"41": [
		0.2853515625,
		0.12013888888888889
	],
	"42": [
		0.632421875,
		0.058333333333333334
	],
	"43": [
		0.1361328125,
		0.9086805555555556
	],
	"44": [
		0.1541015625,
		0.17152777777777778
	],
	"45": [
		0.643359375,
		0.3368055555555556
	],
	"46": [
		0.7693359375,
		0.078125
	],
	"47": [
		0.3125,
		0.14756944444444445
	],
	"48": [
		0.1841796875,
		0.19166666666666668
	],
	"49": [
		0.2197265625,
		0.18055555555555555
	],
	"50": [
		0.716015625,
		0.08854166666666667
	],
	"51": [
		0.754296875,
		0.11631944444444445
	],
	"52": [
		0.278125,
		0.14270833333333333
	],
	"53": [
		0.642578125,
		0.36215277777777777
	],
	"54": [
		0.93515625,
		0.1375
	],
	"55": [
		0.3185546875,
		0.9482638888888889
	],
	"56": [
		0.18046875,
		0.5739583333333333
	],
	"57": [
		0.022265625,
		0.8902777777777777
	],
	"58": [
		0.643359375,
		0.33645833333333336
	],
	"59": [
		0.4591796875,
		0.08993055555555556
	],
	"60": [
		0.1884765625,
		0.19409722222222223
	],
	"61": [
		0.2837890625,
		0.1326388888888889
	],
	"62": [
		0.6431640625,
		0.33784722222222224
	],
	"63": [
		0.0265625,
		0.8892361111111111
	],
	"64": [
		0.67578125,
		0.07534722222222222
	],
	"65": [
		0.7419921875,
		0.22604166666666667
	],
	"66": [
		0.214453125,
		0.18993055555555555
	],
	"67": [
		0.147265625,
		0.17465277777777777
	],
	"68": [
		0.723046875,
		0.09340277777777778
	],
	"69": [
		0.4033203125,
		0.11979166666666667
	],
	"70": [
		0.142578125,
		0.19826388888888888
	],
	"71": [
		0.22109375,
		0.18611111111111112
	],
	"72": [
		0.1923828125,
		0.18020833333333333
	],
	"73": [
		0.2833984375,
		0.16284722222222223
	],
	"74": [
		0.4650390625,
		0.10347222222222222
	],
	"75": [
		0.1478515625,
		0.20902777777777778
	],
	"76": [
		0.646875,
		0.35659722222222223
	],
	"77": [
		0.322265625,
		0.13819444444444445
	],
	"78": [
		0.7021484375,
		0.09375
	],
	"79": [
		0.199609375,
		0.19027777777777777
	],
	"80": [
		0.173046875,
		0.5798611111111112
	],
	"81": [
		0.14296875,
		0.184375
	],
	"82": [
		0.2208984375,
		0.17256944444444444
	],
	"83": [
		0.42890625,
		0.10694444444444444
	],
	"84": [
		0.73046875,
		0.10868055555555556
	],
	"85": [
		0.97265625,
		0.12152777777777778
	],
	"86": [
		0.6310546875,
		0.06701388888888889
	],
	"87": [
		0.2689453125,
		0.9357638888888888
	],
	"88": [
		0.69296875,
		0.06736111111111111
	],
	"89": [
		0.962890625,
		0.12361111111111112
	],
	"90": [
		0.712109375,
		0.09791666666666667
	],
	"91": [
		0.9794921875,
		0.13159722222222223
	],
	"92": [
		0.8013671875,
		0.07847222222222222
	],
	"93": [
		0.710546875,
		0.09270833333333334
	],
	"94": [
		0.3189453125,
		0.14930555555555555
	],
	"95": [
		0.70703125,
		0.08368055555555555
	],
	"96": [
		0.438671875,
		0.09756944444444444
	],
	"97": [
		0.9435546875,
		0.10625
	],
	"98": [
		0.6466796875,
		0.35
	],
	"99": [
		0.52578125,
		0.06979166666666667
	],
	"100": [
		0.9775390625,
		0.09131944444444444
	],
	"101": [
		0.4419921875,
		0.10659722222222222
	],
	"102": [
		0.7541015625,
		0.1111111111111111
	],
	"103": [
		0.616796875,
		0.30868055555555557
	],
	"104": [
		0.458984375,
		0.10381944444444445
	],
	"105": [
		0.177734375,
		0.20069444444444445
	],
	"106": [
		0.326953125,
		0.14618055555555556
	],
	"107": [
		0.4650390625,
		0.08958333333333333
	],
	"108": [
		0.2900390625,
		0.13125
	],
	"109": [
		0.1185546875,
		0.2791666666666667
	],
	"110": [
		0.433203125,
		0.10972222222222222
	],
	"111": [
		0.2125,
		0.18680555555555556
	],
	"112": [
		0.7462890625,
		0.11875
	],
	"113": [
		0.1771484375,
		0.18333333333333332
	],
	"114": [
		0.17421875,
		0.203125
	],
	"115": [
		0.734375,
		0.08298611111111111
	],
	"116": [
		0.60390625,
		0.06076388888888889
	],
	"117": [
		0.6662109375,
		0.06909722222222223
	],
	"118": [
		0.3466796875,
		0.14097222222222222
	],
	"119": [
		0.2208984375,
		0.14166666666666666
	],
	"120": [
		0.1693359375,
		0.2013888888888889
	],
	"121": [
		0.215234375,
		0.18611111111111112
	],
	"122": [
		0.20703125,
		0.19131944444444443
	],
	"123": [
		0.312109375,
		0.15347222222222223
	],
	"124": [
		0.721875,
		0.10173611111111111
	],
	"125": [
		0.9779296875,
		0.1232638888888889
	],
	"126": [
		0.705078125,
		0.1125
	],
	"127": [
		0.950390625,
		0.09409722222222222
	],
	"128": [
		0.3341796875,
		0.26666666666666666
	],
	"129": [
		0.4576171875,
		0.08576388888888889
	],
	"130": [
		0.1626953125,
		0.20381944444444444
	],
	"131": [
		0.3474609375,
		0.128125
	],
	"132": [
		0.4259765625,
		0.4204861111111111
	],
	"133": [
		0.93515625,
		0.11736111111111111
	],
	"134": [
		0.1791015625,
		0.175
	],
	"135": [
		0.9552734375,
		0.1076388888888889
	],
	"136": [
		0.973046875,
		0.13680555555555557
	],
	"137": [
		0.0412109375,
		0.5645833333333333
	],
	"138": [
		0.934765625,
		0.11145833333333334
	],
	"139": [
		0.9775390625,
		0.13055555555555556
	],
	"140": [
		0.7498046875,
		0.11423611111111111
	],
	"141": [
		0.5474609375,
		0.10243055555555555
	],
	"142": [
		0.7517578125,
		0.10694444444444444
	],
	"143": [
		0.2095703125,
		0.16458333333333333
	],
	"144": [
		0.42109375,
		0.11423611111111111
	],
	"145": [
		0.1681640625,
		0.17743055555555556
	],
	"146": [
		0.73125,
		0.11840277777777777
	],
	"147": [
		0.220703125,
		0.5472222222222223
	],
	"148": [
		0.624609375,
		0.05659722222222222
	],
	"149": [
		0.296875,
		0.16006944444444443
	],
	"150": [
		0.334765625,
		0.12395833333333334
	],
	"151": [
		0.5787109375,
		0.06076388888888889
	],
	"152": [
		0.4193359375,
		0.11770833333333333
	],
	"153": [
		0.2177734375,
		0.16180555555555556
	],
	"154": [
		0.802734375,
		0.0763888888888889
	],
	"155": [
		0.4203125,
		0.09479166666666666
	],
	"156": [
		0.051953125,
		0.39791666666666664
	],
	"157": [
		0.94375,
		0.12777777777777777
	],
	"158": [
		0.9591796875,
		0.12743055555555555
	],
	"159": [
		0.9646484375,
		0.13125
	],
	"160": [
		0.341796875,
		0.1451388888888889
	],
	"161": [
		0.9513671875,
		0.121875
	],
	"162": [
		0.903125,
		0.08576388888888889
	],
	"163": [
		0.2177734375,
		0.1684027777777778
	],