{
	"0": [
		0.6205078125,
		0.07361111111111111
	],
	"1": [
		0.4615234375,
		0.06701388888888889
	],
	"2": [
		0.789453125,
		0.08229166666666667
	],
	"3": [
		0.7216796875,
		0.07673611111111112
	],
	"4": [
		0.3154296875,
		0.05520833333333333
	],
	"5": [
		0.3853515625,
		0.06111111111111111
	],
	"6": [
		0.5412109375,
		0.07256944444444445
	],
	"7": [
		0.973828125,
		0.08819444444444445
	],
	"8": [
		0.524609375,
		0.05451388888888889
	],
	"9": [
		0.4744140625,
		0.06493055555555556
	],
	"10": [
		0.0947265625,
		0.09791666666666667
	],
	"11": [
		0.4458984375,
		0.049652777777777775
	],
	"12": [
		0.685546875,
		0.0625
	],
	"13": [
		0.30625,
		0.09722222222222222
	],
	"14": [
		0.7052734375,
		0.08298611111111111
	],
	"15": [
		0.9583984375,
		0.0920138888888889
	],
	"16": [
		0.6029296875,
		0.059722222222222225
	],
	"17": [
		0.396484375,
		0.059375
	],
	"18": [
		0.5537109375,
		0.07013888888888889
	],
	"19": [
		0.7212890625,
		0.06805555555555555
	],
	"20": [
		0.8083984375,
		0.075
	],
	"21": [
		0.8083984375,
		0.075
	],
	"22": [
		0.72578125,
		0.06354166666666666
	],
	"23": [
		0.680078125,
		0.04131944444444444
	],
	"24": [
		0.880859375,
		0.08506944444444445
	],
	"25": [
		0.6611328125,
		0.043055555555555555
	],
	"26": [
		0.898828125,
		0.08333333333333333
	],
	"27": [
		0.951953125,
		0.07395833333333333
	],
	"28": [
		0.480078125,
		0.052083333333333336
	],
	"29": [
		0.7701171875,
		0.06354166666666666
	],
	"30": [
		0.2947265625,
		0.10138888888888889
	],
	"31": [
		0.370703125,
		0.058333333333333334
	],
	"32": [
		0.6416015625,
		0.06111111111111111
	],
	"33": [
		0.69140625,
		0.07847222222222222
	],
	"34": [
		0.6361328125,
		0.071875
	],
	"35": [
		0.8109375,
		0.06875
	],
	"36": [
		0.559375,
		0.059027777777777776
	],
	"37": [
		0.7732421875,
		0.08194444444444444
	],
	"38": [
		0.4025390625,
		0.04756944444444444
	],
	"39": [
		0.1173828125,
		0.10451388888888889
	],
	"40": [
		0.1140625,
		0.103125
	],
	"41": [
		0.6916015625,
		0.08888888888888889
	],
	"42": [
		0.75078125,
		0.059027777777777776
	],
	"43": [
		0.3734375,
		0.06631944444444444
	],
	"44": [
		0.8333984375,
		0.05347222222222222
	],
	"45": [
		0.9033203125,
		0.065625
	],
	"46": [
		0.6080078125,
		0.08229166666666667
	],
	"47": [
		0.954296875,
		0.07534722222222222
	],
	"48": [
		0.8595703125,
		0.0625
	],
	"49": [
		0.5306640625,
		0.07256944444444445
	],
	"50": [
		0.8658203125,
		0.09027777777777778
	],
	"51": [
		0.0353515625,
		0.09305555555555556
	],
	"52": [
		0.312109375,
		0.05555555555555555
	],
	"53": [
		0.2404296875,
		0.1076388888888889
	],
	"54": [
		0.44609375,
		0.06736111111111111
	],
	"55": [
		0.0806640625,
		0.10381944444444445
	],
	"56": [
		0.3212890625,
		0.04722222222222222
	],
	"57": [
		0.9521484375,
		0.07604166666666666
	],
	"58": [
		0.5255859375,
		0.07326388888888889
	],
	"59": [
		0.6923828125,
		0.08333333333333333
	],
	"60": [
		0.6427734375,
		0.07951388888888888
	],
	"61": [
		0.77734375,
		0.084375
	],
	"62": [
		0.9423828125,
		0.05486111111111111
	],
	"63": [
		0.921875,
		0.04826388888888889
	],
	"64": [
		0.904296875,
		0.08472222222222223
	],
	"65": [
		0.861328125,
		0.06944444444444445
	],
	"66": [
		0.861328125,
		0.07465277777777778
	],
	"67": [
		0.8544921875,
		0.04618055555555556
	],
	"68": [
		0.567578125,
		0.03784722222222222
	],
	"69": [
		0.8072265625,
		0.07326388888888889
	],
	"70": [
		0.6328125,
		0.0642361111111111
	],
	"71": [
		0.960546875,
		0.09027777777777778
	],
	"72": [
		0.86640625,
		0.0798611111111111
	],
	"73": [
		0.6984375,
		0.08333333333333333
	],
	"74": [
		0.7265625,
		0.08229166666666667
	],
	"75": [
		0.3771484375,
		0.059722222222222225
	],
	"76": [
		0.8533203125,
		0.04236111111111111
	],
	"77": [
		0.69296875,
		0.06770833333333333
	],
	"78": [
		0.5474609375,
		0.059375
	],
	"79": [
		0.6125,
		0.07673611111111112
	],
	"80": [
		0.0955078125,
		0.09722222222222222
	],
	"81": [
		0.293359375,
		0.10451388888888889
	],
	"82": [
		0.56171875,
		0.07326388888888889
	],
	"83": [
		0.8580078125,
		0.04756944444444444
	],
	"84": [
		0.868359375,
		0.08819444444444445
	],
	"85": [
		0.89921875,
		0.07708333333333334
	],
	"86": [
		0.9552734375,
		0.07430555555555556
	],
	"87": [
		0.80234375,
		0.9395833333333333
	],
	"88": [
		0.6951171875,
		0.0763888888888889
	],
	"89": [
		0.913671875,
		0.9597222222222223
	],
	"90": [
		0.455859375,
		0.03333333333333333
	],
	"91": [
		0.21171875,
		0.10520833333333333
	],
	"92": [
		0.78203125,
		0.08541666666666667
	],
	"93": [
		0.326953125,
		0.06111111111111111
	],
	"94": [
		0.8130859375,
		0.08784722222222222
	],
	"95": [
		0.380859375,
		0.06215277777777778
	],
	"96": [
		0.301953125,
		0.10173611111111111
	],
	"97": [
		0.796875,
		0.08819444444444445
	],
	"98": [
		0.903125,
		0.08854166666666667
	],
	"99": [
		0.883984375,
		0.09236111111111112
	],
	"100": [
		0.0412109375,
		0.08958333333333333
	],
	"101": [
		0.534765625,
		0.051041666666666666
	],
	"102": [
		0.6130859375,
		0.0625
	],
	"103": [
		0.112890625,
		0.10069444444444445
	],
	"104": [
		0.482421875,
		0.07013888888888889
	],
	"105": [
		0.9435546875,
		0.05659722222222222
	],
	"106": [
		0.27109375,
		0.8395833333333333
	],
	"107": [
		0.3951171875,
		0.050347222222222224
	],
	"108": [
		0.867578125,
		0.08229166666666667
	],
	"109": [
		0.9208984375,
		0.9635416666666666
	],
	"110": [
		0.85625,
		0.9506944444444444
	],
	"111": [
		0.4556640625,
		0.06805555555555555
	],
	"112": [
		0.143359375,
		0.10416666666666667
	],
	"113": [
		0.8791015625,
		0.9569444444444445
	],
	"114": [
		0.7736328125,
		0.07048611111111111
	],
	"115": [
		0.830078125,
		0.05138888888888889
	],
	"116": [
		0.982421875,
		0.0920138888888889
	],
	"117": [
		0.534375,
		0.07361111111111111
	],
	"118": [
		0.4490234375,
		0.06284722222222222
	],
	"119": [
		0.9392578125,
		0.9684027777777777
	],
	"120": [
		0.2974609375,
		0.10347222222222222
	],
	"121": [
		0.4537109375,
		0.06319444444444444
	],
	"122": [
		0.4046875,
		0.06354166666666666
	],
	"123": [
		0.5296875,
		0.06354166666666666
	],
	"124": [
		0.6087890625,
		0.06701388888888889
	],
	"125": [
		0.6357421875,
		0.04583333333333333
	],
	"126": [
		0.03125,
		0.09895833333333333
	],
	"127": [
		0.065625,
		0.10625
	],
	"128": [
		0.1919921875,
		0.8732638888888888
	],
	"129": [
		0.7267578125,
		0.08368055555555555
	],
	"130": [
		0.6095703125,
		0.065625
	],
	"131": [
		0.9310546875,
		0.9670138888888888
	],
	"132": [
		0.02109375,
		0.11076388888888888
	],
	"133": [
		0.1466796875,
		0.10451388888888889
	],
	"134": [
		0.7294921875,
		0.08715277777777777
	],
	"135": [
		0.4662109375,
		0.05381944444444445
	],
	"136": [
		0.2966796875,
		0.10138888888888889
	],
	"137": [
		0.08984375,
		0.09861111111111111
	],
	"138": [
		0.6158203125,
		0.07673611111111112
	],
	"139": [
		0.7091796875,
		0.084375
	],
	"140": [
		0.255859375,
		0.8378472222222222
	],
	"141": [
		0.777734375,
		0.07708333333333334
	],
	"142": [
		0.4515625,
		0.06875
	],
	"143": [
		0.880078125,
		0.03888888888888889
	],
	"144": [
		0.54140625,
		0.07326388888888889
	],
	"145": [
		0.8380859375,
		0.946875
	],
	"146": [
		0.9427734375,
		0.057291666666666664
	],
	"147": [
		0.5376953125,
		0.04027777777777778
	],
	"148": [
		0.0970703125,
		0.10381944444444445
	],
	"149": [
		0.9666015625,
		0.07708333333333334
	],
	"150": [
		0.1103515625,
		0.10659722222222222
	],
	"151": [
		0.1314453125,
		0.10625
	],
	"152": [
		0.779296875,
		0.075
	],
	"153": [
		0.3765625,
		0.046875
	],
	"154": [
		0.4525390625,
		0.05173611111111111
	],
	"155": [
		0.8865234375,
		0.0763888888888889
	],
	"156": [
		0.326953125,
		0.06458333333333334
	],
	"157": [
		0.4533203125,
		0.034722222222222224
	],
	"158": [
		0.8134765625,
		0.08854166666666667
	],
	"159": [
		0.9822265625,
		0.07847222222222222
	],
	"160": [
		0.373046875,
		0.05138888888888889
	],
	"161": [
		0.2990234375,
		0.10277777777777777
	],
	"162": [
		0.4638671875,
		0.06979166666666667
	],