{
	"0": [
		0.1322265625,
		0.18055555555555555
	],
	"1": [
		0.2875,
		0.06180555555555556
	],
	"2": [
		0.2515625,
		0.19791666666666666
	],
	"3": [
		0.204296875,
		0.19826388888888888
	],
	"4": [
		0.20859375,
		0.050694444444444445
	],
	"5": [
		0.291796875,
		0.08715277777777777
	],
	"6": [
		0.4021484375,
		0.20208333333333334
	],
	"7": [
		0.2728515625,
		0.09270833333333334
	],
	"8": [
		0.28984375,
		0.06979166666666667
	],
	"9": [
		0.178125,
		0.19131944444444443
	],
	"10": [
		0.1529296875,
		0.13541666666666666
	],
	"11": [
		0.178125,
		0.1920138888888889
	],
	"12": [
		0.3775390625,
		0.1986111111111111
	],
	"13": [
		0.1322265625,
		0.18055555555555555
	],
	"14": [
		0.2427734375,
		0.04722222222222222
	],
	"15": [
		0.2921875,
		0.08680555555555555
	],
	"16": [
		0.204296875,
		0.19826388888888888
	],
	"17": [
		0.2703125,
		0.1986111111111111
	],
	"18": [
		0.2703125,
		0.1986111111111111
	],
	"19": [
		0.2033203125,
		0.19618055555555555
	],
	"20": [
		0.337109375,
		0.19756944444444444
	],
	"21": [
		0.337109375,
		0.19756944444444444
	],
	"22": [
		0.3771484375,
		0.19131944444444443
	],
	"23": [
		0.2521484375,
		0.19652777777777777
	],
	"24": [
		0.1251953125,
		0.15520833333333334
	],
	"25": [
		0.253515625,
		0.05173611111111111
	],
	"26": [
		0.136328125,
		0.18090277777777777
	],
	"27": [
		0.178125,
		0.19236111111111112
	],
	"28": [
		0.136328125,
		0.18194444444444444
	],
	"29": [
		0.2703125,
		0.1986111111111111
	],
	"30": [
		0.2931640625,
		0.08611111111111111
	],
	"31": [
		0.2515625,
		0.19791666666666666
	],
	"32": [
		0.178515625,
		0.196875
	],
	"33": [
		0.2439453125,
		0.184375
	],
	"34": [
		0.25,
		0.04895833333333333
	],
	"35": [
		0.337109375,
		0.19756944444444444
	],
	"36": [
		0.1099609375,
		0.19270833333333334
	],
	"37": [
		0.3884765625,
		0.17847222222222223
	],
	"38": [
		0.31171875,
		0.18993055555555555
	],
	"39": [
		0.1625,
		0.13680555555555557
	],
	"40": [
		0.311328125,
		0.19722222222222222
	],
	"41": [
		0.20859375,
		0.050347222222222224
	],
	"42": [
		0.0283203125,
		0.16701388888888888
	],
	"43": [
		0.2875,
		0.0625
	],
	"44": [
		0.3771484375,
		0.19131944444444443
	],
	"45": [
		0.173828125,
		0.12743055555555555
	],
	"46": [
		0.178125,
		0.19270833333333334
	],
	"47": [
		0.136328125,
		0.18090277777777777
	],
	"48": [
		0.2521484375,
		0.1986111111111111
	],
	"49": [
		0.337109375,
		0.19756944444444444
	],
	"50": [
		0.311328125,
		0.196875
	],
	"51": [
		0.311328125,
		0.196875
	],
	"52": [
		0.2703125,
		0.1986111111111111
	],
	"53": [
		0.136328125,
		0.18090277777777777
	],
	"54": [
		0.3775390625,
		0.19826388888888888
	],
	"55": [
		0.311328125,
		0.196875
	],
	"56": [
		0.178125,
		0.19236111111111112
	],
	"57": [
		0.204296875,
		0.19826388888888888
	],
	"58": [
		0.2525390625,
		0.05
	],
	"59": [
		0.1779296875,
		0.19131944444444443
	],
	"60": [
		0.29453125,
		0.08645833333333333
	],
	"61": [
		0.111328125,
		0.19930555555555557
	],
	"62": [
		0.2931640625,
		0.08680555555555555
	],
	"63": [
		0.3111328125,
		0.19826388888888888
	],
	"64": [
		0.337109375,
		0.19756944444444444
	],
	"65": [
		0.3884765625,
		0.17847222222222223
	],
	"66": [
		0.265625,
		0.8565972222222222
	],
	"67": [
		0.1779296875,
		0.19131944444444443
	],
	"68": [
		0.3451171875,
		0.8604166666666667
	],
	"69": [
		0.0271484375,
		0.15625
	],
	"70": [
		0.2521484375,
		0.1986111111111111
	],
	"71": [
		0.2515625,
		0.05277777777777778
	],
	"72": [
		0.2703125,
		0.1986111111111111
	],
	"73": [
		0.2501953125,
		0.04895833333333333
	],
	"74": [
		0.1251953125,
		0.15520833333333334
	],
	"75": [
		0.2703125,
		0.19895833333333332
	],
	"76": [
		0.337109375,
		0.19756944444444444
	],
	"77": [
		0.337109375,
		0.19756944444444444
	],
	"78": [
		0.1322265625,
		0.18055555555555555
	],
	"79": [
		0.290625,
		0.06145833333333333
	],
	"80": [
		0.311328125,
		0.196875
	],
	"81": [
		0.3416015625,
		0.8604166666666667
	],
	"82": [
		0.3416015625,
		0.8604166666666667
	],
	"83": [
		0.2873046875,
		0.06875
	],
	"84": [
		0.341015625,
		0.8597222222222223
	],
	"85": [
		0.2515625,
		0.19791666666666666
	],
	"86": [
		0.4021484375,
		0.20208333333333334
	],
	"87": [
		0.1271484375,
		0.15763888888888888
	],
	"88": [
		0.2873046875,
		0.0625
	],
	"89": [
		0.40859375,
		0.8625
	],
	"90": [
		0.0857421875,
		0.15381944444444445
	],
	"91": [
		0.2876953125,
		0.06354166666666666
	],
	"92": [
		0.2353515625,
		0.10208333333333333
	],
	"93": [
		0.12734375,
		0.18472222222222223
	],
	"94": [
		0.204296875,
		0.19826388888888888
	],
	"95": [
		0.1306640625,
		0.18159722222222222
	],
	"96": [
		0.371875,
		0.8614583333333333
	],
	"97": [
		0.204296875,
		0.19826388888888888
	],
	"98": [
		0.1205078125,
		0.16319444444444445
	],
	"99": [
		0.12734375,
		0.184375
	],
	"100": [
		0.204296875,
		0.19826388888888888
	],
	"101": [
		0.2515625,
		0.19791666666666666
	],
	"102": [
		0.2880859375,
		0.06875
	],
	"103": [
		0.2728515625,
		0.09270833333333334
	],
	"104": [
		0.272265625,
		0.8597222222222223
	],
	"105": [
		0.4021484375,
		0.20277777777777778
	],
	"106": [
		0.2515625,
		0.19791666666666666
	],
	"107": [
		0.337109375,
		0.19756944444444444
	],
	"108": [
		0.2703125,
		0.052083333333333336
	],
	"109": [
		0.2703125,
		0.1986111111111111
	],
	"110": [
		0.4021484375,
		0.20277777777777778
	],
	"111": [
		0.12734375,
		0.14930555555555555
	],
	"112": [
		0.2880859375,
		0.0642361111111111
	],
	"113": [
		0.292578125,
		0.08715277777777777
	],
	"114": [
		0.24921875,
		0.04826388888888889
	],
	"115": [
		0.2455078125,
		0.09826388888888889
	],
	"116": [
		0.2703125,
		0.1986111111111111
	],
	"117": [
		0.1310546875,
		0.18090277777777777
	],
	"118": [
		0.3220703125,
		0.18055555555555555
	],
	"119": [
		0.122265625,
		0.15694444444444444
	],
	"120": [
		0.290625,
		0.06145833333333333
	],
	"121": [
		0.0232421875,
		0.16319444444444445
	],
	"122": [
		0.2703125,
		0.1986111111111111
	],
	"123": [
		0.1380859375,
		0.85
	],
	"124": [
		0.2521484375,
		0.19305555555555556
	],
	"125": [
		0.204296875,
		0.19826388888888888
	],
	"126": [
		0.246484375,
		0.04722222222222222
	],
	"127": [
		0.337109375,
		0.19756944444444444
	],
	"128": [
		0.3771484375,
		0.19791666666666666
	],
	"129": [
		0.1365234375,
		0.18368055555555557
	],
	"130": [
		0.2703125,
		0.1986111111111111
	],
	"131": [
		0.337109375,
		0.19756944444444444
	],
	"132": [
		0.2828125,
		0.06041666666666667
	],
	"133": [
		0.203125,
		0.19652777777777777
	],
	"134": [
		0.4021484375,
		0.20277777777777778
	],
	"135": [
		0.136328125,
		0.18090277777777777
	],
	"136": [
		0.1359375,
		0.1857638888888889
	],
	"137": [
		0.2861328125,
		0.06805555555555555
	],
	"138": [
		0.2703125,
		0.1986111111111111
	],
	"139": [
		0.1322265625,
		0.18055555555555555
	],
	"140": [
		0.2703125,
		0.1986111111111111
	],
	"141": [
		0.311328125,
		0.19722222222222222
	],
	"142": [
		0.2080078125,
		0.04895833333333333
	],
	"143": [
		0.337109375,
		0.19756944444444444
	],
	"144": [
		0.250390625,
		0.09618055555555556
	],
	"145": [
		0.2041015625,
		0.19826388888888888
	],
	"146": [
		0.2515625,
		0.19791666666666666
	],
	"147": [
		0.2943359375,
		0.08298611111111111
	],
	"148": [
		0.204296875,
		0.19826388888888888
	],
	"149": [
		0.204296875,
		0.19826388888888888
	],
	"150": [
		0.207421875,
		0.04895833333333333
	],
	"151": [
		0.2453125,
		0.04583333333333333
	],
	"152": [
		0.0228515625,
		0.1625
	],
	"153": [
		0.2896484375,
		0.06458333333333334
	],
	"154": [
		0.2001953125,
		0.11388888888888889
	],
	"155": [
		0.204296875,
		0.19826388888888888
	],
	"156": [
		0.25078125,
		0.1892361111111111
	],
	"157": [
		0.3326171875,
		0.18055555555555555
	],
	"158": [
		0.2041015625,
		0.19826388888888888
	],
	"159": [
		0.0283203125,
		0.15486111111111112
	],
	"160": [
		0.2041015625,
		0.19826388888888888
	],
	"161": [
		0.4021484375,
		0.20208333333333334
	],
	"162": [
		0.2904296875,
		0.07361111111111111
	],
	"163": [
		0.2037109375,
		0.18993055555555555
	],