{
	"CornerNorthWest": [
		0.2991573033707865,
		0.17154583909201324
	],
	"CornerNorthEast": [
		0.6306179775280899,
		0.17422624282782595
	],
	"CornerSouthEast": [
		0.6348314606741573,
		0.6915441638396783
	],
	"CornerSouthWest": [
		0.28651685393258425,
		0.71298739372618
	]
}