{
	"0": [
		0.3921875,
		0.14722222222222223
	],
	"1": [
		0.334375,
		0.18611111111111112
	],
	"2": [
		0.225,
		0.25555555555555554
	],
	"3": [
		0.1671875,
		0.29444444444444445
	],
	"4": [
		0.059375,
		0.35833333333333334
	],
	"5": [
		0.0015625,
		0.39444444444444443
	],
	"6": [
		0.1140625,
		0.325
	],
	"7": [
		0.05625,
		0.3611111111111111
	],
	"8": [
		0.2796875,
		0.21944444444444444
	],
	"9": [
		0.2234375,
		0.25833333333333336
	],
	"10": [
		0.8359375,
		0.9611111111111111
	],
	"11": [
		0.7765625,
		0.9444444444444444
	],
	"12": [
		0.1140625,
		0.10277777777777777
	],
	"13": [
		0.05625,
		0.08333333333333333
	],
	"14": [
		0.278125,
		0.05277777777777778
	],
	"15": [
		0.3359375,
		0.06944444444444445
	],
	"16": [
		0.446875,
		0.08055555555555556
	],
	"17": [
		0.3890625,
		0.06666666666666667
	],
	"18": [
		0.05625,
		0.1
	],
	"19": [
		0.1140625,
		0.11388888888888889
	],
	"20": [
		0.225,
		0.3138888888888889
	],
	"21": [
		0.1671875,
		0.3277777777777778
	],
	"22": [
		0.3359375,
		0.8666666666666667
	],
	"23": [
		0.278125,
		0.8555555555555555
	],
	"24": [
		0.390625,
		0.875
	],
	"25": [
		0.3328125,
		0.8638888888888889
	],
	"26": [
		0.446875,
		0.8861111111111111
	],
	"27": [
		0.3890625,
		0.875
	],
	"28": [
		0.6140625,
		0.9138888888888889
	],
	"29": [
		0.55625,
		0.9027777777777778
	],
	"30": [
		0.725,
		0.09722222222222222
	],
	"31": [
		0.6671875,
		0.08888888888888889
	],
	"32": [
		0.16875,
		0.8388888888888889
	],
	"33": [
		0.1109375,
		0.8305555555555556
	],
	"34": [
		0.225,
		0.8472222222222222
	],
	"35": [
		0.1671875,
		0.8388888888888889
	],
	"36": [
		0.5578125,
		0.9027777777777778
	],
	"37": [
		0.5,
		0.8944444444444445
	],
	"38": [
		0.2234375,
		0.10277777777777777
	],
	"39": [
		0.2796875,
		0.12777777777777777
	],
	"40": [
		0.1140625,
		0.8305555555555556
	],
	"41": [
		0.05625,
		0.825
	],
	"42": [
		0.0578125,
		0.1
	],
	"43": [
		0.0015625,
		0.12222222222222222
	],
	"44": [
		0.66875,
		0.9277777777777778
	],
	"45": [
		0.6125,
		0.9138888888888889
	],
	"46": [
		0.7796875,
		0.95
	],
	"47": [
		0.7234375,
		0.9361111111111111
	],
	"48": [
		0.834375,
		0.9583333333333334
	],
	"49": [
		0.890625,
		0.9722222222222222
	],
	"50": [
		0.9453125,
		0.9833333333333333
	],
	"51": [
		0.8890625,
		0.9694444444444444
	],
	"52": [
		0.2796875,
		0.8583333333333333
	],
	"53": [
		0.2234375,
		0.8472222222222222
	],
	"54": [
		0.5015625,
		0.8944444444444445
	],
	"55": [
		0.4453125,
		0.8833333333333333
	],
	"56": [
		0.7234375,
		0.9361111111111111
	],
	"57": [
		0.6671875,
		0.925
	],
	"58": [
		0.0578125,
		0.825
	],
	"59": [
		0.0015625,
		0.8166666666666667
	],
	"60": [
		0.5015625,
		0.07777777777777778
	],
	"61": [
		0.4453125,
		0.07222222222222222
	],
	"62": [
		0.390625,
		0.06666666666666667
	],
	"63": [
		0.334375,
		0.06388888888888888
	],
	"64": [
		0.2234375,
		0.10833333333333334
	],
	"65": [
		0.1671875,
		0.1111111111111111
	],
	"66": [
		0.2796875,
		0.11388888888888889
	],
	"67": [
		0.2234375,
		0.11666666666666667
	],
	"68": [
		0.2796875,
		0.2972222222222222
	],
	"69": [
		0.225,
		0.3138888888888889
	],
	"70": [
		0.1140625,
		0.10277777777777777
	],
	"71": [
		0.16875,
		0.11666666666666667
	],
	"72": [
		0.9453125,
		0.9805555555555555
	],
	"73": [
		1,
		0.9944444444444445
	],
	"74": [
		0.6625,
		0.7083333333333334
	],
	"75": [
		0.6265625,
		0.7777777777777778
	],
	"76": [
		0.325,
		0.25555555555555554
	],
	"77": [
		0.278125,
		0.2972222222222222
	],
	"78": [
		0.6625,
		0.7083333333333334
	],
	"79": [
		0.6453125,
		0.7944444444444444
	],
	"80": [
		0.1609375,
		0.2972222222222222
	],
	"81": [
		0.1125,
		0.325
	],
	"82": [
		0.328125,
		0.04722222222222222
	],
	"83": [
		0.278125,
		0.06388888888888888
	],
	"84": [
		0.890625,
		0.09722222222222222
	],
	"85": [
		0.840625,
		0.10833333333333334
	],
	"86": [
		0.1828125,
		0.04722222222222222
	],
	"87": [
		0.21875,
		0.10277777777777777
	],
	"88": [
		1,
		0.002777777777777778
	],
	"89": [
		0.953125,
		0.002777777777777778
	],
	"90": [
		0.646875,
		0.7138888888888889
	],
	"91": [
		0.6578125,
		0.7944444444444444
	],
	"92": [
		0.2796875,
		0.21944444444444444
	],
	"93": [
		0.3234375,
		0.24722222222222223
	],
	"94": [
		0.625,
		0.7361111111111112
	],
	"95": [
		0.659375,
		0.7916666666666666
	],
	"96": [
		0.1796875,
		0.002777777777777778
	],
	"97": [
		0.2015625,
		0.07222222222222222
	],
	"98": [
		0.6625,
		0.7083333333333334
	],
	"99": [
		0.621875,
		0.7388888888888889
	],
	"100": [
		0.2109375,
		0.8833333333333333
	],
	"101": [
		0.1671875,
		0.875
	],
	"102": [
		0.49375,
		0.9305555555555556
	],
	"103": [
		0.45,
		0.9222222222222223
	],
	"104": [
		0.66875,
		0.08888888888888889
	],
	"105": [
		0.625,
		0.09166666666666666
	],
	"106": [
		0.3359375,
		0.06388888888888888
	],
	"107": [
		0.29375,
		0.07777777777777778
	],
	"108": [
		0.390625,
		0.9111111111111111
	],
	"109": [
		0.3484375,
		0.9055555555555556
	],
	"110": [
		0.284375,
		0.025
	],
	"111": [
		0.303125,
		0.08888888888888889
	],
	"112": [
		0.1984375,
		0.008333333333333333
	],
	"113": [
		0.1734375,
		0.06388888888888888
	],
	"114": [
		0.3171875,
		0.19722222222222222
	],
	"115": [
		0.2796875,
		0.21944444444444444
	],
	"116": [
		0.034375,
		0.044444444444444446
	],
	"117": [
		0.05625,
		0.10277777777777777
	],
	"118": [
		0.1921875,
		0.002777777777777778
	],
	"119": [
		0.1921875,
		0.07222222222222222
	],
	"120": [
		0.565625,
		0.6083333333333333
	],
	"121": [
		0.5546875,
		0.675
	],
	"122": [
		0.275,
		0.022222222222222223
	],
	"123": [
		0.303125,
		0.06944444444444445
	],
	"124": [
		0.296875,
		0.20833333333333334
	],
	"125": [
		0.325,
		0.25555555555555554
	],
	"126": [
		0.48125,
		0.058333333333333334
	],
	"127": [
		0.4453125,
		0.08333333333333333
	],
	"128": [
		0.3265625,
		0.04722222222222222
	],
	"129": [
		0.296875,
		0.08888888888888889
	],
	"130": [
		0.0578125,
		0.08333333333333333
	],
	"131": [
		0.025,
		0.05
	],
	"132": [
		0.3921875,
		0.05277777777777778
	],
	"133": [
		0.425,
		0.08333333333333333
	],
	"134": [
		0.6109375,
		0.6
	],
	"135": [
		0.6375,
		0.6444444444444445
	],
	"136": [
		0.1859375,
		0.002777777777777778
	],
	"137": [
		0.18125,
		0.06666666666666667
	],
	"138": [
		0.296875,
		0.025
	],
	"139": [
		0.29375,
		0.08888888888888889
	],
	"140": [
		0.2140625,
		0.030555555555555555
	],
	"141": [
		0.184375,
		0.06666666666666667
	],
	"142": [
		0.4515625,
		0.05
	],
	"143": [
		0.48125,
		0.08611111111111111
	],
	"144": [
		0.4734375,
		0.24166666666666667
	],
	"145": [
		0.471875,
		0.3055555555555556
	],
	"146": [
		0.3140625,
		0.11388888888888889
	],
	"147": [
		0.278125,
		0.11388888888888889
	],
	"148": [
		0.66875,
		0.1
	],
	"149": [
		0.6375,
		0.06944444444444445
	],
	"150": [
		0.653125,
		0.7083333333333334
	],
	"151": [
		0.6296875,
		0.7555555555555555
	],
	"152": [
		0.3375,
		0.18333333333333332
	],
	"153": [
		0.3046875,
		0.20555555555555555
	],
	"154": [
		0.3890625,
		0.4
	],
	"155": [
		0.3703125,
		0.4527777777777778
	],
	"156": [
		0.084375,
		0.1
	],
	"157": [
		0.05625,
		0.06388888888888888
	],
	"158": [
		0.1671875,
		0.3277777777777778
	],
	"159": [
		0.1328125,
		0.3333333333333333
	],
	"160": [
		0.2796875,
		0.9388888888888889
	],
	"161": [
		0.2453125,
		0.9444444444444444
	],
	"162": [
		0.05625,
		0.044444444444444446
	],
	"163": [
		0.0265625,
		0.075
	],
	"164": [
		0.65625,
		0.07222222222222222
	],
	"165": [
		0.625,
		0.09722222222222222
	],
	"166": [
		0.05625,
		0.044444444444444446
	],
	"167": [
		0.0640625,
		0.10277777777777777
	],
	"168": [
		0.4265625,
		0.04722222222222222
	],
	"169": [
		0.4,
		0.08333333333333333
	],
	"170": [
		0.9453125,
		0.20833333333333334
	],
	"171": [
		0.91875,
		0.24444444444444444
	],
	"172": [
		0.053125,
		0.044444444444444446
	],
	"173": [
		0.046875,
		0.10277777777777777
	],
	"174": [
		0.5890625,
		0.95
	],
	"175": [
		0.55625,
		0.9416666666666667
	],
	"176": [
		0.978125,
		0.09722222222222222
	],