{
	"0": [
		0.76484375,
		0.190625
	],
	"1": [
		0.75234375,
		0.1996527777777778
	],
	"2": [
		0.828125,
		0.1986111111111111
	],
	"3": [
		0.210546875,
		0.18194444444444444
	],
	"4": [
		0.0345703125,
		0.18194444444444444
	],
	"5": [
		0.3236328125,
		0.18541666666666667
	],
	"6": [
		0.279296875,
		0.18020833333333333
	],
	"7": [
		0.2216796875,
		0.15625
	],
	"8": [
		0.351953125,
		0.18993055555555555
	],
	"9": [
		0.4916015625,
		0.1920138888888889
	],
	"10": [
		0.48515625,
		0.19305555555555556
	],
	"11": [
		0.8375,
		0.19027777777777777
	],
	"12": [
		0.4130859375,
		0.19375
	],
	"13": [
		0.1361328125,
		0.17465277777777777
	],
	"14": [
		0.3921875,
		0.1909722222222222
	],
	"15": [
		0.740625,
		0.19305555555555556
	],
	"16": [
		0.811328125,
		0.19236111111111112
	],
	"17": [
		0.1978515625,
		0.18645833333333334
	],
	"18": [
		0.1087890625,
		0.18333333333333332
	],
	"19": [
		0.3447265625,
		0.190625
	],
	"20": [
		0.307421875,
		0.17083333333333334
	],
	"21": [
		0.059375,
		0.1829861111111111
	],
	"22": [
		0.192578125,
		0.17881944444444445
	],
	"23": [
		0.4208984375,
		0.19444444444444445
	],
	"24": [
		0.124609375,
		0.1857638888888889
	],
	"25": [
		0.351953125,
		0.18680555555555556
	],
	"26": [
		0.8845703125,
		0.1954861111111111
	],
	"27": [
		0.2755859375,
		0.19027777777777777
	],
	"28": [
		0.1392578125,
		0.18194444444444444
	],
	"29": [
		0.2537109375,
		0.18333333333333332
	],
	"30": [
		0.768359375,
		0.18541666666666667
	],
	"31": [
		0.2814453125,
		0.1892361111111111
	],
	"32": [
		0.1966796875,
		0.19479166666666667
	],
	"33": [
		0.1333984375,
		0.17083333333333334
	],
	"34": [
		0.421875,
		0.1909722222222222
	],
	"35": [
		0.2111328125,
		0.18125
	],
	"36": [
		0.1107421875,
		0.18229166666666666
	],
	"37": [
		0.323828125,
		0.19305555555555556
	],
	"38": [
		0.06640625,
		0.184375
	],
	"39": [
		0.03828125,
		0.18159722222222222
	],
	"40": [
		0.253515625,
		0.1909722222222222
	],
	"41": [
		0.062890625,
		0.16527777777777777
	],
	"42": [
		0.2048828125,
		0.17222222222222222
	],
	"43": [
		0.4912109375,
		0.19131944444444443
	],
	"44": [
		0.464453125,
		0.19756944444444444
	],
	"45": [
		0.7421875,
		0.203125
	],
	"46": [
		0.0666015625,
		0.18090277777777777
	],
	"47": [
		0.1861328125,
		0.19340277777777778
	],
	"48": [
		0.6451171875,
		0.1642361111111111
	],
	"49": [
		0.8404296875,
		0.18888888888888888
	],
	"50": [
		0.21171875,
		0.19409722222222223
	],
	"51": [
		0.4173828125,
		0.1795138888888889
	],
	"52": [
		0.3943359375,
		0.19618055555555555
	],
	"53": [
		0.7244140625,
		0.16597222222222222
	],
	"54": [
		0.8134765625,
		0.20590277777777777
	],
	"55": [
		0.066796875,
		0.190625
	],
	"56": [
		0.4640625,
		0.19027777777777777
	],
	"57": [
		0.344921875,
		0.18055555555555555
	],
	"58": [
		0.2814453125,
		0.1892361111111111
	],
	"59": [
		0.138671875,
		0.1920138888888889
	],
	"60": [
		0.4869140625,
		0.18159722222222222
	],
	"61": [
		0.7623046875,
		0.184375
	],
	"62": [
		0.3517578125,
		0.19826388888888888
	],
	"63": [
		0.76796875,
		0.20173611111111112
	],
	"64": [
		0.55859375,
		0.17708333333333334
	],
	"65": [
		0.2216796875,
		0.15625
	],
	"66": [
		0.818359375,
		0.19826388888888888
	],
	"67": [
		0.2814453125,
		0.196875
	],
	"68": [
		0.1140625,
		0.17083333333333334
	],
	"69": [
		0.7451171875,
		0.19722222222222222
	],
	"70": [
		0.840234375,
		0.20173611111111112
	],
	"71": [
		0.1955078125,
		0.18854166666666666
	],
	"72": [
		0.8375,
		0.18333333333333332
	],
	"73": [
		0.8400390625,
		0.20034722222222223
	],
	"74": [
		0.8162109375,
		0.19895833333333332
	],
	"75": [
		0.2607421875,
		0.18263888888888888
	],
	"76": [
		0.2646484375,
		0.1954861111111111
	],
	"77": [
		0.7443359375,
		0.2013888888888889
	],
	"78": [
		0.4912109375,
		0.20034722222222223
	],
	"79": [
		0.420703125,
		0.19895833333333332
	],
	"80": [
		0.0380859375,
		0.18194444444444444
	],
	"81": [
		0.8142578125,
		0.2013888888888889
	],
	"82": [
		0.4912109375,
		0.20069444444444445
	],
	"83": [
		0.1109375,
		0.17916666666666667
	],
	"84": [
		0.768359375,
		0.20277777777777778
	],
	"85": [
		0.8802734375,
		0.18194444444444444
	],
	"86": [
		0.32890625,
		0.1829861111111111
	],
	"87": [
		0.7478515625,
		0.18506944444444445
	],
	"88": [
		0.2814453125,
		0.19722222222222222
	],
	"89": [
		0.4677734375,
		0.19756944444444444
	],
	"90": [
		0.32421875,
		0.190625
	],
	"91": [
		0.1107421875,
		0.18055555555555555
	],
	"92": [
		0.32421875,
		0.19131944444444443
	],
	"93": [
		0.5392578125,
		0.16805555555555557
	],
	"94": [
		0.7541015625,
		0.20416666666666666
	],
	"95": [
		0.8205078125,
		0.18680555555555556
	],
	"96": [
		0.0498046875,
		0.18020833333333333
	],
	"97": [
		0.466796875,
		0.1892361111111111
	],
	"98": [
		0.8470703125,
		0.41805555555555557
	],
	"99": [
		0.394140625,
		0.1951388888888889
	],
	"100": [
		0.8166015625,
		0.1920138888888889
	],
	"101": [
		0.3755859375,
		0.40520833333333334
	],
	"102": [
		0.0521484375,
		0.17118055555555556
	],
	"103": [
		0.8322265625,
		0.2048611111111111
	],
	"104": [
		0.253125,
		0.18611111111111112
	],
	"105": [
		0.27578125,
		0.19305555555555556
	],
	"106": [
		0.403125,
		0.190625
	],
	"107": [
		0.3517578125,
		0.19826388888888888
	],
	"108": [
		0.845703125,
		0.4111111111111111
	],
	"109": [
		0.37578125,
		0.4111111111111111
	],
	"110": [
		0.18359375,
		0.16805555555555557
	],
	"111": [
		0.0611328125,
		0.18541666666666667
	],
	"112": [
		0.8455078125,
		0.425
	],
	"113": [
		0.2041015625,
		0.19236111111111112
	],
	"114": [
		0.394921875,
		0.18680555555555556
	],
	"115": [
		0.76171875,
		0.19270833333333334
	],
	"116": [
		0.7115234375,
		0.18368055555555557
	],
	"117": [
		0.1962890625,
		0.18055555555555555
	],
	"118": [
		0.1427734375,
		0.43854166666666666
	],
	"119": [
		0.8328125,
		0.19340277777777778
	],
	"120": [
		0.325390625,
		0.184375
	],
	"121": [
		0.1955078125,
		0.18854166666666666
	],
	"122": [
		0.376953125,
		0.41631944444444446
	],
	"123": [
		0.375390625,
		0.41458333333333336
	],
	"124": [
		0.265234375,
		0.16006944444444443
	],
	"125": [
		0.8462890625,
		0.4197916666666667
	],
	"126": [
		0.4849609375,
		0.19652777777777777
	],
	"127": [
		0.4171875,
		0.1798611111111111
	],
	"128": [
		0.7453125,
		0.18993055555555555
	],
	"129": [
		0.8470703125,
		0.4125
	],
	"130": [
		0.4724609375,
		0.18715277777777778
	],
	"131": [
		0.3455078125,
		0.1951388888888889
	],
	"132": [
		0.6845703125,
		0.16666666666666666
	],
	"133": [
		0.4078125,
		0.18368055555555557
	],
	"134": [
		0.4759765625,
		0.1996527777777778
	],
	"135": [
		0.18515625,
		0.17222222222222222
	],
	"136": [
		0.60546875,
		0.734375
	],
	"137": [
		0.5732421875,
		0.17256944444444444
	],
	"138": [
		0.3755859375,
		0.415625
	],
	"139": [
		0.60703125,
		0.23576388888888888
	],
	"140": [
		0.13828125,
		0.1920138888888889
	],
	"141": [
		0.3765625,
		0.40902777777777777
	],
	"142": [
		0.275390625,
		0.17604166666666668
	],
	"143": [
		0.2544921875,
		0.18090277777777777
	],
	"144": [
		0.6099609375,
		0.17847222222222223
	],
	"145": [
		0.486328125,
		0.18854166666666666
	],
	"146": [
		0.0666015625,
		0.1892361111111111
	],
	"147": [
		0.292578125,
		0.159375
	],
	"148": [
		0.19375,
		0.18159722222222222
	],
	"149": [
		0.3123046875,
		0.16666666666666666
	],
	"150": [
		0.845703125,
		0.41180555555555554
	],
	"151": [
		0.1111328125,
		0.1753472222222222
	],
	"152": [
		0.6845703125,
		0.1701388888888889
	],
	"153": [
		0.0595703125,
		0.16875
	],
	"154": [
		0.1328125,
		0.18784722222222222
	],
	"155": [
		0.3767578125,
		0.40034722222222224
	],
	"156": [
		0.6056640625,
		0.7402777777777778
	],
	"157": [
		0.24140625,
		0.1545138888888889
	],
	"158": [
		0.2189453125,
		0.16805555555555557
	],
	"159": [
		0.2130859375,
		0.875
	],
	"160": [
		0.34609375,
		0.1753472222222222
	],
	"161": [
		0.375,
		0.41597222222222224
	],
	"162": [
		0.189453125,
		0.16527777777777777
	],
	"163": [
		0.845703125,
		0.4149305555555556
	],