{
	"0": [
		0.5578125,
		0.14722222222222223
	],
	"1": [
		0.4953125,
		0.14722222222222223
	],
	"2": [
		0.890625,
		0.16111111111111112
	],
	"3": [
		0.83125,
		0.14166666666666666
	],
	"4": [
		0.446875,
		0.44166666666666665
	],
	"5": [
		0.3890625,
		0.4166666666666667
	],
	"6": [
		0.60625,
		0.19722222222222222
	],
	"7": [
		0.6078125,
		0.30277777777777776
	],
	"8": [
		0.725,
		0.9083333333333333
	],
	"9": [
		0.665625,
		0.9055555555555556
	],
	"10": [
		0.8359375,
		0.3388888888888889
	],
	"11": [
		0.778125,
		0.31666666666666665
	],
	"12": [
		0.8359375,
		0.41944444444444445
	],
	"13": [
		0.778125,
		0.44166666666666665
	],
	"14": [
		0.446875,
		0.3111111111111111
	],
	"15": [
		0.3890625,
		0.33055555555555555
	],
	"16": [
		0.725,
		0.16944444444444445
	],
	"17": [
		0.6671875,
		0.16111111111111112
	],
	"18": [
		0.725,
		0.4527777777777778
	],
	"19": [
		0.6671875,
		0.4583333333333333
	],
	"20": [
		0.6078125,
		0.5
	],
	"21": [
		0.6046875,
		0.6027777777777777
	],
	"22": [
		0.6046875,
		0.6
	],
	"23": [
		0.6078125,
		0.7027777777777777
	],
	"24": [
		0.6078125,
		0.7
	],
	"25": [
		0.6046875,
		0.8027777777777778
	],
	"26": [
		0.6046875,
		0.8
	],
	"27": [
		0.6078125,
		0.9027777777777778
	],
	"28": [
		0.1140625,
		0.1527777777777778
	],
	"29": [
		0.05625,
		0.15555555555555556
	],
	"30": [
		0.60625,
		0.4
	],
	"31": [
		0.6078125,
		0.5027777777777778
	],
	"32": [
		0.8359375,
		0.9138888888888889
	],
	"33": [
		0.778125,
		0.9111111111111111
	],
	"34": [
		0.6140625,
		0.14722222222222223
	],
	"35": [
		0.55625,
		0.14722222222222223
	],
	"36": [
		0.8359375,
		0.16944444444444445
	],
	"37": [
		0.778125,
		0.16944444444444445
	],
	"38": [
		0.60625,
		0.3
	],
	"39": [
		0.60625,
		0.4027777777777778
	],
	"40": [
		0.3359375,
		0.8944444444444445
	],
	"41": [
		0.278125,
		0.8944444444444445
	],
	"42": [
		0.946875,
		0.9194444444444444
	],
	"43": [
		0.8890625,
		0.9194444444444444
	],
	"44": [
		0.05625,
		0.04722222222222222
	],
	"45": [
		0.0078125,
		0.10277777777777777
	],
	"46": [
		0.66875,
		0.16666666666666666
	],
	"47": [
		0.6125,
		0.14722222222222223
	],
	"48": [
		0.7796875,
		0.3194444444444444
	],
	"49": [
		0.7234375,
		0.3055555555555556
	],
	"50": [
		0.5015625,
		0.4527777777777778
	],
	"51": [
		0.4453125,
		0.4388888888888889
	],
	"52": [
		0.7796875,
		0.44166666666666665
	],
	"53": [
		0.7234375,
		0.4527777777777778
	],
	"54": [
		0.615625,
		0.1
	],
	"55": [
		0.6578125,
		0.16666666666666666
	],
	"56": [
		0.890625,
		0.16111111111111112
	],
	"57": [
		0.834375,
		0.16944444444444445
	],
	"58": [
		0.5015625,
		0.30277777777777776
	],
	"59": [
		0.4453125,
		0.3111111111111111
	],
	"60": [
		0.9125,
		0.20833333333333334
	],
	"61": [
		0.93125,
		0.30277777777777776
	],
	"62": [
		0.890625,
		0.9194444444444444
	],
	"63": [
		0.834375,
		0.9138888888888889
	],
	"64": [
		0.0578125,
		0.8944444444444445
	],
	"65": [
		0.0015625,
		0.8972222222222223
	],
	"66": [
		0.390625,
		0.8972222222222223
	],
	"67": [
		0.334375,
		0.8944444444444445
	],
	"68": [
		0.7796875,
		0.9111111111111111
	],
	"69": [
		0.7234375,
		0.9083333333333333
	],
	"70": [
		0.5015625,
		0.16944444444444445
	],
	"71": [
		0.4453125,
		0.16944444444444445
	],
	"72": [
		0.2796875,
		0.8944444444444445
	],
	"73": [
		0.2234375,
		0.8944444444444445
	],
	"74": [
		0.05625,
		0.06111111111111111
	],
	"75": [
		0.0015625,
		0.08333333333333333
	],
	"76": [
		0.05625,
		0.07222222222222222
	],
	"77": [
		0.0015625,
		0.06666666666666667
	],
	"78": [
		0.721875,
		0.14722222222222223
	],
	"79": [
		0.6671875,
		0.14722222222222223
	],
	"80": [
		0.8,
		0.40555555555555556
	],
	"81": [
		0.8125,
		0.5
	],
	"82": [
		0.553125,
		0.4583333333333333
	],
	"83": [
		0.5,
		0.4527777777777778
	],
	"84": [
		0.9265625,
		0.20833333333333334
	],
	"85": [
		0.928125,
		0.30277777777777776
	],
	"86": [
		0.903125,
		0.20833333333333334
	],
	"87": [
		0.9328125,
		0.2861111111111111
	],
	"88": [
		0.275,
		0.15833333333333333
	],
	"89": [
		0.2234375,
		0.16666666666666666
	],
	"90": [
		0.725,
		0.3055555555555556
	],
	"91": [
		0.6734375,
		0.3
	],
	"92": [
		0.6125,
		0.46111111111111114
	],
	"93": [
		0.5609375,
		0.4583333333333333
	],
	"94": [
		0.7796875,
		0.44166666666666665
	],
	"95": [
		0.81875,
		0.5
	],
	"96": [
		0.9328125,
		0.23333333333333334
	],
	"97": [
		0.9,
		0.3
	],
	"98": [
		0.296875,
		0.05555555555555555
	],
	"99": [
		0.3375,
		0.10555555555555556
	],
	"100": [
		0.66875,
		0.4583333333333333
	],
	"101": [
		0.6203125,
		0.46111111111111114
	],
	"102": [
		0.6546875,
		0.1388888888888889
	],
	"103": [
		0.6234375,
		0.20277777777777778
	],
	"104": [
		0.60625,
		0.14722222222222223
	],
	"105": [
		0.571875,
		0.20555555555555555
	],
	"106": [
		0.390625,
		0.3277777777777778
	],
	"107": [
		0.3484375,
		0.36666666666666664
	],
	"108": [
		0.8859375,
		0.95
	],
	"109": [
		0.8390625,
		0.9472222222222222
	],
	"110": [
		0.65625,
		0.125
	],
	"111": [
		0.625,
		0.18611111111111112
	],
	"112": [
		0.5984375,
		0.14722222222222223
	],
	"113": [
		0.5578125,
		0.18611111111111112
	],
	"114": [
		0.6703125,
		0.14444444444444443
	],
	"115": [
		0.6265625,
		0.16666666666666666
	],
	"116": [
		0.771875,
		0.5027777777777778
	],
	"117": [
		0.7734375,
		0.5833333333333334
	],
	"118": [
		0.8125,
		0.3277777777777778
	],
	"119": [
		0.8015625,
		0.40555555555555556
	],
	"120": [
		0.875,
		0.9166666666666666
	],
	"121": [
		0.84375,
		0.9694444444444444
	],
	"122": [
		0.3375,
		0.9277777777777778
	],
	"123": [
		0.3796875,
		0.9361111111111111
	],
	"124": [
		0.55625,
		0.14722222222222223
	],
	"125": [
		0.5890625,
		0.19444444444444445
	],
	"126": [
		0.834375,
		0.3388888888888889
	],
	"127": [
		0.8703125,
		0.375
	],
	"128": [
		0.6453125,
		0.09722222222222222
	],
	"129": [
		0.615625,
		0.14722222222222223
	],
	"130": [
		0.328125,
		0.3972222222222222
	],
	"131": [
		0.33125,
		0.46944444444444444
	],
	"132": [
		0.9859375,
		0.925
	],
	"133": [
		0.9453125,
		0.9194444444444444
	],
	"134": [
		0.6609375,
		0.2972222222222222
	],
	"135": [
		0.6203125,
		0.2972222222222222
	],
	"136": [
		0.028125,
		0.041666666666666664
	],
	"137": [
		0.05625,
		0.09166666666666666
	],
	"138": [
		0.034375,
		0.044444444444444446
	],
	"139": [
		0.0125,
		0.10277777777777777
	],
	"140": [
		0.4625,
		0.13333333333333333
	],
	"141": [
		0.4953125,
		0.17222222222222222
	],
	"142": [
		0.028125,
		0.3111111111111111
	],
	"143": [
		0.0296875,
		0.38055555555555554
	],
	"144": [
		0.80625,
		0.4027777777777778
	],
	"145": [
		0.7765625,
		0.4444444444444444
	],
	"146": [
		0.625,
		0.20277777777777778
	],
	"147": [
		0.6203125,
		0.26944444444444443
	],
	"148": [
		0.1109375,
		0.14166666666666666
	],
	"149": [
		0.0765625,
		0.16944444444444445
	],
	"150": [
		0.09375,
		0.8944444444444445
	],
	"151": [
		0.05625,
		0.8944444444444445
	],
	"152": [
		0.3328125,
		0.08055555555555556
	],
	"153": [
		0.296875,
		0.06666666666666667
	],
	"154": [
		0.9046875,
		0.20833333333333334
	],
	"155": [
		0.9328125,
		0.25
	],
	"156": [
		0.0234375,
		0.1388888888888889
	],
	"157": [
		0.0578125,
		0.16111111111111112
	],
	"158": [
		0.4078125,
		0.041666666666666664
	],
	"159": [
		0.4328125,
		0.08888888888888889
	],
	"160": [
		0.33125,
		0.06944444444444445
	],
	"161": [
		0.296875,
		0.08888888888888889
	],
	"162": [
		0.9828125,
		0.9555555555555556
	],
	"163": [
		0.946875,
		0.9583333333333334
	],
	"164": [
		0.0921875,
		0.9277777777777778
	],
	"165": [
		0.05625,
		0.9277777777777778
	],
	"166": [
		0.203125,
		0.41944444444444445
	],
	"167": [
		0.225,
		0.46944444444444444
	],
	"168": [
		0.9328125,
		0.25555555555555554
	],
	"169": [
		0.9078125,
		0.3
	],
	"170": [
		0.3453125,
		0.2972222222222222
	],
	"171": [
		0.3703125,
		0.3416666666666667
	],
	"172": [
		0.36875,
		0.2972222222222222
	],
	"173": [
		0.3359375,
		0.3194444444444444
	],
	"174": [
		0.571875,
		0.14444444444444443
	],
	"175": [
		0.5875,
		0.2
	],