{
	"CornerNorthWest": [
		0.24297752808988765,
		0.19731095315577632
	],
	"CornerNorthEast": [
		0.8637640449438202,
		0.20553224287060032
	],
	"CornerSouthWest": [
		0.25702247191011235,
		0.8851588592960521
	],
	"CornerSouthEast": [
		0.8778089887640449,
		0.8741971396762868
	]
}