{
	"CornerNorthWest": [
		0.3052512444949485,
		0.6074144755393434
	],
	"CornerNorthEast": [
		0.36645800154106634,
		0.3870685744479937
	],
	"CornerSouthEast": [
		0.6599722228304041,
		0.4799855206913339
	]
}