{
	"0": [
		0.792578125,
		0.19756944444444444
	],
	"1": [
		0.7798828125,
		0.20416666666666666
	],
	"2": [
		0.0498046875,
		0.18541666666666667
	],
	"3": [
		0.85234375,
		0.20347222222222222
	],
	"4": [
		0.2615234375,
		0.18645833333333334
	],
	"5": [
		0.10078125,
		0.18159722222222222
	],
	"6": [
		0.3697265625,
		0.19027777777777777
	],
	"7": [
		0.3275390625,
		0.18819444444444444
	],
	"8": [
		0.2763671875,
		0.16458333333333333
	],
	"9": [
		0.3947265625,
		0.1909722222222222
	],
	"10": [
		0.5287109375,
		0.19270833333333334
	],
	"11": [
		0.5216796875,
		0.19895833333333332
	],
	"12": [
		0.8623046875,
		0.19756944444444444
	],
	"13": [
		0.45234375,
		0.1986111111111111
	],
	"14": [
		0.1923828125,
		0.1840277777777778
	],
	"15": [
		0.434765625,
		0.19340277777777778
	],
	"16": [
		0.7685546875,
		0.1986111111111111
	],
	"17": [
		0.8376953125,
		0.19722222222222222
	],
	"18": [
		0.05859375,
		0.17847222222222223
	],
	"19": [
		0.250390625,
		0.19305555555555556
	],
	"20": [
		0.1689453125,
		0.1857638888888889
	],
	"21": [
		0.3880859375,
		0.19652777777777777
	],
	"22": [
		0.357421875,
		0.1736111111111111
	],
	"23": [
		0.1193359375,
		0.18854166666666666
	],
	"24": [
		0.2408203125,
		0.18506944444444445
	],
	"25": [
		0.4615234375,
		0.19340277777777778
	],
	"26": [
		0.0330078125,
		0.18055555555555555
	],
	"27": [
		0.18046875,
		0.190625
	],
	"28": [
		0.3990234375,
		0.18506944444444445
	],
	"29": [
		0.909375,
		0.19756944444444444
	],
	"30": [
		0.3232421875,
		0.19791666666666666
	],
	"31": [
		0.1966796875,
		0.17777777777777778
	],
	"32": [
		0.3044921875,
		0.1909722222222222
	],
	"33": [
		0.7962890625,
		0.18784722222222222
	],
	"34": [
		0.3330078125,
		0.18645833333333334
	],
	"35": [
		0.246875,
		0.1986111111111111
	],
	"36": [
		0.190625,
		0.1798611111111111
	],
	"37": [
		0.465625,
		0.19409722222222223
	],
	"38": [
		0.266015625,
		0.18125
	],
	"39": [
		0.17265625,
		0.19270833333333334
	],
	"40": [
		0.372265625,
		0.20173611111111112
	],
	"41": [
		0.06328125,
		0.17847222222222223
	],
	"42": [
		0.13203125,
		0.184375
	],
	"43": [
		0.105859375,
		0.1892361111111111
	],
	"44": [
		0.30625,
		0.19930555555555557
	],
	"45": [
		0.126171875,
		0.17673611111111112
	],
	"46": [
		0.258984375,
		0.18159722222222222
	],
	"47": [
		0.5322265625,
		0.19027777777777777
	],
	"48": [
		0.50546875,
		0.20590277777777777
	],
	"49": [
		0.77265625,
		0.20729166666666668
	],
	"50": [
		0.128125,
		0.18090277777777777
	],
	"51": [
		0.2337890625,
		0.20034722222222223
	],
	"52": [
		0.6810546875,
		0.17256944444444444
	],
	"53": [
		0.056640625,
		0.17395833333333333
	],
	"54": [
		0.870703125,
		0.19236111111111112
	],
	"55": [
		0.2666015625,
		0.19895833333333332
	],
	"56": [
		0.0361328125,
		0.18645833333333334
	],
	"57": [
		0.4578125,
		0.1892361111111111
	],
	"58": [
		0.08203125,
		0.15625
	],
	"59": [
		0.4390625,
		0.20381944444444444
	],
	"60": [
		0.754296875,
		0.1701388888888889
	],
	"61": [
		0.8408203125,
		0.2125
	],
	"62": [
		0.131640625,
		0.1954861111111111
	],
	"63": [
		0.5025390625,
		0.19583333333333333
	],
	"64": [
		0.389453125,
		0.18611111111111112
	],
	"65": [
		0.329296875,
		0.1840277777777778
	],
	"66": [
		0.198828125,
		0.196875
	],
	"67": [
		0.5248046875,
		0.18993055555555555
	],
	"68": [
		0.7912109375,
		0.19236111111111112
	],
	"69": [
		0.399609375,
		0.20416666666666666
	],
	"70": [
		0.8,
		0.20590277777777777
	],
	"71": [
		0.5935546875,
		0.18125
	],
	"72": [
		0.2763671875,
		0.16458333333333333
	],
	"73": [
		0.84453125,
		0.20277777777777778
	],
	"74": [
		0.3326171875,
		0.1996527777777778
	],
	"75": [
		0.1744140625,
		0.17743055555555556
	],
	"76": [
		0.77421875,
		0.2013888888888889
	],
	"77": [
		0.8703125,
		0.20798611111111112
	],
	"78": [
		0.2490234375,
		0.19409722222222223
	],
	"79": [
		0.8619140625,
		0.19166666666666668
	],
	"80": [
		0.8701171875,
		0.20694444444444443
	],
	"81": [
		0.8439453125,
		0.203125
	],
	"82": [
		0.3099609375,
		0.18680555555555556
	],
	"83": [
		0.3125,
		0.2
	],
	"84": [
		0.773828125,
		0.20520833333333333
	],
	"85": [
		0.5326171875,
		0.203125
	],
	"86": [
		0.4650390625,
		0.203125
	],
	"87": [
		0.037890625,
		0.1875
	],
	"88": [
		0.106640625,
		0.19027777777777777
	],
	"89": [
		0.8427734375,
		0.20694444444444443
	],
	"90": [
		0.5322265625,
		0.20416666666666666
	],
	"91": [
		0.0423828125,
		0.16145833333333334
	],
	"92": [
		0.173046875,
		0.18854166666666666
	],
	"93": [
		0.799609375,
		0.2076388888888889
	],
	"94": [
		0.0640625,
		0.1857638888888889
	],
	"95": [
		0.639453125,
		0.9524305555555556
	],
	"96": [
		0.9041015625,
		0.18541666666666667
	],
	"97": [
		0.375390625,
		0.18645833333333334
	],
	"98": [
		0.7744140625,
		0.190625
	],
	"99": [
		0.3328125,
		0.2013888888888889
	],
	"100": [
		0.5083984375,
		0.20208333333333334
	],
	"101": [
		0.373046875,
		0.19756944444444444
	],
	"102": [
		0.1728515625,
		0.19027777777777777
	],
	"103": [
		0.3744140625,
		0.19791666666666666
	],
	"104": [
		0.57265625,
		0.17326388888888888
	],
	"105": [
		0.06328125,
		0.16944444444444445
	],
	"106": [
		0.780859375,
		0.20833333333333334
	],
	"107": [
		0.8466796875,
		0.19166666666666668
	],
	"108": [
		0.110546875,
		0.18611111111111112
	],
	"109": [
		0.506640625,
		0.19479166666666667
	],
	"110": [
		0.873828125,
		0.4173611111111111
	],
	"111": [
		0.4390625,
		0.20104166666666667
	],
	"112": [
		0.8423828125,
		0.19756944444444444
	],
	"113": [
		0.423046875,
		0.396875
	],
	"114": [
		0.11328125,
		0.17673611111111112
	],
	"115": [
		0.85625,
		0.209375
	],
	"116": [
		0.037890625,
		0.17430555555555555
	],
	"117": [
		0.3072265625,
		0.19409722222222223
	],
	"118": [
		0.3234375,
		0.20173611111111112
	],
	"119": [
		0.443359375,
		0.1951388888888889
	],
	"120": [
		0.3994140625,
		0.20520833333333333
	],
	"121": [
		0.8736328125,
		0.40625
	],
	"122": [
		0.4234375,
		0.4059027777777778
	],
	"123": [
		0.2337890625,
		0.17326388888888888
	],
	"124": [
		0.1212890625,
		0.19444444444444445
	],
	"125": [
		0.0359375,
		0.17569444444444443
	],
	"126": [
		0.8740234375,
		0.421875
	],
	"127": [
		0.2556640625,
		0.19826388888888888
	],
	"128": [
		0.4400390625,
		0.19236111111111112
	],
	"129": [
		0.78828125,
		0.1986111111111111
	],
	"130": [
		0.744921875,
		0.190625
	],
	"131": [
		0.24921875,
		0.18472222222222223
	],
	"132": [
		0.1806640625,
		0.42916666666666664
	],
	"133": [
		0.053125,
		0.18993055555555555
	],
	"134": [
		0.8576171875,
		0.19826388888888888
	],
	"135": [
		0.3744140625,
		0.1892361111111111
	],
	"136": [
		0.2490234375,
		0.19409722222222223
	],
	"137": [
		0.036328125,
		0.18715277777777778
	],
	"138": [
		0.4224609375,
		0.41354166666666664
	],
	"139": [
		0.4232421875,
		0.41423611111111114
	],
	"140": [
		0.3181640625,
		0.17048611111111112
	],
	"141": [
		0.0466796875,
		0.16944444444444445
	],
	"142": [
		0.8736328125,
		0.41944444444444445
	],
	"143": [
		0.5224609375,
		0.20520833333333333
	],
	"144": [
		0.456640625,
		0.18784722222222222
	],
	"145": [
		0.7734375,
		0.19444444444444445
	],
	"146": [
		0.8736328125,
		0.40902777777777777
	],
	"147": [
		0.509375,
		0.19131944444444443
	],
	"148": [
		0.3896484375,
		0.20347222222222222
	],
	"149": [
		0.7177734375,
		0.17118055555555556
	],
	"150": [
		0.447265625,
		0.1875
	],
	"151": [
		0.5125,
		0.20416666666666666
	],
	"152": [
		0.233203125,
		0.17708333333333334
	],
	"153": [
		0.6421875,
		0.7013888888888888
	],
	"154": [
		0.6068359375,
		0.17743055555555556
	],
	"155": [
		0.42265625,
		0.41423611111111114
	],
	"156": [
		0.644921875,
		0.23506944444444444
	],
	"157": [
		0.1984375,
		0.19791666666666666
	],
	"158": [
		0.4216796875,
		0.4027777777777778
	],
	"159": [
		0.06328125,
		0.190625
	],
	"160": [
		0.321875,
		0.18333333333333332
	],
	"161": [
		0.306640625,
		0.1875
	],
	"162": [
		0.63671875,
		0.1829861111111111
	],
	"163": [
		0.5236328125,
		0.1954861111111111
	],