{
	"CornerNorthEast": [
		0.1925751690236861,
		0.14813928410797608
	],
	"EighteenYardNorthForwardEast": [
		0.38454181612287386,
		0.2171633013173145
	],
	"PenaltyCircleNorthWest": [
		0.13078599223645246,
		0.3926946013712604
	],
	"SixYardNorthForwardEast": [
		0.06882022471910113,
		0.2599991623738326
	]
}