{
	"0": [
		0.225,
		0.24166666666666667
	],
	"1": [
		0.1671875,
		0.2777777777777778
	],
	"2": [
		0.1140625,
		0.3111111111111111
	],
	"3": [
		0.05625,
		0.3472222222222222
	],
	"4": [
		0.015625,
		0.008333333333333333
	],
	"5": [
		0.0578125,
		0.08611111111111111
	],
	"6": [
		0.2796875,
		0.20555555555555555
	],
	"7": [
		0.2234375,
		0.24444444444444444
	],
	"8": [
		0.2265625,
		0.3055555555555556
	],
	"9": [
		0.1671875,
		0.32222222222222224
	],
	"10": [
		0.8890625,
		0.9694444444444444
	],
	"11": [
		0.9484375,
		0.9861111111111112
	],
	"12": [
		0.390625,
		0.8805555555555555
	],
	"13": [
		0.33125,
		0.8666666666666667
	],
	"14": [
		0.225,
		0.03888888888888889
	],
	"15": [
		0.1671875,
		0.06388888888888888
	],
	"16": [
		0.1140625,
		0.10277777777777777
	],
	"17": [
		0.05625,
		0.08333333333333333
	],
	"18": [
		0.3890625,
		0.1361111111111111
	],
	"19": [
		0.334375,
		0.17222222222222222
	],
	"20": [
		0.725,
		0.9388888888888889
	],
	"21": [
		0.6671875,
		0.925
	],
	"22": [
		0.8359375,
		0.9611111111111111
	],
	"23": [
		0.778125,
		0.9472222222222222
	],
	"24": [
		0.225,
		0.8527777777777777
	],
	"25": [
		0.1671875,
		0.8416666666666667
	],
	"26": [
		0.3359375,
		0.8694444444444445
	],
	"27": [
		0.278125,
		0.8583333333333333
	],
	"28": [
		0.446875,
		0.8888888888888888
	],
	"29": [
		0.3890625,
		0.8777777777777778
	],
	"30": [
		0.6140625,
		0.9166666666666666
	],
	"31": [
		0.55625,
		0.9055555555555556
	],
	"32": [
		0.225,
		0.10833333333333334
	],
	"33": [
		0.1671875,
		0.11666666666666667
	],
	"34": [
		0.1140625,
		0.8361111111111111
	],
	"35": [
		0.05625,
		0.8277777777777777
	],
	"36": [
		0.334375,
		0.06111111111111111
	],
	"37": [
		0.278125,
		0.08611111111111111
	],
	"38": [
		0.446875,
		0.06944444444444445
	],
	"39": [
		0.3890625,
		0.06666666666666667
	],
	"40": [
		0.725,
		0.08333333333333333
	],
	"41": [
		0.6671875,
		0.08611111111111111
	],
	"42": [
		0.05625,
		0.3472222222222222
	],
	"43": [
		0.0015625,
		0.38055555555555554
	],
	"44": [
		0.2234375,
		0.10277777777777777
	],
	"45": [
		0.2796875,
		0.125
	],
	"46": [
		0.890625,
		0.08611111111111111
	],
	"47": [
		0.834375,
		0.10555555555555556
	],
	"48": [
		0.0109375,
		0.03333333333333333
	],
	"49": [
		0.0578125,
		0.09166666666666666
	],
	"50": [
		0.334375,
		0.06111111111111111
	],
	"51": [
		0.390625,
		0.07777777777777778
	],
	"52": [
		0.7796875,
		0.95
	],
	"53": [
		0.7234375,
		0.9361111111111111
	],
	"54": [
		0.834375,
		0.9583333333333334
	],
	"55": [
		0.890625,
		0.9722222222222222
	],
	"56": [
		0.16875,
		0.11388888888888889
	],
	"57": [
		0.1125,
		0.10277777777777777
	],
	"58": [
		0.16875,
		0.8444444444444444
	],
	"59": [
		0.1125,
		0.8333333333333334
	],
	"60": [
		0.2796875,
		0.8611111111111112
	],
	"61": [
		0.2234375,
		0.85
	],
	"62": [
		0.390625,
		0.05277777777777778
	],
	"63": [
		0.334375,
		0.06111111111111111
	],
	"64": [
		0.5015625,
		0.8944444444444445
	],
	"65": [
		0.4453125,
		0.8861111111111111
	],
	"66": [
		0.55625,
		0.9055555555555556
	],
	"67": [
		0.5,
		0.8972222222222223
	],
	"68": [
		0.66875,
		0.925
	],
	"69": [
		0.6125,
		0.9166666666666666
	],
	"70": [
		0.5015625,
		0.075
	],
	"71": [
		0.4453125,
		0.06944444444444445
	],
	"72": [
		0.0578125,
		0.8277777777777777
	],
	"73": [
		0.0015625,
		0.8222222222222222
	],
	"74": [
		0.66875,
		0.08611111111111111
	],
	"75": [
		0.6125,
		0.08888888888888889
	],
	"76": [
		0.3359375,
		0.17222222222222222
	],
	"77": [
		0.2828125,
		0.20277777777777778
	],
	"78": [
		1,
		0.9944444444444445
	],
	"79": [
		0.9453125,
		0.9833333333333333
	],
	"80": [
		0.071875,
		0.030555555555555555
	],
	"81": [
		0.1078125,
		0.10277777777777777
	],
	"82": [
		0.2796875,
		0.2833333333333333
	],
	"83": [
		0.2296875,
		0.3055555555555556
	],
	"84": [
		0.1,
		0.05277777777777778
	],
	"85": [
		0.05625,
		0.09722222222222222
	],
	"86": [
		0.16875,
		0.32222222222222224
	],
	"87": [
		0.11875,
		0.33055555555555555
	],
	"88": [
		0.6671875,
		0.09722222222222222
	],
	"89": [
		0.621875,
		0.06666666666666667
	],
	"90": [
		0.1671875,
		0.8416666666666667
	],
	"91": [
		0.13125,
		0.8972222222222223
	],
	"92": [
		0.1671875,
		0.28055555555555556
	],
	"93": [
		0.121875,
		0.3055555555555556
	],
	"94": [
		0.0515625,
		0.04722222222222222
	],
	"95": [
		0.0171875,
		0.10277777777777777
	],
	"96": [
		0.0796875,
		0.030555555555555555
	],
	"97": [
		0.05625,
		0.1
	],
	"98": [
		0.3484375,
		0.3972222222222222
	],
	"99": [
		0.38125,
		0.4527777777777778
	],
	"100": [
		0.2921875,
		0.05555555555555555
	],
	"101": [
		0.3359375,
		0.06111111111111111
	],
	"102": [
		0.0265625,
		0.027777777777777776
	],
	"103": [
		0.034375,
		0.10277777777777777
	],
	"104": [
		0.203125,
		0.06944444444444445
	],
	"105": [
		0.1640625,
		0.044444444444444446
	],
	"106": [
		0.0578125,
		0.08888888888888889
	],
	"107": [
		0.0171875,
		0.10277777777777777
	],
	"108": [
		0.346875,
		0.3388888888888889
	],
	"109": [
		0.3640625,
		0.40555555555555556
	],
	"110": [
		0.7796875,
		0.9888888888888889
	],
	"111": [
		0.7390625,
		0.9777777777777777
	],
	"112": [
		0.375,
		0.9111111111111111
	],
	"113": [
		0.334375,
		0.9055555555555556
	],
	"114": [
		0.2796875,
		0.8944444444444445
	],
	"115": [
		0.2390625,
		0.8916666666666667
	],
	"116": [
		0.16875,
		0.8777777777777778
	],
	"117": [
		0.1296875,
		0.8972222222222223
	],
	"118": [
		0.6859375,
		0.05
	],
	"119": [
		0.7171875,
		0.09444444444444444
	],
	"120": [
		0.3890625,
		0.05
	],
	"121": [
		0.425,
		0.08055555555555556
	],
	"122": [
		0.0296875,
		0.03333333333333333
	],
	"123": [
		0.0234375,
		0.10277777777777777
	],
	"124": [
		0.3078125,
		0.25277777777777777
	],
	"125": [
		0.278125,
		0.20833333333333334
	],
	"126": [
		0.6953125,
		0.05
	],
	"127": [
		0.6671875,
		0.09722222222222222
	],
	"128": [
		0.340625,
		0.03888888888888889
	],
	"129": [
		0.371875,
		0.07777777777777778
	],
	"130": [
		0.0515625,
		0.04722222222222222
	],
	"131": [
		0.0140625,
		0.058333333333333334
	],
	"132": [
		0.1640625,
		0.002777777777777778
	],
	"133": [
		0.1578125,
		0.06944444444444445
	],
	"134": [
		0.63125,
		0.9583333333333334
	],
	"135": [
		0.66875,
		0.9666666666666667
	],
	"136": [
		0.1734375,
		0.002777777777777778
	],
	"137": [
		0.184375,
		0.06666666666666667
	],
	"138": [
		0.9828125,
		0.09722222222222222
	],
	"139": [
		0.9453125,
		0.09722222222222222
	],
	"140": [
		0.6125,
		0.7416666666666667
	],
	"141": [
		0.590625,
		0.7944444444444444
	],
	"142": [
		0.35625,
		0.3388888888888889
	],
	"143": [
		0.3484375,
		0.4027777777777778
	],
	"144": [
		0.3796875,
		0.4
	],
	"145": [
		0.3515625,
		0.44166666666666665
	],
	"146": [
		0.3140625,
		0.11388888888888889
	],
	"147": [
		0.278125,
		0.125
	],
	"148": [
		0.3046875,
		0.24166666666666667
	],
	"149": [
		0.278125,
		0.2861111111111111
	],
	"150": [
		0.203125,
		0.027777777777777776
	],
	"151": [
		0.1671875,
		0.022222222222222223
	],
	"152": [
		0.2640625,
		0.9416666666666667
	],
	"153": [
		0.228125,
		0.9472222222222222
	],
	"154": [
		0.3484375,
		0.425
	],
	"155": [
		0.38125,
		0.44722222222222224
	],
	"156": [
		0.546875,
		0.14444444444444443
	],
	"157": [
		0.540625,
		0.20555555555555555
	],
	"158": [
		0.2234375,
		0.03611111111111111
	],
	"159": [
		0.1953125,
		0.07222222222222222
	],
	"160": [
		0.4578125,
		0.2388888888888889
	],
	"161": [
		0.453125,
		0.3
	],
	"162": [
		0.3828125,
		0.4
	],
	"163": [
		0.3484375,
		0.4083333333333333
	],
	"164": [
		0.38125,
		0.41944444444444445
	],
	"165": [
		0.3484375,
		0.4361111111111111
	],
	"166": [
		0.040625,
		0.04722222222222222
	],
	"167": [
		0.0484375,
		0.10555555555555556
	],
	"168": [
		0.5453125,
		0.6083333333333333
	],
	"169": [
		0.5375,
		0.6666666666666666
	],
	"170": [
		0.2390625,
		0.10277777777777777
	],
	"171": [
		0.2640625,
		0.14166666666666666
	],
	"172": [
		0.478125,
		0.9305555555555556
	],
	"173": [
		0.4453125,
		0.9222222222222223
	],