{
	"0": [
		0.7650390625,
		0.07673611111111112
	],
	"1": [
		0.424609375,
		0.09583333333333334
	],
	"2": [
		0.803515625,
		0.06736111111111111
	],
	"3": [
		0.679296875,
		0.05520833333333333
	],
	"4": [
		0.5162109375,
		0.04375
	],
	"5": [
		0.765625,
		0.08472222222222223
	],
	"6": [
		0.4294921875,
		0.08645833333333333
	],
	"7": [
		0.759765625,
		0.09861111111111111
	],
	"8": [
		0.1962890625,
		0.16527777777777777
	],
	"9": [
		0.6298828125,
		0.03333333333333333
	],
	"10": [
		0.1359375,
		0.19027777777777777
	],
	"11": [
		0.3345703125,
		0.11631944444444445
	],
	"12": [
		0.2927734375,
		0.13090277777777778
	],
	"13": [
		0.32890625,
		0.12638888888888888
	],
	"14": [
		0.11171875,
		0.1684027777777778
	],
	"15": [
		0.8501953125,
		0.049305555555555554
	],
	"16": [
		0.81328125,
		0.044444444444444446
	],
	"17": [
		0.2810546875,
		0.14479166666666668
	],
	"18": [
		0.2697265625,
		0.15590277777777778
	],
	"19": [
		0.1462890625,
		0.17881944444444445
	],
	"20": [
		0.2673828125,
		0.12361111111111112
	],
	"21": [
		0.27109375,
		0.1423611111111111
	],
	"22": [
		0.9279296875,
		0.059375
	],
	"23": [
		0.7458984375,
		0.09027777777777778
	],
	"24": [
		0.1123046875,
		0.2076388888888889
	],
	"25": [
		0.401953125,
		0.11215277777777778
	],
	"26": [
		0.7591796875,
		0.08333333333333333
	],
	"27": [
		0.18203125,
		0.17430555555555555
	],
	"28": [
		0.4521484375,
		0.08125
	],
	"29": [
		0.92890625,
		0.05138888888888889
	],
	"30": [
		0.928515625,
		0.06493055555555556
	],
	"31": [
		0.403515625,
		0.09444444444444444
	],
	"32": [
		0.2783203125,
		0.10833333333333334
	],
	"33": [
		0.658984375,
		0.034375
	],
	"34": [
		0.130078125,
		0.16006944444444443
	],
	"35": [
		0.673828125,
		0.3423611111111111
	],
	"36": [
		0.8130859375,
		0.05138888888888889
	],
	"37": [
		0.306640625,
		0.13541666666666666
	],
	"38": [
		0.1638671875,
		0.1840277777777778
	],
	"39": [
		0.203515625,
		0.17083333333333334
	],
	"40": [
		0.75234375,
		0.06875
	],
	"41": [
		0.79609375,
		0.09756944444444444
	],
	"42": [
		0.271484375,
		0.128125
	],
	"43": [
		0.6728515625,
		0.3659722222222222
	],
	"44": [
		0.1662109375,
		0.5951388888888889
	],
	"45": [
		0.673828125,
		0.3423611111111111
	],
	"46": [
		0.469921875,
		0.07048611111111111
	],
	"47": [
		0.1712890625,
		0.184375
	],
	"48": [
		0.2744140625,
		0.12048611111111111
	],
	"49": [
		0.673828125,
		0.3434027777777778
	],
	"50": [
		0.706640625,
		0.05243055555555556
	],
	"51": [
		0.7810546875,
		0.21909722222222222
	],
	"52": [
		0.1978515625,
		0.18055555555555555
	],
	"53": [
		0.1208984375,
		0.16597222222222222
	],
	"54": [
		0.7630859375,
		0.071875
	],
	"55": [
		0.40625,
		0.103125
	],
	"56": [
		0.11640625,
		0.19131944444444443
	],
	"57": [
		0.2048828125,
		0.17604166666666668
	],
	"58": [
		0.172265625,
		0.17118055555555556
	],
	"59": [
		0.273828125,
		0.15069444444444444
	],
	"60": [
		0.4744140625,
		0.084375
	],
	"61": [
		0.12265625,
		0.20173611111111112
	],
	"62": [
		0.676953125,
		0.35868055555555556
	],
	"63": [
		0.3201171875,
		0.12361111111111112
	],
	"64": [
		0.73984375,
		0.07430555555555556
	],
	"65": [
		0.179296875,
		0.18159722222222222
	],
	"66": [
		0.1533203125,
		0.603125
	],
	"67": [
		0.11796875,
		0.175
	],
	"68": [
		0.2056640625,
		0.1625
	],
	"69": [
		0.4345703125,
		0.09097222222222222
	],
	"70": [
		0.7681640625,
		0.09027777777777778
	],
	"71": [
		0.659375,
		0.04375
	],
	"72": [
		0.7359375,
		0.04131944444444444
	],
	"73": [
		0.7490234375,
		0.07673611111111112
	],
	"74": [
		0.8498046875,
		0.05659722222222222
	],
	"75": [
		0.748828125,
		0.07291666666666667
	],
	"76": [
		0.3197265625,
		0.1361111111111111
	],
	"77": [
		0.7431640625,
		0.06180555555555556
	],
	"78": [
		0.4486328125,
		0.07881944444444444
	],
	"79": [
		0.6763671875,
		0.3545138888888889
	],
	"80": [
		0.5421875,
		0.049652777777777775
	],
	"81": [
		0.44921875,
		0.08888888888888889
	],
	"82": [
		0.79609375,
		0.09305555555555556
	],
	"83": [
		0.644140625,
		0.30972222222222223
	],
	"84": [
		0.4697265625,
		0.084375
	],
	"85": [
		0.1552734375,
		0.19305555555555556
	],
	"86": [
		0.3240234375,
		0.1326388888888889
	],
	"87": [
		0.47578125,
		0.07048611111111111
	],
	"88": [
		0.28203125,
		0.11875
	],
	"89": [
		0.0935546875,
		0.27847222222222223
	],
	"90": [
		0.4376953125,
		0.09375
	],
	"91": [
		0.1953125,
		0.178125
	],
	"92": [
		0.7890625,
		0.1
	],
	"93": [
		0.1541015625,
		0.17604166666666668
	],
	"94": [
		0.1521484375,
		0.19618055555555555
	],
	"95": [
		0.7724609375,
		0.0625
	],
	"96": [
		0.6296875,
		0.03819444444444445
	],
	"97": [
		0.698046875,
		0.046875
	],
	"98": [
		0.3421875,
		0.12777777777777777
	],
	"99": [
		0.208203125,
		0.12638888888888888
	],
	"100": [
		0.1474609375,
		0.1951388888888889
	],
	"101": [
		0.1986328125,
		0.17743055555555556
	],
	"102": [
		0.1865234375,
		0.18229166666666666
	],
	"103": [
		0.3044921875,
		0.14166666666666666
	],
	"104": [
		0.759765625,
		0.08055555555555556
	],
	"105": [
		0.7447265625,
		0.09479166666666666
	],
	"106": [
		0.3287109375,
		0.2638888888888889
	],
	"107": [
		0.4693359375,
		0.06597222222222222
	],
	"108": [
		0.1396484375,
		0.19618055555555555
	],
	"109": [
		0.3443359375,
		0.11458333333333333
	],
	"110": [
		0.4390625,
		0.4267361111111111
	],
	"111": [
		0.158984375,
		0.16666666666666666
	],
	"112": [
		0.7923828125,
		0.09618055555555556
	],
	"113": [
		0.5669921875,
		0.08333333333333333
	],
	"114": [
		0.79609375,
		0.08715277777777777
	],
	"115": [
		0.1923828125,
		0.1545138888888889
	],
	"116": [
		0.428125,
		0.09895833333333333
	],
	"117": [
		0.145703125,
		0.16909722222222223
	],
	"118": [
		0.7677734375,
		0.10034722222222223
	],
	"119": [
		0.203515625,
		0.5715277777777777
	],
	"120": [
		0.6509765625,
		0.033680555555555554
	],
	"121": [
		0.2845703125,
		0.15
	],
	"122": [
		0.331640625,
		0.11041666666666666
	],
	"123": [
		0.60234375,
		0.03888888888888889
	],
	"124": [
		0.425,
		0.10138888888888889
	],
	"125": [
		0.2025390625,
		0.15
	],
	"126": [
		0.8498046875,
		0.05381944444444445
	],
	"127": [
		0.4271484375,
		0.07847222222222222
	],
	"128": [
		0.0296875,
		0.4017361111111111
	],
	"129": [
		0.340234375,
		0.13055555555555556
	],
	"130": [
		0.9638671875,
		0.06180555555555556
	],
	"131": [
		0.202734375,
		0.15833333333333333
	],
	"132": [
		0.1630859375,
		0.16527777777777777
	],
	"133": [
		0.291015625,
		0.12534722222222222
	],
	"134": [
		0.78203125,
		0.09479166666666666
	],
	"135": [
		0.33828125,
		0.13055555555555556
	],
	"136": [
		0.6296875,
		0.03888888888888889
	],
	"137": [
		0.52265625,
		0.04861111111111111
	],
	"138": [
		0.4240234375,
		0.4378472222222222
	],
	"139": [
		0.75859375,
		0.07916666666666666
	],
	"140": [
		0.7546875,
		0.060069444444444446
	],
	"141": [
		0.340234375,
		0.10868055555555556
	],
	"142": [
		0.5720703125,
		0.042708333333333334
	],
	"143": [
		0.3013671875,
		0.12361111111111112
	],
	"144": [
		0.47578125,
		0.06180555555555556
	],
	"145": [
		0.0439453125,
		0.39479166666666665
	],
	"146": [
		0.88203125,
		0.040625
	],
	"147": [
		0.2888671875,
		0.109375
	],
	"148": [
		0.7658203125,
		0.09270833333333334
	],
	"149": [
		0.3029296875,
		0.103125
	],
	"150": [
		0.2671875,
		0.11736111111111111
	],
	"151": [
		0.1720703125,
		0.16354166666666667
	],
	"152": [
		0.19609375,
		0.12708333333333333
	],
	"153": [
		0.4330078125,
		0.09583333333333334
	],
	"154": [
		0.448828125,
		0.07048611111111111
	],
	"155": [
		0.434765625,
		0.07465277777777778
	],
	"156": [
		0.1880859375,
		0.24340277777777777
	],
	"157": [
		0.1775390625,
		0.13854166666666667
	],
	"158": [
		0.448828125,
		0.071875
	],
	"159": [
		0.3431640625,
		0.121875
	],
	"160": [
		0.5421875,
		0.05625
	],
	"161": [
		0.31640625,
		0.115625
	],
	"162": [
		0.75,
		0.08854166666666667
	],
	"163": [
		0.175390625,
		0.16319444444444445
	],
	"164": [
		0.6595703125,
		0.04722222222222222
	],
	"165": [
		0.0951171875,
		0.21284722222222222
	],