{
	"EighteenYardNorthForwardEast": [
		0.4004944375772559,
		0.21953367635470264
	],
	"PenaltyCircleNorthEast": [
		0.3003708281829419,
		0.2848004450006953
	],
	"PenaltyCircleNorthWest": [
		0.14215080346106304,
		0.38863394057386547
	],
	"PenaltySpotNorth": [
		0.09394313967861558,
		0.3263338432299634
	],
	"SixYardNorthForwardEast": [
		0.07663782447466007,
		0.2581004032818801
	]
}