{
	"0": [
		0.5546875,
		0.11944444444444445
	],
	"1": [
		0.5109375,
		0.2
	],
	"2": [
		0.55625,
		0.15555555555555556
	],
	"3": [
		0.6140625,
		0.19166666666666668
	],
	"4": [
		0.446875,
		0.4583333333333333
	],
	"5": [
		0.3875,
		0.44166666666666665
	],
	"6": [
		0.6140625,
		0.17777777777777778
	],
	"7": [
		0.5546875,
		0.175
	],
	"8": [
		0.725,
		0.43333333333333335
	],
	"9": [
		0.6671875,
		0.4527777777777778
	],
	"10": [
		0.515625,
		0.2
	],
	"11": [
		0.5578125,
		0.2722222222222222
	],
	"12": [
		0.725,
		0.3416666666666667
	],
	"13": [
		0.6671875,
		0.325
	],
	"14": [
		0.446875,
		0.31666666666666665
	],
	"15": [
		0.3890625,
		0.33055555555555555
	],
	"16": [
		0.7234375,
		0.3388888888888889
	],
	"17": [
		0.778125,
		0.375
	],
	"18": [
		0.6140625,
		0.4583333333333333
	],
	"19": [
		0.55625,
		0.4638888888888889
	],
	"20": [
		0.5421875,
		0.7
	],
	"21": [
		0.5453125,
		0.8027777777777778
	],
	"22": [
		0.54375,
		0.2
	],
	"23": [
		0.5421875,
		0.30277777777777776
	],
	"24": [
		0.54375,
		0.3
	],
	"25": [
		0.5421875,
		0.4027777777777778
	],
	"26": [
		0.5421875,
		0.4
	],
	"27": [
		0.54375,
		0.5027777777777778
	],
	"28": [
		0.5578125,
		0.8666666666666667
	],
	"29": [
		0.5,
		0.8638888888888889
	],
	"30": [
		0.6140625,
		0.8694444444444445
	],
	"31": [
		0.55625,
		0.8666666666666667
	],
	"32": [
		0.946875,
		0.8777777777777778
	],
	"33": [
		0.8890625,
		0.8777777777777778
	],
	"34": [
		0.1140625,
		0.11944444444444445
	],
	"35": [
		0.0578125,
		0.09722222222222222
	],
	"36": [
		0.390625,
		0.3277777777777778
	],
	"37": [
		0.334375,
		0.3472222222222222
	],
	"38": [
		0.7765625,
		0.4
	],
	"39": [
		0.7234375,
		0.4361111111111111
	],
	"40": [
		0.3890625,
		0.4444444444444444
	],
	"41": [
		0.334375,
		0.41944444444444445
	],
	"42": [
		0.66875,
		0.45
	],
	"43": [
		0.6125,
		0.4583333333333333
	],
	"44": [
		0.5015625,
		0.8638888888888889
	],
	"45": [
		0.4453125,
		0.8666666666666667
	],
	"46": [
		0.66875,
		0.8694444444444445
	],
	"47": [
		0.6125,
		0.8666666666666667
	],
	"48": [
		0.721875,
		0.8694444444444445
	],
	"49": [
		0.6671875,
		0.8694444444444445
	],
	"50": [
		0.09375,
		0.09722222222222222
	],
	"51": [
		0.05625,
		0.16666666666666666
	],
	"52": [
		0.5078125,
		0.20833333333333334
	],
	"53": [
		0.5578125,
		0.24444444444444444
	],
	"54": [
		0.615625,
		0.4583333333333333
	],
	"55": [
		0.66875,
		0.475
	],
	"56": [
		0.0046875,
		0.18055555555555555
	],
	"57": [
		0.0578125,
		0.19444444444444445
	],
	"58": [
		0.671875,
		0.175
	],
	"59": [
		0.725,
		0.18611111111111112
	],
	"60": [
		0.334375,
		0.11666666666666667
	],
	"61": [
		0.28125,
		0.125
	],
	"62": [
		0.66875,
		0.325
	],
	"63": [
		0.615625,
		0.31666666666666665
	],
	"64": [
		0.54375,
		0.6083333333333333
	],
	"65": [
		0.540625,
		0.7027777777777777
	],
	"66": [
		0.4453125,
		0.11944444444444445
	],
	"67": [
		0.3921875,
		0.12222222222222222
	],
	"68": [
		0.1140625,
		0.1111111111111111
	],
	"69": [
		0.0625,
		0.11944444444444445
	],
	"70": [
		0.5421875,
		0.5
	],
	"71": [
		0.54375,
		0.5916666666666667
	],
	"72": [
		0.5578125,
		0.17222222222222222
	],
	"73": [
		0.509375,
		0.175
	],
	"74": [
		0.3046875,
		0.4
	],
	"75": [
		0.303125,
		0.48333333333333334
	],
	"76": [
		0.2796875,
		0.8638888888888889
	],
	"77": [
		0.2328125,
		0.8638888888888889
	],
	"78": [
		0.7421875,
		0.3472222222222222
	],
	"79": [
		0.7765625,
		0.4
	],
	"80": [
		0.390625,
		0.2
	],
	"81": [
		0.3453125,
		0.19722222222222222
	],
	"82": [
		0.334375,
		0.325
	],
	"83": [
		0.3046875,
		0.38333333333333336
	],
	"84": [
		0.1,
		0.8694444444444445
	],
	"85": [
		0.05625,
		0.8666666666666667
	],
	"86": [
		0.328125,
		0.10555555555555556
	],
	"87": [
		0.2921875,
		0.14722222222222223
	],
	"88": [
		0.225,
		0.19166666666666668
	],
	"89": [
		0.1828125,
		0.19722222222222222
	],
	"90": [
		0.6546875,
		0.19722222222222222
	],
	"91": [
		0.6125,
		0.19166666666666668
	],
	"92": [
		0.2171875,
		0.4
	],
	"93": [
		0.2234375,
		0.4722222222222222
	],
	"94": [
		0.5609375,
		0.15555555555555556
	],
	"95": [
		0.5921875,
		0.20277777777777778
	],
	"96": [
		0.5296875,
		0.11944444444444445
	],
	"97": [
		0.5578125,
		0.17222222222222222
	],
	"98": [
		0.4859375,
		0.46111111111111114
	],
	"99": [
		0.4453125,
		0.45555555555555555
	],
	"100": [
		0.7765625,
		0.3333333333333333
	],
	"101": [
		0.7671875,
		0.4027777777777778
	],
	"102": [
		0.54375,
		0.2
	],
	"103": [
		0.5078125,
		0.22777777777777777
	],
	"104": [
		0.16875,
		0.8666666666666667
	],
	"105": [
		0.1296875,
		0.8666666666666667
	],
	"106": [
		0.5453125,
		0.8
	],
	"107": [
		0.5375,
		0.8666666666666667
	],
	"108": [
		0.5421875,
		0.8
	],
	"109": [
		0.5484375,
		0.8666666666666667
	],
	"110": [
		0.915625,
		0.1
	],
	"111": [
		0.8921875,
		0.1527777777777778
	],
	"112": [
		0.309375,
		0.30277777777777776
	],
	"113": [
		0.3359375,
		0.35
	],
	"114": [
		0.0609375,
		0.09722222222222222
	],
	"115": [
		0.0859375,
		0.14444444444444443
	],
	"116": [
		0.66875,
		0.525
	],
	"117": [
		0.6359375,
		0.5527777777777778
	],
	"118": [
		0.3359375,
		0.8944444444444445
	],
	"119": [
		0.3,
		0.8972222222222223
	],
	"120": [
		0.2234375,
		0.41388888888888886
	],
	"121": [
		0.209375,
		0.4722222222222222
	],
	"122": [
		0.5578125,
		0.15555555555555556
	],
	"123": [
		0.5234375,
		0.15
	],
	"124": [
		0.5578125,
		0.23055555555555557
	],
	"125": [
		0.5609375,
		0.2916666666666667
	],
	"126": [
		0.7734375,
		0.175
	],
	"127": [
		0.7390625,
		0.17222222222222222
	],
	"128": [
		0.1984375,
		0.43333333333333335
	],
	"129": [
		0.225,
		0.4722222222222222
	],
	"130": [
		0.715625,
		0.12222222222222222
	],
	"131": [
		0.68125,
		0.12222222222222222
	],
	"132": [
		0.946875,
		0.18055555555555555
	],
	"133": [
		0.9140625,
		0.19444444444444445
	],
	"134": [
		0.834375,
		0.6416666666666667
	],
	"135": [
		0.8421875,
		0.7
	],
	"136": [
		0.0890625,
		0.17777777777777778
	],
	"137": [
		0.0578125,
		0.2
	],
	"138": [
		0.20625,
		0.41388888888888886
	],
	"139": [
		0.2125,
		0.4722222222222222
	],
	"140": [
		0.5109375,
		0.19166666666666668
	],
	"141": [
		0.54375,
		0.2
	],
	"142": [
		0.2203125,
		0.4027777777777778
	],
	"143": [
		0.20625,
		0.45555555555555555
	],
	"144": [
		0.2265625,
		0.41388888888888886
	],
	"145": [
		0.228125,
		0.4722222222222222
	],
	"146": [
		0.725,
		0.18333333333333332
	],
	"147": [
		0.69375,
		0.2
	],
	"148": [
		0.475,
		0.10555555555555556
	],
	"149": [
		0.4546875,
		0.15
	],
	"150": [
		0.6578125,
		0.11388888888888889
	],
	"151": [
		0.6296875,
		0.14166666666666666
	],
	"152": [
		0.3046875,
		0.4
	],
	"153": [
		0.334375,
		0.41944444444444445
	],
	"154": [
		0.3296875,
		0.2972222222222222
	],
	"155": [
		0.33125,
		0.3527777777777778
	],
	"156": [
		0.69375,
		0.5388888888888889
	],
	"157": [
		0.703125,
		0.5916666666666667
	],
	"158": [
		0.3203125,
		0.4083333333333333
	],
	"159": [
		0.3,
		0.45
	],
	"160": [
		0.471875,
		0.1
	],
	"161": [
		0.49375,
		0.1388888888888889
	],
	"162": [
		0.3,
		0.4305555555555556
	],
	"163": [
		0.3125,
		0.48055555555555557
	],
	"164": [
		0.4640625,
		0.12222222222222222
	],
	"165": [
		0.4875,
		0.15555555555555556
	],
	"166": [
		0.3609375,
		0.1
	],
	"167": [
		0.3828125,
		0.1361111111111111
	],
	"168": [
		0.2046875,
		0.4222222222222222
	],
	"169": [
		0.225,
		0.46111111111111114
	],
	"170": [
		0.9765625,
		0.9138888888888889
	],
	"171": [
		0.946875,
		0.9083333333333333
	],
	"172": [
		0.0578125,
		0.8666666666666667
	],
	"173": [
		0.028125,
		0.8694444444444445
	],
	"174": [
		0.78125,
		0.2
	],
	"175": [
		0.8109375,
		0.2
	],
	"176": [
		0.6640625,
		0.45
	],
	"177": [
		0.6390625,
		0.4777777777777778
	],
	"178": [
		0.834375,
		0.25
	],
	"179": [
		0.815625,
		0.28888888888888886
	],
	"180": [
		0.7,
		0.5388888888888889
	],
	"181": [
		0.6890625,
		0.5861111111111111
	],
	"182": [
		0.54375,
		0.2
	],
	"183": [
		0.5296875,
		0.24444444444444444
	],