{
	"PenaltyCircleNorthWest": [
		0.13230899613072458,
		0.3914470223332213
	],
	"EighteenYardNorthForwardEast": [
		0.38112243464821116,
		0.21710850191578357
	],
	"EighteenYardNorthRearEast": [
		0.08669319906918538,
		0.1909577238531679
	],
	"SixYardNorthForwardEast": [
		0.06181185521743671,
		0.260693132020143
	]
}