{
	"0": [
		0.621484375,
		0.08090277777777778
	],
	"1": [
		0.4634765625,
		0.07430555555555556
	],
	"2": [
		0.7892578125,
		0.08923611111111111
	],
	"3": [
		0.721875,
		0.08402777777777778
	],
	"4": [
		0.31796875,
		0.06319444444444444
	],
	"5": [
		0.3884765625,
		0.06909722222222223
	],
	"6": [
		0.542578125,
		0.08020833333333334
	],
	"7": [
		0.972265625,
		0.0954861111111111
	],
	"8": [
		0.526171875,
		0.06215277777777778
	],
	"9": [
		0.476171875,
		0.071875
	],
	"10": [
		0.0947265625,
		0.09791666666666667
	],
	"11": [
		0.4478515625,
		0.05625
	],
	"12": [
		0.685546875,
		0.06944444444444445
	],
	"13": [
		0.30625,
		0.09722222222222222
	],
	"14": [
		0.7052734375,
		0.09027777777777778
	],
	"15": [
		0.9568359375,
		0.09930555555555555
	],
	"16": [
		0.6041015625,
		0.06736111111111111
	],
	"17": [
		0.3990234375,
		0.06701388888888889
	],
	"18": [
		0.555078125,
		0.07708333333333334
	],
	"19": [
		0.721484375,
		0.07604166666666666
	],
	"20": [
		0.8080078125,
		0.08333333333333333
	],
	"21": [
		0.8080078125,
		0.08333333333333333
	],
	"22": [
		0.7259765625,
		0.07013888888888889
	],
	"23": [
		0.6806640625,
		0.04861111111111111
	],
	"24": [
		0.8798828125,
		0.09166666666666666
	],
	"25": [
		0.6619140625,
		0.05
	],
	"26": [
		0.89765625,
		0.09097222222222222
	],
	"27": [
		0.950390625,
		0.08090277777777778
	],
	"28": [
		0.481640625,
		0.059027777777777776
	],
	"29": [
		0.769921875,
		0.07118055555555555
	],
	"30": [
		0.2947265625,
		0.10138888888888889
	],
	"31": [
		0.3734375,
		0.06597222222222222
	],
	"32": [
		0.6427734375,
		0.06770833333333333
	],
	"33": [
		0.691796875,
		0.08541666666666667
	],
	"34": [
		0.6373046875,
		0.07951388888888888
	],
	"35": [
		0.8107421875,
		0.07569444444444444
	],
	"36": [
		0.5607421875,
		0.06597222222222222
	],
	"37": [
		0.7728515625,
		0.08819444444444445
	],
	"38": [
		0.4052734375,
		0.05486111111111111
	],
	"39": [
		0.125390625,
		0.10590277777777778
	],
	"40": [
		0.1236328125,
		0.10381944444444445
	],
	"41": [
		0.691796875,
		0.09583333333333334
	],
	"42": [
		0.7505859375,
		0.06666666666666667
	],
	"43": [
		0.375390625,
		0.07291666666666667
	],
	"44": [
		0.833203125,
		0.06076388888888889
	],
	"45": [
		0.901953125,
		0.07256944444444445
	],
	"46": [
		0.608984375,
		0.08923611111111111
	],
	"47": [
		0.9525390625,
		0.08229166666666667
	],
	"48": [
		0.8583984375,
		0.07083333333333333
	],
	"49": [
		0.5322265625,
		0.08090277777777778
	],
	"50": [
		0.86484375,
		0.09791666666666667
	],
	"51": [
		0.04140625,
		0.09965277777777778
	],
	"52": [
		0.3146484375,
		0.06319444444444444
	],
	"53": [
		0.2423828125,
		0.1076388888888889
	],
	"54": [
		0.4478515625,
		0.07465277777777778
	],
	"55": [
		0.08828125,
		0.10381944444444445
	],
	"56": [
		0.325,
		0.05451388888888889
	],
	"57": [
		0.9505859375,
		0.08402777777777778
	],
	"58": [
		0.5271484375,
		0.08159722222222222
	],
	"59": [
		0.692578125,
		0.090625
	],
	"60": [
		0.64375,
		0.08611111111111111
	],
	"61": [
		0.7771484375,
		0.09131944444444444
	],
	"62": [
		0.940625,
		0.0625
	],
	"63": [
		0.9203125,
		0.05520833333333333
	],
	"64": [
		0.9029296875,
		0.09166666666666666
	],
	"65": [
		0.860546875,
		0.07743055555555556
	],
	"66": [
		0.8603515625,
		0.08229166666666667
	],
	"67": [
		0.853515625,
		0.05347222222222222
	],
	"68": [
		0.56875,
		0.04513888888888889
	],
	"69": [
		0.80703125,
		0.08125
	],
	"70": [
		0.6341796875,
		0.07152777777777777
	],
	"71": [
		0.958984375,
		0.09756944444444444
	],
	"72": [
		0.865234375,
		0.08715277777777777
	],
	"73": [
		0.6986328125,
		0.090625
	],
	"74": [
		0.7265625,
		0.08958333333333333
	],
	"75": [
		0.3798828125,
		0.06736111111111111
	],
	"76": [
		0.852734375,
		0.049652777777777775
	],
	"77": [
		0.6931640625,
		0.07604166666666666
	],
	"78": [
		0.5490234375,
		0.06701388888888889
	],
	"79": [
		0.613671875,
		0.08402777777777778
	],
	"80": [
		0.0955078125,
		0.09722222222222222
	],
	"81": [
		0.293359375,
		0.10451388888888889
	],
	"82": [
		0.5630859375,
		0.08090277777777778
	],
	"83": [
		0.8568359375,
		0.05520833333333333
	],
	"84": [
		0.8671875,
		0.09583333333333334
	],
	"85": [
		0.8978515625,
		0.08472222222222223
	],
	"86": [
		0.95390625,
		0.08125
	],
	"87": [
		0.80234375,
		0.9395833333333333
	],
	"88": [
		0.6955078125,
		0.08368055555555555
	],
	"89": [
		0.908984375,
		0.9597222222222223
	],
	"90": [
		0.415234375,
		0.035416666666666666
	],
	"91": [
		0.4580078125,
		0.040625
	],
	"92": [
		0.21171875,
		0.10520833333333333
	],
	"93": [
		0.7818359375,
		0.09236111111111112
	],
	"94": [
		0.33046875,
		0.06875
	],
	"95": [
		0.8130859375,
		0.09479166666666666
	],
	"96": [
		0.3837890625,
		0.06979166666666667
	],
	"97": [
		0.301953125,
		0.10173611111111111
	],
	"98": [
		0.796484375,
		0.09618055555555556
	],
	"99": [
		0.9017578125,
		0.09618055555555556
	],
	"100": [
		0.8828125,
		0.10034722222222223
	],
	"101": [
		0.0462890625,
		0.09652777777777778
	],
	"102": [
		0.536328125,
		0.05763888888888889
	],
	"103": [
		0.6142578125,
		0.07118055555555555
	],
	"104": [
		0.1232421875,
		0.10138888888888889
	],
	"105": [
		0.483984375,
		0.07743055555555556
	],
	"106": [
		0.9419921875,
		0.06527777777777778
	],
	"107": [
		0.2751953125,
		0.8413194444444444
	],
	"108": [
		0.39765625,
		0.058333333333333334
	],
	"109": [
		0.86640625,
		0.08958333333333333
	],
	"110": [
		0.9166015625,
		0.9635416666666666
	],
	"111": [
		0.8533203125,
		0.9510416666666667
	],
	"112": [
		0.4578125,
		0.07569444444444444
	],
	"113": [
		0.15,
		0.10555555555555556
	],
	"114": [
		0.8763671875,
		0.9572916666666667
	],
	"115": [
		0.7734375,
		0.07847222222222222
	],
	"116": [
		0.8296875,
		0.058680555555555555
	],
	"117": [
		0.98046875,
		0.09930555555555555
	],
	"118": [
		0.5357421875,
		0.08125
	],
	"119": [
		0.451171875,
		0.07013888888888889
	],
	"120": [
		0.9359375,
		0.96875
	],
	"121": [
		0.2974609375,
		0.10347222222222222
	],
	"122": [
		0.4556640625,
		0.07048611111111111
	],
	"123": [
		0.4072265625,
		0.07152777777777777
	],
	"124": [
		0.53125,
		0.07118055555555555
	],
	"125": [
		0.6099609375,
		0.07430555555555556
	],
	"126": [
		0.6365234375,
		0.05416666666666667
	],
	"127": [
		0.0376953125,
		0.10694444444444444
	],
	"128": [
		0.0759765625,
		0.10625
	],
	"129": [
		0.195703125,
		0.8746527777777777
	],
	"130": [
		0.7267578125,
		0.09097222222222222
	],
	"131": [
		0.6107421875,
		0.07326388888888889
	],
	"132": [
		0.928125,
		0.9670138888888888
	],
	"133": [
		0.02734375,
		0.11909722222222222
	],
	"134": [
		0.1525390625,
		0.10590277777777778
	],
	"135": [
		0.7294921875,
		0.09375
	],
	"136": [
		0.4681640625,
		0.06215277777777778
	],
	"137": [
		0.2966796875,
		0.10138888888888889
	],
	"138": [
		0.08984375,
		0.09861111111111111
	],
	"139": [
		0.6169921875,
		0.08402777777777778
	],
	"140": [
		0.708984375,
		0.09166666666666666
	],
	"141": [
		0.2603515625,
		0.8388888888888889
	],
	"142": [
		0.7775390625,
		0.084375
	],
	"143": [
		0.453125,
		0.07604166666666666
	],
	"144": [
		0.87890625,
		0.04756944444444444
	],
	"145": [
		0.5427734375,
		0.08159722222222222
	],
	"146": [
		0.8337890625,
		0.946875
	],
	"147": [
		0.9412109375,
		0.06631944444444444
	],
	"148": [
		0.5392578125,
		0.04791666666666667
	],
	"149": [
		0.0970703125,
		0.10381944444444445
	],
	"150": [
		0.96484375,
		0.084375
	],
	"151": [
		0.112890625,
		0.10868055555555556
	],
	"152": [
		0.1412109375,
		0.10729166666666666
	],
	"153": [
		0.77890625,
		0.08263888888888889
	],
	"154": [
		0.379296875,
		0.05486111111111111
	],
	"155": [
		0.4544921875,
		0.059722222222222225
	],
	"156": [
		0.88515625,
		0.08402777777777778
	],
	"157": [
		0.33046875,
		0.07222222222222222
	],
	"158": [
		0.4556640625,
		0.043055555555555555
	],
	"159": [
		0.81328125,
		0.0954861111111111
	],
	"160": [
		0.9802734375,
		0.08611111111111111
	],
	"161": [
		0.37578125,
		0.059722222222222225
	],