{
	"0": [
		0.6158203125,
		0.06770833333333333
	],
	"1": [
		0.45546875,
		0.06041666666666667
	],
	"2": [
		0.785546875,
		0.07673611111111112
	],
	"3": [
		0.717578125,
		0.07118055555555555
	],
	"4": [
		0.3109375,
		0.05
	],
	"5": [
		0.377734375,
		0.05347222222222222
	],
	"6": [
		0.5353515625,
		0.065625
	],
	"7": [
		0.971484375,
		0.08333333333333333
	],
	"8": [
		0.51953125,
		0.04861111111111111
	],
	"9": [
		0.4693359375,
		0.059027777777777776
	],
	"10": [
		0.0947265625,
		0.09791666666666667
	],
	"11": [
		0.440234375,
		0.044444444444444446
	],
	"12": [
		0.68203125,
		0.057291666666666664
	],
	"13": [
		0.305859375,
		0.09722222222222222
	],
	"14": [
		0.701171875,
		0.07673611111111112
	],
	"15": [
		0.9564453125,
		0.08680555555555555
	],
	"16": [
		0.5990234375,
		0.05486111111111111
	],
	"17": [
		0.3908203125,
		0.05347222222222222
	],
	"18": [
		0.5490234375,
		0.06493055555555556
	],
	"19": [
		0.717578125,
		0.0625
	],
	"20": [
		0.805859375,
		0.07013888888888889
	],
	"21": [
		0.805859375,
		0.07013888888888889
	],
	"22": [
		0.7224609375,
		0.059027777777777776
	],
	"23": [
		0.6765625,
		0.036458333333333336
	],
	"24": [
		0.8779296875,
		0.0798611111111111
	],
	"25": [
		0.65703125,
		0.03715277777777778
	],
	"26": [
		0.896484375,
		0.07847222222222222
	],
	"27": [
		0.95,
		0.06909722222222223
	],
	"28": [
		0.474609375,
		0.046875
	],
	"29": [
		0.7669921875,
		0.058680555555555555
	],
	"30": [
		0.2947265625,
		0.10138888888888889
	],
	"31": [
		0.3646484375,
		0.052083333333333336
	],
	"32": [
		0.6376953125,
		0.05659722222222222
	],
	"33": [
		0.6873046875,
		0.07361111111111111
	],
	"34": [
		0.63203125,
		0.06701388888888889
	],
	"35": [
		0.8083984375,
		0.0642361111111111
	],
	"36": [
		0.5544921875,
		0.05347222222222222
	],
	"37": [
		0.7701171875,
		0.07708333333333334
	],
	"38": [
		0.396484375,
		0.04131944444444444
	],
	"39": [
		0.1103515625,
		0.10347222222222222
	],
	"40": [
		0.1111328125,
		0.10138888888888889
	],
	"41": [
		0.6875,
		0.08333333333333333
	],
	"42": [
		0.7478515625,
		0.053125
	],
	"43": [
		0.3669921875,
		0.059375
	],
	"44": [
		0.8306640625,
		0.04826388888888889
	],
	"45": [
		0.90078125,
		0.06111111111111111
	],
	"46": [
		0.6037109375,
		0.07604166666666666
	],
	"47": [
		0.9521484375,
		0.07048611111111111
	],
	"48": [
		0.8576171875,
		0.05798611111111111
	],
	"49": [
		0.525390625,
		0.06597222222222222
	],
	"50": [
		0.8634765625,
		0.08541666666666667
	],
	"51": [
		0.0265625,
		0.08784722222222222
	],
	"52": [
		0.30859375,
		0.050347222222222224
	],
	"53": [
		0.235546875,
		0.1076388888888889
	],
	"54": [
		0.4408203125,
		0.06145833333333333
	],
	"55": [
		0.07265625,
		0.10347222222222222
	],
	"56": [
		0.315625,
		0.041666666666666664
	],
	"57": [
		0.9501953125,
		0.07083333333333333
	],
	"58": [
		0.5205078125,
		0.06701388888888889
	],
	"59": [
		0.688671875,
		0.07743055555555556
	],
	"60": [
		0.638671875,
		0.07430555555555556
	],
	"61": [
		0.7734375,
		0.07881944444444444
	],
	"62": [
		0.940234375,
		0.049652777777777775
	],
	"63": [
		0.91953125,
		0.043402777777777776
	],
	"64": [
		0.9021484375,
		0.0798611111111111
	],
	"65": [
		0.858984375,
		0.0642361111111111
	],
	"66": [
		0.85859375,
		0.06909722222222223
	],
	"67": [
		0.8521484375,
		0.04131944444444444
	],
	"68": [
		0.562890625,
		0.03125
	],
	"69": [
		0.8046875,
		0.06805555555555555
	],
	"70": [
		0.6291015625,
		0.058680555555555555
	],
	"71": [
		0.95859375,
		0.08541666666666667
	],
	"72": [
		0.8642578125,
		0.075
	],
	"73": [
		0.694140625,
		0.078125
	],
	"74": [
		0.7232421875,
		0.07743055555555556
	],
	"75": [
		0.370703125,
		0.05347222222222222
	],
	"76": [
		0.8513671875,
		0.03784722222222222
	],
	"77": [
		0.6890625,
		0.06111111111111111
	],
	"78": [
		0.54296875,
		0.053125
	],
	"79": [
		0.6083984375,
		0.07048611111111111
	],
	"80": [
		0.0955078125,
		0.09722222222222222
	],
	"81": [
		0.293359375,
		0.10451388888888889
	],
	"82": [
		0.557421875,
		0.06840277777777778
	],
	"83": [
		0.8552734375,
		0.041666666666666664
	],
	"84": [
		0.866015625,
		0.08298611111111111
	],
	"85": [
		0.8966796875,
		0.07152777777777777
	],
	"86": [
		0.953125,
		0.06979166666666667
	],
	"87": [
		0.7986328125,
		0.9402777777777778
	],
	"88": [
		0.6916015625,
		0.07118055555555555
	],
	"89": [
		0.9078125,
		0.9597222222222223
	],
	"90": [
		0.21171875,
		0.10520833333333333
	],
	"91": [
		0.778515625,
		0.0798611111111111
	],
	"92": [
		0.320703125,
		0.05520833333333333
	],
	"93": [
		0.8107421875,
		0.08298611111111111
	],
	"94": [
		0.373828125,
		0.05659722222222222
	],
	"95": [
		0.3017578125,
		0.10173611111111111
	],
	"96": [
		0.79453125,
		0.08333333333333333
	],
	"97": [
		0.90078125,
		0.08368055555555555
	],
	"98": [
		0.88125,
		0.08680555555555555
	],
	"99": [
		0.03359375,
		0.08368055555555555
	],
	"100": [
		0.5296875,
		0.04618055555555556
	],
	"101": [
		0.6091796875,
		0.057291666666666664
	],
	"102": [
		0.1115234375,
		0.09861111111111111
	],
	"103": [
		0.4771484375,
		0.06458333333333334
	],
	"104": [
		0.9412109375,
		0.051041666666666666
	],
	"105": [
		0.2625,
		0.8402777777777778
	],
	"106": [
		0.3890625,
		0.044444444444444446
	],
	"107": [
		0.8650390625,
		0.07777777777777778
	],
	"108": [
		0.914453125,
		0.9635416666666666
	],
	"109": [
		0.8505859375,
		0.9510416666666667
	],
	"110": [
		0.4494140625,
		0.06215277777777778
	],
	"111": [
		0.139453125,
		0.10416666666666667
	],
	"112": [
		0.873046875,
		0.9569444444444445
	],
	"113": [
		0.7703125,
		0.0642361111111111
	],
	"114": [
		0.82734375,
		0.04618055555555556
	],
	"115": [
		0.9802734375,
		0.08680555555555555
	],
	"116": [
		0.529296875,
		0.06736111111111111
	],
	"117": [
		0.443359375,
		0.05625
	],
	"118": [
		0.9349609375,
		0.9684027777777777
	],
	"119": [
		0.2974609375,
		0.10347222222222222
	],
	"120": [
		0.448046875,
		0.05694444444444444
	],
	"121": [
		0.3986328125,
		0.05798611111111111
	],
	"122": [
		0.524609375,
		0.05798611111111111
	],
	"123": [
		0.6044921875,
		0.06145833333333333
	],
	"124": [
		0.63203125,
		0.04027777777777778
	],
	"125": [
		0.02109375,
		0.09340277777777778
	],
	"126": [
		0.061328125,
		0.10625
	],
	"127": [
		0.1837890625,
		0.875
	],
	"128": [
		0.723046875,
		0.07881944444444444
	],
	"129": [
		0.6052734375,
		0.059722222222222225
	],
	"130": [
		0.9275390625,
		0.9673611111111111
	],
	"131": [
		0.1431640625,
		0.10416666666666667
	],
	"132": [
		0.7259765625,
		0.08194444444444444
	],
	"133": [
		0.459375,
		0.04826388888888889
	],
	"134": [
		0.2966796875,
		0.10138888888888889
	],
	"135": [
		0.0896484375,
		0.09861111111111111
	],
	"136": [
		0.6111328125,
		0.071875
	],
	"137": [
		0.70546875,
		0.07847222222222222
	],
	"138": [
		0.247265625,
		0.8385416666666666
	],
	"139": [
		0.774609375,
		0.07222222222222222
	],
	"140": [
		0.445703125,
		0.06215277777777778
	],
	"141": [
		0.8775390625,
		0.034027777777777775
	],
	"142": [
		0.535546875,
		0.06631944444444444
	],
	"143": [
		0.8328125,
		0.946875
	],
	"144": [
		0.9404296875,
		0.05138888888888889
	],
	"145": [
		0.532421875,
		0.034375
	],
	"146": [
		0.0970703125,
		0.10347222222222222
	],
	"147": [
		0.964453125,
		0.07222222222222222
	],
	"148": [
		0.109765625,
		0.10486111111111111
	],
	"149": [
		0.1271484375,
		0.10520833333333333
	],
	"150": [
		0.776171875,
		0.07013888888888889
	],
	"151": [
		0.3703125,
		0.040625
	],
	"152": [
		0.4466796875,
		0.04652777777777778
	],
	"153": [
		0.8837890625,
		0.07083333333333333
	],
	"154": [
		0.320703125,
		0.058680555555555555
	],
	"155": [
		0.8115234375,
		0.08402777777777778
	],
	"156": [
		0.980078125,
		0.07291666666666667
	],
	"157": [
		0.3669921875,
		0.04548611111111111
	],
	"158": [
		0.2990234375,
		0.10277777777777777
	],
	"159": [
		0.456640625,
		0.06319444444444444
	],
	"160": [
		0.55703125,
		0.07013888888888889
	],
	"161": [
		0.380859375,
		0.05763888888888889
	],