{
	"0": [
		0.2337890625,
		0.10381944444444445
	],
	"1": [
		0.608203125,
		0.10347222222222222
	],
	"2": [
		0.455078125,
		0.096875
	],
	"3": [
		0.7703125,
		0.11180555555555556
	],
	"4": [
		0.7046875,
		0.10555555555555556
	],
	"5": [
		0.3140625,
		0.08402777777777778
	],
	"6": [
		0.3822265625,
		0.09097222222222222
	],
	"7": [
		0.53203125,
		0.10243055555555555
	],
	"8": [
		0.9453125,
		0.11944444444444445
	],
	"9": [
		0.51484375,
		0.08402777777777778
	],
	"10": [
		0.4669921875,
		0.09166666666666666
	],
	"11": [
		0.0943359375,
		0.1076388888888889
	],
	"12": [
		0.4392578125,
		0.078125
	],
	"13": [
		0.6701171875,
		0.09097222222222222
	],
	"14": [
		0.305078125,
		0.09895833333333333
	],
	"15": [
		0.6892578125,
		0.1111111111111111
	],
	"16": [
		0.930078125,
		0.11840277777777777
	],
	"17": [
		0.591796875,
		0.09097222222222222
	],
	"18": [
		0.392578125,
		0.08680555555555555
	],
	"19": [
		0.54375,
		0.09826388888888889
	],
	"20": [
		0.70390625,
		0.09722222222222222
	],
	"21": [
		0.9634765625,
		0.1076388888888889
	],
	"22": [
		0.7873046875,
		0.10659722222222222
	],
	"23": [
		0.7873046875,
		0.10659722222222222
	],
	"24": [
		0.709765625,
		0.09305555555555556
	],
	"25": [
		0.663671875,
		0.07152777777777777
	],
	"26": [
		0.8576171875,
		0.11388888888888889
	],
	"27": [
		0.646484375,
		0.07152777777777777
	],
	"28": [
		0.8732421875,
		0.11388888888888889
	],
	"29": [
		0.9220703125,
		0.10277777777777777
	],
	"30": [
		0.47265625,
		0.08125
	],
	"31": [
		0.751171875,
		0.09479166666666666
	],
	"32": [
		0.2947265625,
		0.10138888888888889
	],
	"33": [
		0.367578125,
		0.08576388888888889
	],
	"34": [
		0.6283203125,
		0.09027777777777778
	],
	"35": [
		0.674609375,
		0.103125
	],
	"36": [
		0.968359375,
		0.09930555555555555
	],
	"37": [
		0.622265625,
		0.09965277777777778
	],
	"38": [
		0.7908203125,
		0.09826388888888889
	],
	"39": [
		0.548828125,
		0.08784722222222222
	],
	"40": [
		0.9646484375,
		0.11145833333333334
	],
	"41": [
		0.7544921875,
		0.11493055555555555
	],
	"42": [
		0.398046875,
		0.07673611111111112
	],
	"43": [
		0.133984375,
		0.10798611111111112
	],
	"44": [
		0.1376953125,
		0.10416666666666667
	],
	"45": [
		0.6744140625,
		0.11631944444444445
	],
	"46": [
		0.73359375,
		0.08958333333333333
	],
	"47": [
		0.3685546875,
		0.09444444444444444
	],
	"48": [
		0.811328125,
		0.08368055555555555
	],
	"49": [
		0.8779296875,
		0.096875
	],
	"50": [
		0.5951171875,
		0.1111111111111111
	],
	"51": [
		0.92578125,
		0.10625
	],
	"52": [
		0.83671875,
		0.09513888888888888
	],
	"53": [
		0.5212890625,
		0.10381944444444445
	],
	"54": [
		0.843359375,
		0.11666666666666667
	],
	"55": [
		0.044921875,
		0.11909722222222222
	],
	"56": [
		0.311328125,
		0.08229166666666667
	],
	"57": [
		0.2458984375,
		0.10868055555555556
	],
	"58": [
		0.4396484375,
		0.09930555555555555
	],
	"59": [
		0.0888671875,
		0.11493055555555555
	],
	"60": [
		0.320703125,
		0.0763888888888889
	],
	"61": [
		0.925,
		0.1125
	],
	"62": [
		0.5171875,
		0.10416666666666667
	],
	"63": [
		0.67734375,
		0.11041666666666666
	],
	"64": [
		0.6294921875,
		0.10798611111111112
	],
	"65": [
		0.75859375,
		0.1125
	],
	"66": [
		0.9138671875,
		0.08472222222222223
	],
	"67": [
		0.895703125,
		0.07847222222222222
	],
	"68": [
		0.87890625,
		0.11458333333333333
	],
	"69": [
		0.83984375,
		0.10486111111111111
	],
	"70": [
		0.8375,
		0.11180555555555556
	],
	"71": [
		0.970703125,
		0.12152777777777778
	],
	"72": [
		0.8302734375,
		0.07569444444444444
	],
	"73": [
		0.5568359375,
		0.06701388888888889
	],
	"74": [
		0.7857421875,
		0.10381944444444445
	],
	"75": [
		0.6201171875,
		0.09236111111111112
	],
	"76": [
		0.9333984375,
		0.11840277777777777
	],
	"77": [
		0.84296875,
		0.10555555555555556
	],
	"78": [
		0.6826171875,
		0.11180555555555556
	],
	"79": [
		0.7091796875,
		0.11215277777777778
	],
	"80": [
		0.3734375,
		0.08993055555555556
	],
	"81": [
		0.8298828125,
		0.07083333333333333
	],
	"82": [
		0.6775390625,
		0.0954861111111111
	],
	"83": [
		0.53828125,
		0.08819444444444445
	],
	"84": [
		0.6,
		0.1076388888888889
	],
	"85": [
		0.095703125,
		0.10381944444444445
	],
	"86": [
		0.2919921875,
		0.10555555555555556
	],
	"87": [
		0.55078125,
		0.10277777777777777
	],
	"88": [
		0.834765625,
		0.08055555555555556
	],
	"89": [
		0.84609375,
		0.11840277777777777
	],
	"90": [
		0.8724609375,
		0.10659722222222222
	],
	"91": [
		0.9287109375,
		0.10694444444444444
	],
	"92": [
		0.7880859375,
		0.9361111111111111
	],
	"93": [
		0.6791015625,
		0.10520833333333333
	],
	"94": [
		0.908203125,
		0.9597222222222223
	],
	"95": [
		0.228125,
		0.10659722222222222
	],
	"96": [
		0.4091796875,
		0.05798611111111111
	],
	"97": [
		0.45,
		0.06215277777777778
	],
	"98": [
		0.219140625,
		0.10590277777777778
	],
	"99": [
		0.7626953125,
		0.11597222222222223
	],
	"100": [
		0.3251953125,
		0.09097222222222222
	],
	"101": [
		0.7927734375,
		0.11736111111111111
	],
	"102": [
		0.378125,
		0.09166666666666666
	],
	"103": [
		0.3009765625,
		0.10208333333333333
	],
	"104": [
		0.774609375,
		0.11944444444444445
	],
	"105": [
		0.8771484375,
		0.11979166666666667
	],
	"106": [
		0.859375,
		0.12222222222222222
	],
	"107": [
		0.0490234375,
		0.115625
	],
	"108": [
		0.52578125,
		0.07743055555555556
	],
	"109": [
		0.60078125,
		0.09583333333333334
	],
	"110": [
		0.1380859375,
		0.10173611111111111
	],
	"111": [
		0.9671875,
		0.12152777777777778
	],
	"112": [
		0.474609375,
		0.1
	],
	"113": [
		0.9166015625,
		0.08680555555555555
	],
	"114": [
		0.2740234375,
		0.8416666666666667
	],
	"115": [
		0.390234375,
		0.08090277777777778
	],
	"116": [
		0.84453125,
		0.10833333333333334
	],
	"117": [
		0.908203125,
		0.9618055555555556
	],
	"118": [
		0.83828125,
		0.9475694444444445
	],
	"119": [
		0.4501953125,
		0.09861111111111111
	],
	"120": [
		0.1744140625,
		0.10659722222222222
	],
	"121": [
		0.861328125,
		0.9538194444444444
	],
	"122": [
		0.7552734375,
		0.10451388888888889
	],
	"123": [
		0.80859375,
		0.08125
	],
	"124": [
		0.9505859375,
		0.12291666666666666
	],
	"125": [
		0.525,
		0.10451388888888889
	],
	"126": [
		0.4427734375,
		0.08819444444444445
	],
	"127": [
		0.925390625,
		0.9659722222222222
	],
	"128": [
		0.297265625,
		0.10451388888888889
	],
	"129": [
		0.4470703125,
		0.09236111111111112
	],
	"130": [
		0.4,
		0.09444444444444444
	],
	"131": [
		0.5208984375,
		0.09097222222222222
	],
	"132": [
		0.596484375,
		0.0954861111111111
	],
	"133": [
		0.6216796875,
		0.078125
	],
	"134": [
		0.0408203125,
		0.12777777777777777
	],
	"135": [
		0.0759765625,
		0.11006944444444444
	],
	"136": [
		0.1958984375,
		0.8746527777777777
	],
	"137": [
		0.709765625,
		0.11354166666666667
	],
	"138": [
		0.5974609375,
		0.09479166666666666
	],
	"139": [
		0.9251953125,
		0.965625
	],
	"140": [
		0.0306640625,
		0.1388888888888889
	],
	"141": [
		0.1771484375,
		0.10659722222222222
	],
	"142": [
		0.7140625,
		0.11597222222222223
	],
	"143": [
		0.459375,
		0.084375
	],
	"144": [
		0.2953125,
		0.10173611111111111
	],
	"145": [
		0.0896484375,
		0.10590277777777778
	],
	"146": [
		0.604296875,
		0.10625
	],
	"147": [
		0.691796875,
		0.11423611111111111
	],
	"148": [
		0.258984375,
		0.8395833333333333
	],
	"149": [
		0.7580078125,
		0.10416666666666667
	],
	"150": [
		0.4455078125,
		0.09826388888888889
	],
	"151": [
		0.855078125,
		0.07152777777777777
	],
	"152": [
		0.5318359375,
		0.10520833333333333
	],
	"153": [
		0.82578125,
		0.9451388888888889
	],
	"154": [
		0.9134765625,
		0.08958333333333333
	],
	"155": [
		0.528125,
		0.06944444444444445
	],
	"156": [
		0.097265625,
		0.11458333333333333
	],
	"157": [
		0.939453125,
		0.10555555555555556
	],
	"158": [
		0.1240234375,
		0.10972222222222222
	],
	"159": [
		0.1634765625,
		0.109375
	],
	"160": [
		0.76015625,
		0.10347222222222222
	],
	"161": [
		0.373046875,
		0.08020833333333334
	],
	"162": [
		0.446484375,
		0.08263888888888889
	],