{
	"CornerNorthWest": [
		0.19662921348314608,
		0.7156677974619927
	],
	"CornerNorthEast": [
		0.24146873453586543,
		0.3664996316683781
	],
	"CornerSouthEast": [
		0.6235955056179775,
		0.3940193491644679
	],
	"CornerSouthWest": [
		0.6882022471910112,
		0.7290698161410563
	]
}