{
	"0": [
		0.1765625,
		0.178125
	],
	"1": [
		0.2875,
		0.06180555555555556
	],
	"2": [
		0.2892578125,
		0.19131944444444443
	],
	"3": [
		0.2498046875,
		0.18958333333333333
	],
	"4": [
		0.20859375,
		0.050694444444444445
	],
	"5": [
		0.2923828125,
		0.08715277777777777
	],
	"6": [
		0.4423828125,
		0.19340277777777778
	],
	"7": [
		0.28046875,
		0.09270833333333334
	],
	"8": [
		0.28984375,
		0.06979166666666667
	],
	"9": [
		0.2240234375,
		0.18819444444444444
	],
	"10": [
		0.1951171875,
		0.12604166666666666
	],
	"11": [
		0.2240234375,
		0.18888888888888888
	],
	"12": [
		0.417578125,
		0.1954861111111111
	],
	"13": [
		0.1765625,
		0.178125
	],
	"14": [
		0.2447265625,
		0.04895833333333333
	],
	"15": [
		0.2927734375,
		0.08680555555555555
	],
	"16": [
		0.2498046875,
		0.18958333333333333
	],
	"17": [
		0.3134765625,
		0.190625
	],
	"18": [
		0.3134765625,
		0.190625
	],
	"19": [
		0.2498046875,
		0.18784722222222222
	],
	"20": [
		0.3783203125,
		0.19236111111111112
	],
	"21": [
		0.3783203125,
		0.19236111111111112
	],
	"22": [
		0.4162109375,
		0.18854166666666666
	],
	"23": [
		0.2892578125,
		0.18993055555555555
	],
	"24": [
		0.1703125,
		0.15069444444444444
	],
	"25": [
		0.253515625,
		0.05173611111111111
	],
	"26": [
		0.1849609375,
		0.1763888888888889
	],
	"27": [
		0.22421875,
		0.18888888888888888
	],
	"28": [
		0.1849609375,
		0.17673611111111112
	],
	"29": [
		0.3134765625,
		0.190625
	],
	"30": [
		0.2939453125,
		0.08576388888888889
	],
	"31": [
		0.2892578125,
		0.19131944444444443
	],
	"32": [
		0.2240234375,
		0.19409722222222223
	],
	"33": [
		0.283984375,
		0.17673611111111112
	],
	"34": [
		0.25,
		0.049305555555555554
	],
	"35": [
		0.3783203125,
		0.19236111111111112
	],
	"36": [
		0.159765625,
		0.19131944444444443
	],
	"37": [
		0.4224609375,
		0.17395833333333333
	],
	"38": [
		0.3529296875,
		0.18645833333333334
	],
	"39": [
		0.2044921875,
		0.13125
	],
	"40": [
		0.352734375,
		0.19444444444444445
	],
	"41": [
		0.20859375,
		0.050347222222222224
	],
	"42": [
		0.07421875,
		0.1607638888888889
	],
	"43": [
		0.2875,
		0.0625
	],
	"44": [
		0.4162109375,
		0.18854166666666666
	],
	"45": [
		0.214453125,
		0.12048611111111111
	],
	"46": [
		0.2240234375,
		0.18958333333333333
	],
	"47": [
		0.1849609375,
		0.1763888888888889
	],
	"48": [
		0.2892578125,
		0.1920138888888889
	],
	"49": [
		0.3783203125,
		0.19236111111111112
	],
	"50": [
		0.352734375,
		0.19375
	],
	"51": [
		0.352734375,
		0.19375
	],
	"52": [
		0.3134765625,
		0.190625
	],
	"53": [
		0.1849609375,
		0.1763888888888889
	],
	"54": [
		0.417578125,
		0.1951388888888889
	],
	"55": [
		0.352734375,
		0.19375
	],
	"56": [
		0.22421875,
		0.18888888888888888
	],
	"57": [
		0.2498046875,
		0.18958333333333333
	],
	"58": [
		0.2525390625,
		0.05
	],
	"59": [
		0.22421875,
		0.18819444444444444
	],
	"60": [
		0.2947265625,
		0.08645833333333333
	],
	"61": [
		0.1611328125,
		0.19166666666666668
	],
	"62": [
		0.2939453125,
		0.08645833333333333
	],
	"63": [
		0.353125,
		0.19479166666666667
	],
	"64": [
		0.3783203125,
		0.19236111111111112
	],
	"65": [
		0.4224609375,
		0.17395833333333333
	],
	"66": [
		0.308984375,
		0.8371527777777777
	],
	"67": [
		0.22421875,
		0.18819444444444444
	],
	"68": [
		0.390234375,
		0.8413194444444444
	],
	"69": [
		0.07421875,
		0.15104166666666666
	],
	"70": [
		0.2892578125,
		0.1920138888888889
	],
	"71": [
		0.2515625,
		0.05277777777777778
	],
	"72": [
		0.3134765625,
		0.190625
	],
	"73": [
		0.2501953125,
		0.049305555555555554
	],
	"74": [
		0.1703125,
		0.15069444444444444
	],
	"75": [
		0.3134765625,
		0.1920138888888889
	],
	"76": [
		0.3783203125,
		0.19236111111111112
	],
	"77": [
		0.3783203125,
		0.19236111111111112
	],
	"78": [
		0.1765625,
		0.178125
	],
	"79": [
		0.290625,
		0.06145833333333333
	],
	"80": [
		0.352734375,
		0.19375
	],
	"81": [
		0.38125,
		0.8420138888888888
	],
	"82": [
		0.38203125,
		0.8409722222222222
	],
	"83": [
		0.2873046875,
		0.06875
	],
	"84": [
		0.3833984375,
		0.8416666666666667
	],
	"85": [
		0.2892578125,
		0.19131944444444443
	],
	"86": [
		0.4423828125,
		0.19340277777777778
	],
	"87": [
		0.175390625,
		0.15069444444444444
	],
	"88": [
		0.2873046875,
		0.0625
	],
	"89": [
		0.448828125,
		0.8444444444444444
	],
	"90": [
		0.1291015625,
		0.14930555555555555
	],
	"91": [
		0.2876953125,
		0.06354166666666666
	],
	"92": [
		0.248046875,
		0.10034722222222223
	],
	"93": [
		0.170703125,
		0.17916666666666667
	],
	"94": [
		0.2498046875,
		0.18958333333333333
	],
	"95": [
		0.175,
		0.178125
	],
	"96": [
		0.4115234375,
		0.8430555555555556
	],
	"97": [
		0.020703125,
		0.15520833333333334
	],
	"98": [
		0.2498046875,
		0.18958333333333333
	],
	"99": [
		0.1638671875,
		0.15868055555555555
	],
	"100": [
		0.170703125,
		0.17847222222222223
	],
	"101": [
		0.2498046875,
		0.18958333333333333
	],
	"102": [
		0.2892578125,
		0.19131944444444443
	],
	"103": [
		0.2880859375,
		0.06875
	],
	"104": [
		0.28046875,
		0.09270833333333334
	],
	"105": [
		0.3201171875,
		0.8395833333333333
	],
	"106": [
		0.44296875,
		0.1954861111111111
	],
	"107": [
		0.2892578125,
		0.19131944444444443
	],
	"108": [
		0.3783203125,
		0.19236111111111112
	],
	"109": [
		0.2703125,
		0.052083333333333336
	],
	"110": [
		0.3134765625,
		0.190625
	],
	"111": [
		0.44296875,
		0.1954861111111111
	],
	"112": [
		0.1748046875,
		0.14201388888888888
	],
	"113": [
		0.2880859375,
		0.0642361111111111
	],
	"114": [
		0.293359375,
		0.08680555555555555
	],
	"115": [
		0.24921875,
		0.049305555555555554
	],
	"116": [
		0.2517578125,
		0.09791666666666667
	],
	"117": [
		0.3134765625,
		0.190625
	],
	"118": [
		0.175,
		0.17777777777777778
	],
	"119": [
		0.3583984375,
		0.17291666666666666
	],
	"120": [
		0.16796875,
		0.15416666666666667
	],
	"121": [
		0.290625,
		0.06145833333333333
	],
	"122": [
		0.06953125,
		0.15763888888888888
	],
	"123": [
		0.3134765625,
		0.190625
	],
	"124": [
		0.184375,
		0.8288194444444444
	],
	"125": [
		0.0392578125,
		0.8291666666666667
	],
	"126": [
		0.2896484375,
		0.18680555555555556
	],
	"127": [
		0.2498046875,
		0.18958333333333333
	],
	"128": [
		0.247265625,
		0.04895833333333333
	],
	"129": [
		0.3783203125,
		0.19236111111111112
	],
	"130": [
		0.41640625,
		0.19652777777777777
	],
	"131": [
		0.1849609375,
		0.17881944444444445
	],
	"132": [
		0.3134765625,
		0.190625
	],
	"133": [
		0.3783203125,
		0.19236111111111112
	],
	"134": [
		0.2828125,
		0.06041666666666667
	],
	"135": [
		0.2494140625,
		0.19027777777777777
	],
	"136": [
		0.44296875,
		0.1954861111111111
	],
	"137": [
		0.1849609375,
		0.1763888888888889
	],
	"138": [
		0.1794921875,
		0.17673611111111112
	],
	"139": [
		0.2861328125,
		0.06805555555555555
	],
	"140": [
		0.0646484375,
		0.8524305555555556
	],
	"141": [
		0.0595703125,
		0.221875
	],
	"142": [
		0.3134765625,
		0.190625
	],
	"143": [
		0.1765625,
		0.178125
	],
	"144": [
		0.3134765625,
		0.190625
	],
	"145": [
		0.352734375,
		0.19479166666666667
	],
	"146": [
		0.2080078125,
		0.04895833333333333
	],
	"147": [
		0.3783203125,
		0.19236111111111112
	],
	"148": [
		0.2548828125,
		0.09618055555555556
	],
	"149": [
		0.2498046875,
		0.18888888888888888
	],
	"150": [
		0.2892578125,
		0.19131944444444443
	],
	"151": [
		0.2943359375,
		0.08298611111111111
	],
	"152": [
		0.2498046875,
		0.18958333333333333
	],
	"153": [
		0.2498046875,
		0.18958333333333333
	],
	"154": [
		0.207421875,
		0.04895833333333333
	],
	"155": [
		0.0646484375,
		0.8496527777777778
	],
	"156": [
		0.246484375,
		0.049305555555555554
	],
	"157": [
		0.06953125,
		0.15694444444444444
	],
	"158": [
		0.0650390625,
		0.8559027777777778
	],
	"159": [
		0.2896484375,
		0.06458333333333334
	],
	"160": [
		0.22890625,
		0.10972222222222222
	],
	"161": [
		0.2498046875,
		0.18958333333333333
	],
	"162": [
		0.2884765625,
		0.1829861111111111
	],
	"163": [
		0.369140625,
		0.1763888888888889
	],
	"164": [
		0.2498046875,
		0.18888888888888888
	],