{
	"CornerNorthWest": [
		0.3089887640449438,
		0.27340118105289607
	],
	"CornerNorthEast": [
		0.7173601147776184,
		0.26034084096942706
	],
	"CornerSouthWest": [
		0.3146067415730337,
		0.804121120743812
	],
	"CornerSouthEast": [
		0.7216642754662841,
		0.844052410721932
	]
}