{
	"0": [
		0.5078125,
		0.2
	],
	"1": [
		0.5515625,
		0.2861111111111111
	],
	"2": [
		0.534375,
		0.6972222222222222
	],
	"3": [
		0.5359375,
		0.8027777777777778
	],
	"4": [
		0.725,
		0.35
	],
	"5": [
		0.6671875,
		0.33055555555555555
	],
	"6": [
		0.725,
		0.4305555555555556
	],
	"7": [
		0.6671875,
		0.45
	],
	"8": [
		0.3890625,
		0.18055555555555555
	],
	"9": [
		0.446875,
		0.19444444444444445
	],
	"10": [
		0.446875,
		0.32222222222222224
	],
	"11": [
		0.3890625,
		0.3333333333333333
	],
	"12": [
		0.446875,
		0.4583333333333333
	],
	"13": [
		0.3890625,
		0.44722222222222224
	],
	"14": [
		0.5578125,
		0.18611111111111112
	],
	"15": [
		0.5,
		0.18333333333333332
	],
	"16": [
		0.6140625,
		0.18333333333333332
	],
	"17": [
		0.55625,
		0.18611111111111112
	],
	"18": [
		0.6140625,
		0.4583333333333333
	],
	"19": [
		0.55625,
		0.46111111111111114
	],
	"20": [
		0.946875,
		0.8694444444444445
	],
	"21": [
		0.8890625,
		0.8666666666666667
	],
	"22": [
		0.446875,
		0.20833333333333334
	],
	"23": [
		0.3890625,
		0.20833333333333334
	],
	"24": [
		0.390625,
		0.33055555555555555
	],
	"25": [
		0.334375,
		0.3527777777777778
	],
	"26": [
		0.390625,
		0.44722222222222224
	],
	"27": [
		0.334375,
		0.425
	],
	"28": [
		0.1015625,
		0.10555555555555556
	],
	"29": [
		0.059375,
		0.175
	],
	"30": [
		0.515625,
		0.2
	],
	"31": [
		0.55625,
		0.2722222222222222
	],
	"32": [
		0.5296875,
		0.20277777777777778
	],
	"33": [
		0.534375,
		0.30277777777777776
	],
	"34": [
		0.7796875,
		0.2
	],
	"35": [
		0.7234375,
		0.20833333333333334
	],
	"36": [
		0.5015625,
		0.46111111111111114
	],
	"37": [
		0.4453125,
		0.4583333333333333
	],
	"38": [
		0.66875,
		0.45
	],
	"39": [
		0.6125,
		0.4527777777777778
	],
	"40": [
		0.66875,
		0.8583333333333333
	],
	"41": [
		0.6125,
		0.8583333333333333
	],
	"42": [
		0.6140625,
		0.32222222222222224
	],
	"43": [
		0.66875,
		0.3333333333333333
	],
	"44": [
		0.334375,
		0.13055555555555556
	],
	"45": [
		0.2796875,
		0.12777777777777777
	],
	"46": [
		1,
		0.8722222222222222
	],
	"47": [
		0.9453125,
		0.8694444444444445
	],
	"48": [
		0.278125,
		0.8555555555555555
	],
	"49": [
		0.2234375,
		0.8555555555555555
	],
	"50": [
		0.484375,
		0.12777777777777777
	],
	"51": [
		0.4453125,
		0.19444444444444445
	],
	"52": [
		0.890625,
		0.8666666666666667
	],
	"53": [
		0.8375,
		0.8638888888888889
	],
	"54": [
		0.115625,
		0.11944444444444445
	],
	"55": [
		0.0640625,
		0.13055555555555556
	],
	"56": [
		0.221875,
		0.4
	],
	"57": [
		0.203125,
		0.4861111111111111
	],
	"58": [
		0.7703125,
		0.3861111111111111
	],
	"59": [
		0.7234375,
		0.3472222222222222
	],
	"60": [
		0.771875,
		0.4027777777777778
	],
	"61": [
		0.7234375,
		0.4305555555555556
	],
	"62": [
		0.5359375,
		0.6166666666666667
	],
	"63": [
		0.5328125,
		0.7027777777777777
	],
	"64": [
		0.334375,
		0.325
	],
	"65": [
		0.3015625,
		0.3861111111111111
	],
	"66": [
		0.2171875,
		0.40555555555555556
	],
	"67": [
		0.21875,
		0.4861111111111111
	],
	"68": [
		0.2265625,
		0.40555555555555556
	],
	"69": [
		0.225,
		0.4861111111111111
	],
	"70": [
		0.2375,
		0.4111111111111111
	],
	"71": [
		0.221875,
		0.4861111111111111
	],
	"72": [
		0.4609375,
		0.12777777777777777
	],
	"73": [
		0.446875,
		0.20277777777777778
	],
	"74": [
		0.225,
		0.2
	],
	"75": [
		0.18125,
		0.20555555555555555
	],
	"76": [
		0.9296875,
		0.2
	],
	"77": [
		0.8890625,
		0.20555555555555555
	],
	"78": [
		0.721875,
		0.20555555555555555
	],
	"79": [
		0.68125,
		0.20833333333333334
	],
	"80": [
		0.296875,
		0.20277777777777778
	],
	"81": [
		0.3359375,
		0.21388888888888888
	],
	"82": [
		0.7390625,
		0.8888888888888888
	],
	"83": [
		0.778125,
		0.8944444444444445
	],
	"84": [
		0.3140625,
		0.29444444444444445
	],
	"85": [
		0.3296875,
		0.35555555555555557
	],
	"86": [
		0.315625,
		0.10555555555555556
	],
	"87": [
		0.290625,
		0.15555555555555556
	],
	"88": [
		0.540625,
		0.8583333333333333
	],
	"89": [
		0.503125,
		0.8583333333333333
	],
	"90": [
		0.83125,
		0.2972222222222222
	],
	"91": [
		0.8140625,
		0.35555555555555557
	],
	"92": [
		0.3296875,
		0.29444444444444445
	],
	"93": [
		0.325,
		0.35833333333333334
	],
	"94": [
		0.0921875,
		0.19166666666666668
	],
	"95": [
		0.05625,
		0.19722222222222222
	],
	"96": [
		0.5078125,
		0.2
	],
	"97": [
		0.5171875,
		0.2611111111111111
	],
	"98": [
		0.803125,
		0.30833333333333335
	],
	"99": [
		0.8265625,
		0.35555555555555557
	],
	"100": [
		0.51875,
		0.2
	],
	"101": [
		0.5125,
		0.2611111111111111
	],
	"102": [
		0.553125,
		0.2361111111111111
	],
	"103": [
		0.55,
		0.2972222222222222
	],
	"104": [
		0.534375,
		0.21388888888888888
	],
	"105": [
		0.5125,
		0.2611111111111111
	],
	"106": [
		0.0578125,
		0.8611111111111112
	],
	"107": [
		0.0234375,
		0.8583333333333333
	],
	"108": [
		0.159375,
		0.8861111111111111
	],
	"109": [
		0.125,
		0.8888888888888888
	],
	"110": [
		0.321875,
		0.41388888888888886
	],
	"111": [
		0.2984375,
		0.4583333333333333
	],
	"112": [
		0.3046875,
		0.4
	],
	"113": [
		0.3359375,
		0.425
	],
	"114": [
		0.5375,
		0.8
	],
	"115": [
		0.528125,
		0.8583333333333333
	],
	"116": [
		0.834375,
		0.30277777777777776
	],
	"117": [
		0.80625,
		0.33611111111111114
	],
	"118": [
		0.5328125,
		0.8
	],
	"119": [
		0.540625,
		0.8583333333333333
	],
	"120": [
		0.3328125,
		0.8916666666666667
	],
	"121": [
		0.3,
		0.8833333333333333
	],
	"122": [
		0.096875,
		0.1361111111111111
	],
	"123": [
		0.065625,
		0.11666666666666667
	],
	"124": [
		0.7125,
		0.2
	],
	"125": [
		0.68125,
		0.18055555555555555
	],
	"126": [
		0.7578125,
		0.18055555555555555
	],
	"127": [
		0.725,
		0.18333333333333332
	],
	"128": [
		0.975,
		0.10277777777777777
	],
	"129": [
		0.9890625,
		0.15555555555555556
	],
	"130": [
		0.534375,
		0.20277777777777778
	],
	"131": [
		0.5046875,
		0.22777777777777777
	],
	"132": [
		0.3359375,
		0.29444444444444445
	],
	"133": [
		0.334375,
		0.3527777777777778
	],
	"134": [
		0.803125,
		0.30833333333333335
	],
	"135": [
		0.8328125,
		0.3333333333333333
	],
	"136": [
		0.0890625,
		0.8583333333333333
	],
	"137": [
		0.05625,
		0.8611111111111112
	],
	"138": [
		0.825,
		0.2972222222222222
	],
	"139": [
		0.825,
		0.35555555555555557
	],
	"140": [
		0.20625,
		0.4388888888888889
	],
	"141": [
		0.225,
		0.4861111111111111
	],
	"142": [
		0.309375,
		0.10555555555555556
	],
	"143": [
		0.334375,
		0.14166666666666666
	],
	"144": [
		0.6859375,
		0.5388888888888889
	],
	"145": [
		0.6734375,
		0.5916666666666667
	],
	"146": [
		0.834375,
		0.30277777777777776
	],
	"147": [
		0.803125,
		0.30833333333333335
	],
	"148": [
		0.834375,
		0.8916666666666667
	],
	"149": [
		0.865625,
		0.8972222222222223
	],
	"150": [
		0.390625,
		0.8527777777777777
	],
	"151": [
		0.359375,
		0.8527777777777777
	],
	"152": [
		0.2796875,
		0.12222222222222222
	],
	"153": [
		0.3,
		0.1638888888888889
	],
	"154": [
		0.3109375,
		0.3055555555555556
	],
	"155": [
		0.334375,
		0.3416666666666667
	],
	"156": [
		0.4734375,
		0.10555555555555556
	],
	"157": [
		0.4515625,
		0.14444444444444443
	],
	"158": [
		0.5546875,
		0.2611111111111111
	],
	"159": [
		0.5328125,
		0.3
	],
	"160": [
		0.646875,
		0.4527777777777778
	],
	"161": [
		0.6203125,
		0.48055555555555557
	],
	"162": [
		0.8125,
		0.30277777777777776
	],
	"163": [
		0.8203125,
		0.35555555555555557
	],
	"164": [
		0.390625,
		0.20833333333333334
	],
	"165": [
		0.3609375,
		0.2
	],
	"166": [
		0.3296875,
		0.2638888888888889
	],
	"167": [
		0.3109375,
		0.3055555555555556
	],
	"168": [
		0.8078125,
		0.8638888888888889
	],
	"169": [
		0.778125,
		0.8611111111111112
	],
	"170": [
		0.946875,
		0.9
	],
	"171": [
		0.9171875,
		0.8972222222222223
	],
	"172": [
		0.6390625,
		0.2
	],
	"173": [
		0.609375,
		0.2
	],
	"174": [
		0.6828125,
		0.5388888888888889
	],
	"175": [
		0.6921875,
		0.5888888888888889
	],
	"176": [
		0.140625,
		0.125
	],
	"177": [
		0.1625,
		0.15833333333333333
	],
	"178": [
		0.396875,
		0.17222222222222222
	],