{
	"EighteenYardNorthForwardEast": [
		0.38764044943820225,
		0.23323184795645355
	],
	"PenaltyCircleNorthWest": [
		0.12780898876404495,
		0.39560845096411107
	],
	"SixYardNorthForwardEast": [
		0.06179775280898876,
		0.26570716855798504
	],
	"EighteenYardNorthRearEast": [
		0.08286516853932584,
		0.19485192360918904
	],
	"PenaltySpotNorth": [
		0.08426966292134831,
		0.3277055078881816
	]
}