{
	"CornerNorthWest": [
		0.17696629213483145,
		0.22247351007245467
	],
	"CornerNorthEast": [
		0.7092696629213483,
		0.25463835490220715
	],
	"CornerSouthEast": [
		0.6741573033707865,
		0.8362859655735645
	],
	"CornerSouthWest": [
		0.16713483146067415,
		0.8282447543661264
	]
}