{
	"0": [
		0.791796875,
		0.19756944444444444
	],
	"1": [
		0.7791015625,
		0.20416666666666666
	],
	"2": [
		0.04765625,
		0.18541666666666667
	],
	"3": [
		0.8517578125,
		0.20347222222222222
	],
	"4": [
		0.2599609375,
		0.18645833333333334
	],
	"5": [
		0.0986328125,
		0.18229166666666666
	],
	"6": [
		0.3685546875,
		0.19027777777777777
	],
	"7": [
		0.3259765625,
		0.18784722222222222
	],
	"8": [
		0.2748046875,
		0.1642361111111111
	],
	"9": [
		0.393359375,
		0.1909722222222222
	],
	"10": [
		0.5275390625,
		0.19270833333333334
	],
	"11": [
		0.520703125,
		0.19895833333333332
	],
	"12": [
		0.8615234375,
		0.19756944444444444
	],
	"13": [
		0.4517578125,
		0.19826388888888888
	],
	"14": [
		0.1908203125,
		0.1840277777777778
	],
	"15": [
		0.43359375,
		0.19340277777777778
	],
	"16": [
		0.76796875,
		0.1986111111111111
	],
	"17": [
		0.8369140625,
		0.19722222222222222
	],
	"18": [
		0.0564453125,
		0.17847222222222223
	],
	"19": [
		0.2486328125,
		0.19340277777777778
	],
	"20": [
		0.1669921875,
		0.1857638888888889
	],
	"21": [
		0.38671875,
		0.19652777777777777
	],
	"22": [
		0.355859375,
		0.1736111111111111
	],
	"23": [
		0.1173828125,
		0.18854166666666666
	],
	"24": [
		0.239453125,
		0.18506944444444445
	],
	"25": [
		0.4603515625,
		0.19305555555555556
	],
	"26": [
		0.0306640625,
		0.18055555555555555
	],
	"27": [
		0.1787109375,
		0.190625
	],
	"28": [
		0.3978515625,
		0.18506944444444445
	],
	"29": [
		0.90859375,
		0.19756944444444444
	],
	"30": [
		0.321875,
		0.19791666666666666
	],
	"31": [
		0.194921875,
		0.17743055555555556
	],
	"32": [
		0.3029296875,
		0.1909722222222222
	],
	"33": [
		0.7955078125,
		0.18784722222222222
	],
	"34": [
		0.331640625,
		0.18645833333333334
	],
	"35": [
		0.2451171875,
		0.1986111111111111
	],
	"36": [
		0.1888671875,
		0.1798611111111111
	],
	"37": [
		0.464453125,
		0.19409722222222223
	],
	"38": [
		0.2646484375,
		0.18125
	],
	"39": [
		0.1708984375,
		0.19236111111111112
	],
	"40": [
		0.3708984375,
		0.20173611111111112
	],
	"41": [
		0.061328125,
		0.17881944444444445
	],
	"42": [
		0.130078125,
		0.1857638888888889
	],
	"43": [
		0.1037109375,
		0.1892361111111111
	],
	"44": [
		0.3048828125,
		0.19930555555555557
	],
	"45": [
		0.12421875,
		0.1763888888888889
	],
	"46": [
		0.257421875,
		0.18159722222222222
	],
	"47": [
		0.53125,
		0.190625
	],
	"48": [
		0.5041015625,
		0.20590277777777777
	],
	"49": [
		0.771875,
		0.20729166666666668
	],
	"50": [
		0.126171875,
		0.18090277777777777
	],
	"51": [
		0.2322265625,
		0.20034722222222223
	],
	"52": [
		0.680078125,
		0.17256944444444444
	],
	"53": [
		0.0544921875,
		0.17395833333333333
	],
	"54": [
		0.8701171875,
		0.19270833333333334
	],
	"55": [
		0.2650390625,
		0.19930555555555557
	],
	"56": [
		0.03359375,
		0.18645833333333334
	],
	"57": [
		0.456640625,
		0.1892361111111111
	],
	"58": [
		0.0798828125,
		0.15659722222222222
	],
	"59": [
		0.4380859375,
		0.20381944444444444
	],
	"60": [
		0.753515625,
		0.16979166666666667
	],
	"61": [
		0.840234375,
		0.2125
	],
	"62": [
		0.130078125,
		0.19583333333333333
	],
	"63": [
		0.5013671875,
		0.19583333333333333
	],
	"64": [
		0.3880859375,
		0.18611111111111112
	],
	"65": [
		0.3279296875,
		0.18368055555555557
	],
	"66": [
		0.1974609375,
		0.19722222222222222
	],
	"67": [
		0.523828125,
		0.18993055555555555
	],
	"68": [
		0.7904296875,
		0.19236111111111112
	],
	"69": [
		0.3982421875,
		0.20451388888888888
	],
	"70": [
		0.79921875,
		0.20625
	],
	"71": [
		0.5927734375,
		0.18125
	],
	"72": [
		0.2748046875,
		0.1642361111111111
	],
	"73": [
		0.8439453125,
		0.20277777777777778
	],
	"74": [
		0.33125,
		0.2
	],
	"75": [
		0.1724609375,
		0.17708333333333334
	],
	"76": [
		0.7736328125,
		0.2013888888888889
	],
	"77": [
		0.86953125,
		0.20798611111111112
	],
	"78": [
		0.2474609375,
		0.19409722222222223
	],
	"79": [
		0.8611328125,
		0.19166666666666668
	],
	"80": [
		0.8693359375,
		0.20694444444444443
	],
	"81": [
		0.843359375,
		0.203125
	],
	"82": [
		0.3083984375,
		0.18680555555555556
	],
	"83": [
		0.3109375,
		0.2
	],
	"84": [
		0.773046875,
		0.20520833333333333
	],
	"85": [
		0.531640625,
		0.20347222222222222
	],
	"86": [
		0.4638671875,
		0.20347222222222222
	],
	"87": [
		0.034765625,
		0.1875
	],
	"88": [
		0.1044921875,
		0.19027777777777777
	],
	"89": [
		0.8421875,
		0.20694444444444443
	],
	"90": [
		0.53125,
		0.20451388888888888
	],
	"91": [
		0.0396484375,
		0.16145833333333334
	],
	"92": [
		0.171484375,
		0.18819444444444444
	],
	"93": [
		0.798828125,
		0.2076388888888889
	],
	"94": [
		0.0619140625,
		0.18645833333333334
	],
	"95": [
		0.638671875,
		0.9527777777777777
	],
	"96": [
		0.9033203125,
		0.18541666666666667
	],
	"97": [
		0.3740234375,
		0.18645833333333334
	],
	"98": [
		0.7736328125,
		0.190625
	],
	"99": [
		0.3314453125,
		0.20173611111111112
	],
	"100": [
		0.50703125,
		0.20208333333333334
	],
	"101": [
		0.371875,
		0.19756944444444444
	],
	"102": [
		0.1712890625,
		0.18993055555555555
	],
	"103": [
		0.3728515625,
		0.19791666666666666
	],
	"104": [
		0.571484375,
		0.17291666666666666
	],
	"105": [
		0.0611328125,
		0.16944444444444445
	],
	"106": [
		0.780078125,
		0.20833333333333334
	],
	"107": [
		0.8458984375,
		0.19166666666666668
	],
	"108": [
		0.1083984375,
		0.18611111111111112
	],
	"109": [
		0.5052734375,
		0.19479166666666667
	],
	"110": [
		0.873046875,
		0.4173611111111111
	],
	"111": [
		0.4380859375,
		0.20104166666666667
	],
	"112": [
		0.841796875,
		0.19756944444444444
	],
	"113": [
		0.421875,
		0.396875
	],
	"114": [
		0.1111328125,
		0.17673611111111112
	],
	"115": [
		0.85546875,
		0.209375
	],
	"116": [
		0.0349609375,
		0.17430555555555555
	],
	"117": [
		0.3056640625,
		0.19375
	],
	"118": [
		0.3220703125,
		0.20173611111111112
	],
	"119": [
		0.4421875,
		0.1951388888888889
	],
	"120": [
		0.398046875,
		0.20520833333333333
	],
	"121": [
		0.8728515625,
		0.4065972222222222
	],
	"122": [
		0.421875,
		0.40625
	],
	"123": [
		0.23203125,
		0.17326388888888888
	],
	"124": [
		0.1193359375,
		0.19444444444444445
	],
	"125": [
		0.0333984375,
		0.17569444444444443
	],
	"126": [
		0.8732421875,
		0.4215277777777778
	],
	"127": [
		0.2541015625,
		0.1986111111111111
	],
	"128": [
		0.4388671875,
		0.19236111111111112
	],
	"129": [
		0.7876953125,
		0.1986111111111111
	],
	"130": [
		0.744140625,
		0.190625
	],
	"131": [
		0.2478515625,
		0.18506944444444445
	],
	"132": [
		0.1798828125,
		0.42951388888888886
	],
	"133": [
		0.0509765625,
		0.18993055555555555
	],
	"134": [
		0.8568359375,
		0.19826388888888888
	],
	"135": [
		0.3728515625,
		0.1892361111111111
	],
	"136": [
		0.2474609375,
		0.19409722222222223
	],
	"137": [
		0.0337890625,
		0.18715277777777778
	],
	"138": [
		0.4208984375,
		0.41388888888888886
	],
	"139": [
		0.4220703125,
		0.4149305555555556
	],
	"140": [
		0.316796875,
		0.1701388888888889
	],
	"141": [
		0.04453125,
		0.16944444444444445
	],
	"142": [
		0.8728515625,
		0.41944444444444445
	],
	"143": [
		0.521484375,
		0.20520833333333333
	],
	"144": [
		0.45546875,
		0.18784722222222222
	],
	"145": [
		0.77265625,
		0.19444444444444445
	],
	"146": [
		0.8728515625,
		0.40902777777777777
	],
	"147": [
		0.508203125,
		0.19131944444444443
	],
	"148": [
		0.38828125,
		0.20347222222222222
	],
	"149": [
		0.716796875,
		0.17083333333333334
	],
	"150": [
		0.4462890625,
		0.1875
	],
	"151": [
		0.5115234375,
		0.20416666666666666
	],
	"152": [
		0.2314453125,
		0.17708333333333334
	],
	"153": [
		0.6408203125,
		0.7038194444444444
	],
	"154": [
		0.605859375,
		0.17743055555555556
	],
	"155": [
		0.4212890625,
		0.4149305555555556
	],
	"156": [
		0.644140625,
		0.23541666666666666
	],
	"157": [
		0.1970703125,
		0.19826388888888888
	],
	"158": [
		0.4201171875,
		0.403125
	],
	"159": [
		0.061328125,
		0.1909722222222222
	],
	"160": [
		0.3205078125,
		0.18333333333333332
	],
	"161": [
		0.305078125,
		0.18715277777777778
	],
	"162": [
		0.6359375,
		0.1829861111111111
	],