{
	"CornerNorthWest": [
		0.23595505617977527,
		0.17154583909201324
	],
	"CornerNorthEast": [
		0.6615168539325843,
		0.20371068392176572
	],
	"CornerSouthWest": [
		0.23735955056179775,
		0.8309251581019391
	],
	"CornerSouthEast": [
		0.6418539325842697,
		0.8738116178749424
	]
}