{
	"PenaltyCircleNorthWest": [
		0.12677980860811378,
		0.388541380326264
	],
	"EighteenYardNorthForwardEast": [
		0.3825047315288639,
		0.22001414392274085
	],
	"EighteenYardNorthRearEast": [
		0.08945779283049078,
		0.18805208184621058
	],
	"SixYardNorthForwardEast": [
		0.06595874585939483,
		0.2635987740271003
	]
}