{
	"CornerNorthWest": [
		0.047752808988764044,
		0.0830925158101939
	],
	"CornerNorthEast": [
		0.9550561797752809,
		0.05896888218787955
	],
	"CornerSouthWest": [
		0.05196629213483146,
		0.9381413075344474
	],
	"CornerSouthEast": [
		0.9283707865168539,
		0.9086568664405076
	]
}