{
	"CornerNorthWest": [
		0.27808988764044945,
		0.20371068392176572
	],
	"CornerNorthEast": [
		0.8665730337078652,
		0.25731875863801984
	],
	"CornerSouthWest": [
		0.25702247191011235,
		0.8851588592960521
	],
	"CornerSouthEast": [
		0.8778089887640449,
		0.8741971396762868
	]
}