{
	"SixYardNorthForwardEast": [
		0.6655364734709603,
		0.4109615034819955
	],
	"SixYardNorthForwardWest": [
		0.21483217158591078,
		0.6153787852173439
	],
	"EighteenYardNorthRearEast": [
		0.6905756013534631,
		0.2914968583119867
	],
	"EighteenYardNorthForwardWest": [
		0.3984524427242643,
		0.883510544376697
	]
}