{
	"0": [
		0.173828125,
		0.17916666666666667
	],
	"1": [
		0.2875,
		0.06180555555555556
	],
	"2": [
		0.2853515625,
		0.1920138888888889
	],
	"3": [
		0.244921875,
		0.18958333333333333
	],
	"4": [
		0.20859375,
		0.050694444444444445
	],
	"5": [
		0.2921875,
		0.08715277777777777
	],
	"6": [
		0.439453125,
		0.19479166666666667
	],
	"7": [
		0.28046875,
		0.09270833333333334
	],
	"8": [
		0.28984375,
		0.06979166666666667
	],
	"9": [
		0.22109375,
		0.18888888888888888
	],
	"10": [
		0.1923828125,
		0.12708333333333333
	],
	"11": [
		0.22109375,
		0.18958333333333333
	],
	"12": [
		0.4146484375,
		0.19583333333333333
	],
	"13": [
		0.173828125,
		0.17916666666666667
	],
	"14": [
		0.2447265625,
		0.04895833333333333
	],
	"15": [
		0.292578125,
		0.08680555555555555
	],
	"16": [
		0.244921875,
		0.18958333333333333
	],
	"17": [
		0.309765625,
		0.19131944444444443
	],
	"18": [
		0.309765625,
		0.19131944444444443
	],
	"19": [
		0.244921875,
		0.18784722222222222
	],
	"20": [
		0.375390625,
		0.19340277777777778
	],
	"21": [
		0.375390625,
		0.19340277777777778
	],
	"22": [
		0.41328125,
		0.18888888888888888
	],
	"23": [
		0.2853515625,
		0.190625
	],
	"24": [
		0.1673828125,
		0.15138888888888888
	],
	"25": [
		0.253515625,
		0.05173611111111111
	],
	"26": [
		0.18203125,
		0.17743055555555556
	],
	"27": [
		0.2212890625,
		0.18958333333333333
	],
	"28": [
		0.18203125,
		0.178125
	],
	"29": [
		0.309765625,
		0.19131944444444443
	],
	"30": [
		0.29375,
		0.08576388888888889
	],
	"31": [
		0.2853515625,
		0.1920138888888889
	],
	"32": [
		0.22109375,
		0.19479166666666667
	],
	"33": [
		0.280859375,
		0.17777777777777778
	],
	"34": [
		0.25,
		0.049305555555555554
	],
	"35": [
		0.375390625,
		0.19340277777777778
	],
	"36": [
		0.15703125,
		0.1920138888888889
	],
	"37": [
		0.419921875,
		0.17465277777777777
	],
	"38": [
		0.3498046875,
		0.18715277777777778
	],
	"39": [
		0.2017578125,
		0.13194444444444445
	],
	"40": [
		0.349609375,
		0.1954861111111111
	],
	"41": [
		0.20859375,
		0.050347222222222224
	],
	"42": [
		0.07109375,
		0.16180555555555556
	],
	"43": [
		0.2875,
		0.0625
	],
	"44": [
		0.41328125,
		0.18888888888888888
	],
	"45": [
		0.2119140625,
		0.12083333333333333
	],
	"46": [
		0.22109375,
		0.19027777777777777
	],
	"47": [
		0.18203125,
		0.17743055555555556
	],
	"48": [
		0.2853515625,
		0.19270833333333334
	],
	"49": [
		0.375390625,
		0.19340277777777778
	],
	"50": [
		0.349609375,
		0.19479166666666667
	],
	"51": [
		0.349609375,
		0.19479166666666667
	],
	"52": [
		0.309765625,
		0.19131944444444443
	],
	"53": [
		0.18203125,
		0.17743055555555556
	],
	"54": [
		0.4146484375,
		0.1954861111111111
	],
	"55": [
		0.349609375,
		0.19479166666666667
	],
	"56": [
		0.2212890625,
		0.18958333333333333
	],
	"57": [
		0.244921875,
		0.18958333333333333
	],
	"58": [
		0.2525390625,
		0.05
	],
	"59": [
		0.2212890625,
		0.18888888888888888
	],
	"60": [
		0.2947265625,
		0.08645833333333333
	],
	"61": [
		0.1587890625,
		0.19270833333333334
	],
	"62": [
		0.29375,
		0.08645833333333333
	],
	"63": [
		0.35,
		0.19583333333333333
	],
	"64": [
		0.375390625,
		0.19340277777777778
	],
	"65": [
		0.419921875,
		0.17465277777777777
	],
	"66": [
		0.30625,
		0.8378472222222222
	],
	"67": [
		0.2212890625,
		0.18888888888888888
	],
	"68": [
		0.3876953125,
		0.8420138888888888
	],
	"69": [
		0.0716796875,
		0.1517361111111111
	],
	"70": [
		0.2853515625,
		0.19270833333333334
	],
	"71": [
		0.2515625,
		0.05277777777777778
	],
	"72": [
		0.309765625,
		0.19131944444444443
	],
	"73": [
		0.2501953125,
		0.049305555555555554
	],
	"74": [
		0.1673828125,
		0.15138888888888888
	],
	"75": [
		0.309765625,
		0.19270833333333334
	],
	"76": [
		0.375390625,
		0.19340277777777778
	],
	"77": [
		0.375390625,
		0.19340277777777778
	],
	"78": [
		0.173828125,
		0.17916666666666667
	],
	"79": [
		0.290625,
		0.06145833333333333
	],
	"80": [
		0.349609375,
		0.19479166666666667
	],
	"81": [
		0.3791015625,
		0.8427083333333333
	],
	"82": [
		0.3798828125,
		0.8416666666666667
	],
	"83": [
		0.2873046875,
		0.06875
	],
	"84": [
		0.3806640625,
		0.8423611111111111
	],
	"85": [
		0.2853515625,
		0.1920138888888889
	],
	"86": [
		0.439453125,
		0.19479166666666667
	],
	"87": [
		0.1724609375,
		0.1517361111111111
	],
	"88": [
		0.2873046875,
		0.0625
	],
	"89": [
		0.4455078125,
		0.8451388888888889
	],
	"90": [
		0.1263671875,
		0.15
	],
	"91": [
		0.2876953125,
		0.06354166666666666
	],
	"92": [
		0.246875,
		0.10034722222222223
	],
	"93": [
		0.1677734375,
		0.18020833333333333
	],
	"94": [
		0.244921875,
		0.18958333333333333
	],
	"95": [
		0.172265625,
		0.17916666666666667
	],
	"96": [
		0.4091796875,
		0.84375
	],
	"97": [
		0.0173828125,
		0.15625
	],
	"98": [
		0.244921875,
		0.18958333333333333
	],
	"99": [
		0.1611328125,
		0.1597222222222222
	],
	"100": [
		0.1677734375,
		0.1795138888888889
	],
	"101": [
		0.244921875,
		0.18958333333333333
	],
	"102": [
		0.2853515625,
		0.1920138888888889
	],
	"103": [
		0.2880859375,
		0.06875
	],
	"104": [
		0.28046875,
		0.09270833333333334
	],
	"105": [
		0.3177734375,
		0.840625
	],
	"106": [
		0.43984375,
		0.19652777777777777
	],
	"107": [
		0.2853515625,
		0.1920138888888889
	],
	"108": [
		0.375390625,
		0.19340277777777778
	],
	"109": [
		0.2703125,
		0.052083333333333336
	],
	"110": [
		0.309765625,
		0.19131944444444443
	],
	"111": [
		0.43984375,
		0.19652777777777777
	],
	"112": [
		0.171875,
		0.14340277777777777
	],
	"113": [
		0.2880859375,
		0.0642361111111111
	],
	"114": [
		0.2931640625,
		0.08680555555555555
	],
	"115": [
		0.24921875,
		0.049305555555555554
	],
	"116": [
		0.251171875,
		0.09826388888888889
	],
	"117": [
		0.309765625,
		0.19131944444444443
	],
	"118": [
		0.172265625,
		0.17881944444444445
	],
	"119": [
		0.3556640625,
		0.17395833333333333
	],
	"120": [
		0.1654296875,
		0.15486111111111112
	],
	"121": [
		0.290625,
		0.06145833333333333
	],
	"122": [
		0.066796875,
		0.15833333333333333
	],
	"123": [
		0.309765625,
		0.19131944444444443
	],
	"124": [
		0.180859375,
		0.8295138888888889
	],
	"125": [
		0.0361328125,
		0.8298611111111112
	],
	"126": [
		0.2859375,
		0.1875
	],
	"127": [
		0.244921875,
		0.18958333333333333
	],
	"128": [
		0.247265625,
		0.04895833333333333
	],
	"129": [
		0.375390625,
		0.19340277777777778
	],
	"130": [
		0.413671875,
		0.196875
	],
	"131": [
		0.18203125,
		0.18020833333333333
	],
	"132": [
		0.309765625,
		0.19131944444444443
	],
	"133": [
		0.375390625,
		0.19340277777777778
	],
	"134": [
		0.2828125,
		0.06041666666666667
	],
	"135": [
		0.2443359375,
		0.19027777777777777
	],
	"136": [
		0.43984375,
		0.19652777777777777
	],
	"137": [
		0.18203125,
		0.17743055555555556
	],
	"138": [
		0.1767578125,
		0.17743055555555556
	],
	"139": [
		0.2861328125,
		0.06805555555555555
	],
	"140": [
		0.0619140625,
		0.8534722222222222
	],
	"141": [
		0.05625,
		0.22256944444444443
	],
	"142": [
		0.309765625,
		0.19131944444444443
	],
	"143": [
		0.173828125,
		0.17916666666666667
	],
	"144": [
		0.309765625,
		0.19131944444444443
	],
	"145": [
		0.349609375,
		0.19583333333333333
	],
	"146": [
		0.2080078125,
		0.04895833333333333
	],
	"147": [
		0.375390625,
		0.19340277777777778
	],
	"148": [
		0.254296875,
		0.09618055555555556
	],
	"149": [
		0.244921875,
		0.18888888888888888
	],
	"150": [
		0.2853515625,
		0.1920138888888889
	],
	"151": [
		0.2943359375,
		0.08298611111111111
	],
	"152": [
		0.244921875,
		0.18958333333333333
	],
	"153": [
		0.244921875,
		0.18958333333333333
	],
	"154": [
		0.207421875,
		0.04895833333333333
	],
	"155": [
		0.0619140625,
		0.8506944444444444
	],
	"156": [
		0.246484375,
		0.049305555555555554
	],
	"157": [
		0.066796875,
		0.15763888888888888
	],
	"158": [
		0.0619140625,
		0.8569444444444444
	],
	"159": [
		0.2896484375,
		0.06458333333333334
	],
	"160": [
		0.226953125,
		0.11006944444444444
	],
	"161": [
		0.244921875,
		0.18958333333333333
	],
	"162": [
		0.284765625,
		0.18368055555555557
	],