{
	"0": [
		0.761328125,
		0.08541666666666667
	],
	"1": [
		0.4369140625,
		0.10243055555555555
	],
	"2": [
		0.7978515625,
		0.07708333333333334
	],
	"3": [
		0.68203125,
		0.065625
	],
	"4": [
		0.5248046875,
		0.053125
	],
	"5": [
		0.7615234375,
		0.09375
	],
	"6": [
		0.442578125,
		0.09340277777777778
	],
	"7": [
		0.7564453125,
		0.10798611111111112
	],
	"8": [
		0.2228515625,
		0.1684027777777778
	],
	"9": [
		0.6337890625,
		0.043402777777777776
	],
	"10": [
		0.1658203125,
		0.19340277777777778
	],
	"11": [
		0.3529296875,
		0.121875
	],
	"12": [
		0.31328125,
		0.13680555555555557
	],
	"13": [
		0.346484375,
		0.1326388888888889
	],
	"14": [
		0.14296875,
		0.17118055555555556
	],
	"15": [
		0.843359375,
		0.059375
	],
	"16": [
		0.8078125,
		0.05451388888888889
	],
	"17": [
		0.3080078125,
		0.1482638888888889
	],
	"18": [
		0.2904296875,
		0.1607638888888889
	],
	"19": [
		0.176171875,
		0.18194444444444444
	],
	"20": [
		0.2880859375,
		0.12986111111111112
	],
	"21": [
		0.291796875,
		0.1486111111111111
	],
	"22": [
		0.916796875,
		0.06944444444444445
	],
	"23": [
		0.1484375,
		0.9340277777777778
	],
	"24": [
		0.742578125,
		0.1
	],
	"25": [
		0.14375,
		0.2111111111111111
	],
	"26": [
		0.168359375,
		0.9385416666666667
	],
	"27": [
		0.415625,
		0.12013888888888889
	],
	"28": [
		0.755859375,
		0.09270833333333334
	],
	"29": [
		0.2087890625,
		0.17743055555555556
	],
	"30": [
		0.4658203125,
		0.08923611111111111
	],
	"31": [
		0.9171875,
		0.06145833333333333
	],
	"32": [
		0.9169921875,
		0.075
	],
	"33": [
		0.4177734375,
		0.10173611111111111
	],
	"34": [
		0.2966796875,
		0.11458333333333333
	],
	"35": [
		0.6626953125,
		0.04583333333333333
	],
	"36": [
		0.14765625,
		0.9336805555555555
	],
	"37": [
		0.161328125,
		0.16597222222222222
	],
	"38": [
		0.675,
		0.33784722222222224
	],
	"39": [
		0.8076171875,
		0.06215277777777778
	],
	"40": [
		0.326171875,
		0.14097222222222222
	],
	"41": [
		0.1923828125,
		0.18611111111111112
	],
	"42": [
		0.2291015625,
		0.175
	],
	"43": [
		0.75,
		0.07743055555555556
	],
	"44": [
		0.7912109375,
		0.10625
	],
	"45": [
		0.2919921875,
		0.134375
	],
	"46": [
		0.6748046875,
		0.3625
	],
	"47": [
		0.189453125,
		0.5822916666666667
	],
	"48": [
		0.0205078125,
		0.9107638888888889
	],
	"49": [
		0.675,
		0.33784722222222224
	],
	"50": [
		0.48125,
		0.07881944444444444
	],
	"51": [
		0.19765625,
		0.18854166666666666
	],
	"52": [
		0.295703125,
		0.12638888888888888
	],
	"53": [
		0.6748046875,
		0.3385416666666667
	],
	"54": [
		0.0248046875,
		0.9107638888888889
	],
	"55": [
		0.707421875,
		0.06284722222222222
	],
	"56": [
		0.777734375,
		0.22152777777777777
	],
	"57": [
		0.22421875,
		0.184375
	],
	"58": [
		0.1533203125,
		0.1701388888888889
	],
	"59": [
		0.759765625,
		0.08125
	],
	"60": [
		0.4212890625,
		0.11041666666666666
	],
	"61": [
		0.1478515625,
		0.19375
	],
	"62": [
		0.23046875,
		0.18055555555555555
	],
	"63": [
		0.20078125,
		0.17430555555555555
	],
	"64": [
		0.29609375,
		0.1545138888888889
	],
	"65": [
		0.4865234375,
		0.09305555555555556
	],
	"66": [
		0.1533203125,
		0.20555555555555555
	],
	"67": [
		0.678515625,
		0.35625
	],
	"68": [
		0.337109375,
		0.13020833333333334
	],
	"69": [
		0.7373046875,
		0.08368055555555555
	],
	"70": [
		0.207421875,
		0.18506944444444445
	],
	"71": [
		0.183203125,
		0.5871527777777777
	],
	"72": [
		0.1490234375,
		0.1795138888888889
	],
	"73": [
		0.2306640625,
		0.16666666666666666
	],
	"74": [
		0.4484375,
		0.09722222222222222
	],
	"75": [
		0.764453125,
		0.09930555555555555
	],
	"76": [
		0.662890625,
		0.05416666666666667
	],
	"77": [
		0.2837890625,
		0.9645833333333333
	],
	"78": [
		0.731640625,
		0.052083333333333336
	],
	"79": [
		0.746484375,
		0.08645833333333333
	],
	"80": [
		0.8423828125,
		0.06597222222222222
	],
	"81": [
		0.745703125,
		0.08229166666666667
	],
	"82": [
		0.334375,
		0.14166666666666666
	],
	"83": [
		0.7412109375,
		0.07152777777777777
	],
	"84": [
		0.460546875,
		0.08645833333333333
	],
	"85": [
		0.678125,
		0.35104166666666664
	],
	"86": [
		0.55,
		0.058680555555555555
	],
	"87": [
		0.4619140625,
		0.096875
	],
	"88": [
		0.79140625,
		0.10104166666666667
	],
	"89": [
		0.6486328125,
		0.3076388888888889
	],
	"90": [
		0.4814453125,
		0.09305555555555556
	],
	"91": [
		0.1849609375,
		0.19583333333333333
	],
	"92": [
		0.3421875,
		0.13854166666666667
	],
	"93": [
		0.4869140625,
		0.07916666666666666
	],
	"94": [
		0.302734375,
		0.12395833333333334
	],
	"95": [
		0.12421875,
		0.27708333333333335
	],
	"96": [
		0.4515625,
		0.1
	],
	"97": [
		0.22265625,
		0.18090277777777777
	],
	"98": [
		0.78515625,
		0.10833333333333334
	],
	"99": [
		0.1845703125,
		0.17881944444444445
	],
	"100": [
		0.1818359375,
		0.1986111111111111
	],
	"101": [
		0.7693359375,
		0.071875
	],
	"102": [
		0.6333984375,
		0.04826388888888889
	],
	"103": [
		0.6986328125,
		0.05694444444444444
	],
	"104": [
		0.3615234375,
		0.13368055555555555
	],
	"105": [
		0.2310546875,
		0.1326388888888889
	],
	"106": [
		0.1771484375,
		0.19722222222222222
	],
	"107": [
		0.2248046875,
		0.18090277777777777
	],
	"108": [
		0.2162109375,
		0.1857638888888889
	],
	"109": [
		0.325390625,
		0.14652777777777778
	],
	"110": [
		0.756640625,
		0.08993055555555556
	],
	"111": [
		0.7408203125,
		0.10347222222222222
	],
	"112": [
		0.3490234375,
		0.2635416666666667
	],
	"113": [
		0.48046875,
		0.07465277777777778
	],
	"114": [
		0.16953125,
		0.19930555555555557
	],
	"115": [
		0.362890625,
		0.12048611111111111
	],
	"116": [
		0.4466796875,
		0.4236111111111111
	],
	"117": [
		0.187109375,
		0.16944444444444445
	],
	"118": [
		0.0267578125,
		0.5697916666666667
	],
	"119": [
		0.78828125,
		0.10416666666666667
	],
	"120": [
		0.574609375,
		0.09166666666666666
	],
	"121": [
		0.791015625,
		0.09583333333333334
	],
	"122": [
		0.219921875,
		0.15868055555555555
	],
	"123": [
		0.4408203125,
		0.10520833333333333
	],
	"124": [
		0.175390625,
		0.17222222222222222
	],
	"125": [
		0.7646484375,
		0.10868055555555556
	],
	"126": [
		0.2314453125,
		0.5559027777777777
	],
	"127": [
		0.6546875,
		0.044097222222222225
	],
	"128": [
		0.309375,
		0.153125
	],
	"129": [
		0.35,
		0.115625
	],
	"130": [
		0.6072265625,
		0.04895833333333333
	],
	"131": [
		0.4384765625,
		0.10833333333333334
	],
	"132": [
		0.2275390625,
		0.1545138888888889
	],
	"133": [
		0.8431640625,
		0.06388888888888888
	],
	"134": [
		0.440625,
		0.08506944444444445
	],
	"135": [
		0.0583984375,
		0.39826388888888886
	],
	"136": [
		0.358203125,
		0.13645833333333332
	],
	"137": [
		0.9509765625,
		0.07291666666666667
	],
	"138": [
		0.22734375,
		0.16180555555555556
	],
	"139": [
		0.1923828125,
		0.16979166666666667
	],
	"140": [
		0.310546875,
		0.13125
	],
	"141": [
		0.778125,
		0.103125
	],
	"142": [
		0.355859375,
		0.13576388888888888
	],
	"143": [
		0.6333984375,
		0.049305555555555554
	],
	"144": [
		0.53359375,
		0.06041666666666667
	],
	"145": [
		0.4326171875,
		0.43472222222222223
	],
	"146": [
		0.7556640625,
		0.08854166666666667
	],
	"147": [
		0.75234375,
		0.06979166666666667
	],
	"148": [
		0.3583984375,
		0.11423611111111111
	],
	"149": [
		0.5783203125,
		0.05243055555555556
	],
	"150": [
		0.3212890625,
		0.1295138888888889
	],
	"151": [
		0.4869140625,
		0.07048611111111111
	],
	"152": [
		0.07734375,
		0.3902777777777778
	],
	"153": [
		0.872265625,
		0.05243055555555556
	],
	"154": [
		0.3056640625,
		0.115625
	],
	"155": [
		0.7619140625,
		0.10208333333333333
	],
	"156": [
		0.3130859375,
		0.10902777777777778
	],
	"157": [
		0.2876953125,
		0.1232638888888889
	],
	"158": [
		0.1984375,
		0.16805555555555557
	],
	"159": [
		0.2205078125,
		0.13229166666666667
	],
	"160": [
		0.4462890625,
		0.10277777777777777
	],
	"161": [
		0.4609375,
		0.07951388888888888
	],
	"162": [
		0.4478515625,
		0.08263888888888889
	],
	"163": [
		0.2169921875,
		0.24513888888888888
	],
	"164": [
		0.203125,
		0.1440972222222222
	],