{
	"PenaltySpotNorth": [
		0.09129213483146068,
		0.33656241350678107
	],
	"SixYardNorthForwardEast": [
		0.07303370786516854,
		0.25685026293938557
	],
	"EighteenYardNorthForwardEast": [
		0.39325842696629215,
		0.21551803671925454
	],
	"PenaltyCircleNorthEast": [
		0.29213483146067415,
		0.28046867792231756
	],
	"PenaltyCircleNorthWest": [
		0.13202247191011235,
		0.39856075283697756
	]
}