{
	"0": [
		0.3890625,
		0.4083333333333333
	],
	"1": [
		0.340625,
		0.49444444444444446
	],
	"2": [
		0.2265625,
		0.33055555555555555
	],
	"3": [
		0.1671875,
		0.36944444444444446
	],
	"4": [
		0.3359375,
		0.2611111111111111
	],
	"5": [
		0.278125,
		0.2972222222222222
	],
	"6": [
		0.059375,
		0.4361111111111111
	],
	"7": [
		0.0015625,
		0.4722222222222222
	],
	"8": [
		0.1140625,
		0.4027777777777778
	],
	"9": [
		0.05625,
		0.4388888888888889
	],
	"10": [
		0.225,
		0.12777777777777777
	],
	"11": [
		0.1671875,
		0.16111111111111112
	],
	"12": [
		0.390625,
		0.2222222222222222
	],
	"13": [
		0.334375,
		0.2611111111111111
	],
	"14": [
		0.446875,
		0.8666666666666667
	],
	"15": [
		0.3875,
		0.8527777777777777
	],
	"16": [
		0.8359375,
		0.9361111111111111
	],
	"17": [
		0.7765625,
		0.9222222222222223
	],
	"18": [
		0.16875,
		0.36666666666666664
	],
	"19": [
		0.1125,
		0.4027777777777778
	],
	"20": [
		0.2796875,
		0.2972222222222222
	],
	"21": [
		0.2234375,
		0.3333333333333333
	],
	"22": [
		0.0578125,
		0.25833333333333336
	],
	"23": [
		0.0015625,
		0.2916666666666667
	],
	"24": [
		0.16875,
		0.15833333333333333
	],
	"25": [
		0.1125,
		0.18611111111111112
	],
	"26": [
		0.890625,
		0.9472222222222222
	],
	"27": [
		0.8328125,
		0.9333333333333333
	],
	"28": [
		0.225,
		0.8305555555555556
	],
	"29": [
		0.1671875,
		0.8194444444444444
	],
	"30": [
		0.2796875,
		0.8388888888888889
	],
	"31": [
		0.221875,
		0.8277777777777777
	],
	"32": [
		0.3359375,
		0.8472222222222222
	],
	"33": [
		0.278125,
		0.8361111111111111
	],
	"34": [
		0.390625,
		0.8555555555555555
	],
	"35": [
		0.3328125,
		0.8444444444444444
	],
	"36": [
		0.5578125,
		0.8833333333333333
	],
	"37": [
		0.5,
		0.8722222222222222
	],
	"38": [
		0.6140625,
		0.8944444444444445
	],
	"39": [
		0.55625,
		0.8833333333333333
	],
	"40": [
		0.725,
		0.9138888888888889
	],
	"41": [
		0.6671875,
		0.9027777777777778
	],
	"42": [
		0.946875,
		0.9583333333333334
	],
	"43": [
		0.8890625,
		0.9472222222222222
	],
	"44": [
		0.1140625,
		0.8138888888888889
	],
	"45": [
		0.05625,
		0.8055555555555556
	],
	"46": [
		0.0578125,
		0.20555555555555555
	],
	"47": [
		0.0015625,
		0.23055555555555557
	],
	"48": [
		1,
		0.48055555555555557
	],
	"49": [
		0.94375,
		0.45555555555555555
	],
	"50": [
		0.446875,
		0.16944444444444445
	],
	"51": [
		0.3890625,
		0.16666666666666666
	],
	"52": [
		0.2796875,
		0.35833333333333334
	],
	"53": [
		0.2234375,
		0.37777777777777777
	],
	"54": [
		0.390625,
		0.175
	],
	"55": [
		0.334375,
		0.1638888888888889
	],
	"56": [
		0.7796875,
		0.925
	],
	"57": [
		0.7234375,
		0.9138888888888889
	],
	"58": [
		0.16875,
		0.8222222222222222
	],
	"59": [
		0.1125,
		0.8138888888888889
	],
	"60": [
		0.5015625,
		0.8722222222222222
	],
	"61": [
		0.4453125,
		0.8638888888888889
	],
	"62": [
		0.66875,
		0.9027777777777778
	],
	"63": [
		0.6125,
		0.8944444444444445
	],
	"64": [
		0.225,
		0.1527777777777778
	],
	"65": [
		0.16875,
		0.15833333333333333
	],
	"66": [
		0.2796875,
		0.15833333333333333
	],
	"67": [
		0.2234375,
		0.1527777777777778
	],
	"68": [
		0.334375,
		0.1638888888888889
	],
	"69": [
		0.278125,
		0.15833333333333333
	],
	"70": [
		0.6125,
		0.09722222222222222
	],
	"71": [
		0.55625,
		0.10277777777777777
	],
	"72": [
		0.0578125,
		0.8055555555555556
	],
	"73": [
		0.0015625,
		0.8
	],
	"74": [
		0.0578125,
		0.25833333333333336
	],
	"75": [
		0.0015625,
		0.25555555555555554
	],
	"76": [
		0.3421875,
		0.3972222222222222
	],
	"77": [
		0.353125,
		0.49444444444444446
	],
	"78": [
		1,
		0.3527777777777778
	],
	"79": [
		0.9453125,
		0.36944444444444446
	],
	"80": [
		0.334375,
		0.4166666666666667
	],
	"81": [
		0.3734375,
		0.4861111111111111
	],
	"82": [
		0.9453125,
		0.9583333333333334
	],
	"83": [
		1,
		0.9722222222222222
	],
	"84": [
		0.1140625,
		0.18333333333333332
	],
	"85": [
		0.0625,
		0.20555555555555555
	],
	"86": [
		0.334375,
		0.4111111111111111
	],
	"87": [
		0.3609375,
		0.49166666666666664
	],
	"88": [
		0.3234375,
		0.32222222222222224
	],
	"89": [
		0.2765625,
		0.3611111111111111
	],
	"90": [
		0.946875,
		0.4583333333333333
	],
	"91": [
		0.9046875,
		0.4083333333333333
	],
	"92": [
		0.8296875,
		0.6138888888888889
	],
	"93": [
		0.81875,
		0.7
	],
	"94": [
		0.946875,
		0.36666666666666664
	],
	"95": [
		0.9046875,
		0.40555555555555556
	],
	"96": [
		0.225,
		0.8583333333333333
	],
	"97": [
		0.1796875,
		0.8666666666666667
	],
	"98": [
		0.0453125,
		0.07777777777777778
	],
	"99": [
		0.0015625,
		0.09444444444444444
	],
	"100": [
		0.653125,
		0.5944444444444444
	],
	"101": [
		0.625,
		0.6555555555555556
	],
	"102": [
		0.215625,
		0.10277777777777777
	],
	"103": [
		0.1828125,
		0.15555555555555556
	],
	"104": [
		0.334375,
		0.45555555555555555
	],
	"105": [
		0.3734375,
		0.49166666666666664
	],
	"106": [
		0.93125,
		0.9916666666666667
	],
	"107": [
		0.8890625,
		0.9805555555555555
	],
	"108": [
		0.2234375,
		0.1527777777777778
	],
	"109": [
		0.1921875,
		0.2
	],
	"110": [
		0.225,
		0.37777777777777777
	],
	"111": [
		0.184375,
		0.3861111111111111
	],
	"112": [
		0.3734375,
		0.46944444444444444
	],
	"113": [
		0.334375,
		0.48333333333333334
	],
	"114": [
		0.2046875,
		0.825
	],
	"115": [
		0.175,
		0.8722222222222222
	],
	"116": [
		0.603125,
		0.4
	],
	"117": [
		0.5890625,
		0.4638888888888889
	],
	"118": [
		0.3890625,
		0.058333333333333334
	],
	"119": [
		0.41875,
		0.1
	],
	"120": [
		0.828125,
		0.9694444444444444
	],
	"121": [
		0.790625,
		0.9611111111111111
	],
	"122": [
		0.2125,
		0.1
	],
	"123": [
		0.2234375,
		0.1638888888888889
	],
	"124": [
		0.0421875,
		0.10277777777777777
	],
	"125": [
		0.00625,
		0.08611111111111111
	],
	"126": [
		0.59375,
		0.40555555555555556
	],
	"127": [
		0.6109375,
		0.4638888888888889
	],
	"128": [
		0.203125,
		0.1
	],
	"129": [
		0.225,
		0.1527777777777778
	],
	"130": [
		0.4609375,
		0.2972222222222222
	],
	"131": [
		0.453125,
		0.3611111111111111
	],
	"132": [
		0.540625,
		0.2222222222222222
	],
	"133": [
		0.528125,
		0.2833333333333333
	],
	"134": [
		0.703125,
		0.10277777777777777
	],
	"135": [
		0.6671875,
		0.1111111111111111
	],
	"136": [
		0.3609375,
		0.1388888888888889
	],
	"137": [
		0.390625,
		0.175
	],
	"138": [
		0.3890625,
		0.058333333333333334
	],
	"139": [
		0.3609375,
		0.09722222222222222
	],
	"140": [
		0.4640625,
		0.3
	],
	"141": [
		0.4625,
		0.3611111111111111
	],
	"142": [
		0.5578125,
		0.9166666666666666
	],
	"143": [
		0.525,
		0.9111111111111111
	],
	"144": [
		0.596875,
		0.40555555555555556
	],
	"145": [
		0.5984375,
		0.4638888888888889
	],
	"146": [
		0.3609375,
		0.058333333333333334
	],
	"147": [
		0.3875,
		0.09166666666666666
	],
	"148": [
		0.434375,
		0.14444444444444443
	],
	"149": [
		0.4078125,
		0.17777777777777778
	],
	"150": [
		0.7609375,
		0.1
	],
	"151": [
		0.7359375,
		0.1361111111111111
	],
	"152": [
		0.3171875,
		0.3055555555555556
	],
	"153": [
		0.2859375,
		0.2916666666666667
	],
	"154": [
		0.8875,
		0.2777777777777778
	],
	"155": [
		0.8578125,
		0.3
	],
	"156": [
		0.834375,
		0.6416666666666667
	],
	"157": [
		0.8546875,
		0.6861111111111111
	],
	"158": [
		0.559375,
		0.225
	],
	"159": [
		0.565625,
		0.28055555555555556
	],
	"160": [
		0.4390625,
		0.14722222222222223
	],
	"161": [
		0.4078125,
		0.14166666666666666
	],
	"162": [
		0.3859375,
		0.8861111111111111
	],
	"163": [
		0.3546875,
		0.8805555555555555
	],
	"164": [
		0.8875,
		0.2972222222222222
	],
	"165": [
		0.8578125,
		0.2833333333333333
	],
	"166": [
		0.8875,
		0.3111111111111111
	],
	"167": [
		0.8578125,
		0.3
	],
	"168": [
		0.7109375,
		0.4
	],
	"169": [
		0.70625,
		0.4527777777777778
	],
	"170": [
		0.2171875,
		0.18888888888888888
	],
	"171": [
		0.1890625,
		0.2
	],
	"172": [
		0.3546875,
		0.3972222222222222
	],
	"173": [
		0.3359375,
		0.4361111111111111
	],
	"174": [
		0.203125,
		0.12777777777777777
	],
	"175": [
		0.2234375,
		0.1638888888888889
	],