{
	"SixYardNorthForwardEast": [
		0.6683185987912383,
		0.4083067335893286
	],
	"SixYardNorthForwardWest": [
		0.22456961020688407,
		0.6206883250026776
	],
	"EighteenYardNorthRearEast": [
		0.6961398519940192,
		0.28618731852665297
	],
	"EighteenYardNorthForwardWest": [
		0.40679881868509854,
		0.8914748540546976
	]
}