{
	"CornerNorthWest": [
		0.17837078651685392,
		0.18494785777107678
	],
	"CornerNorthEast": [
		0.7837078651685393,
		0.18494785777107678
	],
	"CornerSouthEast": [
		0.800561797752809,
		0.8711312141391298
	],
	"CornerSouthWest": [
		0.175561797752809,
		0.8818528290823805
	]
}