{
	"EighteenYardNorthForwardEast": [
		0.3890449438202247,
		0.21711270260082924
	],
	"PenaltyCircleNorthWest": [
		0.12640449438202248,
		0.3886585416928425
	],
	"SixYardNorthForwardEast": [
		0.06882022471910113,
		0.2599991623738326
	],
	"EighteenYardNorthRearEast": [
		0.08567415730337079,
		0.18762826150688947
	]
}