{
	"0": [
		0.2265625,
		0.21666666666666667
	],
	"1": [
		0.1671875,
		0.25833333333333336
	],
	"2": [
		0.3359375,
		0.14722222222222223
	],
	"3": [
		0.278125,
		0.18611111111111112
	],
	"4": [
		0.1703125,
		0.25277777777777777
	],
	"5": [
		0.1125,
		0.2916666666666667
	],
	"6": [
		0.05625,
		0.044444444444444446
	],
	"7": [
		0.0015625,
		0.09444444444444444
	],
	"8": [
		0.8359375,
		0.9611111111111111
	],
	"9": [
		0.7765625,
		0.9472222222222222
	],
	"10": [
		0.0578125,
		0.325
	],
	"11": [
		0.0015625,
		0.35833333333333334
	],
	"12": [
		0.1140625,
		0.10277777777777777
	],
	"13": [
		0.05625,
		0.08333333333333333
	],
	"14": [
		0.225,
		0.10277777777777777
	],
	"15": [
		0.1671875,
		0.11944444444444445
	],
	"16": [
		0.05625,
		0.1
	],
	"17": [
		0.1140625,
		0.11388888888888889
	],
	"18": [
		0.946875,
		0.9833333333333333
	],
	"19": [
		0.8890625,
		0.9694444444444444
	],
	"20": [
		0.225,
		0.8583333333333333
	],
	"21": [
		0.1671875,
		0.8472222222222222
	],
	"22": [
		0.3359375,
		0.875
	],
	"23": [
		0.278125,
		0.8638888888888889
	],
	"24": [
		0.6140625,
		0.9194444444444444
	],
	"25": [
		0.55625,
		0.9083333333333333
	],
	"26": [
		0.725,
		0.9388888888888889
	],
	"27": [
		0.6671875,
		0.9277777777777778
	],
	"28": [
		0.1140625,
		0.04722222222222222
	],
	"29": [
		0.05625,
		0.05555555555555555
	],
	"30": [
		0.2734375,
		0.25
	],
	"31": [
		0.221875,
		0.2972222222222222
	],
	"32": [
		0.1140625,
		0.8416666666666667
	],
	"33": [
		0.05625,
		0.8333333333333334
	],
	"34": [
		0.446875,
		0.8888888888888888
	],
	"35": [
		0.3890625,
		0.8805555555555555
	],
	"36": [
		0.5578125,
		0.9083333333333333
	],
	"37": [
		0.5,
		0.9
	],
	"38": [
		0.446875,
		0.07222222222222222
	],
	"39": [
		0.3890625,
		0.06666666666666667
	],
	"40": [
		0.0578125,
		0.07222222222222222
	],
	"41": [
		0.0015625,
		0.09444444444444444
	],
	"42": [
		0.334375,
		0.06111111111111111
	],
	"43": [
		0.390625,
		0.075
	],
	"44": [
		0.6125,
		0.08333333333333333
	],
	"45": [
		0.66875,
		0.09722222222222222
	],
	"46": [
		0.16875,
		0.3138888888888889
	],
	"47": [
		0.1125,
		0.3277777777777778
	],
	"48": [
		0.6125,
		0.9166666666666666
	],
	"49": [
		0.66875,
		0.9305555555555556
	],
	"50": [
		0.834375,
		0.9583333333333334
	],
	"51": [
		0.890625,
		0.9722222222222222
	],
	"52": [
		0.16875,
		0.11388888888888889
	],
	"53": [
		0.1125,
		0.10277777777777777
	],
	"54": [
		0.2796875,
		0.11388888888888889
	],
	"55": [
		0.2234375,
		0.10277777777777777
	],
	"56": [
		0.1125,
		0.04722222222222222
	],
	"57": [
		0.16875,
		0.05555555555555555
	],
	"58": [
		0.16875,
		0.85
	],
	"59": [
		0.1125,
		0.8416666666666667
	],
	"60": [
		0.2796875,
		0.8638888888888889
	],
	"61": [
		0.2234375,
		0.8555555555555555
	],
	"62": [
		0.390625,
		0.8805555555555555
	],
	"63": [
		0.334375,
		0.8722222222222222
	],
	"64": [
		0.5015625,
		0.8972222222222223
	],
	"65": [
		0.4453125,
		0.8888888888888888
	],
	"66": [
		0.0578125,
		0.8333333333333334
	],
	"67": [
		0.0015625,
		0.8277777777777777
	],
	"68": [
		0.221875,
		0.2972222222222222
	],
	"69": [
		0.1671875,
		0.3138888888888889
	],
	"70": [
		0.04375,
		0.025
	],
	"71": [
		0.0046875,
		0.09444444444444444
	],
	"72": [
		0.9984375,
		0.9944444444444445
	],
	"73": [
		0.94375,
		0.9805555555555555
	],
	"74": [
		0.778125,
		0.95
	],
	"75": [
		0.7234375,
		0.9388888888888889
	],
	"76": [
		1,
		0.30277777777777776
	],
	"77": [
		0.953125,
		0.3472222222222222
	],
	"78": [
		0.0453125,
		0.03611111111111111
	],
	"79": [
		0.009375,
		0.10555555555555556
	],
	"80": [
		0.0234375,
		0.030555555555555555
	],
	"81": [
		0.05625,
		0.10277777777777777
	],
	"82": [
		0.053125,
		0.044444444444444446
	],
	"83": [
		0.0140625,
		0.10555555555555556
	],
	"84": [
		0.996875,
		0.002777777777777778
	],
	"85": [
		0.9453125,
		0.011111111111111112
	],
	"86": [
		0.0546875,
		0.10277777777777777
	],
	"87": [
		0.003125,
		0.09444444444444444
	],
	"88": [
		0.0875,
		0.025
	],
	"89": [
		0.05625,
		0.09722222222222222
	],
	"90": [
		0.05625,
		0.044444444444444446
	],
	"91": [
		0.096875,
		0.1
	],
	"92": [
		0.0375,
		0.025
	],
	"93": [
		0.0140625,
		0.10555555555555556
	],
	"94": [
		0.128125,
		0.005555555555555556
	],
	"95": [
		0.165625,
		0.06666666666666667
	],
	"96": [
		0.5,
		0.6361111111111111
	],
	"97": [
		0.534375,
		0.7027777777777777
	],
	"98": [
		0.5375,
		0.6055555555555555
	],
	"99": [
		0.5015625,
		0.6694444444444444
	],
	"100": [
		0.4375,
		0.05555555555555555
	],
	"101": [
		0.3890625,
		0.075
	],
	"102": [
		0.2265625,
		0.21666666666666667
	],
	"103": [
		0.2734375,
		0.24444444444444444
	],
	"104": [
		0.44375,
		0.9277777777777778
	],
	"105": [
		0.3953125,
		0.9194444444444444
	],
	"106": [
		0.034375,
		0.025
	],
	"107": [
		0.0578125,
		0.1
	],
	"108": [
		0.109375,
		0.04722222222222222
	],
	"109": [
		0.071875,
		0.1
	],
	"110": [
		0.88125,
		0.09444444444444444
	],
	"111": [
		0.834375,
		0.09444444444444444
	],
	"112": [
		0.953125,
		0.35
	],
	"113": [
		0.990625,
		0.4
	],
	"114": [
		0.0734375,
		0.04722222222222222
	],
	"115": [
		0.1078125,
		0.10277777777777777
	],
	"116": [
		0.0203125,
		0.030555555555555555
	],
	"117": [
		0.0390625,
		0.10555555555555556
	],
	"118": [
		0.071875,
		0.025
	],
	"119": [
		0.0578125,
		0.10277777777777777
	],
	"120": [
		0.515625,
		0.5972222222222222
	],
	"121": [
		0.5015625,
		0.675
	],
	"122": [
		0.04375,
		0.025
	],
	"123": [
		0.0375,
		0.10555555555555556
	],
	"124": [
		0.1125,
		0.325
	],
	"125": [
		0.0671875,
		0.3333333333333333
	],
	"126": [
		0.09375,
		0.04722222222222222
	],
	"127": [
		0.0609375,
		0.1
	],
	"128": [
		0.096875,
		0.3
	],
	"129": [
		0.05625,
		0.325
	],
	"130": [
		0.2390625,
		0.20833333333333334
	],
	"131": [
		0.2734375,
		0.25277777777777777
	],
	"132": [
		0.0265625,
		0.030555555555555555
	],
	"133": [
		0.0296875,
		0.10555555555555556
	],
	"134": [
		0.1546875,
		0.8833333333333333
	],
	"135": [
		0.1125,
		0.8777777777777778
	],
	"136": [
		0.1421875,
		0.005555555555555556
	],
	"137": [
		0.109375,
		0.05277777777777778
	],
	"138": [
		0.0203125,
		0.030555555555555555
	],
	"139": [
		0.0578125,
		0.06388888888888888
	],
	"140": [
		0.8859375,
		0.002777777777777778
	],
	"141": [
		0.8453125,
		0.016666666666666666
	],
	"142": [
		0.4828125,
		0.075
	],
	"143": [
		0.4421875,
		0.06944444444444445
	],
	"144": [
		0.3,
		0.6333333333333333
	],
	"145": [
		0.296875,
		0.7055555555555556
	],
	"146": [
		0.5390625,
		0.6333333333333333
	],
	"147": [
		0.5,
		0.6166666666666667
	],
	"148": [
		0.21875,
		0.019444444444444445
	],
	"149": [
		0.1890625,
		0.06666666666666667
	],
	"150": [
		0.9078125,
		0.002777777777777778
	],
	"151": [
		0.946875,
		0.013888888888888888
	],
	"152": [
		0.5390625,
		0.6055555555555555
	],
	"153": [
		0.5,
		0.6166666666666667
	],
	"154": [
		0.2609375,
		0.19722222222222222
	],
	"155": [
		0.2234375,
		0.21944444444444444
	],
	"156": [
		0.31875,
		0.03888888888888889
	],
	"157": [
		0.290625,
		0.08611111111111111
	],
	"158": [
		0.3984375,
		0.044444444444444446
	],
	"159": [
		0.4296875,
		0.08333333333333333
	],
	"160": [
		0.56875,
		0.7222222222222222
	],
	"161": [
		0.55625,
		0.7861111111111111
	],
	"162": [
		0.05625,
		0.044444444444444446
	],
	"163": [
		0.075,
		0.10277777777777777
	],
	"164": [
		0.0578125,
		0.04722222222222222
	],
	"165": [
		0.0203125,
		0.041666666666666664
	],
	"166": [
		0.075,
		0.025
	],
	"167": [
		0.103125,
		0.06944444444444445
	],
	"168": [
		0.2984375,
		0.9055555555555556
	],
	"169": [
		0.3359375,
		0.9111111111111111
	],
	"170": [
		0.546875,
		0.9444444444444444
	],
	"171": [
		0.509375,
		0.9388888888888889
	],
	"172": [
		0.946875,
		0.09722222222222222
	],
	"173": [
		0.909375,
		0.09722222222222222
	],
	"174": [
		0.203125,
		0.06944444444444445
	],
	"175": [
		0.1671875,
		0.05277777777777778
	],
	"176": [
		0.3,
		0.6333333333333333
	],
	"177": [
		0.3125,
		0.6944444444444444
	],