{
	"0": [
		0.76328125,
		0.190625
	],
	"1": [
		0.750390625,
		0.19895833333333332
	],
	"2": [
		0.8263671875,
		0.19791666666666666
	],
	"3": [
		0.2060546875,
		0.18159722222222222
	],
	"4": [
		0.029296875,
		0.18159722222222222
	],
	"5": [
		0.3201171875,
		0.1840277777777778
	],
	"6": [
		0.2755859375,
		0.18125
	],
	"7": [
		0.2173828125,
		0.15555555555555556
	],
	"8": [
		0.348046875,
		0.18819444444444444
	],
	"9": [
		0.4876953125,
		0.1892361111111111
	],
	"10": [
		0.4818359375,
		0.19131944444444443
	],
	"11": [
		0.8357421875,
		0.1892361111111111
	],
	"12": [
		0.409765625,
		0.19236111111111112
	],
	"13": [
		0.1318359375,
		0.17395833333333333
	],
	"14": [
		0.38984375,
		0.18958333333333333
	],
	"15": [
		0.73828125,
		0.1920138888888889
	],
	"16": [
		0.8095703125,
		0.19131944444444443
	],
	"17": [
		0.1939453125,
		0.1857638888888889
	],
	"18": [
		0.1046875,
		0.18229166666666666
	],
	"19": [
		0.3412109375,
		0.18888888888888888
	],
	"20": [
		0.30390625,
		0.1701388888888889
	],
	"21": [
		0.0546875,
		0.18194444444444444
	],
	"22": [
		0.188671875,
		0.17777777777777778
	],
	"23": [
		0.4171875,
		0.19444444444444445
	],
	"24": [
		0.1203125,
		0.18506944444444445
	],
	"25": [
		0.348046875,
		0.18506944444444445
	],
	"26": [
		0.8828125,
		0.19444444444444445
	],
	"27": [
		0.271484375,
		0.1892361111111111
	],
	"28": [
		0.1341796875,
		0.18194444444444444
	],
	"29": [
		0.25,
		0.18229166666666666
	],
	"30": [
		0.7654296875,
		0.184375
	],
	"31": [
		0.2765625,
		0.18888888888888888
	],
	"32": [
		0.1923828125,
		0.19409722222222223
	],
	"33": [
		0.1291015625,
		0.16979166666666667
	],
	"34": [
		0.4171875,
		0.18854166666666666
	],
	"35": [
		0.206640625,
		0.18090277777777777
	],
	"36": [
		0.1064453125,
		0.18090277777777777
	],
	"37": [
		0.3203125,
		0.19166666666666668
	],
	"38": [
		0.0615234375,
		0.18472222222222223
	],
	"39": [
		0.0328125,
		0.18055555555555555
	],
	"40": [
		0.25,
		0.18958333333333333
	],
	"41": [
		0.0578125,
		0.1638888888888889
	],
	"42": [
		0.2005859375,
		0.17118055555555556
	],
	"43": [
		0.4880859375,
		0.1909722222222222
	],
	"44": [
		0.461328125,
		0.19618055555555555
	],
	"45": [
		0.7400390625,
		0.20243055555555556
	],
	"46": [
		0.0609375,
		0.1795138888888889
	],
	"47": [
		0.1818359375,
		0.19270833333333334
	],
	"48": [
		0.642578125,
		0.16284722222222223
	],
	"49": [
		0.838671875,
		0.18854166666666666
	],
	"50": [
		0.2060546875,
		0.19305555555555556
	],
	"51": [
		0.4140625,
		0.178125
	],
	"52": [
		0.3916015625,
		0.19479166666666667
	],
	"53": [
		0.7224609375,
		0.16493055555555555
	],
	"54": [
		0.811328125,
		0.20520833333333333
	],
	"55": [
		0.061328125,
		0.18854166666666666
	],
	"56": [
		0.4609375,
		0.1892361111111111
	],
	"57": [
		0.34140625,
		0.17881944444444445
	],
	"58": [
		0.2765625,
		0.18888888888888888
	],
	"59": [
		0.13359375,
		0.19166666666666668
	],
	"60": [
		0.4841796875,
		0.18055555555555555
	],
	"61": [
		0.7599609375,
		0.18333333333333332
	],
	"62": [
		0.348046875,
		0.196875
	],
	"63": [
		0.7662109375,
		0.20104166666666667
	],
	"64": [
		0.5560546875,
		0.17569444444444443
	],
	"65": [
		0.2173828125,
		0.15555555555555556
	],
	"66": [
		0.8166015625,
		0.19722222222222222
	],
	"67": [
		0.276171875,
		0.19583333333333333
	],
	"68": [
		0.109765625,
		0.1701388888888889
	],
	"69": [
		0.74296875,
		0.19652777777777777
	],
	"70": [
		0.8384765625,
		0.20104166666666667
	],
	"71": [
		0.1916015625,
		0.18784722222222222
	],
	"72": [
		0.8357421875,
		0.18229166666666666
	],
	"73": [
		0.83828125,
		0.1996527777777778
	],
	"74": [
		0.8140625,
		0.19826388888888888
	],
	"75": [
		0.2564453125,
		0.18194444444444444
	],
	"76": [
		0.26015625,
		0.19479166666666667
	],
	"77": [
		0.7419921875,
		0.20069444444444445
	],
	"78": [
		0.487890625,
		0.1996527777777778
	],
	"79": [
		0.4169921875,
		0.19895833333333332
	],
	"80": [
		0.0326171875,
		0.18020833333333333
	],
	"81": [
		0.812109375,
		0.20069444444444445
	],
	"82": [
		0.487890625,
		0.2
	],
	"83": [
		0.106640625,
		0.17777777777777778
	],
	"84": [
		0.7654296875,
		0.2013888888888889
	],
	"85": [
		0.8783203125,
		0.18125
	],
	"86": [
		0.325390625,
		0.18159722222222222
	],
	"87": [
		0.745703125,
		0.184375
	],
	"88": [
		0.276171875,
		0.19618055555555555
	],
	"89": [
		0.4646484375,
		0.19652777777777777
	],
	"90": [
		0.3208984375,
		0.18888888888888888
	],
	"91": [
		0.1064453125,
		0.17916666666666667
	],
	"92": [
		0.3208984375,
		0.18958333333333333
	],
	"93": [
		0.5361328125,
		0.16666666666666666
	],
	"94": [
		0.751953125,
		0.20347222222222222
	],
	"95": [
		0.818359375,
		0.18611111111111112
	],
	"96": [
		0.0453125,
		0.1795138888888889
	],
	"97": [
		0.4638671875,
		0.18819444444444444
	],
	"98": [
		0.844921875,
		0.41805555555555557
	],
	"99": [
		0.39140625,
		0.19375
	],
	"100": [
		0.814453125,
		0.1909722222222222
	],
	"101": [
		0.37265625,
		0.40520833333333334
	],
	"102": [
		0.0474609375,
		0.17048611111111112
	],
	"103": [
		0.83046875,
		0.20381944444444444
	],
	"104": [
		0.2494140625,
		0.18506944444444445
	],
	"105": [
		0.2712890625,
		0.19166666666666668
	],
	"106": [
		0.4,
		0.18958333333333333
	],
	"107": [
		0.348046875,
		0.196875
	],
	"108": [
		0.843359375,
		0.4111111111111111
	],
	"109": [
		0.3728515625,
		0.4111111111111111
	],
	"110": [
		0.1794921875,
		0.1673611111111111
	],
	"111": [
		0.0564453125,
		0.1840277777777778
	],
	"112": [
		0.8431640625,
		0.425
	],
	"113": [
		0.2,
		0.1909722222222222
	],
	"114": [
		0.3919921875,
		0.18541666666666667
	],
	"115": [
		0.759765625,
		0.1920138888888889
	],
	"116": [
		0.709375,
		0.18263888888888888
	],
	"117": [
		0.1919921875,
		0.1798611111111111
	],
	"118": [
		0.1404296875,
		0.43819444444444444
	],
	"119": [
		0.8310546875,
		0.19236111111111112
	],
	"120": [
		0.3216796875,
		0.1829861111111111
	],
	"121": [
		0.1916015625,
		0.18784722222222222
	],
	"122": [
		0.374609375,
		0.4170138888888889
	],
	"123": [
		0.3724609375,
		0.41423611111111114
	],
	"124": [
		0.26015625,
		0.15868055555555555
	],
	"125": [
		0.844140625,
		0.4197916666666667
	],
	"126": [
		0.4818359375,
		0.19479166666666667
	],
	"127": [
		0.4138671875,
		0.17847222222222223
	],
	"128": [
		0.7431640625,
		0.1892361111111111
	],
	"129": [
		0.844921875,
		0.4125
	],
	"130": [
		0.46953125,
		0.18611111111111112
	],
	"131": [
		0.3421875,
		0.19340277777777778
	],
	"132": [
		0.6822265625,
		0.165625
	],
	"133": [
		0.4044921875,
		0.18263888888888888
	],
	"134": [
		0.473046875,
		0.1986111111111111
	],
	"135": [
		0.1806640625,
		0.17152777777777778
	],
	"136": [
		0.603515625,
		0.7243055555555555
	],
	"137": [
		0.5701171875,
		0.17152777777777778
	],
	"138": [
		0.37265625,
		0.415625
	],
	"139": [
		0.605078125,
		0.23541666666666666
	],
	"140": [
		0.1337890625,
		0.19166666666666668
	],
	"141": [
		0.3736328125,
		0.40902777777777777
	],
	"142": [
		0.2712890625,
		0.175
	],
	"143": [
		0.250390625,
		0.1798611111111111
	],
	"144": [
		0.6078125,
		0.17777777777777778
	],
	"145": [
		0.4833984375,
		0.18715277777777778
	],
	"146": [
		0.0611328125,
		0.1875
	],
	"147": [
		0.2884765625,
		0.15868055555555555
	],
	"148": [
		0.1900390625,
		0.18090277777777777
	],
	"149": [
		0.3080078125,
		0.16527777777777777
	],
	"150": [
		0.843359375,
		0.41180555555555554
	],
	"151": [
		0.1068359375,
		0.17430555555555555
	],
	"152": [
		0.6822265625,
		0.16909722222222223
	],
	"153": [
		0.0548828125,
		0.16770833333333332
	],
	"154": [
		0.1283203125,
		0.18645833333333334
	],
	"155": [
		0.3740234375,
		0.4
	],
	"156": [
		0.6029296875,
		0.7298611111111111
	],
	"157": [
		0.236328125,
		0.1527777777777778
	],
	"158": [
		0.21484375,
		0.16666666666666666
	],
	"159": [
		0.2087890625,
		0.8763888888888889
	],
	"160": [
		0.3421875,
		0.1736111111111111
	],
	"161": [
		0.3720703125,
		0.41597222222222224
	],
	"162": [
		0.1853515625,
		0.1642361111111111
	],