{
	"PenaltyCircleNorthWest": [
		0.12677980860811378,
		0.388541380326264
	],
	"EighteenYardNorthForwardEast": [
		0.38112243464821116,
		0.21710850191578357
	],
	"EighteenYardNorthRearEast": [
		0.08669319906918538,
		0.1909577238531679
	],
	"SixYardNorthForwardEast": [
		0.05766496457547861,
		0.260693132020143
	]
}