{
	"0": [
		0.75,
		0.07395833333333333
	],
	"1": [
		0.4037109375,
		0.09305555555555556
	],
	"2": [
		0.78984375,
		0.06458333333333334
	],
	"3": [
		0.662109375,
		0.05277777777777778
	],
	"4": [
		0.498046875,
		0.03958333333333333
	],
	"5": [
		0.7501953125,
		0.08090277777777778
	],
	"6": [
		0.409375,
		0.08368055555555555
	],
	"7": [
		0.74375,
		0.0954861111111111
	],
	"8": [
		0.1703125,
		0.16354166666666667
	],
	"9": [
		0.611328125,
		0.03090277777777778
	],
	"10": [
		0.1099609375,
		0.18784722222222222
	],
	"11": [
		0.3162109375,
		0.11319444444444444
	],
	"12": [
		0.2734375,
		0.1284722222222222
	],
	"13": [
		0.3126953125,
		0.12361111111111112
	],
	"14": [
		0.0826171875,
		0.16875
	],
	"15": [
		0.83515625,
		0.04756944444444444
	],
	"16": [
		0.7990234375,
		0.04131944444444444
	],
	"17": [
		0.2564453125,
		0.14131944444444444
	],
	"18": [
		0.2462890625,
		0.15416666666666667
	],
	"19": [
		0.1208984375,
		0.17743055555555556
	],
	"20": [
		0.246484375,
		0.12083333333333333
	],
	"21": [
		0.2486328125,
		0.140625
	],
	"22": [
		0.9146484375,
		0.05590277777777778
	],
	"23": [
		0.7306640625,
		0.0875
	],
	"24": [
		0.0828125,
		0.20625
	],
	"25": [
		0.38046875,
		0.109375
	],
	"26": [
		0.7431640625,
		0.08055555555555556
	],
	"27": [
		0.1578125,
		0.17291666666666666
	],
	"28": [
		0.4318359375,
		0.07777777777777778
	],
	"29": [
		0.91484375,
		0.04791666666666667
	],
	"30": [
		0.9162109375,
		0.06145833333333333
	],
	"31": [
		0.382421875,
		0.0920138888888889
	],
	"32": [
		0.26640625,
		0.10520833333333333
	],
	"33": [
		0.1015625,
		0.15763888888888888
	],
	"34": [
		0.65859375,
		0.34652777777777777
	],
	"35": [
		0.7990234375,
		0.04756944444444444
	],
	"36": [
		0.29296875,
		0.13229166666666667
	],
	"37": [
		0.140234375,
		0.18125
	],
	"38": [
		0.178515625,
		0.16944444444444445
	],
	"39": [
		0.737109375,
		0.065625
	],
	"40": [
		0.7830078125,
		0.09375
	],
	"41": [
		0.24921875,
		0.125
	],
	"42": [
		0.6576171875,
		0.36701388888888886
	],
	"43": [
		0.140234375,
		0.6017361111111111
	],
	"44": [
		0.65859375,
		0.34652777777777777
	],
	"45": [
		0.44921875,
		0.06770833333333333
	],
	"46": [
		0.1447265625,
		0.18194444444444444
	],
	"47": [
		0.2552734375,
		0.11736111111111111
	],
	"48": [
		0.65859375,
		0.34756944444444443
	],
	"49": [
		0.689453125,
		0.04791666666666667
	],
	"50": [
		0.7658203125,
		0.21840277777777778
	],
	"51": [
		0.1720703125,
		0.178125
	],
	"52": [
		0.0935546875,
		0.16493055555555555
	],
	"53": [
		0.748046875,
		0.06875
	],
	"54": [
		0.3841796875,
		0.10138888888888889
	],
	"55": [
		0.08671875,
		0.19444444444444445
	],
	"56": [
		0.1794921875,
		0.17569444444444443
	],
	"57": [
		0.1453125,
		0.16979166666666667
	],
	"58": [
		0.2501953125,
		0.1482638888888889
	],
	"59": [
		0.455078125,
		0.08125
	],
	"60": [
		0.09296875,
		0.19722222222222222
	],
	"61": [
		0.660546875,
		0.36006944444444444
	],
	"62": [
		0.31328125,
		0.11736111111111111
	],
	"63": [
		0.7251953125,
		0.07048611111111111
	],
	"64": [
		0.155078125,
		0.17916666666666667
	],
	"65": [
		0.13046875,
		0.6083333333333333
	],
	"66": [
		0.0892578125,
		0.171875
	],
	"67": [
		0.1814453125,
		0.1607638888888889
	],
	"68": [
		0.412109375,
		0.08854166666666667
	],
	"69": [
		0.7521484375,
		0.08680555555555555
	],
	"70": [
		0.64296875,
		0.040625
	],
	"71": [
		0.7208984375,
		0.03923611111111111
	],
	"72": [
		0.73359375,
		0.07430555555555556
	],
	"73": [
		0.8345703125,
		0.05451388888888889
	],
	"74": [
		0.733203125,
		0.06979166666666667
	],
	"75": [
		0.3109375,
		0.13090277777777778
	],
	"76": [
		0.7271484375,
		0.05798611111111111
	],
	"77": [
		0.42890625,
		0.07534722222222222
	],
	"78": [
		0.66015625,
		0.35694444444444445
	],
	"79": [
		0.521484375,
		0.044097222222222225
	],
	"80": [
		0.429296875,
		0.08541666666666667
	],
	"81": [
		0.78359375,
		0.08819444444444445
	],
	"82": [
		0.62578125,
		0.3121527777777778
	],
	"83": [
		0.4490234375,
		0.08090277777777778
	],
	"84": [
		0.1302734375,
		0.19027777777777777
	],
	"85": [
		0.313671875,
		0.1284722222222222
	],
	"86": [
		0.4568359375,
		0.06736111111111111
	],
	"87": [
		0.264453125,
		0.11458333333333333
	],
	"88": [
		0.0654296875,
		0.278125
	],
	"89": [
		0.4173828125,
		0.090625
	],
	"90": [
		0.1689453125,
		0.17604166666666668
	],
	"91": [
		0.774609375,
		0.09791666666666667
	],
	"92": [
		0.1271484375,
		0.175
	],
	"93": [
		0.125,
		0.19305555555555556
	],
	"94": [
		0.7576171875,
		0.059375
	],
	"95": [
		0.6111328125,
		0.03576388888888889
	],
	"96": [
		0.68125,
		0.044097222222222225
	],
	"97": [
		0.3232421875,
		0.12361111111111112
	],
	"98": [
		0.19140625,
		0.12361111111111112
	],
	"99": [
		0.1212890625,
		0.19305555555555556
	],
	"100": [
		0.17265625,
		0.17465277777777777
	],
	"101": [
		0.1623046875,
		0.18020833333333333
	],
	"102": [
		0.2857421875,
		0.13819444444444445
	],
	"103": [
		0.7435546875,
		0.07777777777777778
	],
	"104": [
		0.7294921875,
		0.09270833333333334
	],
	"105": [
		0.3052734375,
		0.26458333333333334
	],
	"106": [
		0.44921875,
		0.06284722222222222
	],
	"107": [
		0.113671875,
		0.19479166666666667
	],
	"108": [
		0.3255859375,
		0.11041666666666666
	],
	"109": [
		0.412109375,
		0.4309027777777778
	],
	"110": [
		0.133203125,
		0.1638888888888889
	],
	"111": [
		0.778125,
		0.09409722222222222
	],
	"112": [
		0.5501953125,
		0.08055555555555556
	],
	"113": [
		0.7833984375,
		0.08263888888888889
	],
	"114": [
		0.1677734375,
		0.153125
	],
	"115": [
		0.408984375,
		0.096875
	],
	"116": [
		0.1189453125,
		0.1673611111111111
	],
	"117": [
		0.7521484375,
		0.09652777777777778
	],
	"118": [
		0.1765625,
		0.5784722222222223
	],
	"119": [
		0.26328125,
		0.14895833333333333
	],
	"120": [
		0.315234375,
		0.1076388888888889
	],
	"121": [
		0.584765625,
		0.03611111111111111
	],
	"122": [
		0.403515625,
		0.09965277777777778
	],
	"123": [
		0.17890625,
		0.14791666666666667
	],
	"124": [
		0.8345703125,
		0.05173611111111111
	],
	"125": [
		0.4072265625,
		0.07604166666666666
	],
	"126": [
		0.32109375,
		0.12638888888888888
	],
	"127": [
		0.951171875,
		0.05451388888888889
	],
	"128": [
		0.1783203125,
		0.15625
	],
	"129": [
		0.13828125,
		0.1625
	],
	"130": [
		0.271875,
		0.12291666666666666
	],
	"131": [
		0.767578125,
		0.09236111111111112
	],
	"132": [
		0.319140625,
		0.1267361111111111
	],
	"133": [
		0.6109375,
		0.03680555555555556
	],
	"134": [
		0.505859375,
		0.04895833333333333
	],
	"135": [
		0.403515625,
		0.4378472222222222
	],
	"136": [
		0.74375,
		0.07604166666666666
	],
	"137": [
		0.7384765625,
		0.057291666666666664
	],
	"138": [
		0.321484375,
		0.10555555555555556
	],
	"139": [
		0.554296875,
		0.03958333333333333
	],
	"140": [
		0.2861328125,
		0.12152777777777778
	],
	"141": [
		0.4564453125,
		0.05763888888888889
	],
	"142": [
		0.0185546875,
		0.3951388888888889
	],
	"143": [
		0.8705078125,
		0.03819444444444445
	],
	"144": [
		0.285546875,
		0.10694444444444444
	],
	"145": [
		0.750390625,
		0.08854166666666667
	],
	"146": [
		0.301171875,
		0.10069444444444445
	],
	"147": [
		0.248046875,
		0.11388888888888889
	],
	"148": [
		0.146484375,
		0.1607638888888889
	],
	"149": [
		0.1771484375,
		0.12569444444444444
	],
	"150": [
		0.4109375,
		0.09305555555555556
	],
	"151": [
		0.4291015625,
		0.06666666666666667
	],
	"152": [
		0.4140625,
		0.07256944444444445
	],
	"153": [
		0.1615234375,
		0.24270833333333333
	],
	"154": [
		0.155859375,
		0.13472222222222222
	],
	"155": [
		0.42890625,
		0.06840277777777778
	],
	"156": [
		0.3232421875,
		0.11805555555555555
	],
	"157": [
		0.52265625,
		0.052083333333333336
	],
	"158": [
		0.3150390625,
		0.1111111111111111
	],
	"159": [
		0.7341796875,
		0.08611111111111111
	],
	"160": [
		0.14921875,
		0.16111111111111112
	],
	"161": [
		0.6431640625,
		0.044097222222222225
	],
	"162": [
		0.0662109375,
		0.21006944444444445
	],
	"163": [
		0.185546875,
		0.12430555555555556
	],