{
	"0": [
		0.1666015625,
		0.18055555555555555
	],
	"1": [
		0.2875,
		0.06180555555555556
	],
	"2": [
		0.2796875,
		0.19409722222222223
	],
	"3": [
		0.2373046875,
		0.19166666666666668
	],
	"4": [
		0.20859375,
		0.050694444444444445
	],
	"5": [
		0.291796875,
		0.08715277777777777
	],
	"6": [
		0.4322265625,
		0.19826388888888888
	],
	"7": [
		0.2802734375,
		0.09270833333333334
	],
	"8": [
		0.28984375,
		0.06979166666666667
	],
	"9": [
		0.21328125,
		0.18958333333333333
	],
	"10": [
		0.185546875,
		0.12916666666666668
	],
	"11": [
		0.21328125,
		0.19027777777777777
	],
	"12": [
		0.40703125,
		0.196875
	],
	"13": [
		0.1666015625,
		0.18055555555555555
	],
	"14": [
		0.2447265625,
		0.04895833333333333
	],
	"15": [
		0.2921875,
		0.08680555555555555
	],
	"16": [
		0.2373046875,
		0.19166666666666668
	],
	"17": [
		0.3029296875,
		0.19375
	],
	"18": [
		0.3029296875,
		0.19375
	],
	"19": [
		0.2373046875,
		0.19027777777777777
	],
	"20": [
		0.3681640625,
		0.19444444444444445
	],
	"21": [
		0.3681640625,
		0.19444444444444445
	],
	"22": [
		0.40625,
		0.18993055555555555
	],
	"23": [
		0.2796875,
		0.19270833333333334
	],
	"24": [
		0.1595703125,
		0.153125
	],
	"25": [
		0.253515625,
		0.05173611111111111
	],
	"26": [
		0.173828125,
		0.17847222222222223
	],
	"27": [
		0.2130859375,
		0.190625
	],
	"28": [
		0.173828125,
		0.17916666666666667
	],
	"29": [
		0.3029296875,
		0.19375
	],
	"30": [
		0.2931640625,
		0.08611111111111111
	],
	"31": [
		0.2796875,
		0.19409722222222223
	],
	"32": [
		0.21328125,
		0.1954861111111111
	],
	"33": [
		0.2740234375,
		0.18020833333333333
	],
	"34": [
		0.25,
		0.049305555555555554
	],
	"35": [
		0.3681640625,
		0.19444444444444445
	],
	"36": [
		0.1484375,
		0.19340277777777778
	],
	"37": [
		0.4134765625,
		0.17569444444444443
	],
	"38": [
		0.3427734375,
		0.18888888888888888
	],
	"39": [
		0.19453125,
		0.13402777777777777
	],
	"40": [
		0.3423828125,
		0.196875
	],
	"41": [
		0.20859375,
		0.050347222222222224
	],
	"42": [
		0.0642578125,
		0.16354166666666667
	],
	"43": [
		0.2875,
		0.0625
	],
	"44": [
		0.40625,
		0.18993055555555555
	],
	"45": [
		0.2041015625,
		0.12361111111111112
	],
	"46": [
		0.2130859375,
		0.1909722222222222
	],
	"47": [
		0.173828125,
		0.17847222222222223
	],
	"48": [
		0.2798828125,
		0.19479166666666667
	],
	"49": [
		0.3681640625,
		0.19444444444444445
	],
	"50": [
		0.3423828125,
		0.19652777777777777
	],
	"51": [
		0.3423828125,
		0.19652777777777777
	],
	"52": [
		0.3029296875,
		0.19375
	],
	"53": [
		0.173828125,
		0.17847222222222223
	],
	"54": [
		0.40703125,
		0.19652777777777777
	],
	"55": [
		0.3423828125,
		0.19652777777777777
	],
	"56": [
		0.2130859375,
		0.190625
	],
	"57": [
		0.2373046875,
		0.19166666666666668
	],
	"58": [
		0.2525390625,
		0.05
	],
	"59": [
		0.2130859375,
		0.18993055555555555
	],
	"60": [
		0.29453125,
		0.08645833333333333
	],
	"61": [
		0.15078125,
		0.19444444444444445
	],
	"62": [
		0.2931640625,
		0.08680555555555555
	],
	"63": [
		0.3427734375,
		0.196875
	],
	"64": [
		0.3681640625,
		0.19444444444444445
	],
	"65": [
		0.4134765625,
		0.17569444444444443
	],
	"66": [
		0.2986328125,
		0.840625
	],
	"67": [
		0.2130859375,
		0.18993055555555555
	],
	"68": [
		0.3798828125,
		0.8444444444444444
	],
	"69": [
		0.064453125,
		0.15381944444444445
	],
	"70": [
		0.2798828125,
		0.19479166666666667
	],
	"71": [
		0.2515625,
		0.05277777777777778
	],
	"72": [
		0.3029296875,
		0.19375
	],
	"73": [
		0.2501953125,
		0.049305555555555554
	],
	"74": [
		0.1595703125,
		0.153125
	],
	"75": [
		0.3029296875,
		0.1954861111111111
	],
	"76": [
		0.3681640625,
		0.19444444444444445
	],
	"77": [
		0.3681640625,
		0.19444444444444445
	],
	"78": [
		0.1666015625,
		0.18055555555555555
	],
	"79": [
		0.290625,
		0.06145833333333333
	],
	"80": [
		0.3423828125,
		0.19652777777777777
	],
	"81": [
		0.370703125,
		0.8454861111111112
	],
	"82": [
		0.37109375,
		0.8444444444444444
	],
	"83": [
		0.2873046875,
		0.06875
	],
	"84": [
		0.371484375,
		0.8447916666666667
	],
	"85": [
		0.2796875,
		0.19409722222222223
	],
	"86": [
		0.4322265625,
		0.19826388888888888
	],
	"87": [
		0.1642578125,
		0.15381944444444445
	],
	"88": [
		0.2873046875,
		0.0625
	],
	"89": [
		0.43671875,
		0.8472222222222222
	],
	"90": [
		0.1197265625,
		0.1517361111111111
	],
	"91": [
		0.2876953125,
		0.06354166666666666
	],
	"92": [
		0.2443359375,
		0.10069444444444445
	],
	"93": [
		0.16015625,
		0.18194444444444444
	],
	"94": [
		0.2373046875,
		0.19166666666666668
	],
	"95": [
		0.16484375,
		0.18125
	],
	"96": [
		0.4,
		0.8461805555555556
	],
	"97": [
		0.2373046875,
		0.19166666666666668
	],
	"98": [
		0.1544921875,
		0.16180555555555556
	],
	"99": [
		0.16015625,
		0.18125
	],
	"100": [
		0.2373046875,
		0.19166666666666668
	],
	"101": [
		0.2796875,
		0.19409722222222223
	],
	"102": [
		0.2880859375,
		0.06875
	],
	"103": [
		0.2802734375,
		0.09270833333333334
	],
	"104": [
		0.3091796875,
		0.84375
	],
	"105": [
		0.4314453125,
		0.19756944444444444
	],
	"106": [
		0.2796875,
		0.19409722222222223
	],
	"107": [
		0.3681640625,
		0.19444444444444445
	],
	"108": [
		0.2703125,
		0.052083333333333336
	],
	"109": [
		0.3029296875,
		0.19375
	],
	"110": [
		0.4314453125,
		0.19756944444444444
	],
	"111": [
		0.1634765625,
		0.14583333333333334
	],
	"112": [
		0.2880859375,
		0.0642361111111111
	],
	"113": [
		0.292578125,
		0.08715277777777777
	],
	"114": [
		0.24921875,
		0.049305555555555554
	],
	"115": [
		0.24921875,
		0.09861111111111111
	],
	"116": [
		0.3029296875,
		0.19375
	],
	"117": [
		0.16484375,
		0.18090277777777777
	],
	"118": [
		0.34921875,
		0.17604166666666668
	],
	"119": [
		0.1580078125,
		0.15625
	],
	"120": [
		0.290625,
		0.06145833333333333
	],
	"121": [
		0.0591796875,
		0.16041666666666668
	],
	"122": [
		0.3029296875,
		0.19375
	],
	"123": [
		0.174609375,
		0.8322916666666667
	],
	"124": [
		0.0271484375,
		0.8329861111111111
	],
	"125": [
		0.2798828125,
		0.1892361111111111
	],
	"126": [
		0.2373046875,
		0.19166666666666668
	],
	"127": [
		0.247265625,
		0.04895833333333333
	],
	"128": [
		0.3681640625,
		0.19444444444444445
	],
	"129": [
		0.4064453125,
		0.196875
	],
	"130": [
		0.1736328125,
		0.18090277777777777
	],
	"131": [
		0.3029296875,
		0.19375
	],
	"132": [
		0.3681640625,
		0.19444444444444445
	],
	"133": [
		0.2828125,
		0.06041666666666667
	],
	"134": [
		0.2375,
		0.19340277777777778
	],
	"135": [
		0.4314453125,
		0.19756944444444444
	],
	"136": [
		0.173828125,
		0.17847222222222223
	],
	"137": [
		0.1693359375,
		0.17847222222222223
	],
	"138": [
		0.2861328125,
		0.06805555555555555
	],
	"139": [
		0.0541015625,
		0.8569444444444444
	],
	"140": [
		0.0474609375,
		0.22430555555555556
	],
	"141": [
		0.3029296875,
		0.19375
	],
	"142": [
		0.1666015625,
		0.18055555555555555
	],
	"143": [
		0.3029296875,
		0.19375
	],
	"144": [
		0.3423828125,
		0.196875
	],
	"145": [
		0.2080078125,
		0.04895833333333333
	],
	"146": [
		0.3681640625,
		0.19444444444444445
	],
	"147": [
		0.25234375,
		0.09652777777777778
	],
	"148": [
		0.2373046875,
		0.1909722222222222
	],
	"149": [
		0.2796875,
		0.19409722222222223
	],
	"150": [
		0.2943359375,
		0.08298611111111111
	],
	"151": [
		0.2373046875,
		0.19166666666666668
	],
	"152": [
		0.2373046875,
		0.19166666666666668
	],
	"153": [
		0.207421875,
		0.04895833333333333
	],
	"154": [
		0.0541015625,
		0.8541666666666666
	],
	"155": [
		0.246484375,
		0.049305555555555554
	],
	"156": [
		0.0591796875,
		0.1597222222222222
	],
	"157": [
		0.054296875,
		0.8604166666666667
	],
	"158": [
		0.2896484375,
		0.06458333333333334
	],
	"159": [
		0.2203125,
		0.11180555555555556
	],
	"160": [
		0.2373046875,
		0.19166666666666668
	],
	"161": [
		0.2791015625,
		0.18472222222222223
	],
	"162": [
		0.36015625,
		0.17916666666666667
	],
	"163": [
		0.2373046875,
		0.1909722222222222
	],
	"164": [
		0.0685546875,
		0.15
	],
	"165": [
		0.2373046875,
		0.1909722222222222
	],