{
	"CornerNorthWest": [
		0.11938202247191011,
		0.8336055618377518
	],
	"CornerNorthEast": [
		0.1306179775280899,
		0.17154583909201324
	],
	"CornerSouthEast": [
		0.8651685393258427,
		0.13133978305482263
	],
	"CornerSouthWest": [
		0.8679775280898876,
		0.849687984252628
	]
}