{
	"CornerNorthEast": [
		0.19396623168382515,
		0.1614131335713104
	],
	"EighteenYardNorthForwardEast": [
		0.38454181612287386,
		0.2171633013173145
	],
	"PenaltyCircleNorthWest": [
		0.13078599223645246,
		0.3926946013712604
	],
	"PenaltySpotNorth": [
		0.08129015621256276,
		0.32600886691665587
	]
}