{
	"0": [
		0.5869140625,
		0.04756944444444444
	],
	"1": [
		0.4224609375,
		0.041666666666666664
	],
	"2": [
		0.7603515625,
		0.05520833333333333
	],
	"3": [
		0.6943359375,
		0.05555555555555555
	],
	"4": [
		0.2943359375,
		0.03854166666666667
	],
	"5": [
		0.3419921875,
		0.034027777777777775
	],
	"6": [
		0.504296875,
		0.04583333333333333
	],
	"7": [
		0.9509765625,
		0.06597222222222222
	],
	"8": [
		0.4943359375,
		0.03194444444444444
	],
	"9": [
		0.440234375,
		0.04131944444444444
	],
	"10": [
		0.0923828125,
		0.0954861111111111
	],
	"11": [
		0.6591796875,
		0.04097222222222222
	],
	"12": [
		0.3041015625,
		0.09652777777777778
	],
	"13": [
		0.672265625,
		0.05659722222222222
	],
	"14": [
		0.93828125,
		0.06944444444444445
	],
	"15": [
		0.5740234375,
		0.03680555555555556
	],
	"16": [
		0.3591796875,
		0.036458333333333336
	],
	"17": [
		0.522265625,
		0.04722222222222222
	],
	"18": [
		0.6951171875,
		0.04513888888888889
	],
	"19": [
		0.7845703125,
		0.05555555555555555
	],
	"20": [
		0.7845703125,
		0.05555555555555555
	],
	"21": [
		0.7005859375,
		0.04201388888888889
	],
	"22": [
		0.85546875,
		0.0642361111111111
	],
	"23": [
		0.8765625,
		0.0642361111111111
	],
	"24": [
		0.932421875,
		0.05243055555555556
	],
	"25": [
		0.7458984375,
		0.043402777777777776
	],
	"26": [
		0.2947265625,
		0.10138888888888889
	],
	"27": [
		0.3337890625,
		0.035416666666666666
	],
	"28": [
		0.6140625,
		0.03923611111111111
	],
	"29": [
		0.6642578125,
		0.05659722222222222
	],
	"30": [
		0.6056640625,
		0.05
	],
	"31": [
		0.7875,
		0.04826388888888889
	],
	"32": [
		0.52734375,
		0.036458333333333336
	],
	"33": [
		0.749609375,
		0.059027777777777776
	],
	"34": [
		0.1095703125,
		0.10243055555555555
	],
	"35": [
		0.11015625,
		0.10034722222222223
	],
	"36": [
		0.6642578125,
		0.06493055555555556
	],
	"37": [
		0.7244140625,
		0.03576388888888889
	],
	"38": [
		0.3357421875,
		0.04131944444444444
	],
	"39": [
		0.8814453125,
		0.044444444444444446
	],
	"40": [
		0.57890625,
		0.05763888888888889
	],
	"41": [
		0.933984375,
		0.05277777777777778
	],
	"42": [
		0.838671875,
		0.04201388888888889
	],
	"43": [
		0.49765625,
		0.04861111111111111
	],
	"44": [
		0.843359375,
		0.06875
	],
	"45": [
		0.2947265625,
		0.03923611111111111
	],
	"46": [
		0.24296875,
		0.10798611111111112
	],
	"47": [
		0.41171875,
		0.04131944444444444
	],
	"48": [
		0.0552734375,
		0.09583333333333334
	],
	"49": [
		0.932421875,
		0.05243055555555556
	],
	"50": [
		0.49375,
		0.04826388888888889
	],
	"51": [
		0.6658203125,
		0.060069444444444446
	],
	"52": [
		0.6146484375,
		0.05625
	],
	"53": [
		0.753125,
		0.0625
	],
	"54": [
		0.92109375,
		0.03229166666666667
	],
	"55": [
		0.8830078125,
		0.06284722222222222
	],
	"56": [
		0.8392578125,
		0.04756944444444444
	],
	"57": [
		0.8388671875,
		0.050694444444444445
	],
	"58": [
		0.783203125,
		0.05243055555555556
	],
	"59": [
		0.60390625,
		0.04131944444444444
	],
	"60": [
		0.9404296875,
		0.06875
	],
	"61": [
		0.844140625,
		0.06041666666666667
	],
	"62": [
		0.6685546875,
		0.06180555555555556
	],
	"63": [
		0.7013671875,
		0.060069444444444446
	],
	"64": [
		0.3375,
		0.03819444444444445
	],
	"65": [
		0.665234375,
		0.043402777777777776
	],
	"66": [
		0.516015625,
		0.03611111111111111
	],
	"67": [
		0.5814453125,
		0.05590277777777778
	],
	"68": [
		0.09375,
		0.09513888888888888
	],
	"69": [
		0.293359375,
		0.10451388888888889
	],
	"70": [
		0.5310546875,
		0.04826388888888889
	],
	"71": [
		0.844921875,
		0.06805555555555555
	],
	"72": [
		0.876953125,
		0.05763888888888889
	],
	"73": [
		0.93515625,
		0.05243055555555556
	],
	"74": [
		0.7708984375,
		0.9423611111111111
	],
	"75": [
		0.666796875,
		0.05659722222222222
	],
	"76": [
		0.87421875,
		0.9597222222222223
	],
	"77": [
		0.214453125,
		0.10520833333333333
	],
	"78": [
		0.7546875,
		0.06458333333333334
	],
	"79": [
		0.3021484375,
		0.041666666666666664
	],
	"80": [
		0.790234375,
		0.06493055555555556
	],
	"81": [
		0.3396484375,
		0.04027777777777778
	],
	"82": [
		0.3017578125,
		0.10173611111111111
	],
	"83": [
		0.7724609375,
		0.06527777777777778
	],
	"84": [
		0.88125,
		0.06631944444444444
	],
	"85": [
		0.8623046875,
		0.06979166666666667
	],
	"86": [
		0.502734375,
		0.03125
	],
	"87": [
		0.58359375,
		0.04201388888888889
	],
	"88": [
		0.1095703125,
		0.096875
	],
	"89": [
		0.449609375,
		0.04583333333333333
	],
	"90": [
		0.9224609375,
		0.03333333333333333
	],
	"91": [
		0.221875,
		0.8454861111111112
	],
	"92": [
		0.844921875,
		0.06215277777777778
	],
	"93": [
		0.8853515625,
		0.9645833333333333
	],
	"94": [
		0.8279296875,
		0.9527777777777777
	],
	"95": [
		0.4181640625,
		0.04583333333333333
	],
	"96": [
		0.8494140625,
		0.9586805555555555
	],
	"97": [
		0.7494140625,
		0.04652777777777778
	],
	"98": [
		0.8068359375,
		0.03090277777777778
	],
	"99": [
		0.9626953125,
		0.06944444444444445
	],
	"100": [
		0.499609375,
		0.05173611111111111
	],
	"101": [
		0.41484375,
		0.03819444444444445
	],
	"102": [
		0.912109375,
		0.9690972222222223
	],
	"103": [
		0.2974609375,
		0.10347222222222222
	],
	"104": [
		0.417578125,
		0.04236111111111111
	],
	"105": [
		0.36875,
		0.03958333333333333
	],
	"106": [
		0.49765625,
		0.04236111111111111
	],
	"107": [
		0.5796875,
		0.046875
	],
	"108": [
		0.0521484375,
		0.09618055555555556
	],
	"109": [
		0.141015625,
		0.8864583333333333
	],
	"110": [
		0.7009765625,
		0.060069444444444446
	],
	"111": [
		0.5806640625,
		0.04479166666666667
	],
	"112": [
		0.9056640625,
		0.96875
	],
	"113": [
		0.1431640625,
		0.10416666666666667
	],
	"114": [
		0.7052734375,
		0.06666666666666667
	],
	"115": [
		0.4298828125,
		0.03125
	],
	"116": [
		0.2966796875,
		0.10138888888888889
	],
	"117": [
		0.083984375,
		0.09618055555555556
	],
	"118": [
		0.583984375,
		0.05520833333333333
	],
	"119": [
		0.683203125,
		0.060069444444444446
	],
	"120": [
		0.212890625,
		0.8440972222222223
	],
	"121": [
		0.7529296875,
		0.05694444444444444
	],
	"122": [
		0.4162109375,
		0.043402777777777776
	],
	"123": [
		0.504296875,
		0.04618055555555556
	],
	"124": [
		0.7966796875,
		0.9475694444444445
	],
	"125": [
		0.9224609375,
		0.033680555555555554
	],
	"126": [
		0.0962890625,
		0.10173611111111111
	],
	"127": [
		0.9455078125,
		0.05520833333333333
	],
	"128": [
		0.1087890625,
		0.10347222222222222
	],
	"129": [
		0.1431640625,
		0.10520833333333333
	],
	"130": [
		0.753515625,
		0.05659722222222222
	],
	"131": [
		0.86328125,
		0.053125
	],
	"132": [
		0.3041015625,
		0.04652777777777778
	],
	"133": [
		0.7908203125,
		0.06666666666666667
	],
	"134": [
		0.962109375,
		0.05555555555555555
	],
	"135": [
		0.3361328125,
		0.03194444444444444
	],
	"136": [
		0.2990234375,
		0.10277777777777777
	],
	"137": [
		0.4224609375,
		0.043402777777777776
	],
	"138": [
		0.5306640625,
		0.050694444444444445
	],
	"139": [
		0.343359375,
		0.03958333333333333
	],
	"140": [
		0.4966796875,
		0.042708333333333334
	],
	"141": [
		0.7845703125,
		0.06666666666666667
	],
	"142": [
		0.180078125,
		0.8388888888888889
	],
	"143": [
		0.109765625,
		0.103125
	],
	"144": [
		0.590234375,
		0.05590277777777778
	],
	"145": [
		0.8509765625,
		0.050694444444444445
	],
	"146": [
		0.05,
		0.09479166666666666
	],
	"147": [
		0.2953125,
		0.10138888888888889
	],
	"148": [
		0.45,
		0.04618055555555556
	],
	"149": [
		0.217578125,
		0.8430555555555556
	],
	"150": [
		0.1095703125,
		0.096875
	],
	"151": [
		0.2177734375,
		0.10659722222222222
	],
	"152": [
		0.794921875,
		0.0375
	],
	"153": [
		0.102734375,
		0.9277777777777778
	],
	"154": [
		0.109375,
		0.10069444444444445
	],
	"155": [
		0.50625,
		0.03159722222222222
	],
	"156": [
		0.558984375,
		0.9024305555555555
	],
	"157": [
		0.265625,
		0.8534722222222222
	],
	"158": [
		0.436328125,
		0.88125
	],
	"159": [
		0.309375,
		0.24166666666666667
	],
	"160": [
		0.7609375,
		0.046875
	],
	"161": [
		0.699609375,
		0.03576388888888889
	],