{
	"CornerNorthWest": [
		0.21067415730337077,
		0.1929890689785149
	],
	"CornerNorthEast": [
		0.7851123595505618,
		0.1259789755831972
	],
	"CornerSouthEast": [
		0.8188202247191011,
		0.887213636554006
	],
	"CornerSouthWest": [
		0.2303370786516854,
		0.8630900029316916
	]
}