{
	"0": [
		0.126171875,
		0.18090277777777777
	],
	"1": [
		0.2875,
		0.06180555555555556
	],
	"2": [
		0.2466796875,
		0.19791666666666666
	],
	"3": [
		0.197265625,
		0.19722222222222222
	],
	"4": [
		0.20859375,
		0.050694444444444445
	],
	"5": [
		0.291796875,
		0.08715277777777777
	],
	"6": [
		0.3984375,
		0.203125
	],
	"7": [
		0.27265625,
		0.09270833333333334
	],
	"8": [
		0.28984375,
		0.06979166666666667
	],
	"9": [
		0.1716796875,
		0.1909722222222222
	],
	"10": [
		0.1466796875,
		0.13541666666666666
	],
	"11": [
		0.1716796875,
		0.19166666666666668
	],
	"12": [
		0.3728515625,
		0.1986111111111111
	],
	"13": [
		0.126171875,
		0.18090277777777777
	],
	"14": [
		0.241015625,
		0.04548611111111111
	],
	"15": [
		0.2921875,
		0.08680555555555555
	],
	"16": [
		0.197265625,
		0.19722222222222222
	],
	"17": [
		0.2650390625,
		0.19930555555555557
	],
	"18": [
		0.2650390625,
		0.19930555555555557
	],
	"19": [
		0.1974609375,
		0.19722222222222222
	],
	"20": [
		0.33125,
		0.19722222222222222
	],
	"21": [
		0.33125,
		0.19722222222222222
	],
	"22": [
		0.3728515625,
		0.190625
	],
	"23": [
		0.247265625,
		0.19652777777777777
	],
	"24": [
		0.119140625,
		0.15520833333333334
	],
	"25": [
		0.253515625,
		0.05173611111111111
	],
	"26": [
		0.130078125,
		0.18263888888888888
	],
	"27": [
		0.1716796875,
		0.1920138888888889
	],
	"28": [
		0.130078125,
		0.184375
	],
	"29": [
		0.2650390625,
		0.19930555555555557
	],
	"30": [
		0.2931640625,
		0.08611111111111111
	],
	"31": [
		0.2466796875,
		0.19791666666666666
	],
	"32": [
		0.1720703125,
		0.19618055555555555
	],
	"33": [
		0.2392578125,
		0.1840277777777778
	],
	"34": [
		0.25,
		0.04895833333333333
	],
	"35": [
		0.33125,
		0.19722222222222222
	],
	"36": [
		0.1037109375,
		0.1920138888888889
	],
	"37": [
		0.3841796875,
		0.17847222222222223
	],
	"38": [
		0.306640625,
		0.18958333333333333
	],
	"39": [
		0.157421875,
		0.13680555555555557
	],
	"40": [
		0.3056640625,
		0.196875
	],
	"41": [
		0.20859375,
		0.050347222222222224
	],
	"42": [
		0.021484375,
		0.16666666666666666
	],
	"43": [
		0.2875,
		0.0625
	],
	"44": [
		0.3728515625,
		0.190625
	],
	"45": [
		0.1685546875,
		0.1267361111111111
	],
	"46": [
		0.1716796875,
		0.19236111111111112
	],
	"47": [
		0.130078125,
		0.18263888888888888
	],
	"48": [
		0.247265625,
		0.1986111111111111
	],
	"49": [
		0.33125,
		0.19722222222222222
	],
	"50": [
		0.3056640625,
		0.19652777777777777
	],
	"51": [
		0.3056640625,
		0.19652777777777777
	],
	"52": [
		0.2650390625,
		0.19930555555555557
	],
	"53": [
		0.130078125,
		0.18263888888888888
	],
	"54": [
		0.3728515625,
		0.19826388888888888
	],
	"55": [
		0.3056640625,
		0.19652777777777777
	],
	"56": [
		0.1716796875,
		0.1920138888888889
	],
	"57": [
		0.197265625,
		0.19722222222222222
	],
	"58": [
		0.2525390625,
		0.05
	],
	"59": [
		0.171484375,
		0.1909722222222222
	],
	"60": [
		0.29453125,
		0.08645833333333333
	],
	"61": [
		0.1048828125,
		0.19895833333333332
	],
	"62": [
		0.2931640625,
		0.08680555555555555
	],
	"63": [
		0.3056640625,
		0.19791666666666666
	],
	"64": [
		0.33125,
		0.19722222222222222
	],
	"65": [
		0.3841796875,
		0.17847222222222223
	],
	"66": [
		0.2599609375,
		0.8600694444444444
	],
	"67": [
		0.171484375,
		0.1909722222222222
	],
	"68": [
		0.3380859375,
		0.8635416666666667
	],
	"69": [
		0.019921875,
		0.15555555555555556
	],
	"70": [
		0.247265625,
		0.1986111111111111
	],
	"71": [
		0.2515625,
		0.05277777777777778
	],
	"72": [
		0.2650390625,
		0.19930555555555557
	],
	"73": [
		0.2501953125,
		0.04895833333333333
	],
	"74": [
		0.119140625,
		0.15520833333333334
	],
	"75": [
		0.2650390625,
		0.19895833333333332
	],
	"76": [
		0.33125,
		0.19722222222222222
	],
	"77": [
		0.33125,
		0.19722222222222222
	],
	"78": [
		0.126171875,
		0.18090277777777777
	],
	"79": [
		0.290625,
		0.06145833333333333
	],
	"80": [
		0.3056640625,
		0.19652777777777777
	],
	"81": [
		0.335546875,
		0.8631944444444445
	],
	"82": [
		0.335546875,
		0.8631944444444445
	],
	"83": [
		0.2873046875,
		0.06875
	],
	"84": [
		0.3349609375,
		0.8625
	],
	"85": [
		0.2466796875,
		0.19791666666666666
	],
	"86": [
		0.3984375,
		0.203125
	],
	"87": [
		0.12109375,
		0.15763888888888888
	],
	"88": [
		0.2873046875,
		0.0625
	],
	"89": [
		0.403125,
		0.8652777777777778
	],
	"90": [
		0.07890625,
		0.15381944444444445
	],
	"91": [
		0.2876953125,
		0.06354166666666666
	],
	"92": [
		0.2326171875,
		0.10243055555555555
	],
	"93": [
		0.1216796875,
		0.18506944444444445
	],
	"94": [
		0.197265625,
		0.19722222222222222
	],
	"95": [
		0.1248046875,
		0.18159722222222222
	],
	"96": [
		0.365625,
		0.8645833333333334
	],
	"97": [
		0.197265625,
		0.19722222222222222
	],
	"98": [
		0.1140625,
		0.16284722222222223
	],
	"99": [
		0.1216796875,
		0.18472222222222223
	],
	"100": [
		0.197265625,
		0.19722222222222222
	],
	"101": [
		0.2466796875,
		0.19791666666666666
	],
	"102": [
		0.2880859375,
		0.06875
	],
	"103": [
		0.27265625,
		0.09270833333333334
	],
	"104": [
		0.2662109375,
		0.8631944444444445
	],
	"105": [
		0.3984375,
		0.20381944444444444
	],
	"106": [
		0.2466796875,
		0.19791666666666666
	],
	"107": [
		0.33125,
		0.19722222222222222
	],
	"108": [
		0.2703125,
		0.052083333333333336
	],
	"109": [
		0.2650390625,
		0.19930555555555557
	],
	"110": [
		0.3984375,
		0.20381944444444444
	],
	"111": [
		0.1205078125,
		0.14930555555555555
	],
	"112": [
		0.2880859375,
		0.0642361111111111
	],
	"113": [
		0.292578125,
		0.08715277777777777
	],
	"114": [
		0.24921875,
		0.04826388888888889
	],
	"115": [
		0.244140625,
		0.09722222222222222
	],
	"116": [
		0.2650390625,
		0.19930555555555557
	],
	"117": [
		0.1251953125,
		0.18090277777777777
	],
	"118": [
		0.3171875,
		0.18055555555555555
	],
	"119": [
		0.115625,
		0.15659722222222222
	],
	"120": [
		0.290625,
		0.06145833333333333
	],
	"121": [
		0.2650390625,
		0.19930555555555557
	],
	"122": [
		0.131640625,
		0.8527777777777777
	],
	"123": [
		0.247265625,
		0.19305555555555556
	],
	"124": [
		0.197265625,
		0.19722222222222222
	],
	"125": [
		0.2462890625,
		0.04652777777777778
	],
	"126": [
		0.33125,
		0.19722222222222222
	],
	"127": [
		0.3728515625,
		0.19756944444444444
	],
	"128": [
		0.130078125,
		0.18506944444444445
	],
	"129": [
		0.2650390625,
		0.19930555555555557
	],
	"130": [
		0.33125,
		0.19722222222222222
	],
	"131": [
		0.2828125,
		0.06041666666666667
	],
	"132": [
		0.197265625,
		0.19756944444444444
	],
	"133": [
		0.3984375,
		0.20381944444444444
	],
	"134": [
		0.130078125,
		0.18263888888888888
	],
	"135": [
		0.130078125,
		0.18715277777777778
	],
	"136": [
		0.2861328125,
		0.06805555555555555
	],
	"137": [
		0.2650390625,
		0.19930555555555557
	],
	"138": [
		0.126171875,
		0.18090277777777777
	],
	"139": [
		0.2650390625,
		0.19930555555555557
	],
	"140": [
		0.3056640625,
		0.196875
	],
	"141": [
		0.2080078125,
		0.04895833333333333
	],
	"142": [
		0.33125,
		0.19722222222222222
	],
	"143": [
		0.248828125,
		0.0954861111111111
	],
	"144": [
		0.1970703125,
		0.19722222222222222
	],
	"145": [
		0.2466796875,
		0.19791666666666666
	],
	"146": [
		0.2943359375,
		0.08298611111111111
	],
	"147": [
		0.197265625,
		0.19722222222222222
	],
	"148": [
		0.197265625,
		0.19722222222222222
	],
	"149": [
		0.207421875,
		0.04895833333333333
	],
	"150": [
		0.244921875,
		0.043402777777777776
	],
	"151": [
		0.2896484375,
		0.06458333333333334
	],
	"152": [
		0.196875,
		0.11354166666666667
	],
	"153": [
		0.197265625,
		0.19722222222222222
	],
	"154": [
		0.245703125,
		0.18888888888888888
	],
	"155": [
		0.327734375,
		0.18020833333333333
	],
	"156": [
		0.1970703125,
		0.19722222222222222
	],
	"157": [
		0.02109375,
		0.15486111111111112
	],
	"158": [
		0.1970703125,
		0.19722222222222222
	],
	"159": [
		0.3984375,
		0.203125
	],
	"160": [
		0.2904296875,
		0.07361111111111111
	],
	"161": [
		0.1982421875,
		0.1909722222222222
	],
	"162": [
		0.1830078125,
		0.8777777777777778
	],