{
	"0": [
		0.387109375,
		0.08298611111111111
	],
	"1": [
		0.2966796875,
		0.06354166666666666
	],
	"2": [
		0.540625,
		0.0920138888888889
	],
	"3": [
		0.501171875,
		0.07916666666666666
	],
	"4": [
		0.2265625,
		0.04618055555555556
	],
	"5": [
		0.3181640625,
		0.07708333333333334
	],
	"6": [
		0.7404296875,
		0.09861111111111111
	],
	"7": [
		0.31875,
		0.07847222222222222
	],
	"8": [
		0.30234375,
		0.06770833333333333
	],
	"9": [
		0.0900390625,
		0.09479166666666666
	],
	"10": [
		0.461328125,
		0.08680555555555555
	],
	"11": [
		0.295703125,
		0.09479166666666666
	],
	"12": [
		0.460546875,
		0.09166666666666666
	],
	"13": [
		0.7,
		0.10694444444444444
	],
	"14": [
		0.3853515625,
		0.08055555555555556
	],
	"15": [
		0.2591796875,
		0.03784722222222222
	],
	"16": [
		0.347265625,
		0.08020833333333334
	],
	"17": [
		0.5013671875,
		0.07673611111111112
	],
	"18": [
		0.57890625,
		0.08715277777777777
	],
	"19": [
		0.57890625,
		0.08715277777777777
	],
	"20": [
		0.5009765625,
		0.0763888888888889
	],
	"21": [
		0.651953125,
		0.09895833333333333
	],
	"22": [
		0.6603515625,
		0.09375
	],
	"23": [
		0.705859375,
		0.08923611111111111
	],
	"24": [
		0.540625,
		0.08854166666666667
	],
	"25": [
		0.29765625,
		0.10069444444444445
	],
	"26": [
		0.2576171875,
		0.04618055555555556
	],
	"27": [
		0.423046875,
		0.07743055555555556
	],
	"28": [
		0.458203125,
		0.09722222222222222
	],
	"29": [
		0.4228515625,
		0.08333333333333333
	],
	"30": [
		0.57890625,
		0.08576388888888889
	],
	"31": [
		0.3494140625,
		0.071875
	],
	"32": [
		0.5392578125,
		0.09826388888888889
	],
	"33": [
		0.108203125,
		0.10243055555555555
	],
	"34": [
		0.108984375,
		0.10034722222222223
	],
	"35": [
		0.45859375,
		0.103125
	],
	"36": [
		0.53046875,
		0.07361111111111111
	],
	"37": [
		0.2587890625,
		0.04131944444444444
	],
	"38": [
		0.6595703125,
		0.0920138888888889
	],
	"39": [
		0.383984375,
		0.09965277777777778
	],
	"40": [
		0.7091796875,
		0.090625
	],
	"41": [
		0.6236328125,
		0.08229166666666667
	],
	"42": [
		0.3173828125,
		0.0875
	],
	"43": [
		0.6201171875,
		0.103125
	],
	"44": [
		0.227734375,
		0.04652777777777778
	],
	"45": [
		0.22578125,
		0.10902777777777778
	],
	"46": [
		0.296484375,
		0.06388888888888888
	],
	"47": [
		0.0283203125,
		0.08854166666666667
	],
	"48": [
		0.705859375,
		0.08923611111111111
	],
	"49": [
		0.3171875,
		0.08715277777777777
	],
	"50": [
		0.4578125,
		0.09930555555555555
	],
	"51": [
		0.423046875,
		0.07708333333333334
	],
	"52": [
		0.5396484375,
		0.10069444444444445
	],
	"53": [
		0.659765625,
		0.0920138888888889
	],
	"54": [
		0.619921875,
		0.09375
	],
	"55": [
		0.620703125,
		0.0954861111111111
	],
	"56": [
		0.57890625,
		0.08715277777777777
	],
	"57": [
		0.4228515625,
		0.08194444444444444
	],
	"58": [
		0.699609375,
		0.10659722222222222
	],
	"59": [
		0.619921875,
		0.096875
	],
	"60": [
		0.46015625,
		0.0954861111111111
	],
	"61": [
		0.5009765625,
		0.07708333333333334
	],
	"62": [
		0.258984375,
		0.043402777777777776
	],
	"63": [
		0.46171875,
		0.08645833333333333
	],
	"64": [
		0.340234375,
		0.075
	],
	"65": [
		0.384375,
		0.096875
	],
	"66": [
		0.0908203125,
		0.09444444444444444
	],
	"67": [
		0.348828125,
		0.07222222222222222
	],
	"68": [
		0.6193359375,
		0.10243055555555555
	],
	"69": [
		0.659765625,
		0.09236111111111112
	],
	"70": [
		0.7091796875,
		0.090625
	],
	"71": [
		0.5576171875,
		0.8913194444444444
	],
	"72": [
		0.459375,
		0.09513888888888888
	],
	"73": [
		0.6576171875,
		0.9052083333333333
	],
	"74": [
		0.20859375,
		0.10555555555555556
	],
	"75": [
		0.54140625,
		0.1
	],
	"76": [
		0.2556640625,
		0.049652777777777775
	],
	"77": [
		0.5791015625,
		0.08611111111111111
	],
	"78": [
		0.2580078125,
		0.040625
	],
	"79": [
		0.2970703125,
		0.10034722222222223
	],
	"80": [
		0.5740234375,
		0.09791666666666667
	],
	"81": [
		0.6591796875,
		0.09166666666666666
	],
	"82": [
		0.655078125,
		0.10208333333333333
	],
	"83": [
		0.387109375,
		0.08263888888888889
	],
	"84": [
		0.1072265625,
		0.09618055555555556
	],
	"85": [
		0.303125,
		0.06076388888888889
	],
	"86": [
		0.058984375,
		0.8298611111111112
	],
	"87": [
		0.619921875,
		0.096875
	],
	"88": [
		0.65234375,
		0.9076388888888889
	],
	"89": [
		0.639453125,
		0.9048611111111111
	],
	"90": [
		0.297265625,
		0.06840277777777778
	],
	"91": [
		0.6416015625,
		0.90625
	],
	"92": [
		0.5412109375,
		0.09270833333333334
	],
	"93": [
		0.741015625,
		0.09826388888888889
	],
	"94": [
		0.3166015625,
		0.08958333333333333
	],
	"95": [
		0.29609375,
		0.06354166666666666
	],
	"96": [
		0.721484375,
		0.9177083333333333
	],
	"97": [
		0.3,
		0.10243055555555555
	],
	"98": [
		0.296875,
		0.06527777777777778
	],
	"99": [
		0.3181640625,
		0.08263888888888889
	],
	"100": [
		0.3841796875,
		0.08854166666666667
	],
	"101": [
		0.0205078125,
		0.0875
	],
	"102": [
		0.501171875,
		0.07708333333333334
	],
	"103": [
		0.3859375,
		0.084375
	],
	"104": [
		0.6958984375,
		0.9135416666666667
	],
	"105": [
		0.1427734375,
		0.10451388888888889
	],
	"106": [
		0.501171875,
		0.07743055555555556
	],
	"107": [
		0.2986328125,
		0.10138888888888889
	],
	"108": [
		0.080859375,
		0.0954861111111111
	],
	"109": [
		0.3853515625,
		0.0875
	],
	"110": [
		0.490625,
		0.09097222222222222
	],
	"111": [
		0.0595703125,
		0.8295138888888889
	],
	"112": [
		0.5404296875,
		0.09513888888888888
	],
	"113": [
		0.2970703125,
		0.06840277777777778
	],
	"114": [
		0.3189453125,
		0.078125
	],
	"115": [
		0.587890625,
		0.8975694444444444
	],
	"116": [
		0.0951171875,
		0.10208333333333333
	],
	"117": [
		0.732421875,
		0.090625
	],
	"118": [
		0.1076171875,
		0.10347222222222222
	],
	"119": [
		0.5404296875,
		0.09513888888888888
	],
	"120": [
		0.658984375,
		0.0920138888888889
	],
	"121": [
		0.2763671875,
		0.05243055555555556
	],
	"122": [
		0.57890625,
		0.08611111111111111
	],
	"123": [
		0.741015625,
		0.09444444444444444
	],
	"124": [
		0.2947265625,
		0.10104166666666667
	],
	"125": [
		0.297265625,
		0.06527777777777778
	],
	"126": [
		0.3494140625,
		0.07361111111111111
	],
	"127": [
		0.2587890625,
		0.040625
	],
	"128": [
		0.3185546875,
		0.08125
	],
	"129": [
		0.5791015625,
		0.08854166666666667
	],
	"130": [
		0.042578125,
		0.8263888888888888
	],
	"131": [
		0.1083984375,
		0.103125
	],
	"132": [
		0.387109375,
		0.08784722222222222
	],
	"133": [
		0.6296875,
		0.0875
	],
	"134": [
		0.017578125,
		0.08506944444444445
	],
	"135": [
		0.298828125,
		0.10069444444444445
	],
	"136": [
		0.303125,
		0.06076388888888889
	],
	"137": [
		0.0587890625,
		0.8302083333333333
	],
	"138": [
		0.1072265625,
		0.09618055555555556
	],
	"139": [
		0.2091796875,
		0.10694444444444444
	],
	"140": [
		0.5787109375,
		0.08576388888888889
	],
	"141": [
		0.1080078125,
		0.10069444444444445
	],
	"142": [
		0.3755859375,
		0.8652777777777778
	],
	"143": [
		0.0931640625,
		0.834375
	],
	"144": [
		0.2498046875,
		0.853125
	],
	"145": [
		0.1423828125,
		0.26180555555555557
	],
	"146": [
		0.5416015625,
		0.08368055555555555
	],
	"147": [
		0.5015625,
		0.07152777777777777
	],
	"148": [
		0.26640625,
		0.03819444444444445
	],
	"149": [
		0.6603515625,
		0.09409722222222222
	],
	"150": [
		0.699609375,
		0.10625
	],
	"151": [
		0.4228515625,
		0.08298611111111111
	],
	"152": [
		0.579296875,
		0.08888888888888889
	],
	"153": [
		0.6529296875,
		0.08923611111111111
	],
	"154": [
		0.287109375,
		0.06076388888888889
	],
	"155": [
		0.0201171875,
		0.08680555555555555
	],
	"156": [
		0.4916015625,
		0.08159722222222222
	],
	"157": [
		0.1703125,
		0.8732638888888888
	],
	"158": [
		0.7404296875,
		0.09444444444444444
	],
	"159": [
		0.4228515625,
		0.08020833333333334
	],
	"160": [
		0.3873046875,
		0.07673611111111112
	],
	"161": [
		0.0826171875,
		0.8618055555555556
	],
	"162": [
		0.2912109375,
		0.06701388888888889
	],
	"163": [
		0.262109375,
		0.8815972222222223
	],
	"164": [
		0.242578125,
		0.1607638888888889
	],