{
	"0": [
		0.3076171875,
		0.11666666666666667
	],
	"1": [
		0.288671875,
		0.06145833333333333
	],
	"2": [
		0.4439453125,
		0.12534722222222222
	],
	"3": [
		0.4087890625,
		0.11215277777777778
	],
	"4": [
		0.209765625,
		0.049305555555555554
	],
	"5": [
		0.2990234375,
		0.08402777777777778
	],
	"6": [
		0.6294921875,
		0.12569444444444444
	],
	"7": [
		0.2994140625,
		0.08611111111111111
	],
	"8": [
		0.29140625,
		0.06944444444444445
	],
	"9": [
		0.08828125,
		0.0954861111111111
	],
	"10": [
		0.37109375,
		0.12048611111111111
	],
	"11": [
		0.279296875,
		0.09791666666666667
	],
	"12": [
		0.369921875,
		0.12222222222222222
	],
	"13": [
		0.588671875,
		0.13402777777777777
	],
	"14": [
		0.3072265625,
		0.115625
	],
	"15": [
		0.25234375,
		0.03958333333333333
	],
	"16": [
		0.3025390625,
		0.08298611111111111
	],
	"17": [
		0.408984375,
		0.11145833333333334
	],
	"18": [
		0.48046875,
		0.11736111111111111
	],
	"19": [
		0.48046875,
		0.11736111111111111
	],
	"20": [
		0.40859375,
		0.11076388888888888
	],
	"21": [
		0.55390625,
		0.12777777777777777
	],
	"22": [
		0.5537109375,
		0.121875
	],
	"23": [
		0.5947265625,
		0.11944444444444445
	],
	"24": [
		0.4439453125,
		0.12430555555555556
	],
	"25": [
		0.2736328125,
		0.10416666666666667
	],
	"26": [
		0.2546875,
		0.04548611111111111
	],
	"27": [
		0.335546875,
		0.10833333333333334
	],
	"28": [
		0.3703125,
		0.12604166666666666
	],
	"29": [
		0.33515625,
		0.11284722222222222
	],
	"30": [
		0.4802734375,
		0.11736111111111111
	],
	"31": [
		0.3029296875,
		0.08090277777777778
	],
	"32": [
		0.4431640625,
		0.1295138888888889
	],
	"33": [
		0.1078125,
		0.10138888888888889
	],
	"34": [
		0.10859375,
		0.09965277777777778
	],
	"35": [
		0.3703125,
		0.13333333333333333
	],
	"36": [
		0.4384765625,
		0.10659722222222222
	],
	"37": [
		0.2533203125,
		0.042708333333333334
	],
	"38": [
		0.553515625,
		0.12048611111111111
	],
	"39": [
		0.3021484375,
		0.13090277777777778
	],
	"40": [
		0.6,
		0.11666666666666667
	],
	"41": [
		0.5203125,
		0.11284722222222222
	],
	"42": [
		0.2974609375,
		0.09375
	],
	"43": [
		0.515625,
		0.13229166666666667
	],
	"44": [
		0.2111328125,
		0.04791666666666667
	],
	"45": [
		0.1970703125,
		0.11215277777777778
	],
	"46": [
		0.288671875,
		0.06215277777777778
	],
	"47": [
		0.5947265625,
		0.11944444444444445
	],
	"48": [
		0.2970703125,
		0.09340277777777778
	],
	"49": [
		0.369921875,
		0.12881944444444443
	],
	"50": [
		0.3353515625,
		0.10972222222222222
	],
	"51": [
		0.44296875,
		0.13159722222222223
	],
	"52": [
		0.5537109375,
		0.12048611111111111
	],
	"53": [
		0.51640625,
		0.12743055555555555
	],
	"54": [
		0.5162109375,
		0.128125
	],
	"55": [
		0.48046875,
		0.11736111111111111
	],
	"56": [
		0.335546875,
		0.11006944444444444
	],
	"57": [
		0.5892578125,
		0.13368055555555555
	],
	"58": [
		0.51640625,
		0.1284722222222222
	],
	"59": [
		0.3703125,
		0.12569444444444444
	],
	"60": [
		0.409765625,
		0.11145833333333334
	],
	"61": [
		0.2552734375,
		0.043055555555555555
	],
	"62": [
		0.371875,
		0.12013888888888889
	],
	"63": [
		0.3015625,
		0.08333333333333333
	],
	"64": [
		0.30234375,
		0.1284722222222222
	],
	"65": [
		0.0892578125,
		0.09513888888888888
	],
	"66": [
		0.30234375,
		0.08194444444444444
	],
	"67": [
		0.5154296875,
		0.13194444444444445
	],
	"68": [
		0.5537109375,
		0.12083333333333333
	],
	"69": [
		0.6,
		0.11666666666666667
	],
	"70": [
		0.4626953125,
		0.865625
	],
	"71": [
		0.369921875,
		0.12465277777777778
	],
	"72": [
		0.565625,
		0.8760416666666667
	],
	"73": [
		0.1947265625,
		0.11076388888888888
	],
	"74": [
		0.44375,
		0.13055555555555556
	],
	"75": [
		0.2521484375,
		0.04826388888888889
	],
	"76": [
		0.4802734375,
		0.11736111111111111
	],
	"77": [
		0.25390625,
		0.04201388888888889
	],
	"78": [
		0.2736328125,
		0.10416666666666667
	],
	"79": [
		0.48046875,
		0.12534722222222222
	],
	"80": [
		0.553515625,
		0.12013888888888889
	],
	"81": [
		0.55390625,
		0.12743055555555555
	],
	"82": [
		0.3076171875,
		0.11666666666666667
	],
	"83": [
		0.10546875,
		0.0954861111111111
	],
	"84": [
		0.291796875,
		0.06111111111111111
	],
	"85": [
		0.51640625,
		0.1284722222222222
	],
	"86": [
		0.5505859375,
		0.8756944444444444
	],
	"87": [
		0.5515625,
		0.8753472222222223
	],
	"88": [
		0.2890625,
		0.06805555555555555
	],
	"89": [
		0.551953125,
		0.8760416666666667
	],
	"90": [
		0.4439453125,
		0.12534722222222222
	],
	"91": [
		0.6287109375,
		0.12638888888888888
	],
	"92": [
		0.2927734375,
		0.09791666666666667
	],
	"93": [
		0.2884765625,
		0.06215277777777778
	],
	"94": [
		0.623046875,
		0.8836805555555556
	],
	"95": [
		0.2646484375,
		0.11770833333333333
	],
	"96": [
		0.2888671875,
		0.06319444444444444
	],
	"97": [
		0.2998046875,
		0.08819444444444445
	],
	"98": [
		0.303515625,
		0.11909722222222222
	],
	"99": [
		0.408984375,
		0.11145833333333334
	],
	"100": [
		0.30703125,
		0.11701388888888889
	],
	"101": [
		0.5818359375,
		0.8784722222222222
	],
	"102": [
		0.1369140625,
		0.10659722222222222
	],
	"103": [
		0.408984375,
		0.11145833333333334
	],
	"104": [
		0.2732421875,
		0.10694444444444444
	],
	"105": [
		0.076171875,
		0.0954861111111111
	],
	"106": [
		0.3041015625,
		0.11875
	],
	"107": [
		0.4048828125,
		0.121875
	],
	"108": [
		0.4439453125,
		0.1267361111111111
	],
	"109": [
		0.2896484375,
		0.06805555555555555
	],
	"110": [
		0.29921875,
		0.08611111111111111
	],
	"111": [
		0.4890625,
		0.8684027777777777
	],
	"112": [
		0.0931640625,
		0.10694444444444444
	],
	"113": [
		0.628125,
		0.12465277777777778
	],
	"114": [
		0.106640625,
		0.10347222222222222
	],
	"115": [
		0.4439453125,
		0.1267361111111111
	],
	"116": [
		0.5537109375,
		0.12083333333333333
	],
	"117": [
		0.2720703125,
		0.05173611111111111
	],
	"118": [
		0.4806640625,
		0.11736111111111111
	],
	"119": [
		0.6294921875,
		0.12256944444444444
	],
	"120": [
		0.271875,
		0.10729166666666666
	],
	"121": [
		0.2892578125,
		0.06388888888888888
	],
	"122": [
		0.3029296875,
		0.08194444444444444
	],
	"123": [
		0.2533203125,
		0.04201388888888889
	],
	"124": [
		0.298828125,
		0.08888888888888889
	],
	"125": [
		0.48046875,
		0.11666666666666667
	],
	"126": [
		0.1080078125,
		0.10208333333333333
	],
	"127": [
		0.30703125,
		0.11770833333333333
	],
	"128": [
		0.5279296875,
		0.115625
	],
	"129": [
		0.2763671875,
		0.10590277777777778
	],
	"130": [
		0.291796875,
		0.06111111111111111
	],
	"131": [
		0.10546875,
		0.0954861111111111
	],
	"132": [
		0.1921875,
		0.11145833333333334
	],
	"133": [
		0.4806640625,
		0.11770833333333333
	],
	"134": [
		0.1076171875,
		0.09965277777777778
	],
	"135": [
		0.299609375,
		0.8458333333333333
	],
	"136": [
		0.0298828125,
		0.8236111111111111
	],
	"137": [
		0.1732421875,
		0.8375
	],
	"138": [
		0.0705078125,
		0.2826388888888889
	],
	"139": [
		0.4435546875,
		0.12013888888888889
	],
	"140": [
		0.409375,
		0.10416666666666667
	],
	"141": [
		0.256640625,
		0.03784722222222222
	],
	"142": [
		0.55390625,
		0.12222222222222222
	],
	"143": [
		0.5892578125,
		0.13333333333333333
	],
	"144": [
		0.3353515625,
		0.11284722222222222
	],
	"145": [
		0.4802734375,
		0.11666666666666667
	],
	"146": [
		0.5529296875,
		0.12152777777777778
	],
	"147": [
		0.2830078125,
		0.06041666666666667
	],
	"148": [
		0.405859375,
		0.1125
	],
	"149": [
		0.1025390625,
		0.8572916666666667
	],
	"150": [
		0.6294921875,
		0.12256944444444444
	],
	"151": [
		0.335546875,
		0.10868055555555556
	],
	"152": [
		0.309765625,
		0.11354166666666667
	],
	"153": [
		0.01875,
		0.8486111111111111
	],
	"154": [
		0.2873046875,
		0.06736111111111111
	],
	"155": [
		0.189453125,
		0.8621527777777778
	],
	"156": [
		0.198046875,
		0.165625
	],
	"157": [
		0.48046875,
		0.11666666666666667
	],
	"158": [
		0.307421875,
		0.11388888888888889
	],
	"159": [
		0.4806640625,
		0.11736111111111111
	],
	"160": [
		0.5154296875,
		0.13368055555555555
	],
	"161": [
		0.2111328125,
		0.04479166666666667
	],