{
	"0": [
		0.7716796875,
		0.08020833333333334
	],
	"1": [
		0.4369140625,
		0.09861111111111111
	],
	"2": [
		0.8095703125,
		0.07048611111111111
	],
	"3": [
		0.688671875,
		0.059027777777777776
	],
	"4": [
		0.5263671875,
		0.04756944444444444
	],
	"5": [
		0.7720703125,
		0.08784722222222222
	],
	"6": [
		0.4412109375,
		0.08923611111111111
	],
	"7": [
		0.7662109375,
		0.10208333333333333
	],
	"8": [
		0.2134765625,
		0.16701388888888888
	],
	"9": [
		0.6390625,
		0.036458333333333336
	],
	"10": [
		0.1537109375,
		0.19236111111111112
	],
	"11": [
		0.3478515625,
		0.11875
	],
	"12": [
		0.3076171875,
		0.13368055555555555
	],
	"13": [
		0.341796875,
		0.1295138888888889
	],
	"14": [
		0.13046875,
		0.1701388888888889
	],
	"15": [
		0.8564453125,
		0.05243055555555556
	],
	"16": [
		0.8189453125,
		0.04756944444444444
	],
	"17": [
		0.2994140625,
		0.14583333333333334
	],
	"18": [
		0.283984375,
		0.1579861111111111
	],
	"19": [
		0.1642578125,
		0.18055555555555555
	],
	"20": [
		0.2818359375,
		0.12638888888888888
	],
	"21": [
		0.285546875,
		0.1451388888888889
	],
	"22": [
		0.9328125,
		0.0625
	],
	"23": [
		0.1251953125,
		0.9628472222222222
	],
	"24": [
		0.7525390625,
		0.09375
	],
	"25": [
		0.1310546875,
		0.21041666666666667
	],
	"26": [
		0.1390625,
		0.9666666666666667
	],
	"27": [
		0.414453125,
		0.11493055555555555
	],
	"28": [
		0.765625,
		0.08680555555555555
	],
	"29": [
		0.198828125,
		0.1753472222222222
	],
	"30": [
		0.46484375,
		0.08368055555555555
	],
	"31": [
		0.9337890625,
		0.05451388888888889
	],
	"32": [
		0.933203125,
		0.06840277777777778
	],
	"33": [
		0.416015625,
		0.09722222222222222
	],
	"34": [
		0.2912109375,
		0.11076388888888888
	],
	"35": [
		0.66796875,
		0.03819444444444445
	],
	"36": [
		0.1298828125,
		0.9638888888888889
	],
	"37": [
		0.1486328125,
		0.16284722222222223
	],
	"38": [
		0.68125,
		0.33993055555555557
	],
	"39": [
		0.819140625,
		0.05486111111111111
	],
	"40": [
		0.3205078125,
		0.13819444444444445
	],
	"41": [
		0.18125,
		0.18472222222222223
	],
	"42": [
		0.219921875,
		0.1736111111111111
	],
	"43": [
		0.759375,
		0.071875
	],
	"44": [
		0.80234375,
		0.10138888888888889
	],
	"45": [
		0.2853515625,
		0.13055555555555556
	],
	"46": [
		0.6806640625,
		0.365625
	],
	"47": [
		0.179296875,
		0.5920138888888888
	],
	"48": [
		0.68125,
		0.33993055555555557
	],
	"49": [
		0.4818359375,
		0.07326388888888889
	],
	"50": [
		0.1875,
		0.18715277777777778
	],
	"51": [
		0.2888671875,
		0.12291666666666666
	],
	"52": [
		0.68125,
		0.34097222222222223
	],
	"53": [
		0.7146484375,
		0.05590277777777778
	],
	"54": [
		0.78828125,
		0.21979166666666666
	],
	"55": [
		0.2150390625,
		0.18333333333333332
	],
	"56": [
		0.1400390625,
		0.1684027777777778
	],
	"57": [
		0.7703125,
		0.07534722222222222
	],
	"58": [
		0.4193359375,
		0.10590277777777778
	],
	"59": [
		0.1353515625,
		0.19236111111111112
	],
	"60": [
		0.2208984375,
		0.17881944444444445
	],
	"61": [
		0.18984375,
		0.17222222222222222
	],
	"62": [
		0.2888671875,
		0.1517361111111111
	],
	"63": [
		0.4865234375,
		0.0875
	],
	"64": [
		0.1408203125,
		0.20451388888888888
	],
	"65": [
		0.684765625,
		0.35833333333333334
	],
	"66": [
		0.3322265625,
		0.1267361111111111
	],
	"67": [
		0.746484375,
		0.07777777777777778
	],
	"68": [
		0.1966796875,
		0.18368055555555557
	],
	"69": [
		0.16953125,
		0.5986111111111111
	],
	"70": [
		0.13671875,
		0.17777777777777778
	],
	"71": [
		0.2216796875,
		0.16493055555555555
	],
	"72": [
		0.446875,
		0.09305555555555556
	],
	"73": [
		0.7748046875,
		0.09409722222222222
	],
	"74": [
		0.66875,
		0.04722222222222222
	],
	"75": [
		0.7423828125,
		0.044444444444444446
	],
	"76": [
		0.755859375,
		0.0798611111111111
	],
	"77": [
		0.85546875,
		0.059722222222222225
	],
	"78": [
		0.75546875,
		0.0763888888888889
	],
	"79": [
		0.3291015625,
		0.13923611111111112
	],
	"80": [
		0.750390625,
		0.06493055555555556
	],
	"81": [
		0.4603515625,
		0.08125
	],
	"82": [
		0.6841796875,
		0.35347222222222224
	],
	"83": [
		0.55234375,
		0.053125
	],
	"84": [
		0.4611328125,
		0.09166666666666666
	],
	"85": [
		0.8025390625,
		0.09618055555555556
	],
	"86": [
		0.65390625,
		0.309375
	],
	"87": [
		0.4818359375,
		0.0875
	],
	"88": [
		0.1732421875,
		0.19479166666666667
	],
	"89": [
		0.337109375,
		0.13541666666666666
	],
	"90": [
		0.4875,
		0.07361111111111111
	],
	"91": [
		0.2962890625,
		0.12048611111111111
	],
	"92": [
		0.112109375,
		0.278125
	],
	"93": [
		0.45,
		0.09583333333333334
	],
	"94": [
		0.2126953125,
		0.1795138888888889
	],
	"95": [
		0.795703125,
		0.103125
	],
	"96": [
		0.1724609375,
		0.17708333333333334
	],
	"97": [
		0.1703125,
		0.19791666666666666
	],
	"98": [
		0.7791015625,
		0.06597222222222222
	],
	"99": [
		0.6392578125,
		0.04097222222222222
	],
	"100": [
		0.7060546875,
		0.05
	],
	"101": [
		0.356640625,
		0.13055555555555556
	],
	"102": [
		0.222265625,
		0.12881944444444443
	],
	"103": [
		0.1650390625,
		0.19618055555555555
	],
	"104": [
		0.215625,
		0.1798611111111111
	],
	"105": [
		0.204296875,
		0.1840277777777778
	],
	"106": [
		0.3189453125,
		0.1440972222222222
	],
	"107": [
		0.766796875,
		0.08402777777777778
	],
	"108": [
		0.751171875,
		0.09826388888888889
	],
	"109": [
		0.344140625,
		0.2635416666666667
	],
	"110": [
		0.480859375,
		0.06909722222222223
	],
	"111": [
		0.1583984375,
		0.19791666666666666
	],
	"112": [
		0.3578125,
		0.11701388888888889
	],
	"113": [
		0.4484375,
		0.4267361111111111
	],
	"114": [
		0.17578125,
		0.1684027777777778
	],
	"115": [
		0.79921875,
		0.09895833333333333
	],
	"116": [
		0.5767578125,
		0.08680555555555555
	],
	"117": [
		0.80234375,
		0.09027777777777778
	],
	"118": [
		0.2095703125,
		0.15625
	],
	"119": [
		0.440234375,
		0.10138888888888889
	],
	"120": [
		0.1642578125,
		0.17048611111111112
	],
	"121": [
		0.774609375,
		0.10381944444444445
	],
	"122": [
		0.2166015625,
		0.5684027777777778
	],
	"123": [
		0.660546875,
		0.03715277777777778
	],
	"124": [
		0.3009765625,
		0.15069444444444444
	],
	"125": [
		0.3453125,
		0.11215277777777778
	],
	"126": [
		0.611328125,
		0.041666666666666664
	],
	"127": [
		0.4376953125,
		0.10381944444444445
	],
	"128": [
		0.218359375,
		0.15208333333333332
	],
	"129": [
		0.8556640625,
		0.05694444444444444
	],
	"130": [
		0.4392578125,
		0.08090277777777778
	],
	"131": [
		0.0466796875,
		0.40208333333333335
	],
	"132": [
		0.3541015625,
		0.13368055555555555
	],
	"133": [
		0.969140625,
		0.06527777777777778
	],
	"134": [
		0.2181640625,
		0.16041666666666668
	],
	"135": [
		0.18125,
		0.1673611111111111
	],
	"136": [
		0.30390625,
		0.12777777777777777
	],
	"137": [
		0.788671875,
		0.09756944444444444
	],
	"138": [
		0.3509765625,
		0.1329861111111111
	],
	"139": [
		0.6392578125,
		0.04201388888888889
	],
	"140": [
		0.5349609375,
		0.05347222222222222
	],
	"141": [
		0.43515625,
		0.43645833333333334
	],
	"142": [
		0.7662109375,
		0.08263888888888889
	],
	"143": [
		0.762109375,
		0.06319444444444444
	],
	"144": [
		0.3537109375,
		0.11076388888888888
	],
	"145": [
		0.5818359375,
		0.04618055555555556
	],
	"146": [
		0.31484375,
		0.12604166666666666
	],
	"147": [
		0.4875,
		0.06493055555555556
	],
	"148": [
		0.0615234375,
		0.39479166666666665
	],
	"149": [
		0.887109375,
		0.044097222222222225
	],
	"150": [
		0.3001953125,
		0.1125
	],
	"151": [
		0.7720703125,
		0.09618055555555556
	],
	"152": [
		0.3111328125,
		0.10555555555555556
	],
	"153": [
		0.280859375,
		0.11944444444444445
	],
	"154": [
		0.189453125,
		0.16527777777777777
	],
	"155": [
		0.2109375,
		0.12881944444444443
	],
	"156": [
		0.4453125,
		0.09861111111111111
	],
	"157": [
		0.460546875,
		0.07326388888888889
	],
	"158": [
		0.4466796875,
		0.07743055555555556
	],
	"159": [
		0.2083984375,
		0.24375
	],
	"160": [
		0.193359375,
		0.14027777777777778
	],
	"161": [
		0.46015625,
		0.07430555555555556
	],
	"162": [
		0.3572265625,
		0.12465277777777778
	],