{
	"0": [
		0.2984375,
		0.03888888888888889
	],
	"1": [
		0.590625,
		0.05555555555555555
	],
	"2": [
		0.6,
		0.058333333333333334
	],
	"3": [
		0.0953125,
		0.06666666666666667
	],
	"4": [
		0.0953125,
		0.06944444444444445
	],
	"5": [
		0.1671875,
		0.06944444444444445
	],
	"6": [
		0.275,
		0.06944444444444445
	],
	"7": [
		0.09375,
		0.07222222222222222
	],
	"8": [
		0.1140625,
		0.07222222222222222
	],
	"9": [
		0.1234375,
		0.07222222222222222
	],
	"10": [
		0.1421875,
		0.07222222222222222
	],
	"11": [
		0.184375,
		0.07222222222222222
	],
	"12": [
		0.21875,
		0.07222222222222222
	],
	"13": [
		0.275,
		0.07222222222222222
	],
	"14": [
		0.09375,
		0.075
	],
	"15": [
		0.1953125,
		0.07777777777777778
	],
	"16": [
		0.33125,
		0.07777777777777778
	],
	"17": [
		0.8578125,
		0.07777777777777778
	],
	"18": [
		0.33125,
		0.08055555555555556
	],
	"19": [
		0.33125,
		0.08333333333333333
	],
	"20": [
		0.33125,
		0.08611111111111111
	],
	"21": [
		0.375,
		0.08611111111111111
	],
	"22": [
		0.3953125,
		0.08611111111111111
	],
	"23": [
		0.4140625,
		0.08611111111111111
	],
	"24": [
		0.5109375,
		0.08611111111111111
	],
	"25": [
		0.33125,
		0.08888888888888889
	],
	"26": [
		0.3953125,
		0.08888888888888889
	],
	"27": [
		0.4140625,
		0.08888888888888889
	],
	"28": [
		0.434375,
		0.08888888888888889
	],
	"29": [
		0.484375,
		0.08888888888888889
	],
	"30": [
		0.5109375,
		0.08888888888888889
	],
	"31": [
		0.025,
		0.09166666666666666
	],
	"32": [
		0.040625,
		0.09166666666666666
	],
	"33": [
		0.33125,
		0.09166666666666666
	],
	"34": [
		0.3953125,
		0.09166666666666666
	],
	"35": [
		0.4140625,
		0.09166666666666666
	],
	"36": [
		0.434375,
		0.09166666666666666
	],
	"37": [
		0.484375,
		0.09166666666666666
	],
	"38": [
		0.509375,
		0.09166666666666666
	],
	"39": [
		0.5328125,
		0.09166666666666666
	],
	"40": [
		0.6078125,
		0.09166666666666666
	],
	"41": [
		0.025,
		0.09444444444444444
	],
	"42": [
		0.33125,
		0.09444444444444444
	],
	"43": [
		0.3953125,
		0.09444444444444444
	],
	"44": [
		0.4140625,
		0.09444444444444444
	],
	"45": [
		0.4328125,
		0.09444444444444444
	],
	"46": [
		0.484375,
		0.09444444444444444
	],
	"47": [
		0.509375,
		0.09444444444444444
	],
	"48": [
		0.5328125,
		0.09444444444444444
	],
	"49": [
		0.559375,
		0.09444444444444444
	],
	"50": [
		0.590625,
		0.09444444444444444
	],
	"51": [
		0.6078125,
		0.09444444444444444
	],
	"52": [
		0.628125,
		0.09444444444444444
	],
	"53": [
		0.025,
		0.09722222222222222
	],
	"54": [
		0.4140625,
		0.09722222222222222
	],
	"55": [
		0.434375,
		0.09722222222222222
	],
	"56": [
		0.4828125,
		0.09722222222222222
	],
	"57": [
		0.509375,
		0.09722222222222222
	],
	"58": [
		0.53125,
		0.09722222222222222
	],
	"59": [
		0.559375,
		0.09722222222222222
	],
	"60": [
		0.571875,
		0.09722222222222222
	],
	"61": [
		0.590625,
		0.09722222222222222
	],
	"62": [
		0.6078125,
		0.09722222222222222
	],
	"63": [
		0.6296875,
		0.09722222222222222
	],
	"64": [
		0.6359375,
		0.09722222222222222
	],
	"65": [
		0.70625,
		0.09722222222222222
	],
	"66": [
		0.75625,
		0.09722222222222222
	],
	"67": [
		0.4140625,
		0.1
	],
	"68": [
		0.434375,
		0.1
	],
	"69": [
		0.484375,
		0.1
	],
	"70": [
		0.509375,
		0.1
	],
	"71": [
		0.5328125,
		0.1
	],
	"72": [
		0.5578125,
		0.1
	],
	"73": [
		0.5703125,
		0.1
	],
	"74": [
		0.590625,
		0.1
	],
	"75": [
		0.60625,
		0.1
	],
	"76": [
		0.6328125,
		0.1
	],
	"77": [
		0.70625,
		0.1
	],
	"78": [
		0.7359375,
		0.1
	],
	"79": [
		0.75625,
		0.1
	],
	"80": [
		0.784375,
		0.1
	],
	"81": [
		0.9921875,
		0.1
	],
	"82": [
		0.4359375,
		0.10277777777777777
	],
	"83": [
		0.484375,
		0.10277777777777777
	],
	"84": [
		0.509375,
		0.10277777777777777
	],
	"85": [
		0.5328125,
		0.10277777777777777
	],
	"86": [
		0.559375,
		0.10277777777777777
	],
	"87": [
		0.571875,
		0.10277777777777777
	],
	"88": [
		0.60625,
		0.10277777777777777
	],
	"89": [
		0.6328125,
		0.10277777777777777
	],
	"90": [
		0.7359375,
		0.10277777777777777
	],
	"91": [
		0.75625,
		0.10277777777777777
	],
	"92": [
		0.784375,
		0.10277777777777777
	],
	"93": [
		0.8140625,
		0.10277777777777777
	],
	"94": [
		0.86875,
		0.10277777777777777
	],
	"95": [
		0.9109375,
		0.10277777777777777
	],
	"96": [
		0.93125,
		0.10277777777777777
	],
	"97": [
		0.9921875,
		0.10277777777777777
	],
	"98": [
		0.484375,
		0.10555555555555556
	],
	"99": [
		0.509375,
		0.10555555555555556
	],
	"100": [
		0.5328125,
		0.10555555555555556
	],
	"101": [
		0.559375,
		0.10555555555555556
	],
	"102": [
		0.571875,
		0.10555555555555556
	],
	"103": [
		0.590625,
		0.10555555555555556
	],
	"104": [
		0.60625,
		0.10555555555555556
	],
	"105": [
		0.6328125,
		0.10555555555555556
	],
	"106": [
		0.70625,
		0.10555555555555556
	],
	"107": [
		0.7359375,
		0.10555555555555556
	],
	"108": [
		0.75625,
		0.10555555555555556
	],
	"109": [
		0.8140625,
		0.10555555555555556
	],
	"110": [
		0.86875,
		0.10555555555555556
	],
	"111": [
		0.9109375,
		0.10555555555555556
	],
	"112": [
		0.93125,
		0.10555555555555556
	],
	"113": [
		0.9515625,
		0.10555555555555556
	],
	"114": [
		0.990625,
		0.10555555555555556
	],
	"115": [
		0.015625,
		0.10833333333333334
	],
	"116": [
		0.5109375,
		0.10833333333333334
	],
	"117": [
		0.559375,
		0.10833333333333334
	],
	"118": [
		0.565625,
		0.10833333333333334
	],
	"119": [
		0.571875,
		0.10833333333333334
	],
	"120": [
		0.590625,
		0.10833333333333334
	],
	"121": [
		0.60625,
		0.10833333333333334
	],
	"122": [
		0.6328125,
		0.10833333333333334
	],
	"123": [
		0.70625,
		0.10833333333333334
	],
	"124": [
		0.7359375,
		0.10833333333333334
	],
	"125": [
		0.75625,
		0.10833333333333334
	],
	"126": [
		0.8140625,
		0.10833333333333334
	],
	"127": [
		0.86875,
		0.10833333333333334
	],
	"128": [
		0.9109375,
		0.10833333333333334
	],
	"129": [
		0.93125,
		0.10833333333333334
	],
	"130": [
		0.9515625,
		0.10833333333333334
	],
	"131": [
		0.990625,
		0.10833333333333334
	],
	"132": [
		0.015625,
		0.1111111111111111
	],
	"133": [
		0.559375,
		0.1111111111111111
	],
	"134": [
		0.571875,
		0.1111111111111111
	],
	"135": [
		0.590625,
		0.1111111111111111
	],
	"136": [
		0.6078125,
		0.1111111111111111
	],
	"137": [
		0.70625,
		0.1111111111111111
	],
	"138": [
		0.7359375,
		0.1111111111111111
	],
	"139": [
		0.75625,
		0.1111111111111111
	],
	"140": [
		0.8140625,
		0.1111111111111111
	],
	"141": [
		0.8671875,
		0.1111111111111111
	],
	"142": [
		0.9109375,
		0.1111111111111111
	],
	"143": [
		0.93125,
		0.1111111111111111
	],
	"144": [
		0.9515625,
		0.1111111111111111
	],
	"145": [
		0.990625,
		0.1111111111111111
	],
	"146": [
		0.015625,
		0.11388888888888889
	],
	"147": [
		0.70625,
		0.11388888888888889
	],
	"148": [
		0.7359375,
		0.11388888888888889
	],
	"149": [
		0.75625,
		0.11388888888888889
	],
	"150": [
		0.8140625,
		0.11388888888888889
	],
	"151": [
		0.8671875,
		0.11388888888888889
	],
	"152": [
		0.890625,
		0.11388888888888889
	],
	"153": [
		0.909375,
		0.11388888888888889
	],
	"154": [
		0.9296875,
		0.11388888888888889
	],
	"155": [
		0.9515625,
		0.11388888888888889
	],
	"156": [
		0.990625,
		0.11388888888888889
	],
	"157": [
		0.0375,
		0.11666666666666667
	],
	"158": [
		0.7859375,
		0.11666666666666667
	],
	"159": [
		0.8140625,
		0.11666666666666667
	],
	"160": [
		0.890625,
		0.11666666666666667
	],
	"161": [
		0.909375,
		0.11666666666666667
	],
	"162": [
		0.9296875,
		0.11666666666666667
	],
	"163": [
		0.9515625,
		0.11666666666666667
	],
	"164": [
		0.990625,
		0.11666666666666667
	],
	"165": [
		0.0375,
		0.11944444444444445
	],
	"166": [
		0.296875,
		0.11944444444444445
	],
	"167": [
		0.8140625,
		0.11944444444444445
	],
	"168": [
		0.890625,
		0.11944444444444445
	],
	"169": [
		0.909375,
		0.11944444444444445
	],
	"170": [
		0.9515625,
		0.11944444444444445
	],
	"171": [
		0.990625,
		0.11944444444444445
	],
	"172": [
		0.0375,
		0.12222222222222222
	],
	"173": [
		0.834375,
		0.12222222222222222
	],