{
	"EighteenYardNorthForwardEast": [
		0.38342696629213485,
		0.21979310633664195
	],
	"PenaltyCircleNorthWest": [
		0.11938202247191011,
		0.402060560371906
	],
	"SixYardNorthForwardEast": [
		0.06601123595505617,
		0.2519579511663944
	],
	"EighteenYardNorthRearEast": [
		0.0898876404494382,
		0.19030866524270218
	]
}