{
	"EighteenYardNorthRearWest": [
		0.3637640449438202,
		0.4357283548856727
	],
	"EighteenYardNorthRearEast": [
		0.5868005738880918,
		0.46039222403014474
	],
	"EighteenYardNorthForwardWest": [
		0.375,
		0.641260597756273
	],
	"EighteenYardNorthForwardEast": [
		0.5926966292134831,
		0.6357797379463903
	],
	"CornerNorthWest": [
		0.20646067415730338,
		0.4192857754560247
	]
}