{
	"CornerNorthWest": [
		0.060393258426966294,
		0.10989655316832098
	],
	"CornerNorthEast": [
		0.7963483146067416,
		0.1179377643757591
	],
	"CornerSouthEast": [
		0.7598314606741573,
		0.8002055322428706
	],
	"CornerSouthWest": [
		0.16292134831460675,
		0.7799974871214976
	]
}