{
	"SixYardNorthForwardEast": [
		0.07584269662921349,
		0.2509456591936525
	],
	"PenaltySpotNorth": [
		0.09831460674157304,
		0.32180090414244855
	],
	"PenaltyCircleNorthEast": [
		0.300561797752809,
		0.2716117723037181
	],
	"EighteenYardNorthForwardEast": [
		0.3960674157303371,
		0.20666113110065504
	]
}