{
	"0": [
		0.0578125,
		0.09166666666666666
	],
	"1": [
		0.0015625,
		0.027777777777777776
	],
	"2": [
		0.05,
		0.013888888888888888
	],
	"3": [
		0.0046875,
		0.1
	],
	"4": [
		0.0546875,
		0.025
	],
	"5": [
		0.103125,
		0.1
	],
	"6": [
		0.2265625,
		0.22777777777777777
	],
	"7": [
		0.1671875,
		0.26666666666666666
	],
	"8": [
		0.0578125,
		0.03611111111111111
	],
	"9": [
		0.0078125,
		0.1
	],
	"10": [
		0.3359375,
		0.15833333333333333
	],
	"11": [
		0.278125,
		0.19444444444444445
	],
	"12": [
		0.1703125,
		0.2638888888888889
	],
	"13": [
		0.1125,
		0.3
	],
	"14": [
		0.1140625,
		0.3
	],
	"15": [
		0.05625,
		0.33611111111111114
	],
	"16": [
		0.3359375,
		0.875
	],
	"17": [
		0.2765625,
		0.8611111111111112
	],
	"18": [
		0.66875,
		0.9305555555555556
	],
	"19": [
		0.609375,
		0.9166666666666666
	],
	"20": [
		0.8359375,
		0.9611111111111111
	],
	"21": [
		0.7765625,
		0.9472222222222222
	],
	"22": [
		0.0578125,
		0.3333333333333333
	],
	"23": [
		0.0015625,
		0.36944444444444446
	],
	"24": [
		0.6140625,
		0.9194444444444444
	],
	"25": [
		0.5546875,
		0.9083333333333333
	],
	"26": [
		0.446875,
		0.05555555555555555
	],
	"27": [
		0.3890625,
		0.07777777777777778
	],
	"28": [
		0.1140625,
		0.10277777777777777
	],
	"29": [
		0.05625,
		0.08333333333333333
	],
	"30": [
		0.225,
		0.3
	],
	"31": [
		0.1671875,
		0.3194444444444444
	],
	"32": [
		0.0578125,
		0.06388888888888888
	],
	"33": [
		0.0015625,
		0.03333333333333333
	],
	"34": [
		0.2796875,
		0.26944444444444443
	],
	"35": [
		0.2234375,
		0.3
	],
	"36": [
		0.05625,
		0.1
	],
	"37": [
		0.1140625,
		0.11388888888888889
	],
	"38": [
		0.28125,
		0.11666666666666667
	],
	"39": [
		0.2234375,
		0.10277777777777777
	],
	"40": [
		0.390625,
		0.8805555555555555
	],
	"41": [
		0.3328125,
		0.8694444444444445
	],
	"42": [
		0.446875,
		0.8916666666666667
	],
	"43": [
		0.3890625,
		0.8805555555555555
	],
	"44": [
		0.725,
		0.9388888888888889
	],
	"45": [
		0.6671875,
		0.9277777777777778
	],
	"46": [
		0.946875,
		0.9833333333333333
	],
	"47": [
		0.8890625,
		0.9722222222222222
	],
	"48": [
		0.225,
		0.10833333333333334
	],
	"49": [
		0.1671875,
		0.11666666666666667
	],
	"50": [
		0.1140625,
		0.8388888888888889
	],
	"51": [
		0.05625,
		0.8305555555555556
	],
	"52": [
		0.225,
		0.8555555555555555
	],
	"53": [
		0.1671875,
		0.8472222222222222
	],
	"54": [
		0.5578125,
		0.9083333333333333
	],
	"55": [
		0.5,
		0.9
	],
	"56": [
		0.66875,
		0.09166666666666666
	],
	"57": [
		0.6125,
		0.06666666666666667
	],
	"58": [
		0.446875,
		0.07222222222222222
	],
	"59": [
		0.3890625,
		0.06666666666666667
	],
	"60": [
		0.0578125,
		0.07777777777777778
	],
	"61": [
		0.0015625,
		0.1
	],
	"62": [
		0.334375,
		0.06111111111111111
	],
	"63": [
		0.390625,
		0.075
	],
	"64": [
		0.16875,
		0.31666666666666665
	],
	"65": [
		0.1125,
		0.3277777777777778
	],
	"66": [
		0.7796875,
		0.95
	],
	"67": [
		0.7234375,
		0.9388888888888889
	],
	"68": [
		0.0578125,
		0.8333333333333334
	],
	"69": [
		0.0015625,
		0.825
	],
	"70": [
		0.16875,
		0.8472222222222222
	],
	"71": [
		0.1125,
		0.8388888888888889
	],
	"72": [
		0.2796875,
		0.8638888888888889
	],
	"73": [
		0.2234375,
		0.8555555555555555
	],
	"74": [
		0.5015625,
		0.8972222222222223
	],
	"75": [
		0.4453125,
		0.8888888888888888
	],
	"76": [
		0.890625,
		0.08888888888888889
	],
	"77": [
		0.834375,
		0.09444444444444444
	],
	"78": [
		0.2765625,
		0.19722222222222222
	],
	"79": [
		0.2234375,
		0.23055555555555557
	],
	"80": [
		0.1140625,
		0.10277777777777777
	],
	"81": [
		0.16875,
		0.11666666666666667
	],
	"82": [
		0.8890625,
		0.9722222222222222
	],
	"83": [
		0.834375,
		0.9611111111111111
	],
	"84": [
		1,
		0.9944444444444445
	],
	"85": [
		0.9453125,
		0.9833333333333333
	],
	"86": [
		0.05,
		0.013888888888888888
	],
	"87": [
		0.034375,
		0.10555555555555556
	],
	"88": [
		0.09375,
		0.025
	],
	"89": [
		0.05625,
		0.08888888888888889
	],
	"90": [
		0.165625,
		0.8805555555555555
	],
	"91": [
		0.1140625,
		0.8916666666666667
	],
	"92": [
		0.496875,
		0.075
	],
	"93": [
		0.4453125,
		0.06666666666666667
	],
	"94": [
		0.034375,
		0.019444444444444445
	],
	"95": [
		0.05625,
		0.1
	],
	"96": [
		0.05,
		0.013888888888888888
	],
	"97": [
		0.0546875,
		0.10277777777777777
	],
	"98": [
		0.3203125,
		0.625
	],
	"99": [
		0.2984375,
		0.6972222222222222
	],
	"100": [
		1,
		0.002777777777777778
	],
	"101": [
		0.9546875,
		0.013888888888888888
	],
	"102": [
		0.16875,
		0.05277777777777778
	],
	"103": [
		0.1234375,
		0.044444444444444446
	],
	"104": [
		0.0578125,
		0.025
	],
	"105": [
		0.0703125,
		0.10277777777777777
	],
	"106": [
		0.5296875,
		0.6
	],
	"107": [
		0.515625,
		0.675
	],
	"108": [
		0.3109375,
		0.03333333333333333
	],
	"109": [
		0.278125,
		0.08611111111111111
	],
	"110": [
		0.09375,
		0.04722222222222222
	],
	"111": [
		0.0609375,
		0.09722222222222222
	],
	"112": [
		0.0546875,
		0.04722222222222222
	],
	"113": [
		0.0859375,
		0.1
	],
	"114": [
		0.5578125,
		0.9472222222222222
	],
	"115": [
		0.515625,
		0.9388888888888889
	],
	"116": [
		0.70625,
		0.07222222222222222
	],
	"117": [
		0.6671875,
		0.09722222222222222
	],
	"118": [
		0.2796875,
		0.23055555555555557
	],
	"119": [
		0.2390625,
		0.21944444444444444
	],
	"120": [
		0.971875,
		0.34444444444444444
	],
	"121": [
		1,
		0.3972222222222222
	],
	"122": [
		0.65625,
		0.9638888888888889
	],
	"123": [
		0.615625,
		0.9555555555555556
	],
	"124": [
		0.7171875,
		0.005555555555555556
	],
	"125": [
		0.6765625,
		0.008333333333333333
	],
	"126": [
		0.09375,
		0.04722222222222222
	],
	"127": [
		0.05625,
		0.07222222222222222
	],
	"128": [
		0.05625,
		0.03888888888888889
	],
	"129": [
		0.09375,
		0.06388888888888888
	],
	"130": [
		0.371875,
		0.05
	],
	"131": [
		0.334375,
		0.075
	],
	"132": [
		0.371875,
		0.1361111111111111
	],
	"133": [
		0.334375,
		0.16111111111111112
	],
	"134": [
		0.7625,
		0.9861111111111112
	],
	"135": [
		0.7234375,
		0.9777777777777777
	],
	"136": [
		0.2625,
		0.8972222222222223
	],
	"137": [
		0.2234375,
		0.8916666666666667
	],
	"138": [
		0.30625,
		0.6333333333333333
	],
	"139": [
		0.3078125,
		0.7027777777777777
	],
	"140": [
		0.4140625,
		0.044444444444444446
	],
	"141": [
		0.4453125,
		0.08333333333333333
	],
	"142": [
		0.2796875,
		0.11388888888888889
	],
	"143": [
		0.24375,
		0.1361111111111111
	],
	"144": [
		0.1546875,
		0.005555555555555556
	],
	"145": [
		0.1265625,
		0.05
	],
	"146": [
		0.446875,
		0.925
	],
	"147": [
		0.409375,
		0.9222222222222223
	],
	"148": [
		0.365625,
		0.40555555555555556
	],
	"149": [
		0.334375,
		0.44166666666666665
	],
	"150": [
		1,
		0.3138888888888889
	],
	"151": [
		0.9703125,
		0.3527777777777778
	],
	"152": [
		0.1671875,
		0.05277777777777778
	],
	"153": [
		0.203125,
		0.06666666666666667
	],
	"154": [
		0.3140625,
		0.11388888888888889
	],
	"155": [
		0.278125,
		0.11388888888888889
	],
	"156": [
		0.16875,
		0.05277777777777778
	],
	"157": [
		0.134375,
		0.06944444444444445
	],
	"158": [
		0.1453125,
		0.016666666666666666
	],
	"159": [
		0.16875,
		0.06388888888888888
	],
	"160": [
		0.5125,
		0.37777777777777777
	],
	"161": [
		0.546875,
		0.39166666666666666
	],
	"162": [
		0.5328125,
		0.34444444444444444
	],
	"163": [
		0.5453125,
		0.4027777777777778
	],
	"164": [
		0.2015625,
		0.05277777777777778
	],
	"165": [
		0.1671875,
		0.06388888888888888
	],
	"166": [
		0.3046875,
		0.6416666666666667
	],
	"167": [
		0.3203125,
		0.6972222222222222
	],
	"168": [
		0.0265625,
		0.04722222222222222
	],
	"169": [
		0.0359375,
		0.10555555555555556
	],
	"170": [
		0.3078125,
		0.03333333333333333
	],
	"171": [
		0.2953125,
		0.08888888888888889
	],
	"172": [
		0.6578125,
		0.39444444444444443
	],
	"173": [
		0.6515625,
		0.4527777777777778
	],
	"174": [
		0.334375,
		0.4166666666666667
	],
	"175": [
		0.3640625,
		0.44166666666666665
	],
	"176": [
		0.0671875,
		0.04722222222222222
	],
	"177": [
		0.0578125,
		0.10277777777777777
	],