{
	"SixYardNorthForwardWest": [
		0.22752808988764045,
		0.6081741858104991
	],
	"SixYardNorthForwardEast": [
		0.6587078651685393,
		0.41922686594704306
	],
	"EighteenYardNorthForwardWest": [
		0.4002808988764045,
		0.8738813543684841
	]
}