{
	"0": [
		0.3041015625,
		0.11840277777777777
	],
	"1": [
		0.288671875,
		0.06145833333333333
	],
	"2": [
		0.4400390625,
		0.1267361111111111
	],
	"3": [
		0.4046875,
		0.11423611111111111
	],
	"4": [
		0.209765625,
		0.049305555555555554
	],
	"5": [
		0.2990234375,
		0.08402777777777778
	],
	"6": [
		0.6244140625,
		0.12777777777777777
	],
	"7": [
		0.29921875,
		0.08611111111111111
	],
	"8": [
		0.29140625,
		0.06944444444444445
	],
	"9": [
		0.087109375,
		0.09583333333333334
	],
	"10": [
		0.3669921875,
		0.12152777777777778
	],
	"11": [
		0.276953125,
		0.09791666666666667
	],
	"12": [
		0.366015625,
		0.12361111111111112
	],
	"13": [
		0.58359375,
		0.13541666666666666
	],
	"14": [
		0.3037109375,
		0.11736111111111111
	],
	"15": [
		0.2509765625,
		0.03958333333333333
	],
	"16": [
		0.301953125,
		0.08333333333333333
	],
	"17": [
		0.4048828125,
		0.11354166666666667
	],
	"18": [
		0.47578125,
		0.11875
	],
	"19": [
		0.47578125,
		0.11875
	],
	"20": [
		0.4044921875,
		0.1125
	],
	"21": [
		0.5498046875,
		0.12986111111111112
	],
	"22": [
		0.5490234375,
		0.12361111111111112
	],
	"23": [
		0.5880859375,
		0.12118055555555556
	],
	"24": [
		0.4400390625,
		0.12569444444444444
	],
	"25": [
		0.2720703125,
		0.10451388888888889
	],
	"26": [
		0.2546875,
		0.04548611111111111
	],
	"27": [
		0.3322265625,
		0.11006944444444444
	],
	"28": [
		0.36640625,
		0.12743055555555555
	],
	"29": [
		0.3322265625,
		0.11423611111111111
	],
	"30": [
		0.47578125,
		0.11875
	],
	"31": [
		0.30234375,
		0.08125
	],
	"32": [
		0.4392578125,
		0.13090277777777778
	],
	"33": [
		0.1068359375,
		0.10208333333333333
	],
	"34": [
		0.1078125,
		0.1
	],
	"35": [
		0.36640625,
		0.13472222222222222
	],
	"36": [
		0.434375,
		0.10798611111111112
	],
	"37": [
		0.2525390625,
		0.042708333333333334
	],
	"38": [
		0.548828125,
		0.121875
	],
	"39": [
		0.2986328125,
		0.13229166666666667
	],
	"40": [
		0.5939453125,
		0.11770833333333333
	],
	"41": [
		0.514453125,
		0.11493055555555555
	],
	"42": [
		0.2966796875,
		0.09409722222222222
	],
	"43": [
		0.5111328125,
		0.13402777777777777
	],
	"44": [
		0.210546875,
		0.04826388888888889
	],
	"45": [
		0.1939453125,
		0.1125
	],
	"46": [
		0.288671875,
		0.06215277777777778
	],
	"47": [
		0.5880859375,
		0.12118055555555556
	],
	"48": [
		0.2962890625,
		0.09375
	],
	"49": [
		0.366015625,
		0.13020833333333334
	],
	"50": [
		0.33203125,
		0.11145833333333334
	],
	"51": [
		0.4392578125,
		0.1326388888888889
	],
	"52": [
		0.5490234375,
		0.121875
	],
	"53": [
		0.5123046875,
		0.12916666666666668
	],
	"54": [
		0.51171875,
		0.12986111111111112
	],
	"55": [
		0.47578125,
		0.11875
	],
	"56": [
		0.3322265625,
		0.11215277777777778
	],
	"57": [
		0.5841796875,
		0.13506944444444444
	],
	"58": [
		0.5123046875,
		0.13020833333333334
	],
	"59": [
		0.36640625,
		0.12708333333333333
	],
	"60": [
		0.4056640625,
		0.11354166666666667
	],
	"61": [
		0.2546875,
		0.043055555555555555
	],
	"62": [
		0.36796875,
		0.12152777777777778
	],
	"63": [
		0.301171875,
		0.08333333333333333
	],
	"64": [
		0.2984375,
		0.13020833333333334
	],
	"65": [
		0.0876953125,
		0.0954861111111111
	],
	"66": [
		0.3021484375,
		0.08194444444444444
	],
	"67": [
		0.5109375,
		0.13368055555555555
	],
	"68": [
		0.5490234375,
		0.12222222222222222
	],
	"69": [
		0.5939453125,
		0.11770833333333333
	],
	"70": [
		0.4587890625,
		0.8642361111111111
	],
	"71": [
		0.366015625,
		0.12604166666666666
	],
	"72": [
		0.5591796875,
		0.8743055555555556
	],
	"73": [
		0.191796875,
		0.11215277777777778
	],
	"74": [
		0.43984375,
		0.13194444444444445
	],
	"75": [
		0.2521484375,
		0.04826388888888889
	],
	"76": [
		0.47578125,
		0.11875
	],
	"77": [
		0.2533203125,
		0.041666666666666664
	],
	"78": [
		0.2720703125,
		0.10451388888888889
	],
	"79": [
		0.4755859375,
		0.1267361111111111
	],
	"80": [
		0.548828125,
		0.12152777777777778
	],
	"81": [
		0.5498046875,
		0.1295138888888889
	],
	"82": [
		0.3041015625,
		0.11840277777777777
	],
	"83": [
		0.1048828125,
		0.09583333333333334
	],
	"84": [
		0.291796875,
		0.06111111111111111
	],
	"85": [
		0.5123046875,
		0.13020833333333334
	],
	"86": [
		0.54375,
		0.8739583333333333
	],
	"87": [
		0.5443359375,
		0.8736111111111111
	],
	"88": [
		0.2890625,
		0.06805555555555555
	],
	"89": [
		0.5447265625,
		0.8743055555555556
	],
	"90": [
		0.4400390625,
		0.1267361111111111
	],
	"91": [
		0.6236328125,
		0.128125
	],
	"92": [
		0.29140625,
		0.09826388888888889
	],
	"93": [
		0.2884765625,
		0.06215277777777778
	],
	"94": [
		0.6169921875,
		0.8819444444444444
	],
	"95": [
		0.2615234375,
		0.11909722222222222
	],
	"96": [
		0.2888671875,
		0.06319444444444444
	],
	"97": [
		0.299609375,
		0.08854166666666667
	],
	"98": [
		0.2998046875,
		0.12048611111111111
	],
	"99": [
		0.4048828125,
		0.11354166666666667
	],
	"100": [
		0.3033203125,
		0.11875
	],
	"101": [
		0.5775390625,
		0.8770833333333333
	],
	"102": [
		0.1275390625,
		0.10694444444444444
	],
	"103": [
		0.4048828125,
		0.11354166666666667
	],
	"104": [
		0.270703125,
		0.10659722222222222
	],
	"105": [
		0.0744140625,
		0.09618055555555556
	],
	"106": [
		0.3001953125,
		0.12013888888888889
	],
	"107": [
		0.4005859375,
		0.12291666666666666
	],
	"108": [
		0.4400390625,
		0.128125
	],
	"109": [
		0.2896484375,
		0.06805555555555555
	],
	"110": [
		0.29921875,
		0.08611111111111111
	],
	"111": [
		0.4849609375,
		0.8670138888888889
	],
	"112": [
		0.0921875,
		0.10798611111111112
	],
	"113": [
		0.623046875,
		0.12638888888888888
	],
	"114": [
		0.10546875,
		0.10416666666666667
	],
	"115": [
		0.4400390625,
		0.128125
	],
	"116": [
		0.5490234375,
		0.12222222222222222
	],
	"117": [
		0.271875,
		0.05173611111111111
	],
	"118": [
		0.476171875,
		0.11875
	],
	"119": [
		0.6244140625,
		0.12430555555555556
	],
	"120": [
		0.2685546875,
		0.10486111111111111
	],
	"121": [
		0.2892578125,
		0.06388888888888888
	],
	"122": [
		0.30234375,
		0.08229166666666667
	],
	"123": [
		0.2525390625,
		0.04201388888888889
	],
	"124": [
		0.298828125,
		0.08888888888888889
	],
	"125": [
		0.47578125,
		0.11805555555555555
	],
	"126": [
		0.106640625,
		0.10277777777777777
	],
	"127": [
		0.3033203125,
		0.11944444444444445
	],
	"128": [
		0.5224609375,
		0.11736111111111111
	],
	"129": [
		0.2740234375,
		0.10625
	],
	"130": [
		0.291796875,
		0.06111111111111111
	],
	"131": [
		0.1048828125,
		0.09583333333333334
	],
	"132": [
		0.189453125,
		0.1125
	],
	"133": [
		0.476171875,
		0.11909722222222222
	],
	"134": [
		0.106640625,
		0.10034722222222223
	],
	"135": [
		0.2982421875,
		0.8451388888888889
	],
	"136": [
		0.0310546875,
		0.8232638888888889
	],
	"137": [
		0.169140625,
		0.8364583333333333
	],
	"138": [
		0.067578125,
		0.28402777777777777
	],
	"139": [
		0.4396484375,
		0.12152777777777778
	],
	"140": [
		0.4052734375,
		0.10625
	],
	"141": [
		0.2552734375,
		0.03784722222222222
	],
	"142": [
		0.5498046875,
		0.12430555555555556
	],
	"143": [
		0.5841796875,
		0.13472222222222222
	],
	"144": [
		0.33203125,
		0.11458333333333333
	],
	"145": [
		0.47578125,
		0.11805555555555555
	],
	"146": [
		0.5482421875,
		0.1232638888888889
	],
	"147": [
		0.2830078125,
		0.06041666666666667
	],
	"148": [
		0.4015625,
		0.11388888888888889
	],
	"149": [
		0.099609375,
		0.8565972222222222
	],
	"150": [
		0.6244140625,
		0.12430555555555556
	],
	"151": [
		0.3322265625,
		0.11041666666666666
	],
	"152": [
		0.306640625,
		0.11493055555555555
	],
	"153": [
		0.2873046875,
		0.06736111111111111
	],
	"154": [
		0.1875,
		0.8614583333333333
	],
	"155": [
		0.194921875,
		0.16666666666666666
	],
	"156": [
		0.47578125,
		0.11805555555555555
	],
	"157": [
		0.304296875,
		0.115625
	],
	"158": [
		0.476171875,
		0.11875
	],
	"159": [
		0.5109375,
		0.13541666666666666
	],
	"160": [
		0.2103515625,
		0.04548611111111111
	],
	"161": [
		0.106640625,
		0.10347222222222222
	],
	"162": [
		0.10546875,
		0.10486111111111111
	],