{
	"0": [
		0.7388671875,
		0.09236111111111112
	],
	"1": [
		0.42421875,
		0.10868055555555556
	],
	"2": [
		0.773046875,
		0.08645833333333333
	],
	"3": [
		0.6626953125,
		0.07395833333333333
	],
	"4": [
		0.5099609375,
		0.06319444444444444
	],
	"5": [
		0.976171875,
		0.10590277777777778
	],
	"6": [
		0.7384765625,
		0.10173611111111111
	],
	"7": [
		0.4296875,
		0.10034722222222223
	],
	"8": [
		0.96953125,
		0.13020833333333334
	],
	"9": [
		0.975,
		0.11458333333333333
	],
	"10": [
		0.7330078125,
		0.11631944444444445
	],
	"11": [
		0.2173828125,
		0.171875
	],
	"12": [
		0.6140625,
		0.05173611111111111
	],
	"13": [
		0.162109375,
		0.19652777777777777
	],
	"14": [
		0.344140625,
		0.12743055555555555
	],
	"15": [
		0.3060546875,
		0.14166666666666666
	],
	"16": [
		0.337109375,
		0.13784722222222223
	],
	"17": [
		0.13984375,
		0.17465277777777777
	],
	"18": [
		0.816015625,
		0.06805555555555555
	],
	"19": [
		0.783203125,
		0.06388888888888888
	],
	"20": [
		0.30078125,
		0.15243055555555557
	],
	"21": [
		0.2828125,
		0.1642361111111111
	],
	"22": [
		0.17265625,
		0.18506944444444445
	],
	"23": [
		0.2802734375,
		0.13402777777777777
	],
	"24": [
		0.2841796875,
		0.1527777777777778
	],
	"25": [
		0.8875,
		0.07777777777777778
	],
	"26": [
		0.13984375,
		0.9163194444444445
	],
	"27": [
		0.72109375,
		0.10694444444444444
	],
	"28": [
		0.965625,
		0.10034722222222223
	],
	"29": [
		0.1408203125,
		0.21354166666666666
	],
	"30": [
		0.1703125,
		0.9239583333333333
	],
	"31": [
		0.4033203125,
		0.12395833333333334
	],
	"32": [
		0.7328125,
		0.10069444444444445
	],
	"33": [
		0.2044921875,
		0.18125
	],
	"34": [
		0.453125,
		0.096875
	],
	"35": [
		0.8875,
		0.07048611111111111
	],
	"36": [
		0.8875,
		0.084375
	],
	"37": [
		0.968359375,
		0.11701388888888889
	],
	"38": [
		0.4076171875,
		0.1076388888888889
	],
	"39": [
		0.290234375,
		0.11770833333333333
	],
	"40": [
		0.64296875,
		0.05451388888888889
	],
	"41": [
		0.140234375,
		0.9170138888888889
	],
	"42": [
		0.1572265625,
		0.16979166666666667
	],
	"43": [
		0.653125,
		0.33645833333333336
	],
	"44": [
		0.7830078125,
		0.07291666666666667
	],
	"45": [
		0.3171875,
		0.14548611111111112
	],
	"46": [
		0.1875,
		0.18958333333333333
	],
	"47": [
		0.2240234375,
		0.17881944444444445
	],
	"48": [
		0.728125,
		0.08506944444444445
	],
	"49": [
		0.7669921875,
		0.11319444444444444
	],
	"50": [
		0.2830078125,
		0.14027777777777778
	],
	"51": [
		0.653125,
		0.36319444444444443
	],
	"52": [
		0.951953125,
		0.1361111111111111
	],
	"53": [
		0.3220703125,
		0.9565972222222222
	],
	"54": [
		0.1837890625,
		0.5770833333333333
	],
	"55": [
		0.0197265625,
		0.8965277777777778
	],
	"56": [
		0.653125,
		0.33611111111111114
	],
	"57": [
		0.466796875,
		0.08611111111111111
	],
	"58": [
		0.1919921875,
		0.19236111111111112
	],
	"59": [
		0.2884765625,
		0.13090277777777778
	],
	"60": [
		0.6529296875,
		0.3371527777777778
	],
	"61": [
		0.0228515625,
		0.8951388888888889
	],
	"62": [
		0.687109375,
		0.07152777777777777
	],
	"63": [
		0.755078125,
		0.22395833333333334
	],
	"64": [
		0.2185546875,
		0.18819444444444444
	],
	"65": [
		0.1505859375,
		0.17291666666666666
	],
	"66": [
		0.7361328125,
		0.08923611111111111
	],
	"67": [
		0.4107421875,
		0.11736111111111111
	],
	"68": [
		0.1451171875,
		0.19722222222222222
	],
	"69": [
		0.225,
		0.184375
	],
	"70": [
		0.1958984375,
		0.178125
	],
	"71": [
		0.2884765625,
		0.1597222222222222
	],
	"72": [
		0.4724609375,
		0.1
	],
	"73": [
		0.15078125,
		0.2076388888888889
	],
	"74": [
		0.6576171875,
		0.35659722222222223
	],
	"75": [
		0.328125,
		0.13541666666666666
	],
	"76": [
		0.7150390625,
		0.09097222222222222
	],
	"77": [
		0.203125,
		0.18854166666666666
	],
	"78": [
		0.1765625,
		0.5826388888888889
	],
	"79": [
		0.14609375,
		0.1829861111111111
	],
	"80": [
		0.2251953125,
		0.17083333333333334
	],
	"81": [
		0.4361328125,
		0.10381944444444445
	],
	"82": [
		0.7423828125,
		0.10590277777777778
	],
	"83": [
		0.6419921875,
		0.06319444444444444
	],
	"84": [
		0.2712890625,
		0.9447916666666667
	],
	"85": [
		0.7072265625,
		0.06215277777777778
	],
	"86": [
		0.9775390625,
		0.12083333333333333
	],
	"87": [
		0.72421875,
		0.09444444444444444
	],
	"88": [
		0.815625,
		0.07395833333333333
	],
	"89": [
		0.723046875,
		0.08923611111111111
	],
	"90": [
		0.3248046875,
		0.146875
	],
	"91": [
		0.71953125,
		0.0798611111111111
	],
	"92": [
		0.446875,
		0.09375
	],
	"93": [
		0.960546875,
		0.10243055555555555
	],
	"94": [
		0.6572265625,
		0.3503472222222222
	],
	"95": [
		0.534375,
		0.06597222222222222
	],
	"96": [
		0.4494140625,
		0.10381944444444445
	],
	"97": [
		0.766796875,
		0.10833333333333334
	],
	"98": [
		0.6279296875,
		0.30833333333333335
	],
	"99": [
		0.4666015625,
		0.10069444444444445
	],
	"100": [
		0.180859375,
		0.19930555555555557
	],
	"101": [
		0.3322265625,
		0.14375
	],
	"102": [
		0.47265625,
		0.08611111111111111
	],
	"103": [
		0.294921875,
		0.12881944444444443
	],
	"104": [
		0.12109375,
		0.27847222222222223
	],
	"105": [
		0.43984375,
		0.10659722222222222
	],
	"106": [
		0.2169921875,
		0.18472222222222223
	],
	"107": [
		0.7609375,
		0.11631944444444445
	],
	"108": [
		0.1802734375,
		0.18159722222222222
	],
	"109": [
		0.1775390625,
		0.20173611111111112
	],
	"110": [
		0.7470703125,
		0.07916666666666666
	],
	"111": [
		0.6142578125,
		0.05659722222222222
	],
	"112": [
		0.6771484375,
		0.06493055555555556
	],
	"113": [
		0.3525390625,
		0.13854166666666667
	],
	"114": [
		0.2251953125,
		0.13854166666666667
	],
	"115": [
		0.173046875,
		0.2
	],
	"116": [
		0.219140625,
		0.184375
	],
	"117": [
		0.2109375,
		0.18958333333333333
	],
	"118": [
		0.316796875,
		0.15138888888888888
	],
	"119": [
		0.734375,
		0.09791666666666667
	],
	"120": [
		0.71796875,
		0.11006944444444444
	],
	"121": [
		0.9671875,
		0.090625
	],
	"122": [
		0.3400390625,
		0.265625
	],
	"123": [
		0.465625,
		0.08229166666666667
	],
	"124": [
		0.1658203125,
		0.20243055555555556
	],
	"125": [
		0.353515625,
		0.12569444444444444
	],
	"126": [
		0.4337890625,
		0.4215277777777778
	],
	"127": [
		0.9521484375,
		0.11527777777777778
	],
	"128": [
		0.182421875,
		0.17326388888888888
	],
	"129": [
		0.9708984375,
		0.10416666666666667
	],
	"130": [
		0.0345703125,
		0.5659722222222222
	],
	"131": [
		0.951953125,
		0.10972222222222222
	],
	"132": [
		0.7634765625,
		0.11145833333333334
	],
	"133": [
		0.55625,
		0.09930555555555555
	],
	"134": [
		0.7654296875,
		0.10381944444444445
	],
	"135": [
		0.2140625,
		0.16284722222222223
	],
	"136": [
		0.428125,
		0.11145833333333334
	],
	"137": [
		0.1716796875,
		0.17569444444444443
	],
	"138": [
		0.7431640625,
		0.11527777777777778
	],
	"139": [
		0.22734375,
		0.5486111111111112
	],
	"140": [
		0.634765625,
		0.05277777777777778
	],
	"141": [
		0.3021484375,
		0.15763888888888888
	],
	"142": [
		0.3408203125,
		0.12118055555555556
	],
	"143": [
		0.588671875,
		0.05694444444444444
	],
	"144": [
		0.4265625,
		0.11458333333333333
	],
	"145": [
		0.2216796875,
		0.159375
	],
	"146": [
		0.81640625,
		0.071875
	],
	"147": [
		0.4279296875,
		0.09166666666666666
	],
	"148": [
		0.054296875,
		0.39791666666666664
	],
	"149": [
		0.9609375,
		0.1232638888888889
	],
	"150": [
		0.975,
		0.12291666666666666
	],
	"151": [
		0.979296875,
		0.12881944444444443
	],
	"152": [
		0.3484375,
		0.1423611111111111
	],
	"153": [
		0.969140625,
		0.11701388888888889
	],
	"154": [
		0.91953125,
		0.08125
	],
	"155": [
		0.2216796875,
		0.16631944444444444
	],
	"156": [
		0.1875,
		0.1736111111111111
	],
	"157": [
		0.3029296875,
		0.13541666666666666
	],
	"158": [
		0.7552734375,
		0.109375
	],
	"159": [
		0.3458984375,
		0.14201388888888888
	],
	"160": [
		0.6130859375,
		0.05763888888888889
	],
	"161": [
		0.5171875,
		0.06840277777777778
	],
	"162": [
		0.418359375,
		0.43333333333333335
	],
	"163": [
		0.7322265625,
		0.09756944444444444
	],