{
	"CornerNorthWest": [
		0.18117977528089887,
		0.21979310633664195
	],
	"CornerNorthEast": [
		0.7865168539325843,
		0.18762826150688947
	],
	"CornerSouthEast": [
		0.8019662921348315,
		0.8657704066675043
	],
	"CornerSouthWest": [
		0.175561797752809,
		0.8818528290823805
	]
}