{
	"SixYardNorthRearEast": [
		0.1502808988764045,
		0.23025656148628723
	],
	"PenaltySpotNorth": [
		0.32162921348314605,
		0.3661456797404895
	]
}