{
	"CornerNorthWest": [
		0.19662921348314608,
		0.7156677974619927
	],
	"CornerNorthEast": [
		0.25842696629213485,
		0.3779369267495917
	],
	"CornerSouthEast": [
		0.46662073676690247,
		0.1243167484516475
	],
	"CornerSouthWest": [
		0.6882022471910112,
		0.7290698161410563
	]
}