{
	"0": [
		0.7498046875,
		0.08923611111111111
	],
	"1": [
		0.43046875,
		0.10590277777777778
	],
	"2": [
		0.7849609375,
		0.08229166666666667
	],
	"3": [
		0.67265625,
		0.07013888888888889
	],
	"4": [
		0.51796875,
		0.059027777777777776
	],
	"5": [
		0.74921875,
		0.09861111111111111
	],
	"6": [
		0.436328125,
		0.09722222222222222
	],
	"7": [
		0.74453125,
		0.1125
	],
	"8": [
		0.2205078125,
		0.17048611111111112
	],
	"9": [
		0.623828125,
		0.04791666666666667
	],
	"10": [
		0.1642578125,
		0.1951388888888889
	],
	"11": [
		0.34921875,
		0.125
	],
	"12": [
		0.3099609375,
		0.13958333333333334
	],
	"13": [
		0.3421875,
		0.13506944444444444
	],
	"14": [
		0.1416015625,
		0.17291666666666666
	],
	"15": [
		0.8296875,
		0.06458333333333334
	],
	"16": [
		0.7955078125,
		0.059722222222222225
	],
	"17": [
		0.304296875,
		0.15069444444444444
	],
	"18": [
		0.28671875,
		0.16284722222222223
	],
	"19": [
		0.174609375,
		0.1840277777777778
	],
	"20": [
		0.2833984375,
		0.1326388888888889
	],
	"21": [
		0.2876953125,
		0.15104166666666666
	],
	"22": [
		0.90234375,
		0.07430555555555556
	],
	"23": [
		0.1439453125,
		0.925
	],
	"24": [
		0.731640625,
		0.10347222222222222
	],
	"25": [
		0.98203125,
		0.09618055555555556
	],
	"26": [
		0.14296875,
		0.21215277777777777
	],
	"27": [
		0.16953125,
		0.9315972222222222
	],
	"28": [
		0.408984375,
		0.12222222222222222
	],
	"29": [
		0.744140625,
		0.09722222222222222
	],
	"30": [
		0.206640625,
		0.1798611111111111
	],
	"31": [
		0.4599609375,
		0.09340277777777778
	],
	"32": [
		0.902734375,
		0.06666666666666667
	],
	"33": [
		0.9025390625,
		0.08055555555555556
	],
	"34": [
		0.4126953125,
		0.10486111111111111
	],
	"35": [
		0.2935546875,
		0.11597222222222223
	],
	"36": [
		0.6529296875,
		0.050347222222222224
	],
	"37": [
		0.1427734375,
		0.925
	],
	"38": [
		0.1595703125,
		0.1684027777777778
	],
	"39": [
		0.6646484375,
		0.33784722222222224
	],
	"40": [
		0.7951171875,
		0.06875
	],
	"41": [
		0.322265625,
		0.14340277777777777
	],
	"42": [
		0.190234375,
		0.18819444444444444
	],
	"43": [
		0.2267578125,
		0.17743055555555556
	],
	"44": [
		0.7392578125,
		0.08159722222222222
	],
	"45": [
		0.7791015625,
		0.11006944444444444
	],
	"46": [
		0.2875,
		0.13819444444444445
	],
	"47": [
		0.6646484375,
		0.3625
	],
	"48": [
		0.96875,
		0.13333333333333333
	],
	"49": [
		0.3173828125,
		0.9631944444444445
	],
	"50": [
		0.1853515625,
		0.5809027777777778
	],
	"51": [
		0.020703125,
		0.9041666666666667
	],
	"52": [
		0.6646484375,
		0.3375
	],
	"53": [
		0.47421875,
		0.08298611111111111
	],
	"54": [
		0.194921875,
		0.1909722222222222
	],
	"55": [
		0.2919921875,
		0.12916666666666668
	],
	"56": [
		0.664453125,
		0.3388888888888889
	],
	"57": [
		0.025,
		0.9027777777777778
	],
	"58": [
		0.69765625,
		0.06701388888888889
	],
	"59": [
		0.76796875,
		0.22256944444444443
	],
	"60": [
		0.2216796875,
		0.18680555555555556
	],
	"61": [
		0.1521484375,
		0.171875
	],
	"62": [
		0.748046875,
		0.08576388888888889
	],
	"63": [
		0.4158203125,
		0.11458333333333333
	],
	"64": [
		0.1466796875,
		0.19618055555555555
	],
	"65": [
		0.228125,
		0.18263888888888888
	],
	"66": [
		0.1984375,
		0.17673611111111112
	],
	"67": [
		0.2919921875,
		0.15763888888888888
	],
	"68": [
		0.4798828125,
		0.096875
	],
	"69": [
		0.15234375,
		0.2065972222222222
	],
	"70": [
		0.66796875,
		0.35694444444444445
	],
	"71": [
		0.33359375,
		0.1326388888888889
	],
	"72": [
		0.7255859375,
		0.08784722222222222
	],
	"73": [
		0.2056640625,
		0.18715277777777778
	],
	"74": [
		0.1796875,
		0.5854166666666667
	],
	"75": [
		0.1478515625,
		0.18159722222222222
	],
	"76": [
		0.2283203125,
		0.16909722222222223
	],
	"77": [
		0.4423828125,
		0.10104166666666667
	],
	"78": [
		0.7533203125,
		0.103125
	],
	"79": [
		0.6525390625,
		0.059027777777777776
	],
	"80": [
		0.283984375,
		0.9552083333333333
	],
	"81": [
		0.7193359375,
		0.05763888888888889
	],
	"82": [
		0.7353515625,
		0.09097222222222222
	],
	"83": [
		0.8291015625,
		0.07083333333333333
	],
	"84": [
		0.734375,
		0.08645833333333333
	],
	"85": [
		0.330078125,
		0.14444444444444443
	],
	"86": [
		0.7302734375,
		0.0763888888888889
	],
	"87": [
		0.4541015625,
		0.090625
	],
	"88": [
		0.9771484375,
		0.09861111111111111
	],
	"89": [
		0.667578125,
		0.35104166666666664
	],
	"90": [
		0.5421875,
		0.06284722222222222
	],
	"91": [
		0.455859375,
		0.10069444444444445
	],
	"92": [
		0.779296875,
		0.10520833333333333
	],
	"93": [
		0.638671875,
		0.30833333333333335
	],
	"94": [
		0.47421875,
		0.09756944444444444
	],
	"95": [
		0.1830078125,
		0.19791666666666666
	],
	"96": [
		0.3376953125,
		0.14166666666666666
	],
	"97": [
		0.480078125,
		0.08298611111111111
	],
	"98": [
		0.298828125,
		0.1267361111111111
	],
	"99": [
		0.123046875,
		0.2777777777777778
	],
	"100": [
		0.445703125,
		0.10381944444444445
	],
	"101": [
		0.2203125,
		0.1829861111111111
	],
	"102": [
		0.7732421875,
		0.11319444444444444
	],
	"103": [
		0.1826171875,
		0.18055555555555555
	],
	"104": [
		0.1798828125,
		0.20034722222222223
	],
	"105": [
		0.75859375,
		0.07604166666666666
	],
	"106": [
		0.62421875,
		0.05277777777777778
	],
	"107": [
		0.687890625,
		0.06076388888888889
	],
	"108": [
		0.357421875,
		0.13645833333333332
	],
	"109": [
		0.2283203125,
		0.13576388888888888
	],
	"110": [
		0.175390625,
		0.19895833333333332
	],
	"111": [
		0.222265625,
		0.1829861111111111
	],
	"112": [
		0.2140625,
		0.18784722222222222
	],
	"113": [
		0.3216796875,
		0.14895833333333333
	],
	"114": [
		0.7451171875,
		0.09479166666666666
	],
	"115": [
		0.729296875,
		0.10659722222222222
	],
	"116": [
		0.344140625,
		0.26493055555555556
	],
	"117": [
		0.4732421875,
		0.07881944444444444
	],
	"118": [
		0.1677734375,
		0.20104166666666667
	],
	"119": [
		0.358203125,
		0.12361111111111112
	],
	"120": [
		0.440234375,
		0.4232638888888889
	],
	"121": [
		0.968359375,
		0.11319444444444444
	],
	"122": [
		0.1849609375,
		0.171875
	],
	"123": [
		0.03125,
		0.5684027777777778
	],
	"124": [
		0.9681640625,
		0.10833333333333334
	],
	"125": [
		0.776171875,
		0.10798611111111112
	],
	"126": [
		0.56484375,
		0.09618055555555556
	],
	"127": [
		0.7783203125,
		0.10034722222222223
	],
	"128": [
		0.2173828125,
		0.16111111111111112
	],
	"129": [
		0.4345703125,
		0.10868055555555556
	],
	"130": [
		0.1736328125,
		0.17430555555555555
	],
	"131": [
		0.7537109375,
		0.1125
	],
	"132": [
		0.228515625,
		0.553125
	],
	"133": [
		0.644921875,
		0.04861111111111111
	],
	"134": [
		0.3056640625,
		0.15555555555555556
	],
	"135": [
		0.3455078125,
		0.11875
	],
	"136": [
		0.59765625,
		0.053125
	],
	"137": [
		0.4326171875,
		0.11180555555555556
	],
	"138": [
		0.2248046875,
		0.15729166666666666
	],
	"139": [
		0.8298828125,
		0.06875
	],
	"140": [
		0.4341796875,
		0.08888888888888889
	],
	"141": [
		0.0572265625,
		0.39826388888888886
	],
	"142": [
		0.97734375,
		0.11875
	],
	"143": [
		0.353125,
		0.13993055555555556
	],
	"144": [
		0.935546875,
		0.078125
	],
	"145": [
		0.2248046875,
		0.1642361111111111
	],
	"146": [
		0.1900390625,
		0.17222222222222222
	],
	"147": [
		0.3068359375,
		0.13402777777777777
	],
	"148": [
		0.7666015625,
		0.10694444444444444
	],
	"149": [
		0.35078125,
		0.13923611111111112
	],
	"150": [
		0.6234375,
		0.05381944444444445
	],
	"151": [
		0.5251953125,
		0.06493055555555556
	],
	"152": [
		0.4248046875,
		0.43472222222222223
	],
	"153": [
		0.7439453125,
		0.09375
	],
	"154": [
		0.7416015625,
		0.075
	],
	"155": [
		0.3533203125,
		0.11736111111111111
	],
	"156": [
		0.56953125,
		0.05694444444444444
	],
	"157": [
		0.31796875,
		0.13229166666666667
	],
	"158": [
		0.480078125,
		0.07465277777777778
	],
	"159": [
		0.9689453125,
		0.12152777777777778
	],
	"160": [
		0.0763671875,
		0.3902777777777778
	],
	"161": [
		0.858203125,
		0.05659722222222222
	],
	"162": [
		0.301953125,
		0.11840277777777777
	],
	"163": [
		0.7501953125,
		0.10694444444444444
	],