{
	"0": [
		0.3994140625,
		0.07881944444444444
	],
	"1": [
		0.2966796875,
		0.06354166666666666
	],
	"2": [
		0.553515625,
		0.08819444444444445
	],
	"3": [
		0.513671875,
		0.07569444444444444
	],
	"4": [
		0.224609375,
		0.04722222222222222
	],
	"5": [
		0.325390625,
		0.07291666666666667
	],
	"6": [
		0.754296875,
		0.0954861111111111
	],
	"7": [
		0.3236328125,
		0.07430555555555556
	],
	"8": [
		0.30234375,
		0.06770833333333333
	],
	"9": [
		0.0904296875,
		0.09479166666666666
	],
	"10": [
		0.4740234375,
		0.08194444444444444
	],
	"11": [
		0.295703125,
		0.09479166666666666
	],
	"12": [
		0.4736328125,
		0.08784722222222222
	],
	"13": [
		0.71484375,
		0.10381944444444445
	],
	"14": [
		0.397265625,
		0.07569444444444444
	],
	"15": [
		0.2626953125,
		0.03819444444444445
	],
	"16": [
		0.3576171875,
		0.0763888888888889
	],
	"17": [
		0.5130859375,
		0.07291666666666667
	],
	"18": [
		0.5921875,
		0.08402777777777778
	],
	"19": [
		0.5921875,
		0.08402777777777778
	],
	"20": [
		0.5134765625,
		0.07291666666666667
	],
	"21": [
		0.6642578125,
		0.09479166666666666
	],
	"22": [
		0.67421875,
		0.090625
	],
	"23": [
		0.720703125,
		0.08576388888888889
	],
	"24": [
		0.5537109375,
		0.08368055555555555
	],
	"25": [
		0.2884765625,
		0.10069444444444445
	],
	"26": [
		0.2578125,
		0.04652777777777778
	],
	"27": [
		0.4357421875,
		0.07465277777777778
	],
	"28": [
		0.4716796875,
		0.09340277777777778
	],
	"29": [
		0.4349609375,
		0.08020833333333334
	],
	"30": [
		0.5921875,
		0.08263888888888889
	],
	"31": [
		0.36015625,
		0.06840277777777778
	],
	"32": [
		0.5525390625,
		0.09444444444444444
	],
	"33": [
		0.1083984375,
		0.10243055555555555
	],
	"34": [
		0.1091796875,
		0.10034722222222223
	],
	"35": [
		0.472265625,
		0.09930555555555555
	],
	"36": [
		0.5427734375,
		0.06909722222222223
	],
	"37": [
		0.262109375,
		0.041666666666666664
	],
	"38": [
		0.6736328125,
		0.08854166666666667
	],
	"39": [
		0.3958984375,
		0.0954861111111111
	],
	"40": [
		0.7234375,
		0.08680555555555555
	],
	"41": [
		0.6373046875,
		0.07847222222222222
	],
	"42": [
		0.322265625,
		0.08333333333333333
	],
	"43": [
		0.633984375,
		0.1
	],
	"44": [
		0.22734375,
		0.04618055555555556
	],
	"45": [
		0.228125,
		0.10833333333333334
	],
	"46": [
		0.296484375,
		0.06388888888888888
	],
	"47": [
		0.029296875,
		0.08958333333333333
	],
	"48": [
		0.720703125,
		0.08576388888888889
	],
	"49": [
		0.320703125,
		0.08368055555555555
	],
	"50": [
		0.4712890625,
		0.0954861111111111
	],
	"51": [
		0.4357421875,
		0.07430555555555556
	],
	"52": [
		0.5529296875,
		0.096875
	],
	"53": [
		0.673828125,
		0.08854166666666667
	],
	"54": [
		0.6328125,
		0.08888888888888889
	],
	"55": [
		0.63359375,
		0.09131944444444444
	],
	"56": [
		0.5921875,
		0.08402777777777778
	],
	"57": [
		0.4357421875,
		0.07916666666666666
	],
	"58": [
		0.7140625,
		0.10347222222222222
	],
	"59": [
		0.6328125,
		0.09305555555555556
	],
	"60": [
		0.4734375,
		0.09166666666666666
	],
	"61": [
		0.5134765625,
		0.07361111111111111
	],
	"62": [
		0.2595703125,
		0.044097222222222225
	],
	"63": [
		0.474609375,
		0.08263888888888889
	],
	"64": [
		0.3501953125,
		0.07048611111111111
	],
	"65": [
		0.3966796875,
		0.09236111111111112
	],
	"66": [
		0.0912109375,
		0.09444444444444444
	],
	"67": [
		0.3595703125,
		0.06840277777777778
	],
	"68": [
		0.6326171875,
		0.09895833333333333
	],
	"69": [
		0.673828125,
		0.08888888888888889
	],
	"70": [
		0.7234375,
		0.08680555555555555
	],
	"71": [
		0.5689453125,
		0.8944444444444445
	],
	"72": [
		0.47265625,
		0.09131944444444444
	],
	"73": [
		0.671875,
		0.9090277777777778
	],
	"74": [
		0.20859375,
		0.10555555555555556
	],
	"75": [
		0.55390625,
		0.096875
	],
	"76": [
		0.255859375,
		0.049652777777777775
	],
	"77": [
		0.5923828125,
		0.08298611111111111
	],
	"78": [
		0.2591796875,
		0.04131944444444444
	],
	"79": [
		0.297265625,
		0.10034722222222223
	],
	"80": [
		0.5857421875,
		0.09409722222222222
	],
	"81": [
		0.6744140625,
		0.08888888888888889
	],
	"82": [
		0.6673828125,
		0.09826388888888889
	],
	"83": [
		0.3994140625,
		0.07847222222222222
	],
	"84": [
		0.1078125,
		0.09618055555555556
	],
	"85": [
		0.303125,
		0.06076388888888889
	],
	"86": [
		0.068359375,
		0.83125
	],
	"87": [
		0.6328125,
		0.09305555555555556
	],
	"88": [
		0.666015625,
		0.9114583333333334
	],
	"89": [
		0.650390625,
		0.9079861111111112
	],
	"90": [
		0.297265625,
		0.06840277777777778
	],
	"91": [
		0.656640625,
		0.9104166666666667
	],
	"92": [
		0.55390625,
		0.08923611111111111
	],
	"93": [
		0.75546875,
		0.09513888888888888
	],
	"94": [
		0.321484375,
		0.08541666666666667
	],
	"95": [
		0.29609375,
		0.06354166666666666
	],
	"96": [
		0.7359375,
		0.921875
	],
	"97": [
		0.2873046875,
		0.10243055555555555
	],
	"98": [
		0.296875,
		0.06527777777777778
	],
	"99": [
		0.32265625,
		0.07881944444444444
	],
	"100": [
		0.3962890625,
		0.084375
	],
	"101": [
		0.023828125,
		0.08923611111111111
	],
	"102": [
		0.513671875,
		0.07361111111111111
	],
	"103": [
		0.39765625,
		0.08055555555555556
	],
	"104": [
		0.7150390625,
		0.9180555555555555
	],
	"105": [
		0.1427734375,
		0.10451388888888889
	],
	"106": [
		0.513671875,
		0.07395833333333333
	],
	"107": [
		0.289453125,
		0.10138888888888889
	],
	"108": [
		0.0814453125,
		0.0954861111111111
	],
	"109": [
		0.3974609375,
		0.08333333333333333
	],
	"110": [
		0.5015625,
		0.08819444444444445
	],
	"111": [
		0.0689453125,
		0.8309027777777778
	],
	"112": [
		0.553515625,
		0.09131944444444444
	],
	"113": [
		0.2970703125,
		0.06840277777777778
	],
	"114": [
		0.323828125,
		0.07395833333333333
	],
	"115": [
		0.599609375,
		0.9006944444444445
	],
	"116": [
		0.0953125,
		0.10208333333333333
	],
	"117": [
		0.7439453125,
		0.08680555555555555
	],
	"118": [
		0.1078125,
		0.10347222222222222
	],
	"119": [
		0.553515625,
		0.09131944444444444
	],
	"120": [
		0.673046875,
		0.08854166666666667
	],
	"121": [
		0.2767578125,
		0.05277777777777778
	],
	"122": [
		0.5921875,
		0.08298611111111111
	],
	"123": [
		0.7560546875,
		0.09097222222222222
	],
	"124": [
		0.294921875,
		0.10138888888888889
	],
	"125": [
		0.297265625,
		0.06527777777777778
	],
	"126": [
		0.36015625,
		0.07013888888888889
	],
	"127": [
		0.2599609375,
		0.04131944444444444
	],
	"128": [
		0.3232421875,
		0.07708333333333334
	],
	"129": [
		0.5921875,
		0.08576388888888889
	],
	"130": [
		0.051953125,
		0.8274305555555556
	],
	"131": [
		0.10859375,
		0.103125
	],
	"132": [
		0.399609375,
		0.08472222222222223
	],
	"133": [
		0.642578125,
		0.08368055555555555
	],
	"134": [
		0.0228515625,
		0.08680555555555555
	],
	"135": [
		0.2896484375,
		0.10069444444444445
	],
	"136": [
		0.303125,
		0.06076388888888889
	],
	"137": [
		0.06796875,
		0.83125
	],
	"138": [
		0.1078125,
		0.09618055555555556
	],
	"139": [
		0.2091796875,
		0.10694444444444444
	],
	"140": [
		0.5919921875,
		0.08263888888888889
	],
	"141": [
		0.108203125,
		0.10069444444444445
	],
	"142": [
		0.3845703125,
		0.8677083333333333
	],
	"143": [
		0.1029296875,
		0.8354166666666667
	],
	"144": [
		0.261328125,
		0.8548611111111111
	],
	"145": [
		0.1521484375,
		0.26006944444444446
	],
	"146": [
		0.555859375,
		0.0798611111111111
	],
	"147": [
		0.513671875,
		0.06840277777777778
	],
	"148": [
		0.267578125,
		0.03854166666666667
	],
	"149": [
		0.67421875,
		0.09097222222222222
	],
	"150": [
		0.7140625,
		0.103125
	],
	"151": [
		0.4349609375,
		0.0798611111111111
	],
	"152": [
		0.5923828125,
		0.08611111111111111
	],
	"153": [
		0.66484375,
		0.08541666666666667
	],
	"154": [
		0.287109375,
		0.06076388888888889
	],
	"155": [
		0.02265625,
		0.08854166666666667
	],
	"156": [
		0.5025390625,
		0.07777777777777778
	],
	"157": [
		0.1814453125,
		0.8756944444444444
	],
	"158": [
		0.7556640625,
		0.08993055555555556
	],
	"159": [
		0.4357421875,
		0.07743055555555556
	],
	"160": [
		0.399609375,
		0.07256944444444445
	],