{
	"PenaltySpotNorth": [
		0.08521752490205618,
		0.32456140350877194
	],
	"SixYardNorthForwardEast": [
		0.07186784803301931,
		0.25940140316965504
	],
	"EighteenYardNorthRearEast": [
		0.0901339205694825,
		0.19005847953216373
	],
	"EighteenYardNorthForwardEast": [
		0.3922292041883943,
		0.2215298601956135
	],
	"PenaltyCircleNorthWest": [
		0.1288023077882618,
		0.39166785749487354
	],
	"PenaltyCircleNorthEast": [
		0.28928396639820375,
		0.28900805203691593
	],
	"CornerNorthEast": [
		0.2021785990383535,
		0.14743533192430086
	]
}