{
	"CornerNorthWest": [
		0.48735955056179775,
		0.5387611508983541
	],
	"CornerNorthEast": [
		0.6154949784791965,
		0.5508264108932088
	],
	"CornerSouthWest": [
		0.476123595505618,
		0.7289543547143958
	],
	"CornerSouthEast": [
		0.6207865168539326,
		0.7505130460275579
	]
}