{
	"CornerNorthWest": [
		0.15168539325842698,
		0.18226745403526406
	],
	"CornerNorthEast": [
		0.7682584269662921,
		0.10989655316832098
	],
	"CornerSouthEast": [
		0.7780898876404494,
		0.8764920216107551
	],
	"CornerSouthWest": [
		0.15308988764044945,
		0.8470075805168154
	]
}