{
	"0": [
		0.117578125,
		0.18090277777777777
	],
	"1": [
		0.2875,
		0.06180555555555556
	],
	"2": [
		0.2400390625,
		0.19791666666666666
	],
	"3": [
		0.1890625,
		0.19652777777777777
	],
	"4": [
		0.20859375,
		0.050694444444444445
	],
	"5": [
		0.291796875,
		0.08715277777777777
	],
	"6": [
		0.390625,
		0.20277777777777778
	],
	"7": [
		0.27265625,
		0.09270833333333334
	],
	"8": [
		0.28984375,
		0.06979166666666667
	],
	"9": [
		0.1625,
		0.19027777777777777
	],
	"10": [
		0.1380859375,
		0.13506944444444444
	],
	"11": [
		0.1625,
		0.1909722222222222
	],
	"12": [
		0.3650390625,
		0.1986111111111111
	],
	"13": [
		0.117578125,
		0.18090277777777777
	],
	"14": [
		0.2400390625,
		0.04513888888888889
	],
	"15": [
		0.2921875,
		0.08680555555555555
	],
	"16": [
		0.1890625,
		0.19652777777777777
	],
	"17": [
		0.2568359375,
		0.1986111111111111
	],
	"18": [
		0.2568359375,
		0.1986111111111111
	],
	"19": [
		0.1892578125,
		0.19652777777777777
	],
	"20": [
		0.3232421875,
		0.19756944444444444
	],
	"21": [
		0.3232421875,
		0.19756944444444444
	],
	"22": [
		0.3650390625,
		0.190625
	],
	"23": [
		0.2404296875,
		0.19618055555555555
	],
	"24": [
		0.110546875,
		0.15520833333333334
	],
	"25": [
		0.253515625,
		0.05138888888888889
	],
	"26": [
		0.1203125,
		0.1829861111111111
	],
	"27": [
		0.1625,
		0.19131944444444443
	],
	"28": [
		0.1203125,
		0.18472222222222223
	],
	"29": [
		0.2568359375,
		0.1986111111111111
	],
	"30": [
		0.2931640625,
		0.08611111111111111
	],
	"31": [
		0.2400390625,
		0.19791666666666666
	],
	"32": [
		0.1630859375,
		0.1954861111111111
	],
	"33": [
		0.2326171875,
		0.18368055555555557
	],
	"34": [
		0.25,
		0.04895833333333333
	],
	"35": [
		0.3232421875,
		0.19756944444444444
	],
	"36": [
		0.09375,
		0.1909722222222222
	],
	"37": [
		0.3779296875,
		0.17847222222222223
	],
	"38": [
		0.2990234375,
		0.1892361111111111
	],
	"39": [
		0.1498046875,
		0.1375
	],
	"40": [
		0.2984375,
		0.19652777777777777
	],
	"41": [
		0.20859375,
		0.050347222222222224
	],
	"42": [
		0.2875,
		0.0625
	],
	"43": [
		0.3650390625,
		0.190625
	],
	"44": [
		0.1607421875,
		0.1267361111111111
	],
	"45": [
		0.1625,
		0.19166666666666668
	],
	"46": [
		0.1203125,
		0.1829861111111111
	],
	"47": [
		0.2404296875,
		0.19826388888888888
	],
	"48": [
		0.3232421875,
		0.19756944444444444
	],
	"49": [
		0.2984375,
		0.19618055555555555
	],
	"50": [
		0.2984375,
		0.19618055555555555
	],
	"51": [
		0.2568359375,
		0.1986111111111111
	],
	"52": [
		0.1203125,
		0.1829861111111111
	],
	"53": [
		0.3650390625,
		0.19826388888888888
	],
	"54": [
		0.2984375,
		0.19618055555555555
	],
	"55": [
		0.1625,
		0.19131944444444443
	],
	"56": [
		0.1890625,
		0.19652777777777777
	],
	"57": [
		0.2525390625,
		0.05
	],
	"58": [
		0.1623046875,
		0.19027777777777777
	],
	"59": [
		0.29453125,
		0.08645833333333333
	],
	"60": [
		0.094921875,
		0.19826388888888888
	],
	"61": [
		0.2931640625,
		0.08680555555555555
	],
	"62": [
		0.2984375,
		0.19756944444444444
	],
	"63": [
		0.3232421875,
		0.19756944444444444
	],
	"64": [
		0.3779296875,
		0.17847222222222223
	],
	"65": [
		0.2529296875,
		0.8642361111111111
	],
	"66": [
		0.1623046875,
		0.19027777777777777
	],
	"67": [
		0.3298828125,
		0.8677083333333333
	],
	"68": [
		0.2404296875,
		0.19826388888888888
	],
	"69": [
		0.2515625,
		0.05277777777777778
	],
	"70": [
		0.2568359375,
		0.1986111111111111
	],
	"71": [
		0.2501953125,
		0.04895833333333333
	],
	"72": [
		0.110546875,
		0.15520833333333334
	],
	"73": [
		0.2568359375,
		0.19826388888888888
	],
	"74": [
		0.3232421875,
		0.19756944444444444
	],
	"75": [
		0.3232421875,
		0.19756944444444444
	],
	"76": [
		0.117578125,
		0.18090277777777777
	],
	"77": [
		0.290625,
		0.06145833333333333
	],
	"78": [
		0.2984375,
		0.19618055555555555
	],
	"79": [
		0.3279296875,
		0.8673611111111111
	],
	"80": [
		0.3279296875,
		0.8673611111111111
	],
	"81": [
		0.2873046875,
		0.06875
	],
	"82": [
		0.3279296875,
		0.8666666666666667
	],
	"83": [
		0.2400390625,
		0.19791666666666666
	],
	"84": [
		0.390625,
		0.20277777777777778
	],
	"85": [
		0.1123046875,
		0.15763888888888888
	],
	"86": [
		0.2873046875,
		0.0625
	],
	"87": [
		0.396484375,
		0.86875
	],
	"88": [
		0.0697265625,
		0.15347222222222223
	],
	"89": [
		0.2876953125,
		0.06354166666666666
	],
	"90": [
		0.226953125,
		0.10277777777777777
	],
	"91": [
		0.1134765625,
		0.184375
	],
	"92": [
		0.1890625,
		0.19652777777777777
	],
	"93": [
		0.116015625,
		0.18090277777777777
	],
	"94": [
		0.360546875,
		0.8680555555555556
	],
	"95": [
		0.1890625,
		0.19652777777777777
	],
	"96": [
		0.1048828125,
		0.16180555555555556
	],
	"97": [
		0.1134765625,
		0.1840277777777778
	],
	"98": [
		0.1890625,
		0.19652777777777777
	],
	"99": [
		0.2400390625,
		0.19791666666666666
	],
	"100": [
		0.2880859375,
		0.06875
	],
	"101": [
		0.27265625,
		0.09270833333333334
	],
	"102": [
		0.25859375,
		0.8677083333333333
	],
	"103": [
		0.390625,
		0.20347222222222222
	],
	"104": [
		0.2400390625,
		0.19791666666666666
	],
	"105": [
		0.3232421875,
		0.19756944444444444
	],
	"106": [
		0.2703125,
		0.052083333333333336
	],
	"107": [
		0.2568359375,
		0.1986111111111111
	],
	"108": [
		0.390625,
		0.20347222222222222
	],
	"109": [
		0.1115234375,
		0.14895833333333333
	],
	"110": [
		0.2880859375,
		0.0642361111111111
	],
	"111": [
		0.292578125,
		0.08715277777777777
	],
	"112": [
		0.24921875,
		0.04826388888888889
	],
	"113": [
		0.2408203125,
		0.09722222222222222
	],
	"114": [
		0.2568359375,
		0.1986111111111111
	],
	"115": [
		0.11640625,
		0.18020833333333333
	],
	"116": [
		0.309765625,
		0.1798611111111111
	],
	"117": [
		0.10625,
		0.15590277777777778
	],
	"118": [
		0.290625,
		0.06145833333333333
	],
	"119": [
		0.2568359375,
		0.1986111111111111
	],
	"120": [
		0.1228515625,
		0.8576388888888888
	],
	"121": [
		0.240234375,
		0.19305555555555556
	],
	"122": [
		0.1890625,
		0.19652777777777777
	],
	"123": [
		0.24609375,
		0.04652777777777778
	],
	"124": [
		0.3232421875,
		0.19756944444444444
	],
	"125": [
		0.3650390625,
		0.19756944444444444
	],
	"126": [
		0.1203125,
		0.18541666666666667
	],
	"127": [
		0.2568359375,
		0.1986111111111111
	],
	"128": [
		0.3232421875,
		0.19756944444444444
	],
	"129": [
		0.2828125,
		0.06041666666666667
	],
	"130": [
		0.1890625,
		0.196875
	],
	"131": [
		0.390625,
		0.20347222222222222
	],
	"132": [
		0.1203125,
		0.1829861111111111
	],
	"133": [
		0.1203125,
		0.1875
	],
	"134": [
		0.2861328125,
		0.06805555555555555
	],
	"135": [
		0.2568359375,
		0.1986111111111111
	],
	"136": [
		0.117578125,
		0.18090277777777777
	],
	"137": [
		0.2568359375,
		0.1986111111111111
	],
	"138": [
		0.2984375,
		0.19652777777777777
	],
	"139": [
		0.2080078125,
		0.04895833333333333
	],
	"140": [
		0.3232421875,
		0.19756944444444444
	],
	"141": [
		0.247265625,
		0.09479166666666666
	],
	"142": [
		0.1888671875,
		0.19652777777777777
	],
	"143": [
		0.2400390625,
		0.19791666666666666
	],
	"144": [
		0.2943359375,
		0.08298611111111111
	],
	"145": [
		0.1890625,
		0.19652777777777777
	],
	"146": [
		0.1890625,
		0.19652777777777777
	],
	"147": [
		0.207421875,
		0.04895833333333333
	],
	"148": [
		0.244921875,
		0.043055555555555555
	],
	"149": [
		0.2896484375,
		0.06458333333333334
	],
	"150": [
		0.191796875,
		0.11354166666666667
	],
	"151": [
		0.1890625,
		0.19652777777777777
	],
	"152": [
		0.2390625,
		0.18854166666666666
	],
	"153": [
		0.320703125,
		0.1795138888888889
	],
	"154": [
		0.1888671875,
		0.19652777777777777
	],
	"155": [
		0.1888671875,
		0.19652777777777777
	],
	"156": [
		0.390625,
		0.20277777777777778
	],
	"157": [
		0.2904296875,
		0.07361111111111111
	],
	"158": [
		0.18984375,
		0.18888888888888888
	],
	"159": [
		0.1751953125,
		0.8826388888888889
	],
	"160": [
		0.1744140625,
		0.8875
	],
	"161": [
		0.2568359375,
		0.1986111111111111
	],
	"162": [
		0.1888671875,
		0.19652777777777777
	],