{
	"0": [
		0.756640625,
		0.18888888888888888
	],
	"1": [
		0.743359375,
		0.19618055555555555
	],
	"2": [
		0.8201171875,
		0.19444444444444445
	],
	"3": [
		0.1900390625,
		0.17916666666666667
	],
	"4": [
		0.3064453125,
		0.18090277777777777
	],
	"5": [
		0.262890625,
		0.18159722222222222
	],
	"6": [
		0.2021484375,
		0.15104166666666666
	],
	"7": [
		0.333984375,
		0.18715277777777778
	],
	"8": [
		0.4767578125,
		0.18645833333333334
	],
	"9": [
		0.471484375,
		0.1875
	],
	"10": [
		0.830078125,
		0.18715277777777778
	],
	"11": [
		0.3990234375,
		0.18819444444444444
	],
	"12": [
		0.11640625,
		0.17256944444444444
	],
	"13": [
		0.3771484375,
		0.1857638888888889
	],
	"14": [
		0.730859375,
		0.18854166666666666
	],
	"15": [
		0.80234375,
		0.1875
	],
	"16": [
		0.179296875,
		0.18159722222222222
	],
	"17": [
		0.086328125,
		0.178125
	],
	"18": [
		0.328515625,
		0.1840277777777778
	],
	"19": [
		0.2916015625,
		0.1673611111111111
	],
	"20": [
		0.0369140625,
		0.17673611111111112
	],
	"21": [
		0.1755859375,
		0.17395833333333333
	],
	"22": [
		0.4052734375,
		0.19166666666666668
	],
	"23": [
		0.10390625,
		0.18125
	],
	"24": [
		0.333984375,
		0.1840277777777778
	],
	"25": [
		0.876953125,
		0.19131944444444443
	],
	"26": [
		0.257421875,
		0.1840277777777778
	],
	"27": [
		0.1181640625,
		0.18194444444444444
	],
	"28": [
		0.23515625,
		0.17881944444444445
	],
	"29": [
		0.7576171875,
		0.18368055555555557
	],
	"30": [
		0.2626953125,
		0.18888888888888888
	],
	"31": [
		0.1783203125,
		0.19027777777777777
	],
	"32": [
		0.112890625,
		0.16354166666666667
	],
	"33": [
		0.4060546875,
		0.18645833333333334
	],
	"34": [
		0.190625,
		0.17847222222222223
	],
	"35": [
		0.087890625,
		0.1763888888888889
	],
	"36": [
		0.3064453125,
		0.1875
	],
	"37": [
		0.0427734375,
		0.1829861111111111
	],
	"38": [
		0.2353515625,
		0.18611111111111112
	],
	"39": [
		0.0392578125,
		0.15868055555555555
	],
	"40": [
		0.185546875,
		0.16666666666666666
	],
	"41": [
		0.4767578125,
		0.18715277777777778
	],
	"42": [
		0.4501953125,
		0.19270833333333334
	],
	"43": [
		0.732421875,
		0.19930555555555557
	],
	"44": [
		0.0423828125,
		0.17708333333333334
	],
	"45": [
		0.1693359375,
		0.1892361111111111
	],
	"46": [
		0.6341796875,
		0.15902777777777777
	],
	"47": [
		0.83125,
		0.18611111111111112
	],
	"48": [
		0.1904296875,
		0.19166666666666668
	],
	"49": [
		0.403125,
		0.17465277777777777
	],
	"50": [
		0.378515625,
		0.1920138888888889
	],
	"51": [
		0.715234375,
		0.16041666666666668
	],
	"52": [
		0.8037109375,
		0.20208333333333334
	],
	"53": [
		0.042578125,
		0.18506944444444445
	],
	"54": [
		0.4498046875,
		0.18611111111111112
	],
	"55": [
		0.329296875,
		0.17465277777777777
	],
	"56": [
		0.2626953125,
		0.18888888888888888
	],
	"57": [
		0.1173828125,
		0.18958333333333333
	],
	"58": [
		0.4744140625,
		0.17743055555555556
	],
	"59": [
		0.7537109375,
		0.18055555555555555
	],
	"60": [
		0.3337890625,
		0.19479166666666667
	],
	"61": [
		0.7578125,
		0.19826388888888888
	],
	"62": [
		0.546484375,
		0.17256944444444444
	],
	"63": [
		0.2021484375,
		0.15104166666666666
	],
	"64": [
		0.809765625,
		0.19375
	],
	"65": [
		0.2626953125,
		0.19444444444444445
	],
	"66": [
		0.093359375,
		0.16631944444444444
	],
	"67": [
		0.7353515625,
		0.19270833333333334
	],
	"68": [
		0.8314453125,
		0.19826388888888888
	],
	"69": [
		0.177734375,
		0.18368055555555557
	],
	"70": [
		0.8296875,
		0.17916666666666667
	],
	"71": [
		0.8314453125,
		0.19722222222222222
	],
	"72": [
		0.806640625,
		0.19479166666666667
	],
	"73": [
		0.2431640625,
		0.17881944444444445
	],
	"74": [
		0.246875,
		0.19131944444444443
	],
	"75": [
		0.733984375,
		0.19756944444444444
	],
	"76": [
		0.4765625,
		0.19722222222222222
	],
	"77": [
		0.40546875,
		0.19618055555555555
	],
	"78": [
		0.8046875,
		0.19756944444444444
	],
	"79": [
		0.4765625,
		0.19756944444444444
	],
	"80": [
		0.0884765625,
		0.1736111111111111
	],
	"81": [
		0.7578125,
		0.1986111111111111
	],
	"82": [
		0.871875,
		0.17881944444444445
	],
	"83": [
		0.3126953125,
		0.17916666666666667
	],
	"84": [
		0.7392578125,
		0.18159722222222222
	],
	"85": [
		0.2623046875,
		0.19409722222222223
	],
	"86": [
		0.4537109375,
		0.19340277777777778
	],
	"87": [
		0.3060546875,
		0.1857638888888889
	],
	"88": [
		0.0876953125,
		0.175
	],
	"89": [
		0.3060546875,
		0.18645833333333334
	],
	"90": [
		0.526171875,
		0.16354166666666667
	],
	"91": [
		0.7451171875,
		0.20069444444444445
	],
	"92": [
		0.81171875,
		0.18263888888888888
	],
	"93": [
		0.0279296875,
		0.17569444444444443
	],
	"94": [
		0.4529296875,
		0.1857638888888889
	],
	"95": [
		0.8388671875,
		0.4170138888888889
	],
	"96": [
		0.3783203125,
		0.1909722222222222
	],
	"97": [
		0.8080078125,
		0.1875
	],
	"98": [
		0.359765625,
		0.4041666666666667
	],
	"99": [
		0.0296875,
		0.16666666666666666
	],
	"100": [
		0.824609375,
		0.20034722222222223
	],
	"101": [
		0.2345703125,
		0.18159722222222222
	],
	"102": [
		0.2572265625,
		0.18611111111111112
	],
	"103": [
		0.3896484375,
		0.18611111111111112
	],
	"104": [
		0.3337890625,
		0.19479166666666667
	],
	"105": [
		0.836328125,
		0.41006944444444443
	],
	"106": [
		0.3599609375,
		0.41041666666666665
	],
	"107": [
		0.1638671875,
		0.16284722222222223
	],
	"108": [
		0.0380859375,
		0.17777777777777778
	],
	"109": [
		0.836328125,
		0.4236111111111111
	],
	"110": [
		0.18515625,
		0.184375
	],
	"111": [
		0.3798828125,
		0.18263888888888888
	],
	"112": [
		0.752734375,
		0.18888888888888888
	],
	"113": [
		0.7001953125,
		0.17916666666666667
	],
	"114": [
		0.1787109375,
		0.17569444444444443
	],
	"115": [
		0.130859375,
		0.44027777777777777
	],
	"116": [
		0.8244140625,
		0.18854166666666666
	],
	"117": [
		0.3072265625,
		0.18020833333333333
	],
	"118": [
		0.177734375,
		0.18368055555555557
	],
	"119": [
		0.3603515625,
		0.4149305555555556
	],
	"120": [
		0.3599609375,
		0.4128472222222222
	],
	"121": [
		0.246484375,
		0.1545138888888889
	],
	"122": [
		0.8376953125,
		0.41875
	],
	"123": [
		0.4716796875,
		0.1909722222222222
	],
	"124": [
		0.4033203125,
		0.1753472222222222
	],
	"125": [
		0.7361328125,
		0.1857638888888889
	],
	"126": [
		0.8384765625,
		0.4114583333333333
	],
	"127": [
		0.46015625,
		0.18263888888888888
	],
	"128": [
		0.3294921875,
		0.1892361111111111
	],
	"129": [
		0.6740234375,
		0.16180555555555556
	],
	"130": [
		0.3939453125,
		0.1798611111111111
	],
	"131": [
		0.4626953125,
		0.1951388888888889
	],
	"132": [
		0.1669921875,
		0.16805555555555557
	],
	"133": [
		0.59375,
		0.7357638888888889
	],
	"134": [
		0.5603515625,
		0.1684027777777778
	],
	"135": [
		0.3599609375,
		0.4149305555555556
	],
	"136": [
		0.5953125,
		0.23298611111111112
	],
	"137": [
		0.1171875,
		0.18958333333333333
	],
	"138": [
		0.3599609375,
		0.4079861111111111
	],
	"139": [
		0.25703125,
		0.17048611111111112
	],
	"140": [
		0.235546875,
		0.1763888888888889
	],
	"141": [
		0.6021484375,
		0.175
	],
	"142": [
		0.4728515625,
		0.18368055555555557
	],
	"143": [
		0.0423828125,
		0.18506944444444445
	],
	"144": [
		0.273828125,
		0.15416666666666667
	],
	"145": [
		0.1767578125,
		0.17777777777777778
	],
	"146": [
		0.29375,
		0.16041666666666668
	],
	"147": [
		0.836328125,
		0.4107638888888889
	],
	"148": [
		0.0888671875,
		0.1701388888888889
	],
	"149": [
		0.6734375,
		0.16527777777777777
	],
	"150": [
		0.0369140625,
		0.1625
	],
	"151": [
		0.1125,
		0.18090277777777777
	],
	"152": [
		0.358984375,
		0.40243055555555557
	],
	"153": [
		0.59375,
		0.7371527777777778
	],
	"154": [
		0.2216796875,
		0.1482638888888889
	],
	"155": [
		0.1998046875,
		0.16111111111111112
	],
	"156": [
		0.1919921875,
		0.8829861111111111
	],
	"157": [
		0.3291015625,
		0.16944444444444445
	],
	"158": [
		0.359765625,
		0.4149305555555556
	],
	"159": [
		0.1716796875,
		0.16041666666666668
	],
	"160": [
		0.8361328125,
		0.41388888888888886
	],
	"161": [
		0.5251953125,
		0.17256944444444444
	],