{
	"0": [
		0.7611328125,
		0.07569444444444444
	],
	"1": [
		0.419140625,
		0.09479166666666666
	],
	"2": [
		0.8,
		0.06701388888888889
	],
	"3": [
		0.6751953125,
		0.05451388888888889
	],
	"4": [
		0.5115234375,
		0.04236111111111111
	],
	"5": [
		0.7619140625,
		0.08368055555555555
	],
	"6": [
		0.4244140625,
		0.08541666666666667
	],
	"7": [
		0.75546875,
		0.09791666666666667
	],
	"8": [
		0.189453125,
		0.1642361111111111
	],
	"9": [
		0.6251953125,
		0.03263888888888889
	],
	"10": [
		0.1287109375,
		0.1892361111111111
	],
	"11": [
		0.3298828125,
		0.115625
	],
	"12": [
		0.2880859375,
		0.13020833333333334
	],
	"13": [
		0.3275390625,
		0.12534722222222222
	],
	"14": [
		0.10390625,
		0.1684027777777778
	],
	"15": [
		0.8462890625,
		0.04861111111111111
	],
	"16": [
		0.8095703125,
		0.04375
	],
	"17": [
		0.27421875,
		0.1440972222222222
	],
	"18": [
		0.263671875,
		0.15555555555555556
	],
	"19": [
		0.1390625,
		0.178125
	],
	"20": [
		0.26171875,
		0.12291666666666666
	],
	"21": [
		0.26484375,
		0.14201388888888888
	],
	"22": [
		0.9248046875,
		0.058333333333333334
	],
	"23": [
		0.741796875,
		0.09027777777777778
	],
	"24": [
		0.104296875,
		0.20694444444444443
	],
	"25": [
		0.39609375,
		0.11145833333333334
	],
	"26": [
		0.7548828125,
		0.08263888888888889
	],
	"27": [
		0.17578125,
		0.17326388888888888
	],
	"28": [
		0.446875,
		0.08020833333333334
	],
	"29": [
		0.92578125,
		0.050694444444444445
	],
	"30": [
		0.92578125,
		0.06388888888888888
	],
	"31": [
		0.398046875,
		0.09375
	],
	"32": [
		0.2744140625,
		0.10798611111111112
	],
	"33": [
		0.6541015625,
		0.03333333333333333
	],
	"34": [
		0.1220703125,
		0.159375
	],
	"35": [
		0.6701171875,
		0.3434027777777778
	],
	"36": [
		0.8095703125,
		0.050347222222222224
	],
	"37": [
		0.3029296875,
		0.134375
	],
	"38": [
		0.15859375,
		0.18263888888888888
	],
	"39": [
		0.1970703125,
		0.1701388888888889
	],
	"40": [
		0.7486328125,
		0.06770833333333333
	],
	"41": [
		0.793359375,
		0.0954861111111111
	],
	"42": [
		0.2658203125,
		0.12743055555555555
	],
	"43": [
		0.669140625,
		0.3659722222222222
	],
	"44": [
		0.15703125,
		0.5979166666666667
	],
	"45": [
		0.6701171875,
		0.3434027777777778
	],
	"46": [
		0.4642578125,
		0.06944444444444445
	],
	"47": [
		0.1646484375,
		0.1829861111111111
	],
	"48": [
		0.2689453125,
		0.11979166666666667
	],
	"49": [
		0.6701171875,
		0.34444444444444444
	],
	"50": [
		0.70234375,
		0.051041666666666666
	],
	"51": [
		0.7779296875,
		0.21840277777777778
	],
	"52": [
		0.1912109375,
		0.1795138888888889
	],
	"53": [
		0.113671875,
		0.165625
	],
	"54": [
		0.7591796875,
		0.07118055555555555
	],
	"55": [
		0.4001953125,
		0.10277777777777777
	],
	"56": [
		0.1083984375,
		0.19236111111111112
	],
	"57": [
		0.1982421875,
		0.17569444444444443
	],
	"58": [
		0.165625,
		0.1701388888888889
	],
	"59": [
		0.2673828125,
		0.15034722222222222
	],
	"60": [
		0.4693359375,
		0.08333333333333333
	],
	"61": [
		0.1154296875,
		0.2
	],
	"62": [
		0.673046875,
		0.35868055555555556
	],
	"63": [
		0.31953125,
		0.12152777777777778
	],
	"64": [
		0.7361328125,
		0.07326388888888889
	],
	"65": [
		0.173046875,
		0.18020833333333333
	],
	"66": [
		0.1474609375,
		0.6041666666666666
	],
	"67": [
		0.11015625,
		0.17395833333333333
	],
	"68": [
		0.19921875,
		0.16145833333333334
	],
	"69": [
		0.4287109375,
		0.09027777777777778
	],
	"70": [
		0.7642578125,
		0.08958333333333333
	],
	"71": [
		0.655078125,
		0.042708333333333334
	],
	"72": [
		0.7322265625,
		0.040625
	],
	"73": [
		0.7451171875,
		0.0763888888888889
	],
	"74": [
		0.8458984375,
		0.05555555555555555
	],
	"75": [
		0.7451171875,
		0.071875
	],
	"76": [
		0.3189453125,
		0.13402777777777777
	],
	"77": [
		0.7390625,
		0.06076388888888889
	],
	"78": [
		0.4435546875,
		0.07777777777777778
	],
	"79": [
		0.6724609375,
		0.3548611111111111
	],
	"80": [
		0.5373046875,
		0.04791666666666667
	],
	"81": [
		0.44375,
		0.08784722222222222
	],
	"82": [
		0.7935546875,
		0.09097222222222222
	],
	"83": [
		0.6392578125,
		0.3104166666666667
	],
	"84": [
		0.4640625,
		0.08333333333333333
	],
	"85": [
		0.1478515625,
		0.1920138888888889
	],
	"86": [
		0.3232421875,
		0.13090277777777778
	],
	"87": [
		0.470703125,
		0.06944444444444445
	],
	"88": [
		0.276953125,
		0.11805555555555555
	],
	"89": [
		0.0859375,
		0.27881944444444445
	],
	"90": [
		0.4322265625,
		0.09236111111111112
	],
	"91": [
		0.188671875,
		0.17708333333333334
	],
	"92": [
		0.785546875,
		0.09895833333333333
	],
	"93": [
		0.146875,
		0.1753472222222222
	],
	"94": [
		0.14453125,
		0.19479166666666667
	],
	"95": [
		0.7685546875,
		0.06145833333333333
	],
	"96": [
		0.625,
		0.0375
	],
	"97": [
		0.6939453125,
		0.04618055555555556
	],
	"98": [
		0.3375,
		0.1267361111111111
	],
	"99": [
		0.2033203125,
		0.12604166666666666
	],
	"100": [
		0.140625,
		0.19409722222222223
	],
	"101": [
		0.191796875,
		0.1763888888888889
	],
	"102": [
		0.180859375,
		0.18090277777777777
	],
	"103": [
		0.2986328125,
		0.14097222222222222
	],
	"104": [
		0.75546875,
		0.0798611111111111
	],
	"105": [
		0.740625,
		0.09479166666666666
	],
	"106": [
		0.3224609375,
		0.2638888888888889
	],
	"107": [
		0.4638671875,
		0.06493055555555556
	],
	"108": [
		0.1330078125,
		0.1954861111111111
	],
	"109": [
		0.3392578125,
		0.11354166666666667
	],
	"110": [
		0.42890625,
		0.42951388888888886
	],
	"111": [
		0.1525390625,
		0.16527777777777777
	],
	"112": [
		0.7888671875,
		0.0954861111111111
	],
	"113": [
		0.5630859375,
		0.08229166666666667
	],
	"114": [
		0.7935546875,
		0.08472222222222223
	],
	"115": [
		0.1859375,
		0.15381944444444445
	],
	"116": [
		0.423046875,
		0.09826388888888889
	],
	"117": [
		0.1384765625,
		0.1684027777777778
	],
	"118": [
		0.7640625,
		0.09930555555555555
	],
	"119": [
		0.1947265625,
		0.5739583333333333
	],
	"120": [
		0.6458984375,
		0.03263888888888889
	],
	"121": [
		0.2779296875,
		0.15034722222222222
	],
	"122": [
		0.3271484375,
		0.11006944444444444
	],
	"123": [
		0.5982421875,
		0.03784722222222222
	],
	"124": [
		0.4193359375,
		0.10069444444444445
	],
	"125": [
		0.1962890625,
		0.14895833333333333
	],
	"126": [
		0.8458984375,
		0.053125
	],
	"127": [
		0.421875,
		0.07777777777777778
	],
	"128": [
		0.0224609375,
		0.4027777777777778
	],
	"129": [
		0.3353515625,
		0.1295138888888889
	],
	"130": [
		0.9607421875,
		0.060069444444444446
	],
	"131": [
		0.1962890625,
		0.15729166666666666
	],
	"132": [
		0.1568359375,
		0.1638888888888889
	],
	"133": [
		0.28671875,
		0.12465277777777778
	],
	"134": [
		0.778515625,
		0.09375
	],
	"135": [
		0.3337890625,
		0.1295138888888889
	],
	"136": [
		0.625,
		0.03819444444444445
	],
	"137": [
		0.51875,
		0.04861111111111111
	],
	"138": [
		0.4208984375,
		0.43680555555555556
	],
	"139": [
		0.7552734375,
		0.078125
	],
	"140": [
		0.7505859375,
		0.059027777777777776
	],
	"141": [
		0.3353515625,
		0.10798611111111112
	],
	"142": [
		0.56796875,
		0.041666666666666664
	],
	"143": [
		0.298046875,
		0.12291666666666666
	],
	"144": [
		0.470703125,
		0.06041666666666667
	],
	"145": [
		0.03828125,
		0.39444444444444443
	],
	"146": [
		0.880078125,
		0.03958333333333333
	],
	"147": [
		0.2880859375,
		0.10833333333333334
	],
	"148": [
		0.762109375,
		0.09166666666666666
	],
	"149": [
		0.303125,
		0.10277777777777777
	],
	"150": [
		0.2619140625,
		0.11666666666666667
	],
	"151": [
		0.1654296875,
		0.1625
	],
	"152": [
		0.191015625,
		0.12604166666666666
	],
	"153": [
		0.42734375,
		0.09479166666666666
	],
	"154": [
		0.44375,
		0.06944444444444445
	],
	"155": [
		0.4291015625,
		0.07395833333333333
	],
	"156": [
		0.1814453125,
		0.24305555555555555
	],
	"157": [
		0.171875,
		0.1371527777777778
	],
	"158": [
		0.44375,
		0.07083333333333333
	],
	"159": [
		0.3380859375,
		0.12083333333333333
	],
	"160": [
		0.5375,
		0.05451388888888889
	],
	"161": [
		0.3171875,
		0.11354166666666667
	],
	"162": [
		0.7458984375,
		0.08819444444444445
	],