{
	"SixYardNorthRearWest": [
		0.012640449438202247,
		0.5697942614632346
	],
	"SixYardNorthForwardWest": [
		0.23314606741573032,
		0.6081741858104991
	],
	"SixYardNorthForwardEast": [
		0.6460674157303371,
		0.4103699603284436
	],
	"SixYardNorthRearEast": [
		0.4606741573033708,
		0.3837992434726451
	]
}