{
	"0": [
		0.5609375,
		0.4777777777777778
	],
	"1": [
		0.5,
		0.4583333333333333
	],
	"2": [
		0.5015625,
		0.46111111111111114
	],
	"3": [
		0.4453125,
		0.4305555555555556
	],
	"4": [
		0.6578125,
		0.3
	],
	"5": [
		0.6484375,
		0.4027777777777778
	],
	"6": [
		0.8359375,
		0.37222222222222223
	],
	"7": [
		0.778125,
		0.35555555555555557
	],
	"8": [
		0.8359375,
		0.45555555555555555
	],
	"9": [
		0.778125,
		0.4722222222222222
	],
	"10": [
		0.5578125,
		0.34444444444444444
	],
	"11": [
		0.5,
		0.35555555555555557
	],
	"12": [
		0.725,
		0.4777777777777778
	],
	"13": [
		0.6671875,
		0.48333333333333334
	],
	"14": [
		0.65,
		0.6
	],
	"15": [
		0.646875,
		0.7027777777777777
	],
	"16": [
		0.65,
		0.7
	],
	"17": [
		0.646875,
		0.8027777777777778
	],
	"18": [
		0.8359375,
		0.8777777777777778
	],
	"19": [
		0.778125,
		0.8722222222222222
	],
	"20": [
		0.946875,
		0.8861111111111111
	],
	"21": [
		0.8890625,
		0.8805555555555555
	],
	"22": [
		0.225,
		0.2222222222222222
	],
	"23": [
		0.1671875,
		0.225
	],
	"24": [
		0.725,
		0.20833333333333334
	],
	"25": [
		0.6671875,
		0.2111111111111111
	],
	"26": [
		0.6484375,
		0.5
	],
	"27": [
		0.65,
		0.6027777777777777
	],
	"28": [
		0.225,
		0.8472222222222222
	],
	"29": [
		0.1671875,
		0.8444444444444444
	],
	"30": [
		0.3359375,
		0.85
	],
	"31": [
		0.278125,
		0.8472222222222222
	],
	"32": [
		0.446875,
		0.8555555555555555
	],
	"33": [
		0.3890625,
		0.8527777777777777
	],
	"34": [
		0.725,
		0.8694444444444445
	],
	"35": [
		0.6671875,
		0.8666666666666667
	],
	"36": [
		0.7796875,
		0.35555555555555557
	],
	"37": [
		0.7234375,
		0.34444444444444444
	],
	"38": [
		0.7796875,
		0.4722222222222222
	],
	"39": [
		0.7234375,
		0.48055555555555557
	],
	"40": [
		0.66875,
		0.8666666666666667
	],
	"41": [
		0.6125,
		0.8611111111111112
	],
	"42": [
		0.7796875,
		0.8722222222222222
	],
	"43": [
		0.7234375,
		0.8694444444444445
	],
	"44": [
		0.890625,
		0.8805555555555555
	],
	"45": [
		0.834375,
		0.8777777777777778
	],
	"46": [
		0.890625,
		0.2361111111111111
	],
	"47": [
		0.834375,
		0.2361111111111111
	],
	"48": [
		0.5015625,
		0.35555555555555557
	],
	"49": [
		0.446875,
		0.375
	],
	"50": [
		0.9453125,
		0.8861111111111111
	],
	"51": [
		1,
		0.8916666666666667
	],
	"52": [
		0.8796875,
		0.4166666666666667
	],
	"53": [
		0.8328125,
		0.4583333333333333
	],
	"54": [
		0.878125,
		0.40555555555555556
	],
	"55": [
		0.834375,
		0.37222222222222223
	],
	"56": [
		0.6203125,
		0.20833333333333334
	],
	"57": [
		0.6265625,
		0.2916666666666667
	],
	"58": [
		0.6078125,
		0.20833333333333334
	],
	"59": [
		0.603125,
		0.2916666666666667
	],
	"60": [
		0.615625,
		0.14166666666666666
	],
	"61": [
		0.5828125,
		0.2
	],
	"62": [
		0.79375,
		0.2111111111111111
	],
	"63": [
		0.8359375,
		0.2361111111111111
	],
	"64": [
		0.59375,
		0.2
	],
	"65": [
		0.55625,
		0.15833333333333333
	],
	"66": [
		0.16875,
		0.8444444444444444
	],
	"67": [
		0.125,
		0.8472222222222222
	],
	"68": [
		0.1828125,
		0.4305555555555556
	],
	"69": [
		0.2015625,
		0.5
	],
	"70": [
		0.1703125,
		0.44722222222222224
	],
	"71": [
		0.2015625,
		0.5
	],
	"72": [
		0.6515625,
		0.22777777777777777
	],
	"73": [
		0.659375,
		0.3
	],
	"74": [
		0.1828125,
		0.4305555555555556
	],
	"75": [
		0.178125,
		0.5027777777777778
	],
	"76": [
		0.828125,
		0.3
	],
	"77": [
		0.83125,
		0.37222222222222223
	],
	"78": [
		0.3640625,
		0.3
	],
	"79": [
		0.3390625,
		0.3527777777777778
	],
	"80": [
		0.7234375,
		0.20833333333333334
	],
	"81": [
		0.759375,
		0.23333333333333334
	],
	"82": [
		0.8515625,
		0.3111111111111111
	],
	"83": [
		0.834375,
		0.37222222222222223
	],
	"84": [
		0.5921875,
		0.2
	],
	"85": [
		0.5546875,
		0.21388888888888888
	],
	"86": [
		0.646875,
		0.8
	],
	"87": [
		0.6546875,
		0.8666666666666667
	],
	"88": [
		0.2609375,
		0.1527777777777778
	],
	"89": [
		0.2234375,
		0.1638888888888889
	],
	"90": [
		0.659375,
		0.15
	],
	"91": [
		0.6296875,
		0.19166666666666668
	],
	"92": [
		0.3390625,
		0.2972222222222222
	],
	"93": [
		0.3625,
		0.35
	],
	"94": [
		0.74375,
		0.6333333333333333
	],
	"95": [
		0.725,
		0.6916666666666667
	],
	"96": [
		0.8890625,
		0.9138888888888889
	],
	"97": [
		0.8515625,
		0.9083333333333333
	],
	"98": [
		0.9828125,
		0.9194444444444444
	],
	"99": [
		0.9453125,
		0.9138888888888889
	],
	"100": [
		0.628125,
		0.22777777777777777
	],
	"101": [
		0.6109375,
		0.2861111111111111
	],
	"102": [
		0.6,
		0.15555555555555556
	],
	"103": [
		0.5734375,
		0.2
	],
	"104": [
		0.3046875,
		0.425
	],
	"105": [
		0.3109375,
		0.4888888888888889
	],
	"106": [
		0.5890625,
		0.15
	],
	"107": [
		0.55625,
		0.175
	],
	"108": [
		0.615625,
		0.1361111111111111
	],
	"109": [
		0.6328125,
		0.19166666666666668
	],
	"110": [
		0.8328125,
		0.3111111111111111
	],
	"111": [
		0.815625,
		0.36666666666666664
	],
	"112": [
		0.328125,
		0.1361111111111111
	],
	"113": [
		0.30625,
		0.18611111111111112
	],
	"114": [
		0.2,
		0.4527777777777778
	],
	"115": [
		0.178125,
		0.5027777777777778
	],
	"116": [
		0.584375,
		0.2
	],
	"117": [
		0.5546875,
		0.23333333333333334
	],
	"118": [
		0.2453125,
		0.1361111111111111
	],
	"119": [
		0.2234375,
		0.18333333333333332
	],
	"120": [
		0.0484375,
		0.875
	],
	"121": [
		0.0140625,
		0.8722222222222222
	],
	"122": [
		0.1984375,
		0.12777777777777777
	],
	"123": [
		0.221875,
		0.17222222222222222
	],
	"124": [
		0.73125,
		0.6333333333333333
	],
	"125": [
		0.740625,
		0.6916666666666667
	],
	"126": [
		0.5859375,
		0.14444444444444443
	],
	"127": [
		0.5734375,
		0.2
	],
	"128": [
		0.221875,
		0.1388888888888889
	],
	"129": [
		0.2453125,
		0.18055555555555555
	],
	"130": [
		0.5828125,
		0.14444444444444443
	],
	"131": [
		0.5921875,
		0.2
	],
	"132": [
		0.2015625,
		0.48333333333333334
	],
	"133": [
		0.1703125,
		0.4722222222222222
	],
	"134": [
		0.2,
		0.4527777777777778
	],
	"135": [
		0.16875,
		0.4583333333333333
	],
	"136": [
		0.2109375,
		0.2
	],
	"137": [
		0.1796875,
		0.19722222222222222
	],
	"138": [
		0.0328125,
		0.21388888888888888
	],
	"139": [
		0.0015625,
		0.21666666666666667
	],
	"140": [
		0.190625,
		0.125
	],
	"141": [
		0.1671875,
		0.16111111111111112
	],
	"142": [
		0.7375,
		0.7166666666666667
	],
	"143": [
		0.759375,
		0.7555555555555555
	],
	"144": [
		0.25625,
		0.7
	],
	"145": [
		0.24375,
		0.75
	],
	"146": [
		0.3640625,
		0.26666666666666666
	],
	"147": [
		0.3390625,
		0.2972222222222222
	],
	"148": [
		0.3640625,
		0.3
	],
	"149": [
		0.3390625,
		0.26944444444444443
	],
	"150": [
		0.865625,
		0.20833333333333334
	],
	"151": [
		0.890625,
		0.2388888888888889
	],
	"152": [
		0.3609375,
		0.3
	],
	"153": [
		0.3546875,
		0.3527777777777778
	],
	"154": [
		0.3421875,
		0.3
	],
	"155": [
		0.3484375,
		0.3527777777777778
	],
	"156": [
		0.75,
		0.6388888888888888
	],
	"157": [
		0.725,
		0.6694444444444444
	],
	"158": [
		0.3078125,
		0.5944444444444444
	],
	"159": [
		0.284375,
		0.6277777777777778
	],
	"160": [
		0.2203125,
		0.13055555555555556
	],
	"161": [
		0.2234375,
		0.18333333333333332
	],
	"162": [
		0.121875,
		0.2972222222222222
	],
	"163": [
		0.1421875,
		0.33611111111111114
	],
	"164": [
		0.8328125,
		0.3111111111111111
	],
	"165": [
		0.853125,
		0.35
	],
	"166": [
		0.446875,
		0.8833333333333333
	],
	"167": [
		0.4171875,
		0.8805555555555555
	],
	"168": [
		0.1140625,
		0.3527777777777778
	],
	"169": [
		0.1046875,
		0.4027777777777778
	],
	"170": [
		0.3078125,
		0.5944444444444444
	],
	"171": [
		0.2984375,
		0.6444444444444445
	],
	"172": [
		0.240625,
		0.7
	],
	"173": [
		0.25,
		0.75
	],
	"174": [
		0.4828125,
		0.13333333333333333
	],
	"175": [
		0.5015625,
		0.17222222222222222
	],
	"176": [
		0.1265625,
		0.26666666666666666
	],
	"177": [
		0.1484375,
		0.3
	],
	"178": [
		0.4265625,
		0.4027777777777778
	],
	"179": [
		0.4484375,
		0.4361111111111111
	],
	"180": [
		0.0953125,
		0.12222222222222222
	],
	"181": [
		0.075,
		0.15833333333333333
	],