{
	"SixYardNorthForwardEast": [
		0.07659237791136342,
		0.2529923300970209
	],
	"EighteenYardNorthRearEast": [
		0.09831460674157304,
		0.17958705029945135
	],
	"EighteenYardNorthForwardEast": [
		0.39747191011235955,
		0.22247351007245467
	],
	"PenaltyCircleNorthEast": [
		0.3007493721256272,
		0.2846806151600677
	],
	"PenaltyCircleNorthWest": [
		0.1404494382022472,
		0.3859781379570298
	]
}