{
	"SixYardNorthForwardEast": [
		0.07945516458569807,
		0.2372226572696424
	],
	"PenaltySpotNorth": [
		0.09691011235955056,
		0.32276177602162837
	],
	"PenaltyCircleNorthWest": [
		0.14982973893303064,
		0.350822239624119
	],
	"EighteenYardNorthForwardEast": [
		0.39500567536889897,
		0.19378752283998957
	],
	"PenaltyCircleNorthEast": [
		0.32009080590238365,
		0.2806577916992952
	]
}