{
	"CornerNorthWest": [
		0.35252808988764045,
		0.8248694013873427
	],
	"CornerNorthEast": [
		0.29634831460674155,
		0.1753875139162456
	],
	"CornerSouthWest": [
		0.6980337078651685,
		0.8851588592960521
	],
	"CornerSouthEast": [
		0.6334269662921348,
		0.1753875139162456
	]
}