{
	"SixYardNorthForwardEast": [
		0.6738828494317946,
		0.4109615034819955
	],
	"SixYardNorthForwardWest": [
		0.21483217158591078,
		0.6153787852173439
	],
	"EighteenYardNorthRearEast": [
		0.6947487893338802,
		0.2888420884193198
	],
	"EighteenYardNorthForwardWest": [
		0.3984524427242643,
		0.883510544376697
	]
}