{
	"EighteenYardNorthForwardEast": [
		0.38342696629213485,
		0.21979310633664195
	],
	"PenaltyCircleNorthWest": [
		0.12219101123595505,
		0.3886585416928425
	],
	"SixYardNorthForwardEast": [
		0.06601123595505617,
		0.2519579511663944
	],
	"EighteenYardNorthRearEast": [
		0.0898876404494382,
		0.19030866524270218
	]
}