{
	"SixYardNorthForwardEast": [
		0.07105763731348036,
		0.24771094925317974
	],
	"EighteenYardNorthRearEast": [
		0.09458028485448335,
		0.18169368870516556
	],
	"EighteenYardNorthForwardEast": [
		0.4128278692327591,
		0.20017852165860953
	],
	"PenaltyCircleNorthEast": [
		0.3007493721256272,
		0.2846806151600677
	],
	"PenaltyCircleNorthWest": [
		0.1430092650859601,
		0.3771047799272875
	]
}