{
	"CornerNorthWest": [
		0.4705056179775281,
		0.2740429904941338
	],
	"CornerNorthEast": [
		0.6264044943820225,
		0.2630812708743684
	],
	"CornerSouthWest": [
		0.476123595505618,
		0.7289543547143958
	],
	"CornerSouthEast": [
		0.6207865168539326,
		0.7505130460275579
	]
}