{
	"0": [
		0.801953125,
		0.19826388888888888
	],
	"1": [
		0.7896484375,
		0.20381944444444444
	],
	"2": [
		0.0716796875,
		0.18506944444444445
	],
	"3": [
		0.8619140625,
		0.20277777777777778
	],
	"4": [
		0.279296875,
		0.1875
	],
	"5": [
		0.1228515625,
		0.18020833333333333
	],
	"6": [
		0.3849609375,
		0.18888888888888888
	],
	"7": [
		0.3427734375,
		0.1892361111111111
	],
	"8": [
		0.2947265625,
		0.16666666666666666
	],
	"9": [
		0.4095703125,
		0.1920138888888889
	],
	"10": [
		0.5412109375,
		0.19305555555555556
	],
	"11": [
		0.5341796875,
		0.1996527777777778
	],
	"12": [
		0.87109375,
		0.19791666666666666
	],
	"13": [
		0.4666015625,
		0.1986111111111111
	],
	"14": [
		0.211328125,
		0.18472222222222223
	],
	"15": [
		0.45,
		0.190625
	],
	"16": [
		0.77890625,
		0.19756944444444444
	],
	"17": [
		0.8478515625,
		0.19583333333333333
	],
	"18": [
		0.0802734375,
		0.18020833333333333
	],
	"19": [
		0.2673828125,
		0.19166666666666668
	],
	"20": [
		0.1892578125,
		0.18333333333333332
	],
	"21": [
		0.403125,
		0.196875
	],
	"22": [
		0.373828125,
		0.17222222222222222
	],
	"23": [
		0.1392578125,
		0.18819444444444444
	],
	"24": [
		0.257421875,
		0.1840277777777778
	],
	"25": [
		0.4751953125,
		0.19444444444444445
	],
	"26": [
		0.0560546875,
		0.17847222222222223
	],
	"27": [
		0.1994140625,
		0.19027777777777777
	],
	"28": [
		0.416015625,
		0.18159722222222222
	],
	"29": [
		0.91875,
		0.196875
	],
	"30": [
		0.3388671875,
		0.196875
	],
	"31": [
		0.21640625,
		0.17743055555555556
	],
	"32": [
		0.32109375,
		0.18854166666666666
	],
	"33": [
		0.8060546875,
		0.18819444444444444
	],
	"34": [
		0.349609375,
		0.18125
	],
	"35": [
		0.262109375,
		0.19722222222222222
	],
	"36": [
		0.209765625,
		0.1798611111111111
	],
	"37": [
		0.480859375,
		0.19166666666666668
	],
	"38": [
		0.283984375,
		0.17916666666666667
	],
	"39": [
		0.1931640625,
		0.19340277777777778
	],
	"40": [
		0.3875,
		0.20173611111111112
	],
	"41": [
		0.0861328125,
		0.17708333333333334
	],
	"42": [
		0.15234375,
		0.18055555555555555
	],
	"43": [
		0.1265625,
		0.19027777777777777
	],
	"44": [
		0.32421875,
		0.2
	],
	"45": [
		0.1458984375,
		0.17708333333333334
	],
	"46": [
		0.27578125,
		0.18194444444444444
	],
	"47": [
		0.5451171875,
		0.18611111111111112
	],
	"48": [
		0.51875,
		0.20590277777777777
	],
	"49": [
		0.7828125,
		0.20798611111111112
	],
	"50": [
		0.148046875,
		0.18125
	],
	"51": [
		0.2494140625,
		0.20034722222222223
	],
	"52": [
		0.6916015625,
		0.17256944444444444
	],
	"53": [
		0.077734375,
		0.17465277777777777
	],
	"54": [
		0.88046875,
		0.18993055555555555
	],
	"55": [
		0.28515625,
		0.19756944444444444
	],
	"56": [
		0.058984375,
		0.18680555555555556
	],
	"57": [
		0.471484375,
		0.1875
	],
	"58": [
		0.1044921875,
		0.15555555555555556
	],
	"59": [
		0.4544921875,
		0.20347222222222222
	],
	"60": [
		0.766796875,
		0.1684027777777778
	],
	"61": [
		0.849609375,
		0.21215277777777777
	],
	"62": [
		0.1521484375,
		0.19270833333333334
	],
	"63": [
		0.5162109375,
		0.19375
	],
	"64": [
		0.4044921875,
		0.18611111111111112
	],
	"65": [
		0.3447265625,
		0.1840277777777778
	],
	"66": [
		0.2201171875,
		0.19583333333333333
	],
	"67": [
		0.5375,
		0.18993055555555555
	],
	"68": [
		0.80078125,
		0.19270833333333334
	],
	"69": [
		0.4162109375,
		0.20416666666666666
	],
	"70": [
		0.8103515625,
		0.20555555555555555
	],
	"71": [
		0.01796875,
		0.1840277777777778
	],
	"72": [
		0.605859375,
		0.18020833333333333
	],
	"73": [
		0.29453125,
		0.16666666666666666
	],
	"74": [
		0.8544921875,
		0.20277777777777778
	],
	"75": [
		0.351171875,
		0.20208333333333334
	],
	"76": [
		0.19453125,
		0.17743055555555556
	],
	"77": [
		0.784375,
		0.2013888888888889
	],
	"78": [
		0.88046875,
		0.20833333333333334
	],
	"79": [
		0.265234375,
		0.19305555555555556
	],
	"80": [
		0.8703125,
		0.19166666666666668
	],
	"81": [
		0.8783203125,
		0.20625
	],
	"82": [
		0.8541015625,
		0.20347222222222222
	],
	"83": [
		0.327734375,
		0.1857638888888889
	],
	"84": [
		0.32890625,
		0.1986111111111111
	],
	"85": [
		0.784375,
		0.20520833333333333
	],
	"86": [
		0.5474609375,
		0.20277777777777778
	],
	"87": [
		0.4806640625,
		0.20416666666666666
	],
	"88": [
		0.06328125,
		0.18715277777777778
	],
	"89": [
		0.128515625,
		0.19027777777777777
	],
	"90": [
		0.8529296875,
		0.20729166666666668
	],
	"91": [
		0.5453125,
		0.20277777777777778
	],
	"92": [
		0.0650390625,
		0.16145833333333334
	],
	"93": [
		0.19375,
		0.18854166666666666
	],
	"94": [
		0.8078125,
		0.20625
	],
	"95": [
		0.08671875,
		0.1857638888888889
	],
	"96": [
		0.651953125,
		0.9423611111111111
	],
	"97": [
		0.9130859375,
		0.18506944444444445
	],
	"98": [
		0.391796875,
		0.18611111111111112
	],
	"99": [
		0.78515625,
		0.19131944444444443
	],
	"100": [
		0.3501953125,
		0.20381944444444444
	],
	"101": [
		0.5224609375,
		0.20208333333333334
	],
	"102": [
		0.390625,
		0.19791666666666666
	],
	"103": [
		0.1939453125,
		0.19027777777777777
	],
	"104": [
		0.3904296875,
		0.19791666666666666
	],
	"105": [
		0.5859375,
		0.17326388888888888
	],
	"106": [
		0.0861328125,
		0.16666666666666666
	],
	"107": [
		0.7908203125,
		0.20833333333333334
	],
	"108": [
		0.8560546875,
		0.19131944444444443
	],
	"109": [
		0.13046875,
		0.18611111111111112
	],
	"110": [
		0.5197265625,
		0.19479166666666667
	],
	"111": [
		0.8833984375,
		0.41458333333333336
	],
	"112": [
		0.455859375,
		0.20069444444444445
	],
	"113": [
		0.8515625,
		0.19791666666666666
	],
	"114": [
		0.4384765625,
		0.39131944444444444
	],
	"115": [
		0.13203125,
		0.17604166666666668
	],
	"116": [
		0.866015625,
		0.20902777777777778
	],
	"117": [
		0.061328125,
		0.17395833333333333
	],
	"118": [
		0.3255859375,
		0.19479166666666667
	],
	"119": [
		0.3390625,
		0.2013888888888889
	],
	"120": [
		0.0181640625,
		0.18854166666666666
	],
	"121": [
		0.4578125,
		0.19444444444444445
	],
	"122": [
		0.415234375,
		0.20381944444444444
	],
	"123": [
		0.883984375,
		0.403125
	],
	"124": [
		0.4380859375,
		0.4027777777777778
	],
	"125": [
		0.25,
		0.17326388888888888
	],
	"126": [
		0.1412109375,
		0.19444444444444445
	],
	"127": [
		0.0591796875,
		0.17569444444444443
	],
	"128": [
		0.883203125,
		0.4201388888888889
	],
	"129": [
		0.2728515625,
		0.19826388888888888
	],
	"130": [
		0.4552734375,
		0.1920138888888889
	],
	"131": [
		0.7978515625,
		0.19826388888888888
	],
	"132": [
		0.756640625,
		0.190625
	],
	"133": [
		0.2650390625,
		0.18368055555555557
	],
	"134": [
		0.1939453125,
		0.42569444444444443
	],
	"135": [
		0.074609375,
		0.18958333333333333
	],
	"136": [
		0.8669921875,
		0.19791666666666666
	],
	"137": [
		0.3900390625,
		0.1892361111111111
	],
	"138": [
		0.26484375,
		0.19305555555555556
	],
	"139": [
		0.0603515625,
		0.18854166666666666
	],
	"140": [
		0.438671875,
		0.41180555555555554
	],
	"141": [
		0.4388671875,
		0.41180555555555554
	],
	"142": [
		0.3349609375,
		0.17152777777777778
	],
	"143": [
		0.0677734375,
		0.16875
	],
	"144": [
		0.88359375,
		0.4166666666666667
	],
	"145": [
		0.534375,
		0.20555555555555555
	],
	"146": [
		0.46953125,
		0.18611111111111112
	],
	"147": [
		0.7841796875,
		0.19479166666666667
	],
	"148": [
		0.883203125,
		0.40625
	],
	"149": [
		0.5224609375,
		0.1909722222222222
	],
	"150": [
		0.404296875,
		0.20347222222222222
	],
	"151": [
		0.7298828125,
		0.17048611111111112
	],
	"152": [
		0.46015625,
		0.18680555555555556
	],
	"153": [
		0.525390625,
		0.20347222222222222
	],
	"154": [
		0.2484375,
		0.17673611111111112
	],
	"155": [
		0.6541015625,
		0.7072916666666667
	],
	"156": [
		0.6177734375,
		0.17743055555555556
	],
	"157": [
		0.438671875,
		0.4125
	],
	"158": [
		0.6576171875,
		0.23298611111111112
	],
	"159": [
		0.218359375,
		0.19409722222222223
	],
	"160": [
		0.4365234375,
		0.39826388888888886
	],
	"161": [
		0.0845703125,
		0.18819444444444444
	],
	"162": [
		0.337890625,
		0.18263888888888888
	],