{
	"0": [
		0.14296875,
		0.18125
	],
	"1": [
		0.2875,
		0.06180555555555556
	],
	"2": [
		0.259765625,
		0.19756944444444444
	],
	"3": [
		0.21328125,
		0.19722222222222222
	],
	"4": [
		0.20859375,
		0.050694444444444445
	],
	"5": [
		0.291796875,
		0.08715277777777777
	],
	"6": [
		0.4111328125,
		0.20069444444444445
	],
	"7": [
		0.2740234375,
		0.09270833333333334
	],
	"8": [
		0.28984375,
		0.06979166666666667
	],
	"9": [
		0.1880859375,
		0.19166666666666668
	],
	"10": [
		0.1626953125,
		0.13402777777777777
	],
	"11": [
		0.1880859375,
		0.19236111111111112
	],
	"12": [
		0.385546875,
		0.1986111111111111
	],
	"13": [
		0.14296875,
		0.18125
	],
	"14": [
		0.244140625,
		0.049652777777777775
	],
	"15": [
		0.2921875,
		0.08680555555555555
	],
	"16": [
		0.21328125,
		0.19722222222222222
	],
	"17": [
		0.2794921875,
		0.19652777777777777
	],
	"18": [
		0.2794921875,
		0.19652777777777777
	],
	"19": [
		0.2125,
		0.19409722222222223
	],
	"20": [
		0.3458984375,
		0.19722222222222222
	],
	"21": [
		0.3458984375,
		0.19722222222222222
	],
	"22": [
		0.3861328125,
		0.19131944444444443
	],
	"23": [
		0.2607421875,
		0.19583333333333333
	],
	"24": [
		0.1349609375,
		0.15486111111111112
	],
	"25": [
		0.253515625,
		0.05173611111111111
	],
	"26": [
		0.1466796875,
		0.1798611111111111
	],
	"27": [
		0.1876953125,
		0.19236111111111112
	],
	"28": [
		0.1466796875,
		0.18090277777777777
	],
	"29": [
		0.2794921875,
		0.19652777777777777
	],
	"30": [
		0.2931640625,
		0.08611111111111111
	],
	"31": [
		0.259765625,
		0.19756944444444444
	],
	"32": [
		0.1884765625,
		0.196875
	],
	"33": [
		0.2533203125,
		0.18368055555555557
	],
	"34": [
		0.25,
		0.049305555555555554
	],
	"35": [
		0.3458984375,
		0.19722222222222222
	],
	"36": [
		0.1208984375,
		0.19409722222222223
	],
	"37": [
		0.3955078125,
		0.17881944444444445
	],
	"38": [
		0.3205078125,
		0.190625
	],
	"39": [
		0.1712890625,
		0.13645833333333332
	],
	"40": [
		0.320703125,
		0.19826388888888888
	],
	"41": [
		0.20859375,
		0.050347222222222224
	],
	"42": [
		0.0392578125,
		0.16597222222222222
	],
	"43": [
		0.2875,
		0.0625
	],
	"44": [
		0.3861328125,
		0.19131944444444443
	],
	"45": [
		0.1833984375,
		0.1267361111111111
	],
	"46": [
		0.1876953125,
		0.19270833333333334
	],
	"47": [
		0.1466796875,
		0.1798611111111111
	],
	"48": [
		0.2607421875,
		0.19791666666666666
	],
	"49": [
		0.3458984375,
		0.19722222222222222
	],
	"50": [
		0.320703125,
		0.19791666666666666
	],
	"51": [
		0.320703125,
		0.19791666666666666
	],
	"52": [
		0.2794921875,
		0.19652777777777777
	],
	"53": [
		0.1466796875,
		0.1798611111111111
	],
	"54": [
		0.385546875,
		0.19826388888888888
	],
	"55": [
		0.320703125,
		0.19791666666666666
	],
	"56": [
		0.1876953125,
		0.19236111111111112
	],
	"57": [
		0.21328125,
		0.19722222222222222
	],
	"58": [
		0.2525390625,
		0.05
	],
	"59": [
		0.187890625,
		0.19166666666666668
	],
	"60": [
		0.29453125,
		0.08645833333333333
	],
	"61": [
		0.123828125,
		0.19895833333333332
	],
	"62": [
		0.2931640625,
		0.08680555555555555
	],
	"63": [
		0.3205078125,
		0.1986111111111111
	],
	"64": [
		0.3458984375,
		0.19722222222222222
	],
	"65": [
		0.3955078125,
		0.17881944444444445
	],
	"66": [
		0.2759765625,
		0.8510416666666667
	],
	"67": [
		0.187890625,
		0.19166666666666668
	],
	"68": [
		0.353125,
		0.8552083333333333
	],
	"69": [
		0.0380859375,
		0.15520833333333334
	],
	"70": [
		0.2607421875,
		0.19791666666666666
	],
	"71": [
		0.2515625,
		0.05277777777777778
	],
	"72": [
		0.2794921875,
		0.19652777777777777
	],
	"73": [
		0.2501953125,
		0.049305555555555554
	],
	"74": [
		0.1349609375,
		0.15486111111111112
	],
	"75": [
		0.2794921875,
		0.196875
	],
	"76": [
		0.3458984375,
		0.19722222222222222
	],
	"77": [
		0.3458984375,
		0.19722222222222222
	],
	"78": [
		0.14296875,
		0.18125
	],
	"79": [
		0.290625,
		0.06145833333333333
	],
	"80": [
		0.320703125,
		0.19791666666666666
	],
	"81": [
		0.3482421875,
		0.8559027777777778
	],
	"82": [
		0.348828125,
		0.8555555555555555
	],
	"83": [
		0.2873046875,
		0.06875
	],
	"84": [
		0.346875,
		0.8552083333333333
	],
	"85": [
		0.259765625,
		0.19756944444444444
	],
	"86": [
		0.4111328125,
		0.20069444444444445
	],
	"87": [
		0.1380859375,
		0.15729166666666666
	],
	"88": [
		0.2873046875,
		0.0625
	],
	"89": [
		0.416015625,
		0.8579861111111111
	],
	"90": [
		0.0958984375,
		0.15347222222222223
	],
	"91": [
		0.2876953125,
		0.06354166666666666
	],
	"92": [
		0.23828125,
		0.10208333333333333
	],
	"93": [
		0.1373046875,
		0.184375
	],
	"94": [
		0.21328125,
		0.19722222222222222
	],
	"95": [
		0.14140625,
		0.18263888888888888
	],
	"96": [
		0.379296875,
		0.8569444444444444
	],
	"97": [
		0.21328125,
		0.19722222222222222
	],
	"98": [
		0.130859375,
		0.16354166666666667
	],
	"99": [
		0.1373046875,
		0.1840277777777778
	],
	"100": [
		0.21328125,
		0.19722222222222222
	],
	"101": [
		0.259765625,
		0.19756944444444444
	],
	"102": [
		0.2880859375,
		0.06875
	],
	"103": [
		0.2740234375,
		0.09270833333333334
	],
	"104": [
		0.2818359375,
		0.8545138888888889
	],
	"105": [
		0.4111328125,
		0.20173611111111112
	],
	"106": [
		0.259765625,
		0.19756944444444444
	],
	"107": [
		0.3458984375,
		0.19722222222222222
	],
	"108": [
		0.2703125,
		0.052083333333333336
	],
	"109": [
		0.2794921875,
		0.19652777777777777
	],
	"110": [
		0.4111328125,
		0.20173611111111112
	],
	"111": [
		0.137890625,
		0.14930555555555555
	],
	"112": [
		0.2880859375,
		0.0642361111111111
	],
	"113": [
		0.292578125,
		0.08715277777777777
	],
	"114": [
		0.24921875,
		0.049305555555555554
	],
	"115": [
		0.2470703125,
		0.09895833333333333
	],
	"116": [
		0.2794921875,
		0.19652777777777777
	],
	"117": [
		0.14140625,
		0.18194444444444444
	],
	"118": [
		0.3298828125,
		0.18020833333333333
	],
	"119": [
		0.133203125,
		0.15763888888888888
	],
	"120": [
		0.290625,
		0.06145833333333333
	],
	"121": [
		0.0341796875,
		0.1625
	],
	"122": [
		0.2794921875,
		0.19652777777777777
	],
	"123": [
		0.148828125,
		0.84375
	],
	"124": [
		0.2607421875,
		0.19236111111111112
	],
	"125": [
		0.21328125,
		0.19722222222222222
	],
	"126": [
		0.246875,
		0.049305555555555554
	],
	"127": [
		0.3458984375,
		0.19722222222222222
	],
	"128": [
		0.3853515625,
		0.19826388888888888
	],
	"129": [
		0.146875,
		0.18229166666666666
	],
	"130": [
		0.2794921875,
		0.19652777777777777
	],
	"131": [
		0.3458984375,
		0.19722222222222222
	],
	"132": [
		0.2828125,
		0.06041666666666667
	],
	"133": [
		0.2125,
		0.1951388888888889
	],
	"134": [
		0.4111328125,
		0.20173611111111112
	],
	"135": [
		0.1466796875,
		0.1798611111111111
	],
	"136": [
		0.1458984375,
		0.18368055555555557
	],
	"137": [
		0.2861328125,
		0.06805555555555555
	],
	"138": [
		0.023046875,
		0.8697916666666666
	],
	"139": [
		0.2794921875,
		0.19652777777777777
	],
	"140": [
		0.14296875,
		0.18125
	],
	"141": [
		0.2794921875,
		0.19652777777777777
	],
	"142": [
		0.320703125,
		0.19826388888888888
	],
	"143": [
		0.2080078125,
		0.04895833333333333
	],
	"144": [
		0.3458984375,
		0.19722222222222222
	],
	"145": [
		0.2517578125,
		0.09652777777777778
	],
	"146": [
		0.21328125,
		0.196875
	],
	"147": [
		0.259765625,
		0.19756944444444444
	],
	"148": [
		0.2943359375,
		0.08298611111111111
	],
	"149": [
		0.21328125,
		0.19722222222222222
	],
	"150": [
		0.21328125,
		0.19722222222222222
	],
	"151": [
		0.207421875,
		0.04895833333333333
	],
	"152": [
		0.023046875,
		0.8670138888888889
	],
	"153": [
		0.24609375,
		0.04895833333333333
	],
	"154": [
		0.0337890625,
		0.16180555555555556
	],
	"155": [
		0.02421875,
		0.8736111111111111
	],
	"156": [
		0.2896484375,
		0.06458333333333334
	],
	"157": [
		0.2052734375,
		0.11388888888888889
	],
	"158": [
		0.21328125,
		0.19722222222222222
	],
	"159": [
		0.2591796875,
		0.18888888888888888
	],
	"160": [
		0.3408203125,
		0.18055555555555555
	],
	"161": [
		0.21328125,
		0.196875
	],
	"162": [
		0.040625,
		0.15381944444444445
	],