{
	"EighteenYardNorthForwardEast": [
		0.393646408839779,
		0.21979310633664195
	],
	"PenaltyCircleNorthEast": [
		0.292817679558011,
		0.28144239226033424
	],
	"PenaltyCircleNorthWest": [
		0.12569060773480664,
		0.3779369267495917
	]
}