{
	"0": [
		0.8359375,
		0.35555555555555557
	],
	"1": [
		0.778125,
		0.325
	],
	"2": [
		0.446875,
		0.3111111111111111
	],
	"3": [
		0.3875,
		0.3277777777777778
	],
	"4": [
		0.66875,
		0.17222222222222222
	],
	"5": [
		0.6109375,
		0.14722222222222223
	],
	"6": [
		0.39375,
		0.325
	],
	"7": [
		0.3390625,
		0.36666666666666664
	],
	"8": [
		0.446875,
		0.4444444444444444
	],
	"9": [
		0.3890625,
		0.425
	],
	"10": [
		0.834375,
		0.4083333333333333
	],
	"11": [
		0.778125,
		0.4361111111111111
	],
	"12": [
		0.725,
		0.3138888888888889
	],
	"13": [
		0.6671875,
		0.30277777777777776
	],
	"14": [
		0.8359375,
		0.17777777777777778
	],
	"15": [
		0.778125,
		0.16944444444444445
	],
	"16": [
		0.503125,
		0.30277777777777776
	],
	"17": [
		0.4453125,
		0.3111111111111111
	],
	"18": [
		0.725,
		0.45
	],
	"19": [
		0.6671875,
		0.4583333333333333
	],
	"20": [
		0.725,
		0.175
	],
	"21": [
		0.6671875,
		0.17222222222222222
	],
	"22": [
		0.5578125,
		0.4583333333333333
	],
	"23": [
		0.5,
		0.45555555555555555
	],
	"24": [
		0.446875,
		0.8916666666666667
	],
	"25": [
		0.3890625,
		0.8888888888888888
	],
	"26": [
		0.725,
		0.9
	],
	"27": [
		0.6671875,
		0.8972222222222223
	],
	"28": [
		0.8359375,
		0.9055555555555556
	],
	"29": [
		0.778125,
		0.9027777777777778
	],
	"30": [
		0.946875,
		0.9111111111111111
	],
	"31": [
		0.8890625,
		0.9083333333333333
	],
	"32": [
		0.5578125,
		0.1527777777777778
	],
	"33": [
		0.5,
		0.1527777777777778
	],
	"34": [
		0.5890625,
		0.7
	],
	"35": [
		0.5890625,
		0.8027777777777778
	],
	"36": [
		0.7796875,
		0.4361111111111111
	],
	"37": [
		0.7234375,
		0.4527777777777778
	],
	"38": [
		0.7796875,
		0.3277777777777778
	],
	"39": [
		0.7234375,
		0.3138888888888889
	],
	"40": [
		0.5015625,
		0.45555555555555555
	],
	"41": [
		0.4453125,
		0.4444444444444444
	],
	"42": [
		0.890625,
		0.9083333333333333
	],
	"43": [
		0.834375,
		0.9055555555555556
	],
	"44": [
		0.0578125,
		0.8916666666666667
	],
	"45": [
		0.0015625,
		0.8916666666666667
	],
	"46": [
		0.5,
		0.1638888888888889
	],
	"47": [
		0.4453125,
		0.175
	],
	"48": [
		1,
		0.9166666666666666
	],
	"49": [
		0.9453125,
		0.9111111111111111
	],
	"50": [
		0.6671875,
		0.1527777777777778
	],
	"51": [
		0.6125,
		0.15555555555555556
	],
	"52": [
		0.1109375,
		0.1638888888888889
	],
	"53": [
		0.05625,
		0.1638888888888889
	],
	"54": [
		0.8875,
		0.21388888888888888
	],
	"55": [
		0.9140625,
		0.2972222222222222
	],
	"56": [
		0.8828125,
		0.18888888888888888
	],
	"57": [
		0.834375,
		0.15
	],
	"58": [
		0.5578125,
		0.8944444444444445
	],
	"59": [
		0.5046875,
		0.8916666666666667
	],
	"60": [
		0.5890625,
		0.8
	],
	"61": [
		0.590625,
		0.8944444444444445
	],
	"62": [
		0.896875,
		0.21388888888888888
	],
	"63": [
		0.9109375,
		0.30277777777777776
	],
	"64": [
		0.903125,
		0.21388888888888888
	],
	"65": [
		0.9015625,
		0.30277777777777776
	],
	"66": [
		0.34375,
		0.39444444444444443
	],
	"67": [
		0.390625,
		0.425
	],
	"68": [
		0.8828125,
		0.175
	],
	"69": [
		0.834375,
		0.17777777777777778
	],
	"70": [
		0.0453125,
		0.05
	],
	"71": [
		0.00625,
		0.1
	],
	"72": [
		0.75,
		0.5083333333333333
	],
	"73": [
		0.75625,
		0.5916666666666667
	],
	"74": [
		0.9109375,
		0.22777777777777777
	],
	"75": [
		0.89375,
		0.30277777777777776
	],
	"76": [
		0.528125,
		0.12777777777777777
	],
	"77": [
		0.559375,
		0.18333333333333332
	],
	"78": [
		0.5984375,
		0.8944444444444445
	],
	"79": [
		0.5546875,
		0.8916666666666667
	],
	"80": [
		0.2671875,
		0.8888888888888888
	],
	"81": [
		0.2234375,
		0.8888888888888888
	],
	"82": [
		0.2640625,
		0.15833333333333333
	],
	"83": [
		0.2234375,
		0.18055555555555555
	],
	"84": [
		0.5984375,
		0.46111111111111114
	],
	"85": [
		0.55625,
		0.4583333333333333
	],
	"86": [
		0.01875,
		0.15
	],
	"87": [
		0.0578125,
		0.175
	],
	"88": [
		0.528125,
		0.11666666666666667
	],
	"89": [
		0.5578125,
		0.1638888888888889
	],
	"90": [
		0.01875,
		0.3138888888888889
	],
	"91": [
		0.0234375,
		0.38333333333333336
	],
	"92": [
		0.66875,
		0.4583333333333333
	],
	"93": [
		0.6296875,
		0.46111111111111114
	],
	"94": [
		0.3234375,
		0.40555555555555556
	],
	"95": [
		0.3234375,
		0.475
	],
	"96": [
		0.0953125,
		0.8888888888888888
	],
	"97": [
		0.05625,
		0.8888888888888888
	],
	"98": [
		0.2375,
		0.3972222222222222
	],
	"99": [
		0.2234375,
		0.46111111111111114
	],
	"100": [
		0.0453125,
		0.07222222222222222
	],
	"101": [
		0.0078125,
		0.08055555555555556
	],
	"102": [
		0.6640625,
		0.6555555555555556
	],
	"103": [
		0.6390625,
		0.7055555555555556
	],
	"104": [
		0.3359375,
		0.09444444444444444
	],
	"105": [
		0.3,
		0.075
	],
	"106": [
		0.6078125,
		0.09444444444444444
	],
	"107": [
		0.571875,
		0.075
	],
	"108": [
		0.7765625,
		0.5222222222222223
	],
	"109": [
		0.753125,
		0.5722222222222222
	],
	"110": [
		0.9125,
		0.25
	],
	"111": [
		0.8875,
		0.2972222222222222
	],
	"112": [
		0.228125,
		0.3972222222222222
	],
	"113": [
		0.2328125,
		0.46111111111111114
	],
	"114": [
		0.590625,
		0.4388888888888889
	],
	"115": [
		0.59375,
		0.5027777777777778
	],
	"116": [
		0.446875,
		0.175
	],
	"117": [
		0.4109375,
		0.17222222222222222
	],
	"118": [
		0.2109375,
		0.4
	],
	"119": [
		0.2203125,
		0.46111111111111114
	],
	"120": [
		0.771875,
		0.5583333333333333
	],
	"121": [
		0.74375,
		0.5194444444444445
	],
	"122": [
		0.7640625,
		0.15
	],
	"123": [
		0.7296875,
		0.1527777777777778
	],
	"124": [
		0.55625,
		0.1527777777777778
	],
	"125": [
		0.5734375,
		0.20277777777777778
	],
	"126": [
		0.66875,
		0.8972222222222223
	],
	"127": [
		0.6359375,
		0.8972222222222223
	],
	"128": [
		0.5734375,
		0.2
	],
	"129": [
		0.55625,
		0.24722222222222223
	],
	"130": [
		0.225,
		0.4
	],
	"131": [
		0.2,
		0.43333333333333335
	],
	"132": [
		0.2015625,
		0.4222222222222222
	],
	"133": [
		0.2234375,
		0.46111111111111114
	],
	"134": [
		0.5921875,
		0.2
	],
	"135": [
		0.609375,
		0.24444444444444444
	],
	"136": [
		0.83125,
		0.9361111111111111
	],
	"137": [
		0.8609375,
		0.9444444444444444
	],
	"138": [
		0.221875,
		0.14722222222222223
	],
	"139": [
		0.1984375,
		0.18055555555555555
	],
	"140": [
		0.390625,
		0.8888888888888888
	],
	"141": [
		0.3609375,
		0.8888888888888888
	],
	"142": [
		0.55625,
		0.1527777777777778
	],
	"143": [
		0.546875,
		0.20277777777777778
	],
	"144": [
		0.6375,
		0.14444444444444443
	],
	"145": [
		0.6125,
		0.17222222222222222
	],
	"146": [
		0.0421875,
		0.05
	],
	"147": [
		0.0296875,
		0.09722222222222222
	],
	"148": [
		0.225,
		0.18055555555555555
	],
	"149": [
		0.196875,
		0.16944444444444445
	],
	"150": [
		0.9125,
		0.2388888888888889
	],
	"151": [
		0.8875,
		0.21388888888888888
	],
	"152": [
		0.5515625,
		0.19722222222222222
	],
	"153": [
		0.55625,
		0.24722222222222223
	],
	"154": [
		0.83125,
		0.15
	],
	"155": [
		0.8078125,
		0.17777777777777778
	],
	"156": [
		0.9109375,
		0.2972222222222222
	],
	"157": [
		0.8875,
		0.325
	],
	"158": [
		0.084375,
		0.9222222222222223
	],
	"159": [
		0.05625,
		0.925
	],
	"160": [
		0.225,
		0.8888888888888888
	],
	"161": [
		0.196875,
		0.8888888888888888
	],
	"162": [
		0.8890625,
		0.30277777777777776
	],
	"163": [
		0.9140625,
		0.325
	],
	"164": [
		0.371875,
		0.1
	],
	"165": [
		0.35,
		0.06944444444444445
	],
	"166": [
		0.6734375,
		0.15
	],
	"167": [
		0.696875,
		0.175
	],
	"168": [
		0.0265625,
		0.05
	],
	"169": [
		0.03125,
		0.09722222222222222
	],
	"170": [
		0.81875,
		0.15
	],
	"171": [
		0.796875,
		0.17777777777777778
	],
	"172": [
		0.3359375,
		0.2388888888888889
	],
	"173": [
		0.3578125,
		0.26666666666666666
	],
	"174": [
		0.9109375,
		0.22777777777777777
	],
	"175": [
		0.8890625,
		0.25555555555555554
	],
	"176": [
		0.3578125,
		0.3
	],
	"177": [
		0.334375,
		0.3194444444444444
	],
	"178": [
		0.3140625,
		0.1
	],
	"179": [
		0.334375,
		0.12777777777777777
	],
	"180": [
		0.3390625,
		0.36666666666666664
	],
	"181": [
		0.3546875,
		0.4027777777777778
	],