{
	"CornerNorthWest": [
		0.1853932584269663,
		0.4127821753151568
	],
	"CornerNorthEast": [
		0.19382022471910113,
		0.1581438204129497
	],
	"CornerSouthEast": [
		0.4887640449438202,
		0.17958705029945135
	],
	"CornerSouthWest": [
		0.5084269662921348,
		0.4824726724462872
	]
}