{
	"0": [
		0.5765625,
		0.5
	],
	"1": [
		0.58125,
		0.6083333333333333
	],
	"2": [
		0.821875,
		0.2972222222222222
	],
	"3": [
		0.778125,
		0.37222222222222223
	],
	"4": [
		0.58125,
		0.3972222222222222
	],
	"5": [
		0.5703125,
		0.5027777777777778
	],
	"6": [
		0.39375,
		0.3611111111111111
	],
	"7": [
		0.3375,
		0.4
	],
	"8": [
		0.390625,
		0.46111111111111114
	],
	"9": [
		0.3359375,
		0.4166666666666667
	],
	"10": [
		0.446875,
		0.48055555555555557
	],
	"11": [
		0.3890625,
		0.4583333333333333
	],
	"12": [
		0.446875,
		0.3472222222222222
	],
	"13": [
		0.3890625,
		0.3638888888888889
	],
	"14": [
		0.1140625,
		0.20555555555555555
	],
	"15": [
		0.05625,
		0.21944444444444444
	],
	"16": [
		0.725,
		0.35555555555555557
	],
	"17": [
		0.6671875,
		0.34444444444444444
	],
	"18": [
		0.725,
		0.4777777777777778
	],
	"19": [
		0.6671875,
		0.4888888888888889
	],
	"20": [
		0.5765625,
		0.2
	],
	"21": [
		0.5796875,
		0.30277777777777776
	],
	"22": [
		0.725,
		0.9138888888888889
	],
	"23": [
		0.6671875,
		0.9111111111111111
	],
	"24": [
		0.5796875,
		0.3
	],
	"25": [
		0.5796875,
		0.4027777777777778
	],
	"26": [
		0.7796875,
		0.37222222222222223
	],
	"27": [
		0.7234375,
		0.3527777777777778
	],
	"28": [
		0.7796875,
		0.4583333333333333
	],
	"29": [
		0.7234375,
		0.4777777777777778
	],
	"30": [
		0.55625,
		0.21666666666666667
	],
	"31": [
		0.603125,
		0.275
	],
	"32": [
		0.5015625,
		0.4888888888888889
	],
	"33": [
		0.4453125,
		0.4777777777777778
	],
	"34": [
		0.55625,
		0.23055555555555557
	],
	"35": [
		0.59375,
		0.3055555555555556
	],
	"36": [
		0.55625,
		0.49166666666666664
	],
	"37": [
		0.5,
		0.4861111111111111
	],
	"38": [
		0.7796875,
		0.9166666666666666
	],
	"39": [
		0.7234375,
		0.9138888888888889
	],
	"40": [
		0.834375,
		0.9194444444444444
	],
	"41": [
		0.778125,
		0.9166666666666666
	],
	"42": [
		1,
		0.9305555555555556
	],
	"43": [
		0.9453125,
		0.925
	],
	"44": [
		0.4984375,
		0.2
	],
	"45": [
		0.4453125,
		0.2222222222222222
	],
	"46": [
		0.0578125,
		0.9083333333333333
	],
	"47": [
		0.0046875,
		0.9055555555555556
	],
	"48": [
		0.81875,
		0.2972222222222222
	],
	"49": [
		0.79375,
		0.38055555555555554
	],
	"50": [
		0.825,
		0.4166666666666667
	],
	"51": [
		0.778125,
		0.46111111111111114
	],
	"52": [
		0.6125,
		0.20833333333333334
	],
	"53": [
		0.578125,
		0.2777777777777778
	],
	"54": [
		0.946875,
		0.9277777777777778
	],
	"55": [
		0.8953125,
		0.9222222222222223
	],
	"56": [
		0.6078125,
		0.3277777777777778
	],
	"57": [
		0.578125,
		0.4027777777777778
	],
	"58": [
		0.8859375,
		0.9222222222222223
	],
	"59": [
		0.834375,
		0.9194444444444444
	],
	"60": [
		0.775,
		0.36944444444444446
	],
	"61": [
		0.821875,
		0.4027777777777778
	],
	"62": [
		0.1140625,
		0.13055555555555556
	],
	"63": [
		0.0640625,
		0.13055555555555556
	],
	"64": [
		1,
		0.20555555555555555
	],
	"65": [
		0.9515625,
		0.21944444444444444
	],
	"66": [
		0.6140625,
		0.15555555555555556
	],
	"67": [
		0.56875,
		0.12222222222222222
	],
	"68": [
		0.58125,
		0.8166666666666667
	],
	"69": [
		0.5765625,
		0.9027777777777778
	],
	"70": [
		0.66875,
		0.4861111111111111
	],
	"71": [
		0.6203125,
		0.49166666666666664
	],
	"72": [
		0.603125,
		0.2611111111111111
	],
	"73": [
		0.55625,
		0.2388888888888889
	],
	"74": [
		0.603125,
		0.25
	],
	"75": [
		0.55625,
		0.25833333333333336
	],
	"76": [
		0.4921875,
		0.3416666666666667
	],
	"77": [
		0.4453125,
		0.35
	],
	"78": [
		0.490625,
		0.2222222222222222
	],
	"79": [
		0.44375,
		0.21944444444444444
	],
	"80": [
		0.6140625,
		0.14722222222222223
	],
	"81": [
		0.56875,
		0.1388888888888889
	],
	"82": [
		0.3359375,
		0.14166666666666666
	],
	"83": [
		0.290625,
		0.1388888888888889
	],
	"84": [
		0.5765625,
		0.7111111111111111
	],
	"85": [
		0.578125,
		0.7916666666666666
	],
	"86": [
		0.509375,
		0.12222222222222222
	],
	"87": [
		0.4984375,
		0.2
	],
	"88": [
		0.54375,
		0.9083333333333333
	],
	"89": [
		0.5,
		0.9083333333333333
	],
	"90": [
		0.66875,
		0.9111111111111111
	],
	"91": [
		0.625,
		0.9111111111111111
	],
	"92": [
		0.1859375,
		0.6972222222222222
	],
	"93": [
		0.196875,
		0.7722222222222223
	],
	"94": [
		0.134375,
		0.7138888888888889
	],
	"95": [
		0.1296875,
		0.7888888888888889
	],
	"96": [
		0.1828125,
		0.6972222222222222
	],
	"97": [
		0.184375,
		0.7722222222222223
	],
	"98": [
		0.1125,
		0.1361111111111111
	],
	"99": [
		0.08125,
		0.18611111111111112
	],
	"100": [
		0.259375,
		0.3
	],
	"101": [
		0.278125,
		0.3638888888888889
	],
	"102": [
		0.10625,
		0.425
	],
	"103": [
		0.0921875,
		0.49166666666666664
	],
	"104": [
		0.79375,
		0.30277777777777776
	],
	"105": [
		0.8203125,
		0.35555555555555557
	],
	"106": [
		0.584375,
		0.2
	],
	"107": [
		0.55625,
		0.25
	],
	"108": [
		0.446875,
		0.21944444444444444
	],
	"109": [
		0.4078125,
		0.2222222222222222
	],
	"110": [
		0.8359375,
		0.9527777777777777
	],
	"111": [
		0.796875,
		0.95
	],
	"112": [
		0.1125,
		0.7305555555555555
	],
	"113": [
		0.1375,
		0.7833333333333333
	],
	"114": [
		0.721875,
		0.7055555555555556
	],
	"115": [
		0.7015625,
		0.7638888888888888
	],
	"116": [
		0.1109375,
		0.43333333333333335
	],
	"117": [
		0.1171875,
		0.5
	],
	"118": [
		0.371875,
		0.14166666666666666
	],
	"119": [
		0.334375,
		0.14166666666666666
	],
	"120": [
		0.615625,
		0.3388888888888889
	],
	"121": [
		0.578125,
		0.3388888888888889
	],
	"122": [
		0.65,
		0.2
	],
	"123": [
		0.615625,
		0.225
	],
	"124": [
		0.128125,
		0.7138888888888889
	],
	"125": [
		0.11875,
		0.7777777777777778
	],
	"126": [
		0.603125,
		0.25
	],
	"127": [
		0.5796875,
		0.3
	],
	"128": [
		0.584375,
		0.3
	],
	"129": [
		0.6125,
		0.3416666666666667
	],
	"130": [
		0.5,
		0.1388888888888889
	],
	"131": [
		0.4875,
		0.2
	],
	"132": [
		0.578125,
		0.3388888888888889
	],
	"133": [
		0.596875,
		0.39444444444444443
	],
	"134": [
		0.5609375,
		0.19722222222222222
	],
	"135": [
		0.5640625,
		0.2611111111111111
	],
	"136": [
		0.125,
		0.4388888888888889
	],
	"137": [
		0.1140625,
		0.5
	],
	"138": [
		0.5453125,
		0.19722222222222222
	],
	"139": [
		0.5453125,
		0.2611111111111111
	],
	"140": [
		0.7734375,
		0.2222222222222222
	],
	"141": [
		0.7375,
		0.2222222222222222
	],
	"142": [
		0.56875,
		0.19722222222222222
	],
	"143": [
		0.55625,
		0.25555555555555554
	],
	"144": [
		0.8265625,
		0.3194444444444444
	],
	"145": [
		0.7921875,
		0.32222222222222224
	],
	"146": [
		0.09375,
		0.9361111111111111
	],
	"147": [
		0.059375,
		0.9361111111111111
	],
	"148": [
		0.253125,
		0.11388888888888889
	],
	"149": [
		0.2703125,
		0.16666666666666666
	],
	"150": [
		0.6078125,
		0.3277777777777778
	],
	"151": [
		0.578125,
		0.35833333333333334
	],
	"152": [
		0.5546875,
		0.19722222222222222
	],
	"153": [
		0.540625,
		0.25277777777777777
	],
	"154": [
		0.75625,
		0.1527777777777778
	],
	"155": [
		0.7234375,
		0.1361111111111111
	],
	"156": [
		0.1453125,
		0.13055555555555556
	],
	"157": [
		0.1125,
		0.14444444444444443
	],
	"158": [
		0.8,
		0.2972222222222222
	],
	"159": [
		0.821875,
		0.3416666666666667
	],
	"160": [
		0.8359375,
		0.21388888888888888
	],
	"161": [
		0.803125,
		0.2222222222222222
	],
	"162": [
		0.0921875,
		0.18888888888888888
	],
	"163": [
		0.059375,
		0.18611111111111112
	],
	"164": [
		0.7921875,
		0.32222222222222224
	],
	"165": [
		0.821875,
		0.3472222222222222
	],
	"166": [
		0.7171875,
		0.7055555555555556
	],
	"167": [
		0.7171875,
		0.7638888888888888
	],
	"168": [
		0.2625,
		0.3
	],
	"169": [
		0.2546875,
		0.35555555555555557
	],
	"170": [
		0.1171875,
		0.11944444444444445
	],
	"171": [
		0.1453125,
		0.14722222222222223
	],
	"172": [
		0.1015625,
		0.10833333333333334
	],
	"173": [
		0.1125,
		0.16111111111111112
	],
	"174": [
		0.240625,
		0.43333333333333335
	],
	"175": [
		0.2546875,
		0.48333333333333334
	],
	"176": [
		0.8171875,
		0.19444444444444445
	],
	"177": [
		0.7859375,
		0.19722222222222222
	],
	"178": [
		0.5390625,
		0.21666666666666667
	],