{
	"EighteenYardNorthForwardWest": [
		0.125,
		0.7203616569794261
	],
	"EighteenYardNorthForwardEast": [
		0.8188202247191011,
		0.3129439985238491
	],
	"SixYardNorthForwardEast": [
		0.33146067415730335,
		0.3690377341083126
	],
	"PenaltySpotNorth": [
		0.35814606741573035,
		0.4457975828028416
	]
}