{
	"0": [
		0.5046875,
		0.2
	],
	"1": [
		0.5515625,
		0.28888888888888886
	],
	"2": [
		0.3359375,
		0.4583333333333333
	],
	"3": [
		0.2796875,
		0.4083333333333333
	],
	"4": [
		0.7828125,
		0.20277777777777778
	],
	"5": [
		0.8109375,
		0.3
	],
	"6": [
		0.5,
		0.20833333333333334
	],
	"7": [
		0.5578125,
		0.24444444444444444
	],
	"8": [
		0.8265625,
		0.20277777777777778
	],
	"9": [
		0.7828125,
		0.275
	],
	"10": [
		0.5390625,
		0.49722222222222223
	],
	"11": [
		0.540625,
		0.6027777777777777
	],
	"12": [
		0.390625,
		0.4777777777777778
	],
	"13": [
		0.3328125,
		0.45555555555555555
	],
	"14": [
		0.7796875,
		0.4361111111111111
	],
	"15": [
		0.7234375,
		0.4666666666666667
	],
	"16": [
		0.725,
		0.35555555555555557
	],
	"17": [
		0.6671875,
		0.3388888888888889
	],
	"18": [
		0.725,
		0.4638888888888889
	],
	"19": [
		0.6671875,
		0.48055555555555557
	],
	"20": [
		0.55625,
		0.17222222222222222
	],
	"21": [
		0.5,
		0.2
	],
	"22": [
		0.5375,
		0.2
	],
	"23": [
		0.5453125,
		0.30277777777777776
	],
	"24": [
		0.446875,
		0.19166666666666668
	],
	"25": [
		0.3890625,
		0.20277777777777778
	],
	"26": [
		0.446875,
		0.3333333333333333
	],
	"27": [
		0.3890625,
		0.34444444444444444
	],
	"28": [
		0.446875,
		0.4861111111111111
	],
	"29": [
		0.3890625,
		0.475
	],
	"30": [
		0.3359375,
		0.35555555555555557
	],
	"31": [
		0.2828125,
		0.3972222222222222
	],
	"32": [
		0.7984375,
		0.20277777777777778
	],
	"33": [
		0.784375,
		0.30277777777777776
	],
	"34": [
		0.540625,
		0.4
	],
	"35": [
		0.5375,
		0.5027777777777778
	],
	"36": [
		0.6140625,
		0.4861111111111111
	],
	"37": [
		0.55625,
		0.49166666666666664
	],
	"38": [
		0.540625,
		0.6
	],
	"39": [
		0.5375,
		0.7027777777777777
	],
	"40": [
		0.5375,
		0.7
	],
	"41": [
		0.540625,
		0.8027777777777778
	],
	"42": [
		0.5375,
		0.8
	],
	"43": [
		0.540625,
		0.9027777777777778
	],
	"44": [
		0.5578125,
		0.18333333333333332
	],
	"45": [
		0.5,
		0.18055555555555555
	],
	"46": [
		0.5578125,
		0.23055555555555557
	],
	"47": [
		0.5,
		0.22777777777777777
	],
	"48": [
		0.5578125,
		0.49166666666666664
	],
	"49": [
		0.5,
		0.4888888888888889
	],
	"50": [
		0.446875,
		0.9277777777777778
	],
	"51": [
		0.3890625,
		0.9305555555555556
	],
	"52": [
		0.946875,
		0.9444444444444444
	],
	"53": [
		0.8890625,
		0.9416666666666667
	],
	"54": [
		0.6140625,
		0.18055555555555555
	],
	"55": [
		0.55625,
		0.18055555555555555
	],
	"56": [
		0.5390625,
		0.3
	],
	"57": [
		0.5390625,
		0.4027777777777778
	],
	"58": [
		0.3359375,
		0.9305555555555556
	],
	"59": [
		0.278125,
		0.9305555555555556
	],
	"60": [
		0.5578125,
		0.9305555555555556
	],
	"61": [
		0.5,
		0.9305555555555556
	],
	"62": [
		0.6140625,
		0.9305555555555556
	],
	"63": [
		0.55625,
		0.9305555555555556
	],
	"64": [
		0.446875,
		0.19166666666666668
	],
	"65": [
		0.390625,
		0.16944444444444445
	],
	"66": [
		0.390625,
		0.3416666666666667
	],
	"67": [
		0.334375,
		0.35833333333333334
	],
	"68": [
		0.7234375,
		0.3527777777777778
	],
	"69": [
		0.778125,
		0.38055555555555554
	],
	"70": [
		0.66875,
		0.3416666666666667
	],
	"71": [
		0.6125,
		0.3277777777777778
	],
	"72": [
		0.8109375,
		0.2
	],
	"73": [
		0.8046875,
		0.3
	],
	"74": [
		0.6703125,
		0.4777777777777778
	],
	"75": [
		0.6140625,
		0.4861111111111111
	],
	"76": [
		0.390625,
		0.9305555555555556
	],
	"77": [
		0.334375,
		0.9277777777777778
	],
	"78": [
		0.66875,
		0.9333333333333333
	],
	"79": [
		0.6125,
		0.9305555555555556
	],
	"80": [
		0.5015625,
		0.18055555555555555
	],
	"81": [
		0.4453125,
		0.18055555555555555
	],
	"82": [
		0.16875,
		0.9333333333333333
	],
	"83": [
		0.1125,
		0.9333333333333333
	],
	"84": [
		0.2796875,
		0.9305555555555556
	],
	"85": [
		0.2234375,
		0.9305555555555556
	],
	"86": [
		0.5015625,
		0.9277777777777778
	],
	"87": [
		0.4453125,
		0.9277777777777778
	],
	"88": [
		0.778125,
		0.17777777777777778
	],
	"89": [
		0.7234375,
		0.19166666666666668
	],
	"90": [
		0.8171875,
		0.3111111111111111
	],
	"91": [
		0.778125,
		0.38055555555555554
	],
	"92": [
		0.15625,
		0.7
	],
	"93": [
		0.1484375,
		0.7972222222222223
	],
	"94": [
		1,
		0.19722222222222222
	],
	"95": [
		0.9453125,
		0.2
	],
	"96": [
		0.1140625,
		0.9333333333333333
	],
	"97": [
		0.059375,
		0.9361111111111111
	],
	"98": [
		1,
		0.9472222222222222
	],
	"99": [
		0.9453125,
		0.9444444444444444
	],
	"100": [
		0.6625,
		0.20277777777777778
	],
	"101": [
		0.6125,
		0.20833333333333334
	],
	"102": [
		0.890625,
		0.9416666666666667
	],
	"103": [
		0.840625,
		0.9388888888888889
	],
	"104": [
		0.0625,
		0.4166666666666667
	],
	"105": [
		0.05625,
		0.5027777777777778
	],
	"106": [
		0.6125,
		0.3277777777777778
	],
	"107": [
		0.5859375,
		0.4
	],
	"108": [
		0.0625,
		0.4166666666666667
	],
	"109": [
		0.075,
		0.5
	],
	"110": [
		0.2796875,
		0.11944444444444445
	],
	"111": [
		0.23125,
		0.11666666666666667
	],
	"112": [
		0.778125,
		0.17777777777777778
	],
	"113": [
		0.8234375,
		0.20277777777777778
	],
	"114": [
		0.165625,
		0.7222222222222222
	],
	"115": [
		0.1390625,
		0.7916666666666666
	],
	"116": [
		0.2375,
		0.10555555555555556
	],
	"117": [
		0.275,
		0.15555555555555556
	],
	"118": [
		0.046875,
		0.18888888888888888
	],
	"119": [
		0.0015625,
		0.19444444444444445
	],
	"120": [
		0.828125,
		0.9388888888888889
	],
	"121": [
		0.7828125,
		0.9361111111111111
	],
	"122": [
		0.0578125,
		0.10555555555555556
	],
	"123": [
		0.0140625,
		0.125
	],
	"124": [
		0.7796875,
		0.3055555555555556
	],
	"125": [
		0.8171875,
		0.3472222222222222
	],
	"126": [
		0.0578125,
		0.11666666666666667
	],
	"127": [
		0.0140625,
		0.10833333333333334
	],
	"128": [
		0.08125,
		0.43333333333333335
	],
	"129": [
		0.05625,
		0.49722222222222223
	],
	"130": [
		0.3796875,
		0.6
	],
	"131": [
		0.378125,
		0.675
	],
	"132": [
		0.8109375,
		0.3
	],
	"133": [
		0.7796875,
		0.35
	],
	"134": [
		0.6984375,
		0.7166666666666667
	],
	"135": [
		0.66875,
		0.7694444444444445
	],
	"136": [
		0.6921875,
		0.6333333333333333
	],
	"137": [
		0.6734375,
		0.7
	],
	"138": [
		0.55625,
		0.17222222222222222
	],
	"139": [
		0.5953125,
		0.19722222222222222
	],
	"140": [
		0.0484375,
		0.4305555555555556
	],
	"141": [
		0.05625,
		0.5027777777777778
	],
	"142": [
		0.3859375,
		0.6
	],
	"143": [
		0.365625,
		0.6638888888888889
	],
	"144": [
		0.8171875,
		0.3194444444444444
	],
	"145": [
		0.7796875,
		0.3388888888888889
	],
	"146": [
		0.70625,
		0.9333333333333333
	],
	"147": [
		0.6671875,
		0.9333333333333333
	],
	"148": [
		0.7859375,
		0.2361111111111111
	],
	"149": [
		0.8140625,
		0.2833333333333333
	],
	"150": [
		0.7140625,
		0.1
	],
	"151": [
		0.725,
		0.1638888888888889
	],
	"152": [
		0.8171875,
		0.3111111111111111
	],
	"153": [
		0.7796875,
		0.3111111111111111
	],
	"154": [
		0.6828125,
		0.6333333333333333
	],
	"155": [
		0.6828125,
		0.7
	],
	"156": [
		0.59375,
		0.49444444444444446
	],
	"157": [
		0.603125,
		0.5583333333333333
	],
	"158": [
		0.059375,
		0.41944444444444445
	],
	"159": [
		0.08125,
		0.4722222222222222
	],
	"160": [
		0.0375,
		0.9361111111111111
	],
	"161": [
		0.0015625,
		0.9388888888888889
	],
	"162": [
		0.6140625,
		0.20833333333333334
	],
	"163": [
		0.578125,
		0.20833333333333334
	],
	"164": [
		0.165625,
		0.7222222222222222
	],
	"165": [
		0.1796875,
		0.7805555555555556
	],
	"166": [
		0.6890625,
		0.11666666666666667
	],
	"167": [
		0.7234375,
		0.12777777777777777
	],
	"168": [
		0.2125,
		0.13055555555555556
	],
	"169": [
		0.178125,
		0.13055555555555556
	],
	"170": [
		0.6984375,
		0.65
	],
	"171": [
		0.6734375,
		0.6888888888888889
	],
	"172": [
		0.5375,
		0.2111111111111111
	],
	"173": [
		0.5609375,
		0.25277777777777777
	],
	"174": [
		0.603125,
		0.5
	],
	"175": [
		0.5984375,
		0.5583333333333333
	],
	"176": [
		0.2125,
		0.4222222222222222
	],
	"177": [
		0.2015625,
		0.4777777777777778
	],
	"178": [
		0.8109375,
		0.975
	],
	"179": [
		0.778125,
		0.9694444444444444
	],