{
	"EighteenYardNorthForwardEast": [
		0.4002808988764045,
		0.21175189512920384
	],
	"PenaltyCircleNorthWest": [
		0.13904494382022473,
		0.38061733048540436
	],
	"EighteenYardNorthRearEast": [
		0.08776266996291718,
		0.19283363463588746
	],
	"SixYardNorthForwardEast": [
		0.07303370786516854,
		0.2599991623738326
	]
}