{
	"CornerNorthWest": [
		0.10112359550561797,
		0.49875824269932345
	],
	"CornerNorthEast": [
		0.9157303370786517,
		0.0876937569581228
	],
	"CornerSouthEast": [
		0.9185393258426966,
		0.9235248779652308
	],
	"CornerSouthWest": [
		0.3047752808988764,
		0.9070822985355828
	]
}