{
	"0": [
		0.2462890625,
		0.14930555555555555
	],
	"1": [
		0.2875,
		0.06180555555555556
	],
	"2": [
		0.3640625,
		0.16215277777777778
	],
	"3": [
		0.33203125,
		0.1579861111111111
	],
	"4": [
		0.2091796875,
		0.050347222222222224
	],
	"5": [
		0.292578125,
		0.08715277777777777
	],
	"6": [
		0.53203125,
		0.16701388888888888
	],
	"7": [
		0.2861328125,
		0.09166666666666666
	],
	"8": [
		0.28984375,
		0.06979166666666667
	],
	"9": [
		0.0533203125,
		0.11666666666666667
	],
	"10": [
		0.2978515625,
		0.15729166666666666
	],
	"11": [
		0.256640625,
		0.10347222222222222
	],
	"12": [
		0.2978515625,
		0.1579861111111111
	],
	"13": [
		0.49765625,
		0.16979166666666667
	],
	"14": [
		0.2462890625,
		0.14930555555555555
	],
	"15": [
		0.247265625,
		0.04513888888888889
	],
	"16": [
		0.29296875,
		0.08680555555555555
	],
	"17": [
		0.3322265625,
		0.15659722222222222
	],
	"18": [
		0.39765625,
		0.16215277777777778
	],
	"19": [
		0.39765625,
		0.16215277777777778
	],
	"20": [
		0.332421875,
		0.15555555555555556
	],
	"21": [
		0.4646484375,
		0.16805555555555557
	],
	"22": [
		0.4638671875,
		0.16597222222222222
	],
	"23": [
		0.496875,
		0.16041666666666668
	],
	"24": [
		0.3642578125,
		0.16145833333333334
	],
	"25": [
		0.2412109375,
		0.12152777777777778
	],
	"26": [
		0.2537109375,
		0.050694444444444445
	],
	"27": [
		0.2662109375,
		0.14270833333333333
	],
	"28": [
		0.2982421875,
		0.16006944444444443
	],
	"29": [
		0.265625,
		0.14583333333333334
	],
	"30": [
		0.39765625,
		0.16215277777777778
	],
	"31": [
		0.29453125,
		0.08541666666666667
	],
	"32": [
		0.3642578125,
		0.16284722222222223
	],
	"33": [
		0.06953125,
		0.12048611111111111
	],
	"34": [
		0.073828125,
		0.11423611111111111
	],
	"35": [
		0.298046875,
		0.16701388888888888
	],
	"36": [
		0.3609375,
		0.14375
	],
	"37": [
		0.250390625,
		0.04826388888888889
	],
	"38": [
		0.4638671875,
		0.165625
	],
	"39": [
		0.2341796875,
		0.16770833333333332
	],
	"40": [
		0.50390625,
		0.1482638888888889
	],
	"41": [
		0.4310546875,
		0.15555555555555556
	],
	"42": [
		0.2666015625,
		0.103125
	],
	"43": [
		0.43125,
		0.16875
	],
	"44": [
		0.2087890625,
		0.05
	],
	"45": [
		0.14375,
		0.13368055555555555
	],
	"46": [
		0.2875,
		0.0625
	],
	"47": [
		0.496875,
		0.16041666666666668
	],
	"48": [
		0.268359375,
		0.10069444444444445
	],
	"49": [
		0.298046875,
		0.16284722222222223
	],
	"50": [
		0.2662109375,
		0.14305555555555555
	],
	"51": [
		0.3646484375,
		0.16319444444444445
	],
	"52": [
		0.4638671875,
		0.1642361111111111
	],
	"53": [
		0.43046875,
		0.165625
	],
	"54": [
		0.43046875,
		0.165625
	],
	"55": [
		0.39765625,
		0.16215277777777778
	],
	"56": [
		0.2662109375,
		0.14305555555555555
	],
	"57": [
		0.49765625,
		0.16909722222222223
	],
	"58": [
		0.43046875,
		0.16597222222222222
	],
	"59": [
		0.2982421875,
		0.16006944444444443
	],
	"60": [
		0.3318359375,
		0.15590277777777778
	],
	"61": [
		0.252734375,
		0.04895833333333333
	],
	"62": [
		0.298046875,
		0.15833333333333333
	],
	"63": [
		0.2953125,
		0.08611111111111111
	],
	"64": [
		0.234375,
		0.165625
	],
	"65": [
		0.0529296875,
		0.11736111111111111
	],
	"66": [
		0.29453125,
		0.08611111111111111
	],
	"67": [
		0.43125,
		0.16770833333333332
	],
	"68": [
		0.4638671875,
		0.1638888888888889
	],
	"69": [
		0.50390625,
		0.1482638888888889
	],
	"70": [
		0.3837890625,
		0.8371527777777777
	],
	"71": [
		0.297265625,
		0.1597222222222222
	],
	"72": [
		0.472265625,
		0.8444444444444444
	],
	"73": [
		0.1421875,
		0.12256944444444444
	],
	"74": [
		0.3646484375,
		0.16319444444444445
	],
	"75": [
		0.2517578125,
		0.05173611111111111
	],
	"76": [
		0.39765625,
		0.16215277777777778
	],
	"77": [
		0.25078125,
		0.04756944444444444
	],
	"78": [
		0.2412109375,
		0.12152777777777778
	],
	"79": [
		0.3970703125,
		0.165625
	],
	"80": [
		0.4638671875,
		0.16493055555555555
	],
	"81": [
		0.4638671875,
		0.16701388888888888
	],
	"82": [
		0.2462890625,
		0.14930555555555555
	],
	"83": [
		0.084765625,
		0.10451388888888889
	],
	"84": [
		0.290625,
		0.06145833333333333
	],
	"85": [
		0.43046875,
		0.16597222222222222
	],
	"86": [
		0.4599609375,
		0.8440972222222223
	],
	"87": [
		0.461328125,
		0.84375
	],
	"88": [
		0.2873046875,
		0.06875
	],
	"89": [
		0.462109375,
		0.84375
	],
	"90": [
		0.3640625,
		0.16215277777777778
	],
	"91": [
		0.5322265625,
		0.1684027777777778
	],
	"92": [
		0.251171875,
		0.12048611111111111
	],
	"93": [
		0.2873046875,
		0.0625
	],
	"94": [
		0.527734375,
		0.8493055555555555
	],
	"95": [
		0.205078125,
		0.12708333333333333
	],
	"96": [
		0.2876953125,
		0.06354166666666666
	],
	"97": [
		0.2720703125,
		0.096875
	],
	"98": [
		0.2412109375,
		0.14965277777777777
	],
	"99": [
		0.3322265625,
		0.15659722222222222
	],
	"100": [
		0.244921875,
		0.15034722222222222
	],
	"101": [
		0.5029296875,
		0.8472222222222222
	],
	"102": [
		0.087890625,
		0.12604166666666666
	],
	"103": [
		0.3322265625,
		0.15659722222222222
	],
	"104": [
		0.234375,
		0.12916666666666668
	],
	"105": [
		0.0392578125,
		0.115625
	],
	"106": [
		0.241015625,
		0.14895833333333333
	],
	"107": [
		0.3310546875,
		0.16319444444444445
	],
	"108": [
		0.3646484375,
		0.16215277777777778
	],
	"109": [
		0.2880859375,
		0.06875
	],
	"110": [
		0.2861328125,
		0.09166666666666666
	],
	"111": [
		0.41171875,
		0.8402777777777778
	],
	"112": [
		0.0517578125,
		0.13854166666666667
	],
	"113": [
		0.531640625,
		0.16631944444444444
	],
	"114": [
		0.0654296875,
		0.13229166666666667
	],
	"115": [
		0.3646484375,
		0.16215277777777778
	],
	"116": [
		0.4638671875,
		0.1638888888888889
	],
	"117": [
		0.2705078125,
		0.052083333333333336
	],
	"118": [
		0.39765625,
		0.16215277777777778
	],
	"119": [
		0.53203125,
		0.16597222222222222
	],
	"120": [
		0.2439453125,
		0.11388888888888889
	],
	"121": [
		0.2880859375,
		0.0642361111111111
	],
	"122": [
		0.2939453125,
		0.08645833333333333
	],
	"123": [
		0.250390625,
		0.04756944444444444
	],
	"124": [
		0.27734375,
		0.09444444444444444
	],
	"125": [
		0.39765625,
		0.16180555555555556
	],
	"126": [
		0.0693359375,
		0.12048611111111111
	],
	"127": [
		0.24453125,
		0.15069444444444444
	],
	"128": [
		0.438671875,
		0.14756944444444445
	],
	"129": [
		0.2375,
		0.12569444444444444
	],
	"130": [
		0.290625,
		0.06145833333333333
	],
	"131": [
		0.084765625,
		0.10451388888888889
	],
	"132": [
		0.1376953125,
		0.13159722222222223
	],
	"133": [
		0.3978515625,
		0.1625
	],
	"134": [
		0.07265625,
		0.11597222222222223
	],
	"135": [
		0.2505859375,
		0.8253472222222222
	],
	"136": [
		0.1138671875,
		0.8201388888888889
	],
	"137": [
		0.01875,
		0.3121527777777778
	],
	"138": [
		0.3640625,
		0.15763888888888888
	],
	"139": [
		0.3310546875,
		0.15347222222222223
	],
	"140": [
		0.249609375,
		0.04583333333333333
	],
	"141": [
		0.4646484375,
		0.16666666666666666
	],
	"142": [
		0.4970703125,
		0.1684027777777778
	],
	"143": [
		0.265625,
		0.14895833333333333
	],
	"144": [
		0.39765625,
		0.16180555555555556
	],
	"145": [
		0.4646484375,
		0.16666666666666666
	],
	"146": [
		0.2828125,
		0.06041666666666667
	],
	"147": [
		0.331640625,
		0.15729166666666666
	],
	"148": [
		0.0587890625,
		0.8413194444444444
	],
	"149": [
		0.53203125,
		0.16597222222222222
	],
	"150": [
		0.2662109375,
		0.1423611111111111
	],
	"151": [
		0.2484375,
		0.15069444444444444
	],
	"152": [
		0.2861328125,
		0.06805555555555555
	],
	"153": [
		0.1359375,
		0.8427083333333333
	],
	"154": [
		0.1328125,
		0.19618055555555555
	],
	"155": [
		0.39765625,
		0.16180555555555556
	],
	"156": [
		0.2462890625,
		0.14930555555555555
	],
	"157": [
		0.39765625,
		0.16215277777777778
	],
	"158": [
		0.43125,
		0.16944444444444445
	],
	"159": [
		0.2080078125,
		0.04895833333333333
	],
	"160": [
		0.0701171875,
		0.12083333333333333
	],
	"161": [
		0.0650390625,
		0.13472222222222222
	],
	"162": [
		0.4646484375,
		0.16666666666666666
	],
	"163": [
		0.2693359375,
		0.0954861111111111
	],