{
	"0": [
		0.7708984375,
		0.0798611111111111
	],
	"1": [
		0.4357421875,
		0.09861111111111111
	],
	"2": [
		0.8091796875,
		0.07013888888888889
	],
	"3": [
		0.687890625,
		0.058680555555555555
	],
	"4": [
		0.5251953125,
		0.04722222222222222
	],
	"5": [
		0.7712890625,
		0.0875
	],
	"6": [
		0.4400390625,
		0.08923611111111111
	],
	"7": [
		0.765625,
		0.10173611111111111
	],
	"8": [
		0.210546875,
		0.16701388888888888
	],
	"9": [
		0.6380859375,
		0.036458333333333336
	],
	"10": [
		0.1515625,
		0.19236111111111112
	],
	"11": [
		0.3458984375,
		0.11875
	],
	"12": [
		0.3052734375,
		0.13333333333333333
	],
	"13": [
		0.3400390625,
		0.12916666666666668
	],
	"14": [
		0.1279296875,
		0.16979166666666667
	],
	"15": [
		0.8560546875,
		0.052083333333333336
	],
	"16": [
		0.8185546875,
		0.04722222222222222
	],
	"17": [
		0.2982421875,
		0.14583333333333334
	],
	"18": [
		0.282421875,
		0.15763888888888888
	],
	"19": [
		0.1615234375,
		0.18055555555555555
	],
	"20": [
		0.28046875,
		0.12638888888888888
	],
	"21": [
		0.2841796875,
		0.14479166666666668
	],
	"22": [
		0.9326171875,
		0.0625
	],
	"23": [
		0.1224609375,
		0.9649305555555555
	],
	"24": [
		0.751953125,
		0.09340277777777778
	],
	"25": [
		0.128515625,
		0.20972222222222223
	],
	"26": [
		0.133203125,
		0.9680555555555556
	],
	"27": [
		0.412109375,
		0.11527777777777778
	],
	"28": [
		0.76484375,
		0.08645833333333333
	],
	"29": [
		0.1966796875,
		0.1753472222222222
	],
	"30": [
		0.46328125,
		0.08368055555555555
	],
	"31": [
		0.93359375,
		0.05451388888888889
	],
	"32": [
		0.9328125,
		0.06840277777777778
	],
	"33": [
		0.4138671875,
		0.09722222222222222
	],
	"34": [
		0.28984375,
		0.11076388888888888
	],
	"35": [
		0.6673828125,
		0.03784722222222222
	],
	"36": [
		0.1259765625,
		0.965625
	],
	"37": [
		0.14609375,
		0.16284722222222223
	],
	"38": [
		0.68046875,
		0.340625
	],
	"39": [
		0.8185546875,
		0.05451388888888889
	],
	"40": [
		0.318359375,
		0.13819444444444445
	],
	"41": [
		0.178515625,
		0.18472222222222223
	],
	"42": [
		0.217578125,
		0.17326388888888888
	],
	"43": [
		0.75859375,
		0.07152777777777777
	],
	"44": [
		0.8017578125,
		0.10069444444444445
	],
	"45": [
		0.283984375,
		0.13055555555555556
	],
	"46": [
		0.6798828125,
		0.365625
	],
	"47": [
		0.178515625,
		0.5920138888888888
	],
	"48": [
		0.68046875,
		0.340625
	],
	"49": [
		0.480078125,
		0.07326388888888889
	],
	"50": [
		0.1853515625,
		0.18680555555555556
	],
	"51": [
		0.2875,
		0.12291666666666666
	],
	"52": [
		0.68046875,
		0.3416666666666667
	],
	"53": [
		0.7138671875,
		0.05555555555555555
	],
	"54": [
		0.787890625,
		0.21979166666666666
	],
	"55": [
		0.2126953125,
		0.1829861111111111
	],
	"56": [
		0.137109375,
		0.16805555555555557
	],
	"57": [
		0.76953125,
		0.075
	],
	"58": [
		0.4169921875,
		0.10590277777777778
	],
	"59": [
		0.1330078125,
		0.1920138888888889
	],
	"60": [
		0.2185546875,
		0.17847222222222223
	],
	"61": [
		0.187890625,
		0.17222222222222222
	],
	"62": [
		0.2873046875,
		0.1517361111111111
	],
	"63": [
		0.484765625,
		0.0875
	],
	"64": [
		0.137890625,
		0.20416666666666666
	],
	"65": [
		0.683984375,
		0.35833333333333334
	],
	"66": [
		0.3302734375,
		0.12638888888888888
	],
	"67": [
		0.7458984375,
		0.07743055555555556
	],
	"68": [
		0.1943359375,
		0.18368055555555557
	],
	"69": [
		0.169140625,
		0.5986111111111111
	],
	"70": [
		0.134375,
		0.17743055555555556
	],
	"71": [
		0.2193359375,
		0.16458333333333333
	],
	"72": [
		0.4455078125,
		0.09305555555555556
	],
	"73": [
		0.77421875,
		0.09375
	],
	"74": [
		0.6677734375,
		0.04722222222222222
	],
	"75": [
		0.7419921875,
		0.044097222222222225
	],
	"76": [
		0.755078125,
		0.07951388888888888
	],
	"77": [
		0.8552734375,
		0.059375
	],
	"78": [
		0.7548828125,
		0.07604166666666666
	],
	"79": [
		0.32734375,
		0.13923611111111112
	],
	"80": [
		0.75,
		0.06458333333333334
	],
	"81": [
		0.458984375,
		0.08090277777777778
	],
	"82": [
		0.6833984375,
		0.35381944444444446
	],
	"83": [
		0.5513671875,
		0.05277777777777778
	],
	"84": [
		0.4595703125,
		0.09166666666666666
	],
	"85": [
		0.801953125,
		0.09583333333333334
	],
	"86": [
		0.652734375,
		0.309375
	],
	"87": [
		0.480078125,
		0.0875
	],
	"88": [
		0.170703125,
		0.19479166666666667
	],
	"89": [
		0.33515625,
		0.13506944444444444
	],
	"90": [
		0.4857421875,
		0.07361111111111111
	],
	"91": [
		0.2951171875,
		0.12013888888888889
	],
	"92": [
		0.108984375,
		0.27847222222222223
	],
	"93": [
		0.4486328125,
		0.09583333333333334
	],
	"94": [
		0.209765625,
		0.1795138888888889
	],
	"95": [
		0.794921875,
		0.10277777777777777
	],
	"96": [
		0.1701171875,
		0.17708333333333334
	],
	"97": [
		0.16796875,
		0.19791666666666666
	],
	"98": [
		0.778515625,
		0.065625
	],
	"99": [
		0.63828125,
		0.04097222222222222
	],
	"100": [
		0.7052734375,
		0.049652777777777775
	],
	"101": [
		0.3546875,
		0.13020833333333334
	],
	"102": [
		0.2197265625,
		0.1284722222222222
	],
	"103": [
		0.162109375,
		0.19618055555555555
	],
	"104": [
		0.21328125,
		0.1798611111111111
	],
	"105": [
		0.201953125,
		0.18368055555555557
	],
	"106": [
		0.3166015625,
		0.1440972222222222
	],
	"107": [
		0.766015625,
		0.08368055555555555
	],
	"108": [
		0.7505859375,
		0.09791666666666667
	],
	"109": [
		0.3419921875,
		0.2638888888888889
	],
	"110": [
		0.4791015625,
		0.06909722222222223
	],
	"111": [
		0.1560546875,
		0.19756944444444444
	],
	"112": [
		0.355859375,
		0.11701388888888889
	],
	"113": [
		0.447265625,
		0.4270833333333333
	],
	"114": [
		0.1736328125,
		0.16805555555555557
	],
	"115": [
		0.7986328125,
		0.09826388888888889
	],
	"116": [
		0.5759765625,
		0.08645833333333333
	],
	"117": [
		0.801953125,
		0.08958333333333333
	],
	"118": [
		0.2068359375,
		0.15625
	],
	"119": [
		0.4388671875,
		0.10138888888888889
	],
	"120": [
		0.1615234375,
		0.17048611111111112
	],
	"121": [
		0.7740234375,
		0.10347222222222222
	],
	"122": [
		0.215625,
		0.5684027777777778
	],
	"123": [
		0.6595703125,
		0.03680555555555556
	],
	"124": [
		0.2998046875,
		0.15069444444444444
	],
	"125": [
		0.3435546875,
		0.11215277777777778
	],
	"126": [
		0.61015625,
		0.041666666666666664
	],
	"127": [
		0.4365234375,
		0.10381944444444445
	],
	"128": [
		0.2162109375,
		0.1517361111111111
	],
	"129": [
		0.8552734375,
		0.05659722222222222
	],
	"130": [
		0.4376953125,
		0.08055555555555556
	],
	"131": [
		0.044140625,
		0.40208333333333335
	],
	"132": [
		0.3521484375,
		0.13333333333333333
	],
	"133": [
		0.96875,
		0.06493055555555556
	],
	"134": [
		0.216015625,
		0.16006944444444443
	],
	"135": [
		0.1787109375,
		0.16701388888888888
	],
	"136": [
		0.302734375,
		0.12777777777777777
	],
	"137": [
		0.787890625,
		0.09756944444444444
	],
	"138": [
		0.3490234375,
		0.1326388888888889
	],
	"139": [
		0.63828125,
		0.04201388888888889
	],
	"140": [
		0.5333984375,
		0.05277777777777778
	],
	"141": [
		0.4341796875,
		0.43645833333333334
	],
	"142": [
		0.7654296875,
		0.08229166666666667
	],
	"143": [
		0.761328125,
		0.06284722222222222
	],
	"144": [
		0.3517578125,
		0.11076388888888888
	],
	"145": [
		0.580859375,
		0.04583333333333333
	],
	"146": [
		0.312890625,
		0.12569444444444444
	],
	"147": [
		0.4857421875,
		0.06493055555555556
	],
	"148": [
		0.0591796875,
		0.39479166666666665
	],
	"149": [
		0.88671875,
		0.044097222222222225
	],
	"150": [
		0.2990234375,
		0.11215277777777778
	],
	"151": [
		0.771484375,
		0.09583333333333334
	],
	"152": [
		0.3099609375,
		0.10520833333333333
	],
	"153": [
		0.2794921875,
		0.11944444444444445
	],
	"154": [
		0.187109375,
		0.16527777777777777
	],
	"155": [
		0.20859375,
		0.12881944444444443
	],
	"156": [
		0.4439453125,
		0.09861111111111111
	],
	"157": [
		0.4591796875,
		0.07291666666666667
	],
	"158": [
		0.4453125,
		0.07708333333333334
	],
	"159": [
		0.2060546875,
		0.24375
	],
	"160": [
		0.1912109375,
		0.13993055555555556
	],
	"161": [
		0.4591796875,
		0.07430555555555556
	],