{
	"CornerNorthWest": [
		0.018651362984218076,
		0.03836601866917873
	],
	"CornerNorthEast": [
		0.8651685393258427,
		0.06851074762353344
	],
	"CornerSouthWest": [
		0.032303370786516857,
		0.9207844480602895
	],
	"CornerSouthEast": [
		0.8778089887640449,
		0.8741971396762868
	]
}