{
	"0": [
		0.4958984375,
		0.04895833333333333
	],
	"1": [
		0.3361328125,
		0.04583333333333333
	],
	"2": [
		0.665234375,
		0.059722222222222225
	],
	"3": [
		0.6126953125,
		0.059722222222222225
	],
	"4": [
		0.247265625,
		0.03854166666666667
	],
	"5": [
		0.4162109375,
		0.04861111111111111
	],
	"6": [
		0.8646484375,
		0.071875
	],
	"7": [
		0.4126953125,
		0.04375
	],
	"8": [
		0.3630859375,
		0.04479166666666667
	],
	"9": [
		0.091796875,
		0.09513888888888888
	],
	"10": [
		0.573828125,
		0.04895833333333333
	],
	"11": [
		0.3009765625,
		0.09479166666666666
	],
	"12": [
		0.5767578125,
		0.058333333333333334
	],
	"13": [
		0.840234375,
		0.07534722222222222
	],
	"14": [
		0.48984375,
		0.04479166666666667
	],
	"15": [
		0.2921875,
		0.03715277777777778
	],
	"16": [
		0.44375,
		0.05138888888888889
	],
	"17": [
		0.613671875,
		0.05138888888888889
	],
	"18": [
		0.7005859375,
		0.059722222222222225
	],
	"19": [
		0.7005859375,
		0.059722222222222225
	],
	"20": [
		0.615625,
		0.04722222222222222
	],
	"21": [
		0.7708984375,
		0.07013888888888889
	],
	"22": [
		0.788671875,
		0.06631944444444444
	],
	"23": [
		0.83984375,
		0.05763888888888889
	],
	"24": [
		0.6607421875,
		0.051041666666666666
	],
	"25": [
		0.2935546875,
		0.10104166666666667
	],
	"26": [
		0.276171875,
		0.03819444444444445
	],
	"27": [
		0.53359375,
		0.046875
	],
	"28": [
		0.57421875,
		0.06527777777777778
	],
	"29": [
		0.52734375,
		0.05590277777777778
	],
	"30": [
		0.70234375,
		0.05625
	],
	"31": [
		0.45078125,
		0.043402777777777776
	],
	"32": [
		0.66015625,
		0.06666666666666667
	],
	"33": [
		0.1095703125,
		0.10243055555555555
	],
	"34": [
		0.11015625,
		0.10034722222222223
	],
	"35": [
		0.5751953125,
		0.07118055555555555
	],
	"36": [
		0.64375,
		0.03993055555555555
	],
	"37": [
		0.2873046875,
		0.04027777777777778
	],
	"38": [
		0.79296875,
		0.058333333333333334
	],
	"39": [
		0.491796875,
		0.06631944444444444
	],
	"40": [
		0.8416015625,
		0.059027777777777776
	],
	"41": [
		0.7513671875,
		0.049305555555555554
	],
	"42": [
		0.4134765625,
		0.05625
	],
	"43": [
		0.749609375,
		0.07534722222222222
	],
	"44": [
		0.2494140625,
		0.03819444444444445
	],
	"45": [
		0.228515625,
		0.10798611111111112
	],
	"46": [
		0.33125,
		0.046875
	],
	"47": [
		0.047265625,
		0.08923611111111111
	],
	"48": [
		0.83984375,
		0.05763888888888889
	],
	"49": [
		0.4107421875,
		0.05625
	],
	"50": [
		0.5740234375,
		0.06701388888888889
	],
	"51": [
		0.53359375,
		0.05173611111111111
	],
	"52": [
		0.661328125,
		0.06909722222222223
	],
	"53": [
		0.79296875,
		0.06180555555555556
	],
	"54": [
		0.748828125,
		0.058680555555555555
	],
	"55": [
		0.7486328125,
		0.06145833333333333
	],
	"56": [
		0.7001953125,
		0.060069444444444446
	],
	"57": [
		0.5259765625,
		0.049305555555555554
	],
	"58": [
		0.840625,
		0.075
	],
	"59": [
		0.7486328125,
		0.06736111111111111
	],
	"60": [
		0.5765625,
		0.06388888888888888
	],
	"61": [
		0.6166015625,
		0.05590277777777778
	],
	"62": [
		0.280859375,
		0.03923611111111111
	],
	"63": [
		0.576953125,
		0.05416666666666667
	],
	"64": [
		0.437109375,
		0.04097222222222222
	],
	"65": [
		0.4935546875,
		0.06284722222222222
	],
	"66": [
		0.0931640625,
		0.09513888888888888
	],
	"67": [
		0.291796875,
		0.10381944444444445
	],
	"68": [
		0.4509765625,
		0.04618055555555556
	],
	"69": [
		0.749609375,
		0.075
	],
	"70": [
		0.7904296875,
		0.06180555555555556
	],
	"71": [
		0.8416015625,
		0.059027777777777776
	],
	"72": [
		0.675,
		0.9232638888888889
	],
	"73": [
		0.575,
		0.06284722222222222
	],
	"74": [
		0.792578125,
		0.9423611111111111
	],
	"75": [
		0.2091796875,
		0.10520833333333333
	],
	"76": [
		0.6615234375,
		0.07048611111111111
	],
	"77": [
		0.2623046875,
		0.043055555555555555
	],
	"78": [
		0.70234375,
		0.059722222222222225
	],
	"79": [
		0.2865234375,
		0.03923611111111111
	],
	"80": [
		0.3009765625,
		0.10069444444444445
	],
	"81": [
		0.6869140625,
		0.06979166666666667
	],
	"82": [
		0.7912109375,
		0.06354166666666666
	],
	"83": [
		0.775,
		0.07430555555555556
	],
	"84": [
		0.4962890625,
		0.046875
	],
	"85": [
		0.1095703125,
		0.096875
	],
	"86": [
		0.370703125,
		0.04236111111111111
	],
	"87": [
		0.1392578125,
		0.8427083333333333
	],
	"88": [
		0.7486328125,
		0.06736111111111111
	],
	"89": [
		0.7912109375,
		0.9454861111111111
	],
	"90": [
		0.75390625,
		0.9378472222222223
	],
	"91": [
		0.3345703125,
		0.05
	],
	"92": [
		0.762890625,
		0.9409722222222222
	],
	"93": [
		0.6619140625,
		0.058680555555555555
	],
	"94": [
		0.8677734375,
		0.07222222222222222
	],
	"95": [
		0.4134765625,
		0.057291666666666664
	],
	"96": [
		0.3330078125,
		0.04583333333333333
	],
	"97": [
		0.864453125,
		0.9548611111111112
	],
	"98": [
		0.2966796875,
		0.10277777777777777
	],
	"99": [
		0.3345703125,
		0.04756944444444444
	],
	"100": [
		0.2978515625,
		0.03159722222222222
	],
	"101": [
		0.4125,
		0.050694444444444445
	],
	"102": [
		0.4923828125,
		0.05694444444444444
	],
	"103": [
		0.041015625,
		0.08680555555555555
	],
	"104": [
		0.0623046875,
		0.884375
	],
	"105": [
		0.616015625,
		0.05625
	],
	"106": [
		0.493359375,
		0.05173611111111111
	],
	"107": [
		0.8365234375,
		0.9520833333333333
	],
	"108": [
		0.1431640625,
		0.10416666666666667
	],
	"109": [
		0.6171875,
		0.05555555555555555
	],
	"110": [
		0.2958984375,
		0.10104166666666667
	],
	"111": [
		0.0830078125,
		0.09513888888888888
	],
	"112": [
		0.4958984375,
		0.057291666666666664
	],
	"113": [
		0.6001953125,
		0.06458333333333334
	],
	"114": [
		0.1375,
		0.8409722222222222
	],
	"115": [
		0.661328125,
		0.0625
	],
	"116": [
		0.3333984375,
		0.049652777777777775
	],
	"117": [
		0.415625,
		0.049305555555555554
	],
	"118": [
		0.70078125,
		0.9291666666666667
	],
	"119": [
		0.0962890625,
		0.10173611111111111
	],
	"120": [
		0.8478515625,
		0.058680555555555555
	],
	"121": [
		0.1087890625,
		0.10347222222222222
	],
	"122": [
		0.1296875,
		0.10520833333333333
	],
	"123": [
		0.661328125,
		0.06284722222222222
	],
	"124": [
		0.7759765625,
		0.05798611111111111
	],
	"125": [
		0.2875,
		0.049652777777777775
	],
	"126": [
		0.7025390625,
		0.06041666666666667
	],
	"127": [
		0.871875,
		0.06180555555555556
	],
	"128": [
		0.2982421875,
		0.10208333333333333
	],
	"129": [
		0.33515625,
		0.04756944444444444
	],
	"130": [
		0.45078125,
		0.051041666666666666
	],
	"131": [
		0.2845703125,
		0.03888888888888889
	],
	"132": [
		0.412890625,
		0.050694444444444445
	],
	"133": [
		0.6998046875,
		0.06631944444444444
	],
	"134": [
		0.1162109375,
		0.8378472222222222
	],
	"135": [
		0.109765625,
		0.103125
	],
	"136": [
		0.498046875,
		0.059375
	],
	"137": [
		0.7564453125,
		0.05625
	],
	"138": [
		0.0376953125,
		0.08472222222222223
	],
	"139": [
		0.29453125,
		0.10104166666666667
	],
	"140": [
		0.3705078125,
		0.04375
	],
	"141": [
		0.137890625,
		0.8413194444444444
	],
	"142": [
		0.1095703125,
		0.096875
	],
	"143": [
		0.209765625,
		0.10659722222222222
	],
	"144": [
		0.7029296875,
		0.04895833333333333
	],
	"145": [
		0.01953125,
		0.925
	],
	"146": [
		0.109375,
		0.10069444444444445
	],
	"147": [
		0.4732421875,
		0.8899305555555556
	],
	"148": [
		0.18671875,
		0.8489583333333334
	],
	"149": [
		0.3509765625,
		0.8729166666666667
	],
	"150": [
		0.2318359375,
		0.24409722222222222
	],
	"151": [
		0.66796875,
		0.05277777777777778
	],
	"152": [
		0.616015625,
		0.044097222222222225
	],
	"153": [
		0.2986328125,
		0.035069444444444445
	],
	"154": [
		0.7884765625,
		0.06979166666666667
	],
	"155": [
		0.8384765625,
		0.07673611111111112
	],
	"156": [
		0.5306640625,
		0.06284722222222222
	],
	"157": [
		0.6998046875,
		0.06527777777777778
	],
	"158": [
		0.771484375,
		0.05625
	],
	"159": [
		0.29609375,
		0.057291666666666664
	],
	"160": [
		0.039453125,
		0.08576388888888889
	],
	"161": [
		0.073046875,
		0.8743055555555556
	],
	"162": [
		0.6,
		0.049305555555555554
	],
	"163": [
		0.266796875,
		0.8940972222222222
	],