{
	"CornerNorthWest": [
		0.2598314606741573,
		0.3323700632407756
	],
	"GoalPostNorthWest": [
		0.601123595505618,
		0.731750219876869
	],
	"SixYardNorthRearEast": [
		0.7317415730337079,
		0.6942245675754911
	]
}