{
	"CornerNorthWest": [
		0.14325842696629212,
		0.17690664656363864
	],
	"CornerNorthEast": [
		0.848314606741573,
		0.21649396249036568
	],
	"CornerSouthWest": [
		0.08848314606741572,
		0.852273700436756
	],
	"CornerSouthEast": [
		0.8314606741573034,
		0.8845332328181933
	]
}