{
	"SixYardNorthForwardEast": [
		0.06320224719101124,
		0.24391673995895632
	],
	"EighteenYardNorthRearEast": [
		0.08567415730337079,
		0.17154583909201324
	],
	"EighteenYardNorthForwardEast": [
		0.3960674157303371,
		0.1983498764501403
	],
	"PenaltyCircleNorthEast": [
		0.29775280898876405,
		0.28144239226033424
	],
	"PenaltyCircleNorthWest": [
		0.11938202247191011,
		0.37525652301377893
	]
}