{
	"SixYardNorthForwardEast": [
		0.07303370786516854,
		0.25685026293938557
	],
	"EighteenYardNorthForwardEast": [
		0.3946629213483146,
		0.22142264046498755
	],
	"PenaltyCircleNorthWest": [
		0.1348314606741573,
		0.3867515453455116
	],
	"EighteenYardNorthRearEast": [
		0.0898876404494382,
		0.19485192360918904
	]
}