{
	"CornerNorthWest": [
		0.13342696629213482,
		0.8336055618377518
	],
	"CornerNorthEast": [
		0.17134831460674158,
		0.17422624282782595
	],
	"CornerSouthEast": [
		0.6587078651685393,
		0.8818528290823805
	],
	"CornerSouthWest": [
		0.34691011235955055,
		0.8657704066675043
	]
}