{
	"0": [
		0.180078125,
		0.17743055555555556
	],
	"1": [
		0.2875,
		0.06180555555555556
	],
	"2": [
		0.2927734375,
		0.190625
	],
	"3": [
		0.25390625,
		0.18854166666666666
	],
	"4": [
		0.2087890625,
		0.050347222222222224
	],
	"5": [
		0.2923828125,
		0.08715277777777777
	],
	"6": [
		0.44609375,
		0.19236111111111112
	],
	"7": [
		0.28046875,
		0.09270833333333334
	],
	"8": [
		0.28984375,
		0.06979166666666667
	],
	"9": [
		0.227734375,
		0.1875
	],
	"10": [
		0.1990234375,
		0.12465277777777778
	],
	"11": [
		0.227734375,
		0.18819444444444444
	],
	"12": [
		0.421484375,
		0.19479166666666667
	],
	"13": [
		0.180078125,
		0.17743055555555556
	],
	"14": [
		0.2447265625,
		0.04895833333333333
	],
	"15": [
		0.2927734375,
		0.08680555555555555
	],
	"16": [
		0.25390625,
		0.18854166666666666
	],
	"17": [
		0.3177734375,
		0.19027777777777777
	],
	"18": [
		0.3177734375,
		0.19027777777777777
	],
	"19": [
		0.25390625,
		0.18715277777777778
	],
	"20": [
		0.3822265625,
		0.19166666666666668
	],
	"21": [
		0.3822265625,
		0.19166666666666668
	],
	"22": [
		0.4197265625,
		0.18784722222222222
	],
	"23": [
		0.2927734375,
		0.1892361111111111
	],
	"24": [
		0.17421875,
		0.14965277777777777
	],
	"25": [
		0.253515625,
		0.05173611111111111
	],
	"26": [
		0.1890625,
		0.17465277777777777
	],
	"27": [
		0.2279296875,
		0.18819444444444444
	],
	"28": [
		0.1890625,
		0.175
	],
	"29": [
		0.3177734375,
		0.19027777777777777
	],
	"30": [
		0.2939453125,
		0.08576388888888889
	],
	"31": [
		0.2927734375,
		0.190625
	],
	"32": [
		0.227734375,
		0.19340277777777778
	],
	"33": [
		0.287890625,
		0.1753472222222222
	],
	"34": [
		0.25,
		0.049305555555555554
	],
	"35": [
		0.3822265625,
		0.19166666666666668
	],
	"36": [
		0.1650390625,
		0.19027777777777777
	],
	"37": [
		0.42578125,
		0.17291666666666666
	],
	"38": [
		0.356640625,
		0.1857638888888889
	],
	"39": [
		0.2083984375,
		0.13020833333333334
	],
	"40": [
		0.3564453125,
		0.19375
	],
	"41": [
		0.20859375,
		0.05
	],
	"42": [
		0.07734375,
		0.1597222222222222
	],
	"43": [
		0.2875,
		0.0625
	],
	"44": [
		0.4197265625,
		0.18784722222222222
	],
	"45": [
		0.21796875,
		0.11979166666666667
	],
	"46": [
		0.227734375,
		0.18888888888888888
	],
	"47": [
		0.1890625,
		0.17465277777777777
	],
	"48": [
		0.2927734375,
		0.19131944444444443
	],
	"49": [
		0.3822265625,
		0.19166666666666668
	],
	"50": [
		0.3564453125,
		0.19305555555555556
	],
	"51": [
		0.3564453125,
		0.19305555555555556
	],
	"52": [
		0.3177734375,
		0.19027777777777777
	],
	"53": [
		0.1890625,
		0.17465277777777777
	],
	"54": [
		0.421484375,
		0.19444444444444445
	],
	"55": [
		0.3564453125,
		0.19305555555555556
	],
	"56": [
		0.2279296875,
		0.18819444444444444
	],
	"57": [
		0.25390625,
		0.18854166666666666
	],
	"58": [
		0.2525390625,
		0.05
	],
	"59": [
		0.2279296875,
		0.1875
	],
	"60": [
		0.2947265625,
		0.08645833333333333
	],
	"61": [
		0.1662109375,
		0.190625
	],
	"62": [
		0.2939453125,
		0.08645833333333333
	],
	"63": [
		0.3568359375,
		0.19409722222222223
	],
	"64": [
		0.3822265625,
		0.19166666666666668
	],
	"65": [
		0.42578125,
		0.17291666666666666
	],
	"66": [
		0.3134765625,
		0.8357638888888889
	],
	"67": [
		0.2279296875,
		0.1875
	],
	"68": [
		0.3939453125,
		0.8402777777777778
	],
	"69": [
		0.0779296875,
		0.14965277777777777
	],
	"70": [
		0.2927734375,
		0.19131944444444443
	],
	"71": [
		0.2515625,
		0.05277777777777778
	],
	"72": [
		0.3177734375,
		0.19027777777777777
	],
	"73": [
		0.2501953125,
		0.049305555555555554
	],
	"74": [
		0.17421875,
		0.14965277777777777
	],
	"75": [
		0.3177734375,
		0.19131944444444443
	],
	"76": [
		0.3822265625,
		0.19166666666666668
	],
	"77": [
		0.3822265625,
		0.19166666666666668
	],
	"78": [
		0.180078125,
		0.17743055555555556
	],
	"79": [
		0.0201171875,
		0.13020833333333334
	],
	"80": [
		0.290625,
		0.06145833333333333
	],
	"81": [
		0.3564453125,
		0.19305555555555556
	],
	"82": [
		0.385546875,
		0.8409722222222222
	],
	"83": [
		0.38671875,
		0.8399305555555555
	],
	"84": [
		0.2873046875,
		0.06875
	],
	"85": [
		0.387890625,
		0.840625
	],
	"86": [
		0.2927734375,
		0.190625
	],
	"87": [
		0.44609375,
		0.19236111111111112
	],
	"88": [
		0.1796875,
		0.14930555555555555
	],
	"89": [
		0.2873046875,
		0.0625
	],
	"90": [
		0.4525390625,
		0.8434027777777777
	],
	"91": [
		0.1330078125,
		0.1482638888888889
	],
	"92": [
		0.2876953125,
		0.06354166666666666
	],
	"93": [
		0.24921875,
		0.09965277777777778
	],
	"94": [
		0.17421875,
		0.178125
	],
	"95": [
		0.25390625,
		0.18854166666666666
	],
	"96": [
		0.1787109375,
		0.17743055555555556
	],
	"97": [
		0.418359375,
		0.8420138888888888
	],
	"98": [
		0.024609375,
		0.15381944444444445
	],
	"99": [
		0.25390625,
		0.18854166666666666
	],
	"100": [
		0.167578125,
		0.1579861111111111
	],
	"101": [
		0.17421875,
		0.17743055555555556
	],
	"102": [
		0.25390625,
		0.18854166666666666
	],
	"103": [
		0.2927734375,
		0.190625
	],
	"104": [
		0.2880859375,
		0.06875
	],
	"105": [
		0.28046875,
		0.09270833333333334
	],
	"106": [
		0.3248046875,
		0.8378472222222222
	],
	"107": [
		0.4478515625,
		0.19722222222222222
	],
	"108": [
		0.2927734375,
		0.190625
	],
	"109": [
		0.3822265625,
		0.19166666666666668
	],
	"110": [
		0.2703125,
		0.052083333333333336
	],
	"111": [
		0.3177734375,
		0.19027777777777777
	],
	"112": [
		0.4478515625,
		0.19722222222222222
	],
	"113": [
		0.179296875,
		0.14097222222222222
	],
	"114": [
		0.2880859375,
		0.0642361111111111
	],
	"115": [
		0.293359375,
		0.08680555555555555
	],
	"116": [
		0.24921875,
		0.049305555555555554
	],
	"117": [
		0.2533203125,
		0.09756944444444444
	],
	"118": [
		0.3177734375,
		0.19027777777777777
	],
	"119": [
		0.1787109375,
		0.17708333333333334
	],
	"120": [
		0.3619140625,
		0.17222222222222222
	],
	"121": [
		0.1716796875,
		0.15347222222222223
	],
	"122": [
		0.290625,
		0.06145833333333333
	],
	"123": [
		0.0201171875,
		0.13020833333333334
	],
	"124": [
		0.0732421875,
		0.15625
	],
	"125": [
		0.3177734375,
		0.19027777777777777
	],
	"126": [
		0.1876953125,
		0.8274305555555556
	],
	"127": [
		0.04375,
		0.8277777777777777
	],
	"128": [
		0.2935546875,
		0.18611111111111112
	],
	"129": [
		0.25390625,
		0.18854166666666666
	],
	"130": [
		0.247265625,
		0.04895833333333333
	],
	"131": [
		0.3822265625,
		0.19166666666666668
	],
	"132": [
		0.4197265625,
		0.19583333333333333
	],
	"133": [
		0.1890625,
		0.17708333333333334
	],
	"134": [
		0.3177734375,
		0.19027777777777777
	],
	"135": [
		0.3822265625,
		0.19166666666666668
	],
	"136": [
		0.2828125,
		0.06041666666666667
	],
	"137": [
		0.2541015625,
		0.18993055555555555
	],
	"138": [
		0.4478515625,
		0.19722222222222222
	],
	"139": [
		0.1890625,
		0.17465277777777777
	],
	"140": [
		0.183203125,
		0.17604166666666668
	],
	"141": [
		0.2861328125,
		0.06805555555555555
	],
	"142": [
		0.0693359375,
		0.8506944444444444
	],
	"143": [
		0.06328125,
		0.22118055555555555
	],
	"144": [
		0.3177734375,
		0.19027777777777777
	],
	"145": [
		0.180078125,
		0.17743055555555556
	],
	"146": [
		0.3177734375,
		0.19027777777777777
	],
	"147": [
		0.3564453125,
		0.19409722222222223
	],
	"148": [
		0.2080078125,
		0.04895833333333333
	],
	"149": [
		0.3822265625,
		0.19166666666666668
	],
	"150": [
		0.25625,
		0.09618055555555556
	],
	"151": [
		0.25390625,
		0.18784722222222222
	],
	"152": [
		0.2927734375,
		0.190625
	],
	"153": [
		0.2943359375,
		0.08298611111111111
	],
	"154": [
		0.25390625,
		0.18854166666666666
	],
	"155": [
		0.25390625,
		0.18854166666666666
	],
	"156": [
		0.207421875,
		0.04895833333333333
	],
	"157": [
		0.0693359375,
		0.8479166666666667
	],
	"158": [
		0.246484375,
		0.049305555555555554
	],
	"159": [
		0.0732421875,
		0.15555555555555556
	],
	"160": [
		0.0697265625,
		0.8541666666666666
	],
	"161": [
		0.2896484375,
		0.06458333333333334
	],
	"162": [
		0.2322265625,
		0.109375
	],
	"163": [
		0.25390625,
		0.18854166666666666
	],