{
	"CornerNorthWest": [
		0.13342696629213482,
		0.4275070651708487
	],
	"CornerNorthEast": [
		0.12219101123595505,
		0.11783848591247752
	],
	"CornerSouthEast": [
		0.7058823529411765,
		0.16990665410636294
	],
	"CornerSouthWest": [
		0.4339887640449438,
		0.9207844480602895
	]
}