{
	"CornerNorthWest": [
		0.10112359550561797,
		0.49875824269932345
	],
	"CornerNorthEast": [
		0.12219101123595505,
		0.11783848591247752
	],
	"CornerSouthEast": [
		0.7058823529411765,
		0.16990665410636294
	],
	"CornerSouthWest": [
		0.3047752808988764,
		0.9070822985355828
	]
}