{
	"0": [
		0.781640625,
		0.19583333333333333
	],
	"1": [
		0.7689453125,
		0.20381944444444444
	],
	"2": [
		0.023828125,
		0.1840277777777778
	],
	"3": [
		0.8439453125,
		0.203125
	],
	"4": [
		0.2416015625,
		0.18472222222222223
	],
	"5": [
		0.0748046875,
		0.18263888888888888
	],
	"6": [
		0.352734375,
		0.18958333333333333
	],
	"7": [
		0.308984375,
		0.18541666666666667
	],
	"8": [
		0.2556640625,
		0.16180555555555556
	],
	"9": [
		0.378515625,
		0.18958333333333333
	],
	"10": [
		0.51484375,
		0.1920138888888889
	],
	"11": [
		0.507421875,
		0.1986111111111111
	],
	"12": [
		0.853125,
		0.19618055555555555
	],
	"13": [
		0.4380859375,
		0.19722222222222222
	],
	"14": [
		0.17109375,
		0.18125
	],
	"15": [
		0.4181640625,
		0.19340277777777778
	],
	"16": [
		0.7587890625,
		0.19791666666666666
	],
	"17": [
		0.8275390625,
		0.19756944444444444
	],
	"18": [
		0.032421875,
		0.1753472222222222
	],
	"19": [
		0.230859375,
		0.19236111111111112
	],
	"20": [
		0.1455078125,
		0.18715277777777778
	],
	"21": [
		0.3712890625,
		0.1951388888888889
	],
	"22": [
		0.338671875,
		0.1736111111111111
	],
	"23": [
		0.09609375,
		0.18784722222222222
	],
	"24": [
		0.22265625,
		0.18368055555555557
	],
	"25": [
		0.4462890625,
		0.19236111111111112
	],
	"26": [
		0.1587890625,
		0.19027777777777777
	],
	"27": [
		0.38125,
		0.1875
	],
	"28": [
		0.8994140625,
		0.19791666666666666
	],
	"29": [
		0.305078125,
		0.19756944444444444
	],
	"30": [
		0.175390625,
		0.17916666666666667
	],
	"31": [
		0.2859375,
		0.1892361111111111
	],
	"32": [
		0.7865234375,
		0.1875
	],
	"33": [
		0.3138671875,
		0.18819444444444444
	],
	"34": [
		0.228515625,
		0.19791666666666666
	],
	"35": [
		0.16953125,
		0.17743055555555556
	],
	"36": [
		0.4490234375,
		0.19479166666666667
	],
	"37": [
		0.2451171875,
		0.18159722222222222
	],
	"38": [
		0.14921875,
		0.18993055555555555
	],
	"39": [
		0.354296875,
		0.19895833333333332
	],
	"40": [
		0.036328125,
		0.1798611111111111
	],
	"41": [
		0.1064453125,
		0.18506944444444445
	],
	"42": [
		0.0798828125,
		0.1875
	],
	"43": [
		0.2869140625,
		0.19722222222222222
	],
	"44": [
		0.1025390625,
		0.17326388888888888
	],
	"45": [
		0.2384765625,
		0.17916666666666667
	],
	"46": [
		0.516796875,
		0.19409722222222223
	],
	"47": [
		0.4904296875,
		0.203125
	],
	"48": [
		0.7607421875,
		0.2065972222222222
	],
	"49": [
		0.1052734375,
		0.18055555555555555
	],
	"50": [
		0.2162109375,
		0.19826388888888888
	],
	"51": [
		0.6681640625,
		0.17118055555555556
	],
	"52": [
		0.03125,
		0.17048611111111112
	],
	"53": [
		0.859765625,
		0.19305555555555556
	],
	"54": [
		0.24453125,
		0.1986111111111111
	],
	"55": [
		0.442578125,
		0.1857638888888889
	],
	"56": [
		0.0552734375,
		0.15625
	],
	"57": [
		0.4234375,
		0.20104166666666667
	],
	"58": [
		0.742578125,
		0.16979166666666667
	],
	"59": [
		0.8306640625,
		0.2111111111111111
	],
	"60": [
		0.1068359375,
		0.19583333333333333
	],
	"61": [
		0.48828125,
		0.19583333333333333
	],
	"62": [
		0.37265625,
		0.1857638888888889
	],
	"63": [
		0.3125,
		0.1857638888888889
	],
	"64": [
		0.1765625,
		0.196875
	],
	"65": [
		0.5107421875,
		0.18784722222222222
	],
	"66": [
		0.7806640625,
		0.19027777777777777
	],
	"67": [
		0.3814453125,
		0.203125
	],
	"68": [
		0.787890625,
		0.20590277777777777
	],
	"69": [
		0.5798828125,
		0.18090277777777777
	],
	"70": [
		0.2556640625,
		0.16180555555555556
	],
	"71": [
		0.8341796875,
		0.20243055555555556
	],
	"72": [
		0.31328125,
		0.20069444444444445
	],
	"73": [
		0.1505859375,
		0.17569444444444443
	],
	"74": [
		0.7626953125,
		0.20104166666666667
	],
	"75": [
		0.8595703125,
		0.20694444444444443
	],
	"76": [
		0.2296875,
		0.19305555555555556
	],
	"77": [
		0.852734375,
		0.18993055555555555
	],
	"78": [
		0.8595703125,
		0.20625
	],
	"79": [
		0.8330078125,
		0.20277777777777778
	],
	"80": [
		0.29140625,
		0.18645833333333334
	],
	"81": [
		0.29375,
		0.19895833333333332
	],
	"82": [
		0.762109375,
		0.20520833333333333
	],
	"83": [
		0.516796875,
		0.20381944444444444
	],
	"84": [
		0.448828125,
		0.20381944444444444
	],
	"85": [
		0.0796875,
		0.18888888888888888
	],
	"86": [
		0.8314453125,
		0.20625
	],
	"87": [
		0.516796875,
		0.20555555555555555
	],
	"88": [
		0.01796875,
		0.16041666666666668
	],
	"89": [
		0.14921875,
		0.18680555555555556
	],
	"90": [
		0.7875,
		0.20694444444444443
	],
	"91": [
		0.03671875,
		0.1840277777777778
	],
	"92": [
		0.62734375,
		0.9614583333333333
	],
	"93": [
		0.8951171875,
		0.184375
	],
	"94": [
		0.3578125,
		0.18611111111111112
	],
	"95": [
		0.7638671875,
		0.19027777777777777
	],
	"96": [
		0.31328125,
		0.20034722222222223
	],
	"97": [
		0.4931640625,
		0.20104166666666667
	],
	"98": [
		0.3548828125,
		0.19583333333333333
	],
	"99": [
		0.14921875,
		0.18819444444444444
	],
	"100": [
		0.3548828125,
		0.19652777777777777
	],
	"101": [
		0.56015625,
		0.17222222222222222
	],
	"102": [
		0.0359375,
		0.17083333333333334
	],
	"103": [
		0.7705078125,
		0.20798611111111112
	],
	"104": [
		0.836328125,
		0.19131944444444443
	],
	"105": [
		0.0861328125,
		0.18541666666666667
	],
	"106": [
		0.491015625,
		0.19305555555555556
	],
	"107": [
		0.8638671875,
		0.4184027777777778
	],
	"108": [
		0.4234375,
		0.19895833333333332
	],
	"109": [
		0.83203125,
		0.19618055555555555
	],
	"110": [
		0.4044921875,
		0.4013888888888889
	],
	"111": [
		0.0900390625,
		0.17604166666666668
	],
	"112": [
		0.8466796875,
		0.20868055555555556
	],
	"113": [
		0.2873046875,
		0.1920138888888889
	],
	"114": [
		0.3052734375,
		0.20104166666666667
	],
	"115": [
		0.426953125,
		0.19444444444444445
	],
	"116": [
		0.38203125,
		0.20520833333333333
	],
	"117": [
		0.8638671875,
		0.409375
	],
	"118": [
		0.40546875,
		0.40902777777777777
	],
	"119": [
		0.2138671875,
		0.17291666666666666
	],
	"120": [
		0.0982421875,
		0.19340277777777778
	],
	"121": [
		0.8634765625,
		0.4236111111111111
	],
	"122": [
		0.23515625,
		0.19756944444444444
	],
	"123": [
		0.423046875,
		0.1909722222222222
	],
	"124": [
		0.778125,
		0.19791666666666666
	],
	"125": [
		0.7322265625,
		0.18854166666666666
	],
	"126": [
		0.2296875,
		0.1840277777777778
	],
	"127": [
		0.1666015625,
		0.4340277777777778
	],
	"128": [
		0.0279296875,
		0.18854166666666666
	],
	"129": [
		0.8482421875,
		0.19722222222222222
	],
	"130": [
		0.355078125,
		0.18819444444444444
	],
	"131": [
		0.2296875,
		0.19305555555555556
	],
	"132": [
		0.4048828125,
		0.415625
	],
	"133": [
		0.40546875,
		0.415625
	],
	"134": [
		0.2978515625,
		0.16770833333333332
	],
	"135": [
		0.0228515625,
		0.16770833333333332
	],
	"136": [
		0.8640625,
		0.4201388888888889
	],
	"137": [
		0.5083984375,
		0.20451388888888888
	],
	"138": [
		0.4421875,
		0.18715277777777778
	],
	"139": [
		0.762109375,
		0.19375
	],
	"140": [
		0.8640625,
		0.4111111111111111
	],
	"141": [
		0.495703125,
		0.1909722222222222
	],
	"142": [
		0.3728515625,
		0.20277777777777778
	],
	"143": [
		0.7056640625,
		0.17048611111111112
	],
	"144": [
		0.431640625,
		0.18715277777777778
	],
	"145": [
		0.4982421875,
		0.203125
	],
	"146": [
		0.2134765625,
		0.17743055555555556
	],
	"147": [
		0.6283203125,
		0.7177083333333333
	],
	"148": [
		0.5951171875,
		0.17673611111111112
	],
	"149": [
		0.4048828125,
		0.41631944444444446
	],
	"150": [
		0.631640625,
		0.2375
	],
	"151": [
		0.176171875,
		0.19756944444444444
	],
	"152": [
		0.4048828125,
		0.4059027777777778
	],
	"153": [
		0.0361328125,
		0.19027777777777777
	],
	"154": [
		0.304296875,
		0.18263888888888888
	],
	"155": [
		0.287109375,
		0.18541666666666667
	],
	"156": [
		0.6251953125,
		0.18194444444444444
	],
	"157": [
		0.5095703125,
		0.19444444444444445
	],
	"158": [
		0.1064453125,
		0.19409722222222223
	],
	"159": [
		0.3236328125,
		0.16527777777777777
	],
	"160": [
		0.2232421875,
		0.18645833333333334
	],
	"161": [
		0.3435546875,
		0.17222222222222222
	],
	"162": [
		0.8638671875,
		0.41041666666666665
	],