{
	"CornerNorthWest": [
		0.11235955056179775,
		0.16886543535620052
	],
	"CornerNorthEast": [
		0.7851123595505618,
		0.1259789755831972
	],
	"CornerSouthEast": [
		0.848314606741573,
		0.893380149010876
	],
	"CornerSouthWest": [
		0.06882022471910113,
		0.9043418686306415
	]
}