{
	"CornerNorthWest": [
		0.20786516853932585,
		0.22783431754408007
	],
	"CornerNorthEast": [
		0.6292134831460674,
		0.2063910876575784
	],
	"CornerSouthEast": [
		0.6896067415730337,
		0.7919842425280466
	],
	"CornerSouthWest": [
		0.24719101123595505,
		0.7665954684424341
	]
}