{
	"PenaltySpotNorth": [
		0.09129213483146068,
		0.33656241350678107
	],
	"SixYardNorthForwardEast": [
		0.07303370786516854,
		0.25685026293938557
	],
	"EighteenYardNorthForwardEast": [
		0.3946629213483146,
		0.21256573484638805
	],
	"PenaltyCircleNorthEast": [
		0.2893258426966292,
		0.2922778854137836
	],
	"PenaltyCircleNorthWest": [
		0.13202247191011235,
		0.39856075283697756
	]
}