{
	"SixYardNorthForwardEast": [
		0.0800561797752809,
		0.26267956610964527
	],
	"EighteenYardNorthForwardEast": [
		0.39185393258426965,
		0.20371068392176572
	],
	"PenaltyCircleNorthWest": [
		0.1306179775280899,
		0.36185450433471544
	],
	"CornerNorthEast": [
		0.199438202247191,
		0.13938099426226075
	]
}