{
	"CornerNorthEast": [
		0.3789775654823177,
		0.2888420884193198
	],
	"CornerSouthEast": [
		0.6599722228304041,
		0.32069932713132215
	]
}