{
	"CornerNorthEast": [
		0.19803370786516855,
		0.14206139799807346
	],
	"EighteenYardNorthForwardEast": [
		0.39185393258426965,
		0.21979310633664195
	],
	"PenaltyCircleNorthWest": [
		0.13764044943820225,
		0.3859781379570298
	]
}