{
	"0": [
		0.665625,
		0.12777777777777777
	],
	"1": [
		0.6171875,
		0.2
	],
	"2": [
		0.6125,
		0.12777777777777777
	],
	"3": [
		0.5640625,
		0.19722222222222222
	],
	"4": [
		0.834375,
		0.3194444444444444
	],
	"5": [
		0.890625,
		0.35833333333333334
	],
	"6": [
		0.628125,
		0.2
	],
	"7": [
		0.6140625,
		0.30277777777777776
	],
	"8": [
		0.446875,
		0.4388888888888889
	],
	"9": [
		0.3890625,
		0.41388888888888886
	],
	"10": [
		0.5578125,
		0.13055555555555556
	],
	"11": [
		0.4984375,
		0.13055555555555556
	],
	"12": [
		0.8359375,
		0.32222222222222224
	],
	"13": [
		0.778125,
		0.30277777777777776
	],
	"14": [
		0.8359375,
		0.425
	],
	"15": [
		0.778125,
		0.4444444444444444
	],
	"16": [
		0.446875,
		0.30277777777777776
	],
	"17": [
		0.3890625,
		0.3194444444444444
	],
	"18": [
		0.78125,
		0.44166666666666665
	],
	"19": [
		0.7234375,
		0.4527777777777778
	],
	"20": [
		0.615625,
		0.8
	],
	"21": [
		0.6203125,
		0.9027777777777778
	],
	"22": [
		0.6140625,
		0.12777777777777777
	],
	"23": [
		0.5578125,
		0.1527777777777778
	],
	"24": [
		0.61875,
		0.7
	],
	"25": [
		0.615625,
		0.8027777777777778
	],
	"26": [
		0.615625,
		0.2
	],
	"27": [
		0.6171875,
		0.30277777777777776
	],
	"28": [
		0.725,
		0.4527777777777778
	],
	"29": [
		0.6671875,
		0.45555555555555555
	],
	"30": [
		0.3,
		0.6972222222222222
	],
	"31": [
		0.3015625,
		0.8
	],
	"32": [
		0.446875,
		0.9194444444444444
	],
	"33": [
		0.3890625,
		0.9166666666666666
	],
	"34": [
		0.946875,
		0.9416666666666667
	],
	"35": [
		0.8890625,
		0.9388888888888889
	],
	"36": [
		0.446875,
		0.15
	],
	"37": [
		0.3890625,
		0.15
	],
	"38": [
		0.6140625,
		0.13055555555555556
	],
	"39": [
		0.55625,
		0.13055555555555556
	],
	"40": [
		0.725,
		0.13055555555555556
	],
	"41": [
		0.6671875,
		0.13055555555555556
	],
	"42": [
		0.6,
		0.12777777777777777
	],
	"43": [
		0.5578125,
		0.19722222222222222
	],
	"44": [
		0.5015625,
		0.45
	],
	"45": [
		0.4453125,
		0.4361111111111111
	],
	"46": [
		0.5015625,
		0.2916666666666667
	],
	"47": [
		0.4453125,
		0.30277777777777776
	],
	"48": [
		0.7796875,
		0.30277777777777776
	],
	"49": [
		0.7234375,
		0.29444444444444445
	],
	"50": [
		0.5015625,
		0.14722222222222223
	],
	"51": [
		0.4453125,
		0.15
	],
	"52": [
		0.66875,
		0.13055555555555556
	],
	"53": [
		0.6125,
		0.12777777777777777
	],
	"54": [
		0.615625,
		0.3
	],
	"55": [
		0.6140625,
		0.4
	],
	"56": [
		0.7796875,
		0.9333333333333333
	],
	"57": [
		0.7234375,
		0.9305555555555556
	],
	"58": [
		0.890625,
		0.9388888888888889
	],
	"59": [
		0.834375,
		0.9361111111111111
	],
	"60": [
		0.390625,
		0.9166666666666666
	],
	"61": [
		0.334375,
		0.9166666666666666
	],
	"62": [
		0.39375,
		0.31666666666666665
	],
	"63": [
		0.34375,
		0.3611111111111111
	],
	"64": [
		0.3890625,
		0.05
	],
	"65": [
		0.334375,
		0.06666666666666667
	],
	"66": [
		0.9,
		0.13333333333333333
	],
	"67": [
		0.940625,
		0.2
	],
	"68": [
		1,
		0.9472222222222222
	],
	"69": [
		0.9453125,
		0.9416666666666667
	],
	"70": [
		0.778125,
		0.1527777777777778
	],
	"71": [
		0.7234375,
		0.1527777777777778
	],
	"72": [
		0.6140625,
		0.28888888888888886
	],
	"73": [
		0.5609375,
		0.2861111111111111
	],
	"74": [
		0.6140625,
		0.4
	],
	"75": [
		0.615625,
		0.49444444444444446
	],
	"76": [
		0.615625,
		0.45555555555555555
	],
	"77": [
		0.5625,
		0.45555555555555555
	],
	"78": [
		0.1140625,
		0.9166666666666666
	],
	"79": [
		0.0609375,
		0.9166666666666666
	],
	"80": [
		0.715625,
		0.12777777777777777
	],
	"81": [
		0.6671875,
		0.15555555555555556
	],
	"82": [
		0.1625,
		0.9166666666666666
	],
	"83": [
		0.1125,
		0.9166666666666666
	],
	"84": [
		0.725,
		0.9277777777777778
	],
	"85": [
		0.675,
		0.9277777777777778
	],
	"86": [
		0.646875,
		0.2
	],
	"87": [
		0.615625,
		0.26666666666666666
	],
	"88": [
		0.725,
		0.29444444444444445
	],
	"89": [
		0.6765625,
		0.28888888888888886
	],
	"90": [
		0.5484375,
		0.45555555555555555
	],
	"91": [
		0.5,
		0.45
	],
	"92": [
		0.5375,
		0.09722222222222222
	],
	"93": [
		0.5015625,
		0.1527777777777778
	],
	"94": [
		0.103125,
		0.1388888888888889
	],
	"95": [
		0.05625,
		0.1388888888888889
	],
	"96": [
		0.33125,
		0.2222222222222222
	],
	"97": [
		0.3171875,
		0.3
	],
	"98": [
		0.55625,
		0.13055555555555556
	],
	"99": [
		0.5859375,
		0.19166666666666668
	],
	"100": [
		0.3796875,
		0.9555555555555556
	],
	"101": [
		0.334375,
		0.95
	],
	"102": [
		0.5796875,
		0.12777777777777777
	],
	"103": [
		0.5578125,
		0.19722222222222222
	],
	"104": [
		0.590625,
		0.12777777777777777
	],
	"105": [
		0.5578125,
		0.18055555555555555
	],
	"106": [
		0.56875,
		0.125
	],
	"107": [
		0.5640625,
		0.20277777777777778
	],
	"108": [
		0.615625,
		0.12777777777777777
	],
	"109": [
		0.61875,
		0.20555555555555555
	],
	"110": [
		0.9328125,
		0.15
	],
	"111": [
		0.8890625,
		0.15
	],
	"112": [
		0.5578125,
		0.9222222222222223
	],
	"113": [
		0.5140625,
		0.9222222222222223
	],
	"114": [
		0.59375,
		0.12777777777777777
	],
	"115": [
		0.571875,
		0.19444444444444445
	],
	"116": [
		0.5859375,
		0.12777777777777777
	],
	"117": [
		0.5765625,
		0.20277777777777778
	],
	"118": [
		0.3640625,
		0.03611111111111111
	],
	"119": [
		0.334375,
		0.09166666666666666
	],
	"120": [
		0.578125,
		0.12777777777777777
	],
	"121": [
		0.5828125,
		0.20277777777777778
	],
	"122": [
		0.321875,
		0.22777777777777777
	],
	"123": [
		0.321875,
		0.30277777777777776
	],
	"124": [
		0.04375,
		0.9166666666666666
	],
	"125": [
		0.0015625,
		0.9166666666666666
	],
	"126": [
		0.5,
		0.1361111111111111
	],
	"127": [
		0.459375,
		0.11666666666666667
	],
	"128": [
		0.615625,
		0.15
	],
	"129": [
		0.646875,
		0.2
	],
	"130": [
		0.9203125,
		0.5333333333333333
	],
	"131": [
		0.890625,
		0.5861111111111111
	],
	"132": [
		0.6546875,
		0.2861111111111111
	],
	"133": [
		0.6140625,
		0.28888888888888886
	],
	"134": [
		0.5625,
		0.125
	],
	"135": [
		0.571875,
		0.19444444444444445
	],
	"136": [
		0.3203125,
		0.03611111111111111
	],
	"137": [
		0.3359375,
		0.1
	],
	"138": [
		0.278125,
		0.9527777777777777
	],
	"139": [
		0.2390625,
		0.95
	],
	"140": [
		0.5625,
		0.125
	],
	"141": [
		0.5890625,
		0.175
	],
	"142": [
		0.0296875,
		0.2972222222222222
	],
	"143": [
		0.0359375,
		0.3638888888888889
	],
	"144": [
		0.9453125,
		0.25277777777777777
	],
	"145": [
		0.915625,
		0.29444444444444445
	],
	"146": [
		0.5390625,
		0.044444444444444446
	],
	"147": [
		0.5109375,
		0.08888888888888889
	],
	"148": [
		0.3546875,
		0.03611111111111111
	],
	"149": [
		0.3828125,
		0.07777777777777778
	],
	"150": [
		0.9234375,
		0.55
	],
	"151": [
		0.8875,
		0.5583333333333333
	],
	"152": [
		0.8359375,
		0.15
	],
	"153": [
		0.8,
		0.15
	],
	"154": [
		0.7796875,
		0.5111111111111111
	],
	"155": [
		0.79375,
		0.5694444444444444
	],
	"156": [
		0.68125,
		0.12222222222222222
	],
	"157": [
		0.7078125,
		0.1638888888888889
	],
	"158": [
		0.3578125,
		0.7472222222222222
	],
	"159": [
		0.334375,
		0.7944444444444444
	],
	"160": [
		0.51875,
		0.09722222222222222
	],
	"161": [
		0.503125,
		0.1527777777777778
	],
	"162": [
		0.475,
		0.11666666666666667
	],
	"163": [
		0.446875,
		0.1527777777777778
	],
	"164": [
		0.2,
		0.4027777777777778
	],
	"165": [
		0.165625,
		0.3972222222222222
	],
	"166": [
		0.3171875,
		0.14722222222222223
	],
	"167": [
		0.2828125,
		0.14722222222222223
	],
	"168": [
		0.34375,
		0.36944444444444446
	],
	"169": [
		0.371875,
		0.4027777777777778
	],
	"170": [
		0.9046875,
		0.5
	],
	"171": [
		0.9234375,
		0.55
	],
	"172": [
		0.5390625,
		0.044444444444444446
	],
	"173": [
		0.534375,
		0.10277777777777777
	],
	"174": [
		0.8078125,
		0.044444444444444446
	],
	"175": [
		0.81875,
		0.1
	],
	"176": [
		0.3578125,
		0.39444444444444443
	],
	"177": [
		0.3890625,
		0.41388888888888886
	],
	"178": [
		0.315625,
		0.3972222222222222
	],
	"179": [
		0.3078125,
		0.4527777777777778
	],
	"180": [
		0.646875,
		0.18611111111111112
	],
	"181": [
		0.615625,
		0.175
	],