{
	"0": [
		0.575390625,
		0.04548611111111111
	],
	"1": [
		0.4123046875,
		0.04027777777777778
	],
	"2": [
		0.7482421875,
		0.05347222222222222
	],
	"3": [
		0.684375,
		0.05451388888888889
	],
	"4": [
		0.287890625,
		0.0375
	],
	"5": [
		0.3310546875,
		0.03125
	],
	"6": [
		0.49375,
		0.044444444444444446
	],
	"7": [
		0.9404296875,
		0.06458333333333334
	],
	"8": [
		0.484765625,
		0.03090277777777778
	],
	"9": [
		0.43046875,
		0.040625
	],
	"10": [
		0.091796875,
		0.09513888888888888
	],
	"11": [
		0.6494140625,
		0.03958333333333333
	],
	"12": [
		0.3037109375,
		0.09652777777777778
	],
	"13": [
		0.6607421875,
		0.05347222222222222
	],
	"14": [
		0.9267578125,
		0.06875
	],
	"15": [
		0.5642578125,
		0.03611111111111111
	],
	"16": [
		0.3490234375,
		0.035069444444444445
	],
	"17": [
		0.5125,
		0.04583333333333333
	],
	"18": [
		0.68515625,
		0.04375
	],
	"19": [
		0.7751953125,
		0.05381944444444445
	],
	"20": [
		0.7751953125,
		0.05381944444444445
	],
	"21": [
		0.6908203125,
		0.040625
	],
	"22": [
		0.84375,
		0.0625
	],
	"23": [
		0.866796875,
		0.0625
	],
	"24": [
		0.9220703125,
		0.050694444444444445
	],
	"25": [
		0.7359375,
		0.04236111111111111
	],
	"26": [
		0.2947265625,
		0.10138888888888889
	],
	"27": [
		0.32421875,
		0.033680555555555554
	],
	"28": [
		0.6048828125,
		0.0375
	],
	"29": [
		0.65390625,
		0.05590277777777778
	],
	"30": [
		0.5958984375,
		0.04895833333333333
	],
	"31": [
		0.7779296875,
		0.04618055555555556
	],
	"32": [
		0.5177734375,
		0.035069444444444445
	],
	"33": [
		0.739453125,
		0.05763888888888889
	],
	"34": [
		0.1095703125,
		0.10243055555555555
	],
	"35": [
		0.11015625,
		0.10034722222222223
	],
	"36": [
		0.65390625,
		0.06388888888888888
	],
	"37": [
		0.713671875,
		0.034722222222222224
	],
	"38": [
		0.3255859375,
		0.03993055555555555
	],
	"39": [
		0.871484375,
		0.042708333333333334
	],
	"40": [
		0.5693359375,
		0.05625
	],
	"41": [
		0.9234375,
		0.051041666666666666
	],
	"42": [
		0.8287109375,
		0.04027777777777778
	],
	"43": [
		0.4880859375,
		0.04861111111111111
	],
	"44": [
		0.8326171875,
		0.06805555555555555
	],
	"45": [
		0.288671875,
		0.03784722222222222
	],
	"46": [
		0.2421875,
		0.10798611111111112
	],
	"47": [
		0.4017578125,
		0.03993055555555555
	],
	"48": [
		0.0537109375,
		0.09444444444444444
	],
	"49": [
		0.9220703125,
		0.050694444444444445
	],
	"50": [
		0.4845703125,
		0.046875
	],
	"51": [
		0.6552734375,
		0.059027777777777776
	],
	"52": [
		0.6056640625,
		0.05451388888888889
	],
	"53": [
		0.7423828125,
		0.06180555555555556
	],
	"54": [
		0.873046875,
		0.06145833333333333
	],
	"55": [
		0.829296875,
		0.04652777777777778
	],
	"56": [
		0.82890625,
		0.049652777777777775
	],
	"57": [
		0.7732421875,
		0.05138888888888889
	],
	"58": [
		0.5947265625,
		0.03993055555555555
	],
	"59": [
		0.9287109375,
		0.06840277777777778
	],
	"60": [
		0.8330078125,
		0.060069444444444446
	],
	"61": [
		0.6576171875,
		0.060069444444444446
	],
	"62": [
		0.6919921875,
		0.059375
	],
	"63": [
		0.32734375,
		0.036458333333333336
	],
	"64": [
		0.6546875,
		0.043402777777777776
	],
	"65": [
		0.50625,
		0.034722222222222224
	],
	"66": [
		0.5708984375,
		0.05555555555555555
	],
	"67": [
		0.0931640625,
		0.09513888888888888
	],
	"68": [
		0.293359375,
		0.10451388888888889
	],
	"69": [
		0.5212890625,
		0.04652777777777778
	],
	"70": [
		0.8337890625,
		0.06736111111111111
	],
	"71": [
		0.8669921875,
		0.05555555555555555
	],
	"72": [
		0.92421875,
		0.050694444444444445
	],
	"73": [
		0.7587890625,
		0.940625
	],
	"74": [
		0.6560546875,
		0.05625
	],
	"75": [
		0.8708984375,
		0.9597222222222223
	],
	"76": [
		0.214453125,
		0.10520833333333333
	],
	"77": [
		0.7439453125,
		0.0642361111111111
	],
	"78": [
		0.3,
		0.04131944444444444
	],
	"79": [
		0.780859375,
		0.06388888888888888
	],
	"80": [
		0.328515625,
		0.03923611111111111
	],
	"81": [
		0.3017578125,
		0.10173611111111111
	],
	"82": [
		0.7623046875,
		0.06354166666666666
	],
	"83": [
		0.8712890625,
		0.0642361111111111
	],
	"84": [
		0.8515625,
		0.06770833333333333
	],
	"85": [
		0.5736328125,
		0.041666666666666664
	],
	"86": [
		0.1095703125,
		0.096875
	],
	"87": [
		0.440625,
		0.04513888888888889
	],
	"88": [
		0.91171875,
		0.03229166666666667
	],
	"89": [
		0.2107421875,
		0.8458333333333333
	],
	"90": [
		0.833984375,
		0.06111111111111111
	],
	"91": [
		0.87734375,
		0.9631944444444445
	],
	"92": [
		0.8228515625,
		0.9524305555555556
	],
	"93": [
		0.4080078125,
		0.04513888888888889
	],
	"94": [
		0.8427734375,
		0.9576388888888889
	],
	"95": [
		0.7390625,
		0.04583333333333333
	],
	"96": [
		0.95234375,
		0.06805555555555555
	],
	"97": [
		0.4892578125,
		0.05138888888888889
	],
	"98": [
		0.405078125,
		0.03680555555555556
	],
	"99": [
		0.9052734375,
		0.9677083333333333
	],
	"100": [
		0.2974609375,
		0.10347222222222222
	],
	"101": [
		0.4076171875,
		0.041666666666666664
	],
	"102": [
		0.3595703125,
		0.03819444444444445
	],
	"103": [
		0.4876953125,
		0.043055555555555555
	],
	"104": [
		0.5693359375,
		0.046875
	],
	"105": [
		0.05,
		0.09375
	],
	"106": [
		0.130078125,
		0.8868055555555555
	],
	"107": [
		0.6916015625,
		0.059375
	],
	"108": [
		0.5703125,
		0.04479166666666667
	],
	"109": [
		0.901171875,
		0.9680555555555556
	],
	"110": [
		0.1431640625,
		0.10416666666666667
	],
	"111": [
		0.6955078125,
		0.06666666666666667
	],
	"112": [
		0.2966796875,
		0.10138888888888889
	],
	"113": [
		0.0833984375,
		0.0954861111111111
	],
	"114": [
		0.5728515625,
		0.05416666666666667
	],
	"115": [
		0.6736328125,
		0.058680555555555555
	],
	"116": [
		0.201953125,
		0.8444444444444444
	],
	"117": [
		0.7423828125,
		0.05625
	],
	"118": [
		0.406640625,
		0.04236111111111111
	],
	"119": [
		0.49375,
		0.04479166666666667
	],
	"120": [
		0.7904296875,
		0.9472222222222222
	],
	"121": [
		0.91171875,
		0.03263888888888889
	],
	"122": [
		0.0962890625,
		0.10173611111111111
	],
	"123": [
		0.933203125,
		0.05243055555555556
	],
	"124": [
		0.1087890625,
		0.10347222222222222
	],
	"125": [
		0.1431640625,
		0.10520833333333333
	],
	"126": [
		0.7427734375,
		0.05625
	],
	"127": [
		0.8529296875,
		0.05138888888888889
	],
	"128": [
		0.3029296875,
		0.04652777777777778
	],
	"129": [
		0.7814453125,
		0.06527777777777778
	],
	"130": [
		0.951953125,
		0.05416666666666667
	],
	"131": [
		0.3255859375,
		0.03090277777777778
	],
	"132": [
		0.2990234375,
		0.10277777777777777
	],
	"133": [
		0.4123046875,
		0.04201388888888889
	],
	"134": [
		0.5212890625,
		0.049652777777777775
	],
	"135": [
		0.3310546875,
		0.03715277777777778
	],
	"136": [
		0.487109375,
		0.04236111111111111
	],
	"137": [
		0.7751953125,
		0.06493055555555556
	],
	"138": [
		0.169921875,
		0.8392361111111111
	],
	"139": [
		0.109765625,
		0.103125
	],
	"140": [
		0.5791015625,
		0.05416666666666667
	],
	"141": [
		0.8390625,
		0.049305555555555554
	],
	"142": [
		0.0482421875,
		0.09166666666666666
	],
	"143": [
		0.2953125,
		0.10138888888888889
	],
	"144": [
		0.441015625,
		0.04548611111111111
	],
	"145": [
		0.206640625,
		0.8434027777777777
	],
	"146": [
		0.1095703125,
		0.096875
	],
	"147": [
		0.2177734375,
		0.10659722222222222
	],
	"148": [
		0.78515625,
		0.03680555555555556
	],
	"149": [
		0.091015625,
		0.9284722222222223
	],
	"150": [
		0.109375,
		0.10069444444444445
	],
	"151": [
		0.495703125,
		0.030555555555555555
	],
	"152": [
		0.55078125,
		0.9020833333333333
	],
	"153": [
		0.25390625,
		0.8534722222222222
	],
	"154": [
		0.4275390625,
		0.88125
	],
	"155": [
		0.299609375,
		0.24131944444444445
	],
	"156": [
		0.748828125,
		0.04548611111111111
	],
	"157": [
		0.6896484375,
		0.034375
	],
	"158": [
		0.3607421875,
		0.043402777777777776
	],
	"159": [
		0.8681640625,
		0.06736111111111111
	],
	"160": [
		0.926171875,
		0.06979166666666667
	],
	"161": [
		0.6001953125,
		0.05694444444444444
	],
	"162": [
		0.775,
		0.06215277777777778
	],
	"163": [
		0.8458984375,
		0.049305555555555554
	],