{
	"CornerNorthWest": [
		0.07724719101123595,
		0.16350462788457512
	],
	"CornerNorthEast": [
		0.9157303370786517,
		0.0876937569581228
	],
	"CornerSouthEast": [
		0.9185393258426966,
		0.9235248779652308
	],
	"CornerSouthWest": [
		0.09831460674157304,
		0.9070822985355828
	]
}