{
	"CornerNorthEast": [
		0.23595505617977527,
		0.36453490807052813
	],
	"CornerSouthEast": [
		0.6235955056179775,
		0.3940193491644679
	],
	"CornerSouthWest": [
		0.6882022471910112,
		0.7290698161410563
	]
}