{
	"SixYardNorthForwardEast": [
		0.07584269662921349,
		0.2562129562233545
	],
	"PenaltySpotNorth": [
		0.09691011235955056,
		0.32276177602162837
	],
	"PenaltyCircleNorthWest": [
		0.14185393258426968,
		0.38931059581990224
	],
	"EighteenYardNorthForwardEast": [
		0.4101123595505618,
		0.21628366434439014
	]
}