{
	"0": [
		0.725390625,
		0.06770833333333333
	],
	"1": [
		0.3728515625,
		0.08784722222222222
	],
	"2": [
		0.7669921875,
		0.058333333333333334
	],
	"3": [
		0.6345703125,
		0.04722222222222222
	],
	"4": [
		0.7265625,
		0.07430555555555556
	],
	"5": [
		0.3771484375,
		0.078125
	],
	"6": [
		0.7197265625,
		0.08958333333333333
	],
	"7": [
		0.1306640625,
		0.16006944444444443
	],
	"8": [
		0.0681640625,
		0.18472222222222223
	],
	"9": [
		0.2986328125,
		0.10625
	],
	"10": [
		0.250390625,
		0.12430555555555556
	],
	"11": [
		0.282421875,
		0.11840277777777777
	],
	"12": [
		0.03984375,
		0.16597222222222222
	],
	"13": [
		0.8111328125,
		0.04201388888888889
	],
	"14": [
		0.7763671875,
		0.03333333333333333
	],
	"15": [
		0.230078125,
		0.13645833333333332
	],
	"16": [
		0.2107421875,
		0.15069444444444444
	],
	"17": [
		0.07890625,
		0.17465277777777777
	],
	"18": [
		0.21953125,
		0.115625
	],
	"19": [
		0.21640625,
		0.13472222222222222
	],
	"20": [
		0.892578125,
		0.05
	],
	"21": [
		0.7072265625,
		0.08159722222222222
	],
	"22": [
		0.039453125,
		0.20381944444444444
	],
	"23": [
		0.348828125,
		0.10451388888888889
	],
	"24": [
		0.71875,
		0.07465277777777778
	],
	"25": [
		0.1216796875,
		0.16875
	],
	"26": [
		0.400390625,
		0.07013888888888889
	],
	"27": [
		0.8923828125,
		0.04201388888888889
	],
	"28": [
		0.8951171875,
		0.05555555555555555
	],
	"29": [
		0.35,
		0.08715277777777777
	],
	"30": [
		0.260546875,
		0.103125
	],
	"31": [
		0.058203125,
		0.15347222222222223
	],
	"32": [
		0.635546875,
		0.3527777777777778
	],
	"33": [
		0.7767578125,
		0.03923611111111111
	],
	"34": [
		0.2734375,
		0.12569444444444444
	],
	"35": [
		0.101953125,
		0.17569444444444443
	],
	"36": [
		0.140234375,
		0.16631944444444444
	],
	"37": [
		0.7140625,
		0.059722222222222225
	],
	"38": [
		0.760546875,
		0.08923611111111111
	],
	"39": [
		0.22109375,
		0.12152777777777778
	],
	"40": [
		0.6333984375,
		0.3659722222222222
	],
	"41": [
		0.0962890625,
		0.6121527777777778
	],
	"42": [
		0.635546875,
		0.3527777777777778
	],
	"43": [
		0.4193359375,
		0.06145833333333333
	],
	"44": [
		0.1056640625,
		0.17743055555555556
	],
	"45": [
		0.2427734375,
		0.11215277777777778
	],
	"46": [
		0.635546875,
		0.353125
	],
	"47": [
		0.662109375,
		0.03958333333333333
	],
	"48": [
		0.741015625,
		0.21597222222222223
	],
	"49": [
		0.1322265625,
		0.17118055555555556
	],
	"50": [
		0.0513671875,
		0.16319444444444445
	],
	"51": [
		0.72421875,
		0.06284722222222222
	],
	"52": [
		0.352734375,
		0.09583333333333334
	],
	"53": [
		0.042578125,
		0.1954861111111111
	],
	"54": [
		0.1421875,
		0.171875
	],
	"55": [
		0.10625,
		0.16458333333333333
	],
	"56": [
		0.2171875,
		0.14097222222222222
	],
	"57": [
		0.426171875,
		0.0763888888888889
	],
	"58": [
		0.0494140625,
		0.19027777777777777
	],
	"59": [
		0.6353515625,
		0.3607638888888889
	],
	"60": [
		0.2888671875,
		0.1111111111111111
	],
	"61": [
		0.70234375,
		0.06388888888888888
	],
	"62": [
		0.120703125,
		0.175
	],
	"63": [
		0.0966796875,
		0.6142361111111111
	],
	"64": [
		0.0462890625,
		0.1684027777777778
	],
	"65": [
		0.14296875,
		0.15555555555555556
	],
	"66": [
		0.3783203125,
		0.08298611111111111
	],
	"67": [
		0.7271484375,
		0.0798611111111111
	],
	"68": [
		0.618359375,
		0.034375
	],
	"69": [
		0.6982421875,
		0.03333333333333333
	],
	"70": [
		0.711328125,
		0.06875
	],
	"71": [
		0.811328125,
		0.04861111111111111
	],
	"72": [
		0.70859375,
		0.0642361111111111
	],
	"73": [
		0.2798828125,
		0.12604166666666666
	],
	"74": [
		0.7033203125,
		0.05138888888888889
	],
	"75": [
		0.3984375,
		0.06840277777777778
	],
	"76": [
		0.6353515625,
		0.35868055555555556
	],
	"77": [
		0.4904296875,
		0.035069444444444445
	],
	"78": [
		0.398046875,
		0.07951388888888888
	],
	"79": [
		0.7615234375,
		0.08298611111111111
	],
	"80": [
		0.5986328125,
		0.3128472222222222
	],
	"81": [
		0.417578125,
		0.07430555555555556
	],
	"82": [
		0.0912109375,
		0.18611111111111112
	],
	"83": [
		0.283203125,
		0.12256944444444444
	],
	"84": [
		0.4283203125,
		0.06076388888888889
	],
	"85": [
		0.2609375,
		0.10902777777777778
	],
	"86": [
		0.0232421875,
		0.27326388888888886
	],
	"87": [
		0.386328125,
		0.08541666666666667
	],
	"88": [
		0.128515625,
		0.17152777777777778
	],
	"89": [
		0.751171875,
		0.09340277777777778
	],
	"90": [
		0.089453125,
		0.171875
	],
	"91": [
		0.083203125,
		0.18888888888888888
	],
	"92": [
		0.7341796875,
		0.05347222222222222
	],
	"93": [
		0.6544921875,
		0.03819444444444445
	],
	"94": [
		0.2951171875,
		0.11666666666666667
	],
	"95": [
		0.1669921875,
		0.11805555555555555
	],
	"96": [
		0.0791015625,
		0.18993055555555555
	],
	"97": [
		0.1333984375,
		0.16805555555555557
	],
	"98": [
		0.1232421875,
		0.1763888888888889
	],
	"99": [
		0.2650390625,
		0.13090277777777778
	],
	"100": [
		0.71953125,
		0.07152777777777777
	],
	"101": [
		0.70703125,
		0.08680555555555555
	],
	"102": [
		0.2685546875,
		0.26319444444444445
	],
	"103": [
		0.4193359375,
		0.05659722222222222
	],
	"104": [
		0.0736328125,
		0.19236111111111112
	],
	"105": [
		0.30859375,
		0.103125
	],
	"106": [
		0.3744140625,
		0.43194444444444446
	],
	"107": [
		0.0951171875,
		0.1597222222222222
	],
	"108": [
		0.7560546875,
		0.08888888888888889
	],
	"109": [
		0.5228515625,
		0.07569444444444444
	],
	"110": [
		0.7611328125,
		0.07847222222222222
	],
	"111": [
		0.1298828125,
		0.1486111111111111
	],
	"112": [
		0.3771484375,
		0.09097222222222222
	],
	"113": [
		0.07734375,
		0.16493055555555555
	],
	"114": [
		0.726953125,
		0.08923611111111111
	],
	"115": [
		0.1455078125,
		0.5822916666666667
	],
	"116": [
		0.231640625,
		0.14444444444444443
	],
	"117": [
		0.303125,
		0.10173611111111111
	],
	"118": [
		0.371875,
		0.09513888888888888
	],
	"119": [
		0.1431640625,
		0.14201388888888888
	],
	"120": [
		0.810546875,
		0.04583333333333333
	],
	"121": [
		0.376953125,
		0.07083333333333333
	],
	"122": [
		0.2919921875,
		0.12048611111111111
	],
	"123": [
		0.929296875,
		0.050694444444444445
	],
	"124": [
		0.140625,
		0.15104166666666666
	],
	"125": [
		0.1029296875,
		0.15902777777777777
	],
	"126": [
		0.2548828125,
		0.11875
	],
	"127": [
		0.74609375,
		0.0875
	],
	"128": [
		0.2908203125,
		0.12048611111111111
	],
	"129": [
		0.5830078125,
		0.030555555555555555
	],
	"130": [
		0.4751953125,
		0.04479166666666667
	],
	"131": [
		0.3634765625,
		0.4409722222222222
	],
	"132": [
		0.7193359375,
		0.06944444444444445
	],
	"133": [
		0.7146484375,
		0.052083333333333336
	],
	"134": [
		0.30625,
		0.10034722222222223
	],
	"135": [
		0.52578125,
		0.035069444444444445
	],
	"136": [
		0.266015625,
		0.11631944444444445
	],
	"137": [
		0.427734375,
		0.05
	],
	"138": [
		0.848828125,
		0.03159722222222222
	],
	"139": [
		0.28046875,
		0.10243055555555555
	],
	"140": [
		0.7263671875,
		0.08090277777777778
	],
	"141": [
		0.296484375,
		0.09722222222222222
	],
	"142": [
		0.23671875,
		0.10798611111111112
	],
	"143": [
		0.108984375,
		0.15486111111111112
	],
	"144": [
		0.1515625,
		0.12013888888888889
	],
	"145": [
		0.37734375,
		0.08715277777777777
	],
	"146": [
		0.3990234375,
		0.058333333333333334
	],
	"147": [
		0.3828125,
		0.06805555555555555
	],
	"148": [
		0.1203125,
		0.24097222222222223
	],
	"149": [
		0.1236328125,
		0.12916666666666668
	],
	"150": [
		0.3990234375,
		0.06111111111111111
	],
	"151": [
		0.2974609375,
		0.11145833333333334
	],
	"152": [
		0.491796875,
		0.04479166666666667
	],
	"153": [
		0.3,
		0.10520833333333333
	],
	"154": [
		0.7107421875,
		0.07951388888888888
	],
	"155": [
		0.11015625,
		0.15590277777777778
	],
	"156": [
		0.6181640625,
		0.03819444444444445
	],
	"157": [
		0.026171875,
		0.2065972222222222
	],
	"158": [
		0.1626953125,
		0.11875
	],
	"159": [
		0.1291015625,
		0.12361111111111112
	],
	"160": [
		0.258984375,
		0.11423611111111111
	],
	"161": [
		0.4830078125,
		0.03333333333333333
	],
	"162": [
		0.6185546875,
		0.04097222222222222
	],