{
	"0": [
		0.79921875,
		0.19791666666666666
	],
	"1": [
		0.78671875,
		0.20381944444444444
	],
	"2": [
		0.065234375,
		0.18541666666666667
	],
	"3": [
		0.8587890625,
		0.203125
	],
	"4": [
		0.2740234375,
		0.1875
	],
	"5": [
		0.1166015625,
		0.18055555555555555
	],
	"6": [
		0.3806640625,
		0.18958333333333333
	],
	"7": [
		0.3384765625,
		0.1892361111111111
	],
	"8": [
		0.2890625,
		0.16597222222222222
	],
	"9": [
		0.4052734375,
		0.19166666666666668
	],
	"10": [
		0.5375,
		0.19305555555555556
	],
	"11": [
		0.53046875,
		0.1996527777777778
	],
	"12": [
		0.86796875,
		0.19791666666666666
	],
	"13": [
		0.4625,
		0.19895833333333332
	],
	"14": [
		0.2056640625,
		0.18472222222222223
	],
	"15": [
		0.4455078125,
		0.19131944444444443
	],
	"16": [
		0.77578125,
		0.19756944444444444
	],
	"17": [
		0.84453125,
		0.19652777777777777
	],
	"18": [
		0.0740234375,
		0.1798611111111111
	],
	"19": [
		0.2625,
		0.19236111111111112
	],
	"20": [
		0.18359375,
		0.1840277777777778
	],
	"21": [
		0.398828125,
		0.196875
	],
	"22": [
		0.3689453125,
		0.17256944444444444
	],
	"23": [
		0.1333984375,
		0.18819444444444444
	],
	"24": [
		0.2529296875,
		0.18472222222222223
	],
	"25": [
		0.471484375,
		0.19409722222222223
	],
	"26": [
		0.049609375,
		0.1795138888888889
	],
	"27": [
		0.193359375,
		0.190625
	],
	"28": [
		0.4109375,
		0.18229166666666666
	],
	"29": [
		0.9158203125,
		0.196875
	],
	"30": [
		0.334375,
		0.19756944444444444
	],
	"31": [
		0.21015625,
		0.17743055555555556
	],
	"32": [
		0.31640625,
		0.18958333333333333
	],
	"33": [
		0.803125,
		0.18819444444444444
	],
	"34": [
		0.3447265625,
		0.18229166666666666
	],
	"35": [
		0.2576171875,
		0.19826388888888888
	],
	"36": [
		0.2041015625,
		0.1798611111111111
	],
	"37": [
		0.4767578125,
		0.19305555555555556
	],
	"38": [
		0.27890625,
		0.18020833333333333
	],
	"39": [
		0.1873046875,
		0.19340277777777778
	],
	"40": [
		0.3830078125,
		0.20208333333333334
	],
	"41": [
		0.0798828125,
		0.178125
	],
	"42": [
		0.1466796875,
		0.18194444444444444
	],
	"43": [
		0.1205078125,
		0.18993055555555555
	],
	"44": [
		0.31953125,
		0.2
	],
	"45": [
		0.1400390625,
		0.17708333333333334
	],
	"46": [
		0.2712890625,
		0.18229166666666666
	],
	"47": [
		0.541796875,
		0.18645833333333334
	],
	"48": [
		0.515234375,
		0.20625
	],
	"49": [
		0.7798828125,
		0.2076388888888889
	],
	"50": [
		0.142578125,
		0.18125
	],
	"51": [
		0.244921875,
		0.20069444444444445
	],
	"52": [
		0.6884765625,
		0.17256944444444444
	],
	"53": [
		0.0712890625,
		0.17465277777777777
	],
	"54": [
		0.87734375,
		0.190625
	],
	"55": [
		0.2796875,
		0.19722222222222222
	],
	"56": [
		0.05234375,
		0.18680555555555556
	],
	"57": [
		0.4673828125,
		0.18819444444444444
	],
	"58": [
		0.098046875,
		0.15590277777777778
	],
	"59": [
		0.45078125,
		0.20347222222222222
	],
	"60": [
		0.7626953125,
		0.16875
	],
	"61": [
		0.8466796875,
		0.21215277777777777
	],
	"62": [
		0.1466796875,
		0.19444444444444445
	],
	"63": [
		0.5125,
		0.19444444444444445
	],
	"64": [
		0.4,
		0.18611111111111112
	],
	"65": [
		0.3400390625,
		0.1840277777777778
	],
	"66": [
		0.2126953125,
		0.19479166666666667
	],
	"67": [
		0.5337890625,
		0.19027777777777777
	],
	"68": [
		0.79765625,
		0.19270833333333334
	],
	"69": [
		0.4109375,
		0.20243055555555556
	],
	"70": [
		0.8078125,
		0.20590277777777777
	],
	"71": [
		0.60234375,
		0.18055555555555555
	],
	"72": [
		0.2890625,
		0.16631944444444444
	],
	"73": [
		0.8509765625,
		0.20277777777777778
	],
	"74": [
		0.3458984375,
		0.20034722222222223
	],
	"75": [
		0.1884765625,
		0.17743055555555556
	],
	"76": [
		0.7810546875,
		0.20104166666666667
	],
	"77": [
		0.8771484375,
		0.20798611111111112
	],
	"78": [
		0.2607421875,
		0.19340277777777778
	],
	"79": [
		0.8677734375,
		0.1920138888888889
	],
	"80": [
		0.8755859375,
		0.2065972222222222
	],
	"81": [
		0.8505859375,
		0.20347222222222222
	],
	"82": [
		0.3228515625,
		0.18611111111111112
	],
	"83": [
		0.3244140625,
		0.19895833333333332
	],
	"84": [
		0.7810546875,
		0.2048611111111111
	],
	"85": [
		0.5423828125,
		0.20243055555555556
	],
	"86": [
		0.476953125,
		0.20451388888888888
	],
	"87": [
		0.055859375,
		0.1875
	],
	"88": [
		0.1220703125,
		0.19027777777777777
	],
	"89": [
		0.849609375,
		0.20729166666666668
	],
	"90": [
		0.5416015625,
		0.20347222222222222
	],
	"91": [
		0.0580078125,
		0.16145833333333334
	],
	"92": [
		0.187890625,
		0.18888888888888888
	],
	"93": [
		0.8052734375,
		0.20625
	],
	"94": [
		0.08046875,
		0.18680555555555556
	],
	"95": [
		0.6482421875,
		0.9451388888888889
	],
	"96": [
		0.91015625,
		0.18541666666666667
	],
	"97": [
		0.387109375,
		0.18645833333333334
	],
	"98": [
		0.7818359375,
		0.1909722222222222
	],
	"99": [
		0.345703125,
		0.20451388888888888
	],
	"100": [
		0.518359375,
		0.20243055555555556
	],
	"101": [
		0.3857421875,
		0.19791666666666666
	],
	"102": [
		0.1875,
		0.190625
	],
	"103": [
		0.385546875,
		0.19791666666666666
	],
	"104": [
		0.5818359375,
		0.17326388888888888
	],
	"105": [
		0.0794921875,
		0.1673611111111111
	],
	"106": [
		0.7880859375,
		0.20833333333333334
	],
	"107": [
		0.852734375,
		0.19131944444444443
	],
	"108": [
		0.12421875,
		0.18611111111111112
	],
	"109": [
		0.5162109375,
		0.19479166666666667
	],
	"110": [
		0.88046875,
		0.4152777777777778
	],
	"111": [
		0.4513671875,
		0.20069444444444445
	],
	"112": [
		0.8484375,
		0.19826388888888888
	],
	"113": [
		0.4349609375,
		0.3920138888888889
	],
	"114": [
		0.1271484375,
		0.1763888888888889
	],
	"115": [
		0.862890625,
		0.209375
	],
	"116": [
		0.0544921875,
		0.17395833333333333
	],
	"117": [
		0.320703125,
		0.19479166666666667
	],
	"118": [
		0.3345703125,
		0.20173611111111112
	],
	"119": [
		0.4541015625,
		0.19444444444444445
	],
	"120": [
		0.4109375,
		0.2048611111111111
	],
	"121": [
		0.880859375,
		0.40381944444444445
	],
	"122": [
		0.4345703125,
		0.40381944444444445
	],
	"123": [
		0.2451171875,
		0.17326388888888888
	],
	"124": [
		0.1353515625,
		0.19409722222222223
	],
	"125": [
		0.052734375,
		0.17569444444444443
	],
	"126": [
		0.88046875,
		0.42083333333333334
	],
	"127": [
		0.26796875,
		0.1986111111111111
	],
	"128": [
		0.45078125,
		0.1920138888888889
	],
	"129": [
		0.794921875,
		0.19826388888888888
	],
	"130": [
		0.7529296875,
		0.19027777777777777
	],
	"131": [
		0.260546875,
		0.1840277777777778
	],
	"132": [
		0.190625,
		0.4270833333333333
	],
	"133": [
		0.068359375,
		0.18888888888888888
	],
	"134": [
		0.8638671875,
		0.19791666666666666
	],
	"135": [
		0.3853515625,
		0.1892361111111111
	],
	"136": [
		0.2607421875,
		0.19340277777777778
	],
	"137": [
		0.053515625,
		0.18819444444444444
	],
	"138": [
		0.435546875,
		0.41388888888888886
	],
	"139": [
		0.4357421875,
		0.41388888888888886
	],
	"140": [
		0.330078125,
		0.17152777777777778
	],
	"141": [
		0.0615234375,
		0.16909722222222223
	],
	"142": [
		0.880859375,
		0.4173611111111111
	],
	"143": [
		0.53046875,
		0.20555555555555555
	],
	"144": [
		0.466015625,
		0.18680555555555556
	],
	"145": [
		0.780859375,
		0.19444444444444445
	],
	"146": [
		0.8802734375,
		0.40694444444444444
	],
	"147": [
		0.518359375,
		0.19131944444444443
	],
	"148": [
		0.4001953125,
		0.20347222222222222
	],
	"149": [
		0.7263671875,
		0.17083333333333334
	],
	"150": [
		0.4568359375,
		0.18715277777777778
	],
	"151": [
		0.5212890625,
		0.20381944444444444
	],
	"152": [
		0.244140625,
		0.17743055555555556
	],
	"153": [
		0.65078125,
		0.6934027777777778
	],
	"154": [
		0.614453125,
		0.17743055555555556
	],
	"155": [
		0.435546875,
		0.41458333333333336
	],
	"156": [
		0.653515625,
		0.23333333333333334
	],
	"157": [
		0.2123046875,
		0.19618055555555555
	],
	"158": [
		0.4328125,
		0.3993055555555556
	],
	"159": [
		0.0787109375,
		0.19027777777777777
	],
	"160": [
		0.3333984375,
		0.1829861111111111
	],
	"161": [
		0.31953125,
		0.18819444444444444
	],
	"162": [
		0.644921875,
		0.18263888888888888
	],