{
	"EighteenYardNorthForwardWest": [
		0.165625,
		0.5813625685199687
	],
	"PenaltyCircleNorthEast": [
		0.61,
		0.31072826938136255
	],
	"EighteenYardNorthForwardEast": [
		0.738125,
		0.23054032889584966
	],
	"SixYardNorthForwardEast": [
		0.335,
		0.26729313495170975
	],
	"SixYardNorthRearEast": [
		0.224375,
		0.25392847820412423
	],
	"SixYardNorthForwardWest": [
		0.04625,
		0.43101018010963194
	]
}