{
	"0": [
		0.9265625,
		0.10520833333333333
	],
	"1": [
		0.928515625,
		0.11770833333333333
	],
	"2": [
		0.67890625,
		0.10520833333333333
	],
	"3": [
		0.3837890625,
		0.12152777777777778
	],
	"4": [
		0.7072265625,
		0.10625
	],
	"5": [
		0.6068359375,
		0.09027777777777778
	],
	"6": [
		0.4630859375,
		0.07951388888888888
	],
	"7": [
		0.898046875,
		0.11909722222222222
	],
	"8": [
		0.678515625,
		0.11631944444444445
	],
	"9": [
		0.3892578125,
		0.11284722222222222
	],
	"10": [
		0.890234375,
		0.14375
	],
	"11": [
		0.89765625,
		0.13020833333333334
	],
	"12": [
		0.6732421875,
		0.12777777777777777
	],
	"13": [
		0.186328125,
		0.18055555555555555
	],
	"14": [
		0.5583984375,
		0.06770833333333333
	],
	"15": [
		0.137890625,
		0.20347222222222222
	],
	"16": [
		0.3078125,
		0.1388888888888889
	],
	"17": [
		0.27578125,
		0.14965277777777777
	],
	"18": [
		0.3033203125,
		0.14965277777777777
	],
	"19": [
		0.1150390625,
		0.184375
	],
	"20": [
		0.744921875,
		0.08229166666666667
	],
	"21": [
		0.7197265625,
		0.08194444444444444
	],
	"22": [
		0.269140625,
		0.16145833333333334
	],
	"23": [
		0.2521484375,
		0.17083333333333334
	],
	"24": [
		0.146484375,
		0.19236111111111112
	],
	"25": [
		0.24921875,
		0.14479166666666668
	],
	"26": [
		0.2548828125,
		0.1638888888888889
	],
	"27": [
		0.8138671875,
		0.09340277777777778
	],
	"28": [
		0.1166015625,
		0.8871527777777778
	],
	"29": [
		0.6599609375,
		0.12395833333333334
	],
	"30": [
		0.8859375,
		0.11527777777777778
	],
	"31": [
		0.1146484375,
		0.21805555555555556
	],
	"32": [
		0.15703125,
		0.8958333333333334
	],
	"33": [
		0.3654296875,
		0.12986111111111112
	],
	"34": [
		0.408984375,
		0.9493055555555555
	],
	"35": [
		0.6716796875,
		0.12048611111111111
	],
	"36": [
		0.17734375,
		0.1892361111111111
	],
	"37": [
		0.4119140625,
		0.11041666666666666
	],
	"38": [
		0.8109375,
		0.08541666666666667
	],
	"39": [
		0.813671875,
		0.103125
	],
	"40": [
		0.888671875,
		0.13506944444444444
	],
	"41": [
		0.91171875,
		0.0920138888888889
	],
	"42": [
		0.3681640625,
		0.12361111111111112
	],
	"43": [
		0.2611328125,
		0.12604166666666666
	],
	"44": [
		0.5873046875,
		0.07048611111111111
	],
	"45": [
		0.1248046875,
		0.8895833333333333
	],
	"46": [
		0.1330078125,
		0.17881944444444445
	],
	"47": [
		0.5951171875,
		0.3302083333333333
	],
	"48": [
		0.719921875,
		0.09097222222222222
	],
	"49": [
		0.455859375,
		0.9600694444444444
	],
	"50": [
		0.2865234375,
		0.15520833333333334
	],
	"51": [
		0.1615234375,
		0.19756944444444444
	],
	"52": [
		0.925,
		0.09895833333333333
	],
	"53": [
		0.194140625,
		0.18645833333333334
	],
	"54": [
		0.6677734375,
		0.10104166666666667
	],
	"55": [
		0.7015625,
		0.12916666666666668
	],
	"56": [
		0.2541015625,
		0.14756944444444445
	],
	"57": [
		0.595703125,
		0.3625
	],
	"58": [
		0.87265625,
		0.1440972222222222
	],
	"59": [
		0.29765625,
		0.9243055555555556
	],
	"60": [
		0.1546875,
		0.565625
	],
	"61": [
		0.0310546875,
		0.8725694444444444
	],
	"62": [
		0.5947265625,
		0.32916666666666666
	],
	"63": [
		0.4203125,
		0.10173611111111111
	],
	"64": [
		0.1642578125,
		0.20069444444444445
	],
	"65": [
		0.4091796875,
		0.9493055555555555
	],
	"66": [
		0.258984375,
		0.1388888888888889
	],
	"67": [
		0.4546875,
		0.9604166666666667
	],
	"68": [
		0.598828125,
		0.3347222222222222
	],
	"69": [
		0.02734375,
		0.8711805555555555
	],
	"70": [
		0.6296875,
		0.08958333333333333
	],
	"71": [
		0.6912109375,
		0.22916666666666666
	],
	"72": [
		0.943359375,
		0.14201388888888888
	],
	"73": [
		0.1884765625,
		0.19722222222222222
	],
	"74": [
		0.979296875,
		0.11736111111111111
	],
	"75": [
		0.1259765625,
		0.18125
	],
	"76": [
		0.410546875,
		0.9496527777777778
	],
	"77": [
		0.6763671875,
		0.10520833333333333
	],
	"78": [
		0.373046875,
		0.12916666666666668
	],
	"79": [
		0.12109375,
		0.2065972222222222
	],
	"80": [
		0.19609375,
		0.1920138888888889
	],
	"81": [
		0.169921875,
		0.18680555555555556
	],
	"82": [
		0.2591796875,
		0.16944444444444445
	],
	"83": [
		0.44453125,
		0.9565972222222222
	],
	"84": [
		0.4283203125,
		0.11388888888888889
	],
	"85": [
		0.126171875,
		0.21493055555555557
	],
	"86": [
		0.6001953125,
		0.3579861111111111
	],
	"87": [
		0.2939453125,
		0.14722222222222223
	],
	"88": [
		0.654296875,
		0.10243055555555555
	],
	"89": [
		0.1734375,
		0.19756944444444444
	],
	"90": [
		0.14453125,
		0.5722222222222222
	],
	"91": [
		0.1212890625,
		0.18958333333333333
	],
	"92": [
		0.9775390625,
		0.15243055555555557
	],
	"93": [
		0.19765625,
		0.178125
	],
	"94": [
		0.39765625,
		0.11597222222222223
	],
	"95": [
		0.9412109375,
		0.14930555555555555
	],
	"96": [
		0.948046875,
		0.11215277777777778
	],
	"97": [
		0.6841796875,
		0.11909722222222222
	],
	"98": [
		0.9103515625,
		0.1326388888888889
	],
	"99": [
		0.5849609375,
		0.07881944444444444
	],
	"100": [
		0.2478515625,
		0.9128472222222223
	],
	"101": [
		0.64140625,
		0.08854166666666667
	],
	"102": [
		0.90234375,
		0.13229166666666667
	],
	"103": [
		0.664453125,
		0.109375
	],
	"104": [
		0.9232421875,
		0.14166666666666666
	],
	"105": [
		0.744921875,
		0.08819444444444445
	],
	"106": [
		0.6630859375,
		0.10347222222222222
	],
	"107": [
		0.291796875,
		0.15763888888888888
	],
	"108": [
		0.658984375,
		0.09409722222222222
	],
	"109": [
		0.4056640625,
		0.10798611111111112
	],
	"110": [
		0.8796875,
		0.11805555555555555
	],
	"111": [
		0.601953125,
		0.3482638888888889
	],
	"112": [
		0.4900390625,
		0.08194444444444444
	],
	"113": [
		0.9111328125,
		0.1
	],
	"114": [
		0.4087890625,
		0.11597222222222223
	],
	"115": [
		0.7021484375,
		0.12222222222222222
	],
	"116": [
		0.56875,
		0.30833333333333335
	],
	"117": [
		0.419140625,
		0.11597222222222223
	],
	"118": [
		0.1552734375,
		0.2065972222222222
	],
	"119": [
		0.2986328125,
		0.15486111111111112
	],
	"120": [
		0.4294921875,
		0.09965277777777778
	],
	"121": [
		0.937890625,
		0.10902777777777778
	],
	"122": [
		0.2638671875,
		0.1388888888888889
	],
	"123": [
		0.097265625,
		0.28229166666666666
	],
	"124": [
		0.401953125,
		0.11840277777777777
	],
	"125": [
		0.1845703125,
		0.19444444444444445
	],
	"126": [
		0.6953125,
		0.128125
	],
	"127": [
		0.1544921875,
		0.18993055555555555
	],
	"128": [
		0.1513671875,
		0.20902777777777778
	],
	"129": [
		0.68671875,
		0.09618055555555556
	],
	"130": [
		0.56015625,
		0.07291666666666667
	],
	"131": [
		0.6193359375,
		0.08159722222222222
	],
	"132": [
		0.31640625,
		0.15
	],
	"133": [
		0.19765625,
		0.15
	],
	"134": [
		0.1466796875,
		0.20625
	],
	"135": [
		0.191796875,
		0.19166666666666668
	],
	"136": [
		0.181640625,
		0.19756944444444444
	],
	"137": [
		0.2841796875,
		0.16111111111111112
	],
	"138": [
		0.674609375,
		0.11527777777777778
	],
	"139": [
		0.9193359375,
		0.13194444444444445
	],
	"140": [
		0.6568359375,
		0.11909722222222222
	],
	"141": [
		0.886328125,
		0.10625
	],
	"142": [
		0.3041015625,
		0.26875
	],
	"143": [
		0.4181640625,
		0.09652777777777778
	],
	"144": [
		0.1416015625,
		0.20902777777777778
	],
	"145": [
		0.31796875,
		0.13576388888888888
	],
	"146": [
		0.395703125,
		0.4128472222222222
	],
	"147": [
		0.87109375,
		0.12256944444444444
	],
	"148": [
		0.1576171875,
		0.18125
	],
	"149": [
		0.8931640625,
		0.12048611111111111
	],
	"150": [
		0.912890625,
		0.14722222222222223
	],
	"151": [
		0.0330078125,
		0.5576388888888889
	],
	"152": [
		0.8705078125,
		0.11666666666666667
	],
	"153": [
		0.919140625,
		0.13819444444444445
	],
	"154": [
		0.698046875,
		0.12465277777777778
	],
	"155": [
		0.5064453125,
		0.11284722222222222
	],
	"156": [
		0.6984375,
		0.11840277777777777
	],
	"157": [
		0.183203125,
		0.17222222222222222
	],
	"158": [
		0.3875,
		0.12361111111111112
	],
	"159": [
		0.144921875,
		0.1840277777777778
	],
	"160": [
		0.6849609375,
		0.13090277777777778
	],
	"161": [
		0.1982421875,
		0.5381944444444444
	],
	"162": [
		0.9453125,
		0.14791666666666667
	],