{
	"CornerNorthWest": [
		0.060393258426966294,
		0.10989655316832098
	],
	"CornerNorthEast": [
		0.7612359550561798,
		0.3055660258826486
	],
	"CornerSouthEast": [
		0.7485955056179775,
		0.8738116178749424
	],
	"CornerSouthWest": [
		0.20926966292134833,
		0.8604095991958789
	]
}