{
	"PenaltySpotNorth": [
		0.091875,
		0.3263338432299634
	],
	"SixYardNorthForwardEast": [
		0.073125,
		0.2581004032818801
	],
	"EighteenYardNorthRearEast": [
		0.0875,
		0.19580030593797804
	],
	"EighteenYardNorthForwardEast": [
		0.3980222496909765,
		0.2254670189588838
	],
	"PenaltyCircleNorthEast": [
		0.2941903584672435,
		0.2848004450006953
	],
	"PenaltyCircleNorthWest": [
		0.13202247191011235,
		0.3779369267495917
	],
	"CornerNorthEast": [
		0.20713448733541032,
		0.1449372116017643
	]
}