{
	"0": [
		0.62109375,
		0.07673611111111112
	],
	"1": [
		0.462890625,
		0.06979166666666667
	],
	"2": [
		0.78984375,
		0.08506944444444445
	],
	"3": [
		0.7220703125,
		0.07951388888888888
	],
	"4": [
		0.3166015625,
		0.058680555555555555
	],
	"5": [
		0.3873046875,
		0.06458333333333334
	],
	"6": [
		0.5421875,
		0.07569444444444444
	],
	"7": [
		0.9736328125,
		0.09097222222222222
	],
	"8": [
		0.525390625,
		0.05763888888888889
	],
	"9": [
		0.4755859375,
		0.06770833333333333
	],
	"10": [
		0.0947265625,
		0.09791666666666667
	],
	"11": [
		0.447265625,
		0.05277777777777778
	],
	"12": [
		0.6859375,
		0.06527777777777778
	],
	"13": [
		0.30625,
		0.09722222222222222
	],
	"14": [
		0.7056640625,
		0.08576388888888889
	],
	"15": [
		0.958203125,
		0.09513888888888888
	],
	"16": [
		0.6037109375,
		0.06284722222222222
	],
	"17": [
		0.3978515625,
		0.0625
	],
	"18": [
		0.5546875,
		0.07291666666666667
	],
	"19": [
		0.7216796875,
		0.07118055555555555
	],
	"20": [
		0.8087890625,
		0.07847222222222222
	],
	"21": [
		0.8087890625,
		0.07847222222222222
	],
	"22": [
		0.726171875,
		0.06597222222222222
	],
	"23": [
		0.6806640625,
		0.044444444444444446
	],
	"24": [
		0.880859375,
		0.08784722222222222
	],
	"25": [
		0.6619140625,
		0.04583333333333333
	],
	"26": [
		0.898828125,
		0.08645833333333333
	],
	"27": [
		0.9517578125,
		0.07673611111111112
	],
	"28": [
		0.4810546875,
		0.05486111111111111
	],
	"29": [
		0.7705078125,
		0.06666666666666667
	],
	"30": [
		0.2947265625,
		0.10138888888888889
	],
	"31": [
		0.372265625,
		0.06145833333333333
	],
	"32": [
		0.642578125,
		0.06354166666666666
	],
	"33": [
		0.6919921875,
		0.08125
	],
	"34": [
		0.637109375,
		0.075
	],
	"35": [
		0.811328125,
		0.07152777777777777
	],
	"36": [
		0.5603515625,
		0.06180555555555556
	],
	"37": [
		0.7734375,
		0.084375
	],
	"38": [
		0.40390625,
		0.050694444444444445
	],
	"39": [
		0.119921875,
		0.10486111111111111
	],
	"40": [
		0.1166015625,
		0.10347222222222222
	],
	"41": [
		0.6919921875,
		0.09166666666666666
	],
	"42": [
		0.751171875,
		0.06215277777777778
	],
	"43": [
		0.37421875,
		0.06840277777777778
	],
	"44": [
		0.83359375,
		0.05659722222222222
	],
	"45": [
		0.9033203125,
		0.06840277777777778
	],
	"46": [
		0.60859375,
		0.08472222222222223
	],
	"47": [
		0.9541015625,
		0.078125
	],
	"48": [
		0.8595703125,
		0.06597222222222222
	],
	"49": [
		0.531640625,
		0.07604166666666666
	],
	"50": [
		0.8658203125,
		0.09270833333333334
	],
	"51": [
		0.0380859375,
		0.09618055555555556
	],
	"52": [
		0.31328125,
		0.059027777777777776
	],
	"53": [
		0.241796875,
		0.1076388888888889
	],
	"54": [
		0.447265625,
		0.07013888888888889
	],
	"55": [
		0.081640625,
		0.10381944444444445
	],
	"56": [
		0.323046875,
		0.050347222222222224
	],
	"57": [
		0.951953125,
		0.07881944444444444
	],
	"58": [
		0.5265625,
		0.07673611111111112
	],
	"59": [
		0.6927734375,
		0.08645833333333333
	],
	"60": [
		0.64375,
		0.08194444444444444
	],
	"61": [
		0.777734375,
		0.08715277777777777
	],
	"62": [
		0.9421875,
		0.05798611111111111
	],
	"63": [
		0.9216796875,
		0.051041666666666666
	],
	"64": [
		0.904296875,
		0.0875
	],
	"65": [
		0.8615234375,
		0.07256944444444445
	],
	"66": [
		0.8615234375,
		0.078125
	],
	"67": [
		0.8544921875,
		0.04895833333333333
	],
	"68": [
		0.5685546875,
		0.040625
	],
	"69": [
		0.8076171875,
		0.07673611111111112
	],
	"70": [
		0.633984375,
		0.06736111111111111
	],
	"71": [
		0.9603515625,
		0.09340277777777778
	],
	"72": [
		0.86640625,
		0.08229166666666667
	],
	"73": [
		0.698828125,
		0.08645833333333333
	],
	"74": [
		0.726953125,
		0.08506944444444445
	],
	"75": [
		0.3787109375,
		0.06284722222222222
	],
	"76": [
		0.853515625,
		0.04513888888888889
	],
	"77": [
		0.6935546875,
		0.07118055555555555
	],
	"78": [
		0.5486328125,
		0.06215277777777778
	],
	"79": [
		0.61328125,
		0.07951388888888888
	],
	"80": [
		0.0955078125,
		0.09722222222222222
	],
	"81": [
		0.293359375,
		0.10451388888888889
	],
	"82": [
		0.5626953125,
		0.0763888888888889
	],
	"83": [
		0.8580078125,
		0.050347222222222224
	],
	"84": [
		0.868359375,
		0.090625
	],
	"85": [
		0.89921875,
		0.08020833333333334
	],
	"86": [
		0.955078125,
		0.07708333333333334
	],
	"87": [
		0.80234375,
		0.9395833333333333
	],
	"88": [
		0.695703125,
		0.07951388888888888
	],
	"89": [
		0.9126953125,
		0.9597222222222223
	],
	"90": [
		0.4140625,
		0.030555555555555555
	],
	"91": [
		0.4572265625,
		0.036458333333333336
	],
	"92": [
		0.21171875,
		0.10520833333333333
	],
	"93": [
		0.782421875,
		0.08819444444444445
	],
	"94": [
		0.3287109375,
		0.06458333333333334
	],
	"95": [
		0.8134765625,
		0.090625
	],
	"96": [
		0.3826171875,
		0.06527777777777778
	],
	"97": [
		0.301953125,
		0.10173611111111111
	],
	"98": [
		0.797265625,
		0.09166666666666666
	],
	"99": [
		0.903125,
		0.09166666666666666
	],
	"100": [
		0.883984375,
		0.0954861111111111
	],
	"101": [
		0.0435546875,
		0.09270833333333334
	],
	"102": [
		0.5357421875,
		0.05381944444444445
	],
	"103": [
		0.6138671875,
		0.06597222222222222
	],
	"104": [
		0.116015625,
		0.10104166666666667
	],
	"105": [
		0.4833984375,
		0.07326388888888889
	],
	"106": [
		0.943359375,
		0.06041666666666667
	],
	"107": [
		0.275,
		0.840625
	],
	"108": [
		0.396484375,
		0.05347222222222222
	],
	"109": [
		0.867578125,
		0.08472222222222223
	],
	"110": [
		0.919921875,
		0.9635416666666666
	],
	"111": [
		0.8548828125,
		0.9506944444444444
	],
	"112": [
		0.4568359375,
		0.07083333333333333
	],
	"113": [
		0.144140625,
		0.10486111111111111
	],
	"114": [
		0.878125,
		0.9569444444444445
	],
	"115": [
		0.7740234375,
		0.07361111111111111
	],
	"116": [
		0.8302734375,
		0.05451388888888889
	],
	"117": [
		0.9822265625,
		0.09479166666666666
	],
	"118": [
		0.53515625,
		0.07673611111111112
	],
	"119": [
		0.450390625,
		0.065625
	],
	"120": [
		0.940234375,
		0.96875
	],
	"121": [
		0.2974609375,
		0.10347222222222222
	],
	"122": [
		0.4548828125,
		0.06597222222222222
	],
	"123": [
		0.4060546875,
		0.06701388888888889
	],
	"124": [
		0.5306640625,
		0.06666666666666667
	],
	"125": [
		0.6095703125,
		0.06979166666666667
	],
	"126": [
		0.6365234375,
		0.049305555555555554
	],
	"127": [
		0.034375,
		0.10277777777777777
	],
	"128": [
		0.0705078125,
		0.10625
	],
	"129": [
		0.19375,
		0.8739583333333333
	],
	"130": [
		0.7271484375,
		0.08645833333333333
	],
	"131": [
		0.6103515625,
		0.06840277777777778
	],
	"132": [
		0.9310546875,
		0.9670138888888888
	],
	"133": [
		0.0236328125,
		0.11458333333333333
	],
	"134": [
		0.1470703125,
		0.10520833333333333
	],
	"135": [
		0.7296875,
		0.08958333333333333
	],
	"136": [
		0.467578125,
		0.05763888888888889
	],
	"137": [
		0.2966796875,
		0.10138888888888889
	],
	"138": [
		0.08984375,
		0.09861111111111111
	],
	"139": [
		0.6166015625,
		0.07951388888888888
	],
	"140": [
		0.7095703125,
		0.08715277777777777
	],
	"141": [
		0.2599609375,
		0.8388888888888889
	],
	"142": [
		0.778125,
		0.0798611111111111
	],
	"143": [
		0.45234375,
		0.07152777777777777
	],
	"144": [
		0.880078125,
		0.04236111111111111
	],
	"145": [
		0.5423828125,
		0.07673611111111112
	],
	"146": [
		0.8369140625,
		0.946875
	],
	"147": [
		0.942578125,
		0.06111111111111111
	],
	"148": [
		0.538671875,
		0.043402777777777776
	],
	"149": [
		0.0970703125,
		0.10381944444444445
	],
	"150": [
		0.9662109375,
		0.08055555555555556
	],
	"151": [
		0.1109375,
		0.10729166666666666
	],
	"152": [
		0.134765625,
		0.10659722222222222
	],
	"153": [
		0.7796875,
		0.078125
	],
	"154": [
		0.378125,
		0.050347222222222224
	],
	"155": [
		0.4537109375,
		0.05520833333333333
	],
	"156": [
		0.8865234375,
		0.07951388888888888
	],
	"157": [
		0.3287109375,
		0.06805555555555555
	],
	"158": [
		0.4548828125,
		0.03819444444444445
	],
	"159": [
		0.8138671875,
		0.09131944444444444
	],
	"160": [
		0.98203125,
		0.08159722222222222
	],
	"161": [
		0.3744140625,
		0.05486111111111111
	],