{
	"0": [
		0.5109375,
		0.2
	],
	"1": [
		0.559375,
		0.2916666666666667
	],
	"2": [
		0.7796875,
		0.38055555555555554
	],
	"3": [
		0.7203125,
		0.3527777777777778
	],
	"4": [
		0.5546875,
		0.125
	],
	"5": [
		0.5109375,
		0.2
	],
	"6": [
		0.725,
		0.46944444444444444
	],
	"7": [
		0.665625,
		0.4861111111111111
	],
	"8": [
		0.390625,
		0.4722222222222222
	],
	"9": [
		0.3328125,
		0.44722222222222224
	],
	"10": [
		0.5515625,
		0.8
	],
	"11": [
		0.553125,
		0.9055555555555556
	],
	"12": [
		0.725,
		0.35555555555555557
	],
	"13": [
		0.6671875,
		0.3416666666666667
	],
	"14": [
		0.446875,
		0.4861111111111111
	],
	"15": [
		0.3890625,
		0.4722222222222222
	],
	"16": [
		0.446875,
		0.3388888888888889
	],
	"17": [
		0.3890625,
		0.35
	],
	"18": [
		0.6140625,
		0.19166666666666668
	],
	"19": [
		0.55625,
		0.18611111111111112
	],
	"20": [
		0.446875,
		0.20833333333333334
	],
	"21": [
		0.3890625,
		0.21388888888888888
	],
	"22": [
		0.5515625,
		0.6
	],
	"23": [
		0.5546875,
		0.7027777777777777
	],
	"24": [
		0.5546875,
		0.7
	],
	"25": [
		0.5515625,
		0.8027777777777778
	],
	"26": [
		0.3359375,
		0.13055555555555556
	],
	"27": [
		0.278125,
		0.12777777777777777
	],
	"28": [
		0.5015625,
		0.18888888888888888
	],
	"29": [
		0.44375,
		0.19166666666666668
	],
	"30": [
		0.5578125,
		0.18611111111111112
	],
	"31": [
		0.5,
		0.18888888888888888
	],
	"32": [
		0.8359375,
		0.2111111111111111
	],
	"33": [
		0.778125,
		0.21388888888888888
	],
	"34": [
		0.1140625,
		0.9222222222222223
	],
	"35": [
		0.05625,
		0.925
	],
	"36": [
		0.446875,
		0.9194444444444444
	],
	"37": [
		0.3890625,
		0.9222222222222223
	],
	"38": [
		0.725,
		0.9277777777777778
	],
	"39": [
		0.6671875,
		0.925
	],
	"40": [
		0.946875,
		0.9361111111111111
	],
	"41": [
		0.8890625,
		0.9333333333333333
	],
	"42": [
		0.3359375,
		0.9194444444444444
	],
	"43": [
		0.278125,
		0.9194444444444444
	],
	"44": [
		0.8359375,
		0.9305555555555556
	],
	"45": [
		0.778125,
		0.9305555555555556
	],
	"46": [
		0.8265625,
		0.20277777777777778
	],
	"47": [
		0.7859375,
		0.275
	],
	"48": [
		0.778125,
		0.44722222222222224
	],
	"49": [
		0.7234375,
		0.4722222222222222
	],
	"50": [
		0.6125,
		0.33611111111111114
	],
	"51": [
		0.66875,
		0.34444444444444444
	],
	"52": [
		0.4453125,
		0.48333333333333334
	],
	"53": [
		0.5015625,
		0.49166666666666664
	],
	"54": [
		0.66875,
		0.48333333333333334
	],
	"55": [
		0.6125,
		0.49166666666666664
	],
	"56": [
		0.7796875,
		0.21388888888888888
	],
	"57": [
		0.7234375,
		0.2111111111111111
	],
	"58": [
		0.553125,
		0.3
	],
	"59": [
		0.5546875,
		0.4
	],
	"60": [
		0.390625,
		0.9222222222222223
	],
	"61": [
		0.334375,
		0.9194444444444444
	],
	"62": [
		0.66875,
		0.925
	],
	"63": [
		0.6125,
		0.9222222222222223
	],
	"64": [
		0.7796875,
		0.9305555555555556
	],
	"65": [
		0.7234375,
		0.9277777777777778
	],
	"66": [
		0.16875,
		0.9222222222222223
	],
	"67": [
		0.1125,
		0.9222222222222223
	],
	"68": [
		0.3890625,
		0.35
	],
	"69": [
		0.334375,
		0.37222222222222223
	],
	"70": [
		0.8140625,
		0.30277777777777776
	],
	"71": [
		0.7765625,
		0.375
	],
	"72": [
		1,
		0.9416666666666667
	],
	"73": [
		0.9453125,
		0.9361111111111111
	],
	"74": [
		0.5,
		0.9222222222222223
	],
	"75": [
		0.4453125,
		0.9194444444444444
	],
	"76": [
		0.446875,
		0.13055555555555556
	],
	"77": [
		0.39375,
		0.1388888888888889
	],
	"78": [
		0.5515625,
		0.20833333333333334
	],
	"79": [
		0.553125,
		0.30277777777777776
	],
	"80": [
		0.609375,
		0.3194444444444444
	],
	"81": [
		0.58125,
		0.3972222222222222
	],
	"82": [
		0.8109375,
		0.2
	],
	"83": [
		0.7875,
		0.28055555555555556
	],
	"84": [
		0.5515625,
		0.20833333333333334
	],
	"85": [
		0.5140625,
		0.26666666666666666
	],
	"86": [
		0.6140625,
		0.33611111111111114
	],
	"87": [
		0.565625,
		0.3333333333333333
	],
	"88": [
		0.778125,
		0.21388888888888888
	],
	"89": [
		0.8109375,
		0.275
	],
	"90": [
		0.55625,
		0.24166666666666667
	],
	"91": [
		0.5109375,
		0.21666666666666667
	],
	"92": [
		0.16875,
		0.6972222222222222
	],
	"93": [
		0.175,
		0.7805555555555556
	],
	"94": [
		0.103125,
		0.11944444444444445
	],
	"95": [
		0.05625,
		0.12777777777777777
	],
	"96": [
		0.8125,
		0.2
	],
	"97": [
		0.803125,
		0.28055555555555556
	],
	"98": [
		0.5921875,
		0.3194444444444444
	],
	"99": [
		0.596875,
		0.4
	],
	"100": [
		0.5375,
		0.2
	],
	"101": [
		0.5140625,
		0.26666666666666666
	],
	"102": [
		0.2109375,
		0.9222222222222223
	],
	"103": [
		0.1671875,
		0.9222222222222223
	],
	"104": [
		0.553125,
		0.20833333333333334
	],
	"105": [
		0.5109375,
		0.22777777777777777
	],
	"106": [
		0.553125,
		0.21944444444444444
	],
	"107": [
		0.5109375,
		0.2
	],
	"108": [
		0.0953125,
		0.44166666666666665
	],
	"109": [
		0.0640625,
		0.49444444444444446
	],
	"110": [
		0.3,
		0.4083333333333333
	],
	"111": [
		0.3359375,
		0.45
	],
	"112": [
		0.3390625,
		0.36666666666666664
	],
	"113": [
		0.3015625,
		0.4027777777777778
	],
	"114": [
		0.21875,
		0.4111111111111111
	],
	"115": [
		0.215625,
		0.4861111111111111
	],
	"116": [
		0.165625,
		0.7
	],
	"117": [
		0.1625,
		0.775
	],
	"118": [
		0.8203125,
		0.9638888888888889
	],
	"119": [
		0.778125,
		0.9666666666666667
	],
	"120": [
		0.0796875,
		0.425
	],
	"121": [
		0.0640625,
		0.49444444444444446
	],
	"122": [
		0.0328125,
		0.3
	],
	"123": [
		0.0046875,
		0.3527777777777778
	],
	"124": [
		0.3671875,
		0.6027777777777777
	],
	"125": [
		0.3390625,
		0.6527777777777778
	],
	"126": [
		0.6515625,
		0.18888888888888888
	],
	"127": [
		0.6125,
		0.19166666666666668
	],
	"128": [
		0.6140625,
		0.20277777777777778
	],
	"129": [
		0.575,
		0.2
	],
	"130": [
		0.534375,
		0.2
	],
	"131": [
		0.5265625,
		0.26666666666666666
	],
	"132": [
		0.5203125,
		0.2
	],
	"133": [
		0.5140625,
		0.26666666666666666
	],
	"134": [
		0.0640625,
		0.44166666666666665
	],
	"135": [
		0.0828125,
		0.5
	],
	"136": [
		0.803125,
		0.4
	],
	"137": [
		0.778125,
		0.45
	],
	"138": [
		0.525,
		0.20277777777777778
	],
	"139": [
		0.5359375,
		0.26666666666666666
	],
	"140": [
		0.3328125,
		0.9527777777777777
	],
	"141": [
		0.2953125,
		0.9555555555555556
	],
	"142": [
		0.3578125,
		0.6055555555555555
	],
	"143": [
		0.371875,
		0.6666666666666666
	],
	"144": [
		0.83125,
		0.9305555555555556
	],
	"145": [
		0.8015625,
		0.9694444444444444
	],
	"146": [
		0.5125,
		0.20277777777777778
	],
	"147": [
		0.5203125,
		0.26666666666666666
	],
	"148": [
		0.084375,
		0.10555555555555556
	],
	"149": [
		0.05625,
		0.14722222222222223
	],
	"150": [
		0.5015625,
		0.1527777777777778
	],
	"151": [
		0.525,
		0.20277777777777778
	],
	"152": [
		0.0953125,
		0.46944444444444444
	],
	"153": [
		0.0640625,
		0.44166666666666665
	],
	"154": [
		0.0953125,
		0.4527777777777778
	],
	"155": [
		0.0734375,
		0.5
	],
	"156": [
		0.7875,
		0.31666666666666665
	],
	"157": [
		0.815625,
		0.35
	],
	"158": [
		0.521875,
		0.12777777777777777
	],
	"159": [
		0.4984375,
		0.16944444444444445
	],
	"160": [
		0.0953125,
		0.44166666666666665
	],
	"161": [
		0.0640625,
		0.46111111111111114
	],
	"162": [
		0.2234375,
		0.41944444444444445
	],
	"163": [
		0.2265625,
		0.4777777777777778
	],
	"164": [
		0.7953125,
		0.30277777777777776
	],
	"165": [
		0.809375,
		0.35555555555555557
	],
	"166": [
		0.3609375,
		0.10277777777777777
	],
	"167": [
		0.3828125,
		0.14444444444444443
	],
	"168": [
		0.834375,
		0.6027777777777777
	],
	"169": [
		0.8109375,
		0.6416666666666667
	],
	"170": [
		0.5875,
		0.49722222222222223
	],
	"171": [
		0.5703125,
		0.5444444444444444
	],
	"172": [
		1,
		0.20555555555555555
	],
	"173": [
		0.96875,
		0.2
	],
	"174": [
		0.0765625,
		0.425
	],
	"175": [
		0.0953125,
		0.46944444444444444
	],
	"176": [
		0.0421875,
		0.9583333333333334
	],
	"177": [
		0.0109375,
		0.9583333333333334
	],
	"178": [
		0.8046875,
		0.40555555555555556
	],
	"179": [
		0.778125,
		0.37777777777777777
	],
	"180": [
		0.7859375,
		0.24166666666666667
	],