{
	"EighteenYardNorthRearEast": [
		0.08146067415730338,
		0.19030866524270218
	],
	"SixYardNorthForwardEast": [
		0.06601123595505617,
		0.26267956610964527
	],
	"PenaltyCircleNorthWest": [
		0.1306179775280899,
		0.3940193491644679
	],
	"EighteenYardNorthForwardEast": [
		0.4002808988764045,
		0.21711270260082924
	]
}