{
	"0": [
		0.1587890625,
		0.18159722222222222
	],
	"1": [
		0.2875,
		0.06180555555555556
	],
	"2": [
		0.272265625,
		0.19583333333333333
	],
	"3": [
		0.2287109375,
		0.19583333333333333
	],
	"4": [
		0.20859375,
		0.050694444444444445
	],
	"5": [
		0.291796875,
		0.08715277777777777
	],
	"6": [
		0.423828125,
		0.19930555555555557
	],
	"7": [
		0.278125,
		0.09270833333333334
	],
	"8": [
		0.28984375,
		0.06979166666666667
	],
	"9": [
		0.205078125,
		0.190625
	],
	"10": [
		0.1775390625,
		0.13159722222222223
	],
	"11": [
		0.205078125,
		0.19131944444444443
	],
	"12": [
		0.398828125,
		0.19791666666666666
	],
	"13": [
		0.1587890625,
		0.18159722222222222
	],
	"14": [
		0.2447265625,
		0.04895833333333333
	],
	"15": [
		0.2921875,
		0.08680555555555555
	],
	"16": [
		0.2287109375,
		0.19583333333333333
	],
	"17": [
		0.2939453125,
		0.1954861111111111
	],
	"18": [
		0.2939453125,
		0.1954861111111111
	],
	"19": [
		0.22890625,
		0.19444444444444445
	],
	"20": [
		0.3595703125,
		0.1954861111111111
	],
	"21": [
		0.3595703125,
		0.1954861111111111
	],
	"22": [
		0.3994140625,
		0.190625
	],
	"23": [
		0.2724609375,
		0.19444444444444445
	],
	"24": [
		0.15078125,
		0.15416666666666667
	],
	"25": [
		0.253515625,
		0.05173611111111111
	],
	"26": [
		0.1640625,
		0.17881944444444445
	],
	"27": [
		0.2046875,
		0.19131944444444443
	],
	"28": [
		0.1642578125,
		0.1798611111111111
	],
	"29": [
		0.2939453125,
		0.1954861111111111
	],
	"30": [
		0.2931640625,
		0.08611111111111111
	],
	"31": [
		0.272265625,
		0.19583333333333333
	],
	"32": [
		0.2048828125,
		0.19652777777777777
	],
	"33": [
		0.2662109375,
		0.18194444444444444
	],
	"34": [
		0.25,
		0.049305555555555554
	],
	"35": [
		0.3595703125,
		0.1954861111111111
	],
	"36": [
		0.1388671875,
		0.19409722222222223
	],
	"37": [
		0.406640625,
		0.17708333333333334
	],
	"38": [
		0.3345703125,
		0.18993055555555555
	],
	"39": [
		0.1857421875,
		0.13541666666666666
	],
	"40": [
		0.3341796875,
		0.19791666666666666
	],
	"41": [
		0.20859375,
		0.050347222222222224
	],
	"42": [
		0.05546875,
		0.16527777777777777
	],
	"43": [
		0.2875,
		0.0625
	],
	"44": [
		0.3994140625,
		0.190625
	],
	"45": [
		0.196484375,
		0.12465277777777778
	],
	"46": [
		0.2046875,
		0.19166666666666668
	],
	"47": [
		0.1640625,
		0.17881944444444445
	],
	"48": [
		0.2724609375,
		0.19652777777777777
	],
	"49": [
		0.3595703125,
		0.1954861111111111
	],
	"50": [
		0.3341796875,
		0.19756944444444444
	],
	"51": [
		0.3341796875,
		0.19756944444444444
	],
	"52": [
		0.2939453125,
		0.1954861111111111
	],
	"53": [
		0.1640625,
		0.17881944444444445
	],
	"54": [
		0.398828125,
		0.19756944444444444
	],
	"55": [
		0.3341796875,
		0.19756944444444444
	],
	"56": [
		0.2046875,
		0.19131944444444443
	],
	"57": [
		0.2287109375,
		0.19583333333333333
	],
	"58": [
		0.2525390625,
		0.05
	],
	"59": [
		0.2048828125,
		0.190625
	],
	"60": [
		0.29453125,
		0.08645833333333333
	],
	"61": [
		0.14140625,
		0.19652777777777777
	],
	"62": [
		0.2931640625,
		0.08680555555555555
	],
	"63": [
		0.3345703125,
		0.19791666666666666
	],
	"64": [
		0.3595703125,
		0.1954861111111111
	],
	"65": [
		0.406640625,
		0.17708333333333334
	],
	"66": [
		0.290234375,
		0.8440972222222223
	],
	"67": [
		0.2048828125,
		0.190625
	],
	"68": [
		0.369921875,
		0.8479166666666667
	],
	"69": [
		0.0556640625,
		0.15486111111111112
	],
	"70": [
		0.2724609375,
		0.19652777777777777
	],
	"71": [
		0.2515625,
		0.05277777777777778
	],
	"72": [
		0.2939453125,
		0.1954861111111111
	],
	"73": [
		0.2501953125,
		0.049305555555555554
	],
	"74": [
		0.15078125,
		0.15416666666666667
	],
	"75": [
		0.2939453125,
		0.19618055555555555
	],
	"76": [
		0.3595703125,
		0.1954861111111111
	],
	"77": [
		0.3595703125,
		0.1954861111111111
	],
	"78": [
		0.1587890625,
		0.18159722222222222
	],
	"79": [
		0.290625,
		0.06145833333333333
	],
	"80": [
		0.3341796875,
		0.19756944444444444
	],
	"81": [
		0.36015625,
		0.8482638888888889
	],
	"82": [
		0.3630859375,
		0.8482638888888889
	],
	"83": [
		0.2873046875,
		0.06875
	],
	"84": [
		0.362890625,
		0.8486111111111111
	],
	"85": [
		0.272265625,
		0.19583333333333333
	],
	"86": [
		0.423828125,
		0.19930555555555557
	],
	"87": [
		0.1552734375,
		0.15590277777777778
	],
	"88": [
		0.2873046875,
		0.0625
	],
	"89": [
		0.428125,
		0.8506944444444444
	],
	"90": [
		0.111328125,
		0.1527777777777778
	],
	"91": [
		0.2876953125,
		0.06354166666666666
	],
	"92": [
		0.241796875,
		0.10173611111111111
	],
	"93": [
		0.152734375,
		0.1829861111111111
	],
	"94": [
		0.2287109375,
		0.19583333333333333
	],
	"95": [
		0.15703125,
		0.18263888888888888
	],
	"96": [
		0.392578125,
		0.8496527777777778
	],
	"97": [
		0.2287109375,
		0.19583333333333333
	],
	"98": [
		0.1466796875,
		0.16319444444444445
	],
	"99": [
		0.152734375,
		0.18263888888888888
	],
	"100": [
		0.2287109375,
		0.19583333333333333
	],
	"101": [
		0.272265625,
		0.19583333333333333
	],
	"102": [
		0.2880859375,
		0.06875
	],
	"103": [
		0.278125,
		0.09270833333333334
	],
	"104": [
		0.299609375,
		0.846875
	],
	"105": [
		0.423828125,
		0.20034722222222223
	],
	"106": [
		0.272265625,
		0.19583333333333333
	],
	"107": [
		0.3595703125,
		0.1954861111111111
	],
	"108": [
		0.2703125,
		0.052083333333333336
	],
	"109": [
		0.2939453125,
		0.1954861111111111
	],
	"110": [
		0.423828125,
		0.20034722222222223
	],
	"111": [
		0.155078125,
		0.14791666666666667
	],
	"112": [
		0.2880859375,
		0.0642361111111111
	],
	"113": [
		0.292578125,
		0.08715277777777777
	],
	"114": [
		0.24921875,
		0.049305555555555554
	],
	"115": [
		0.24765625,
		0.09895833333333333
	],
	"116": [
		0.2939453125,
		0.1954861111111111
	],
	"117": [
		0.1568359375,
		0.18229166666666666
	],
	"118": [
		0.3419921875,
		0.17847222222222223
	],
	"119": [
		0.14921875,
		0.15729166666666666
	],
	"120": [
		0.290625,
		0.06145833333333333
	],
	"121": [
		0.05078125,
		0.16215277777777778
	],
	"122": [
		0.2939453125,
		0.1954861111111111
	],
	"123": [
		0.1646484375,
		0.8364583333333333
	],
	"124": [
		0.2724609375,
		0.1909722222222222
	],
	"125": [
		0.2287109375,
		0.19583333333333333
	],
	"126": [
		0.247265625,
		0.04895833333333333
	],
	"127": [
		0.3595703125,
		0.1954861111111111
	],
	"128": [
		0.3984375,
		0.19791666666666666
	],
	"129": [
		0.1642578125,
		0.18125
	],
	"130": [
		0.2939453125,
		0.1954861111111111
	],
	"131": [
		0.3595703125,
		0.1954861111111111
	],
	"132": [
		0.2828125,
		0.06041666666666667
	],
	"133": [
		0.22890625,
		0.19722222222222222
	],
	"134": [
		0.423828125,
		0.20034722222222223
	],
	"135": [
		0.1640625,
		0.17881944444444445
	],
	"136": [
		0.1607421875,
		0.1798611111111111
	],
	"137": [
		0.2861328125,
		0.06805555555555555
	],
	"138": [
		0.043359375,
		0.8614583333333333
	],
	"139": [
		0.0375,
		0.22569444444444445
	],
	"140": [
		0.2939453125,
		0.1954861111111111
	],
	"141": [
		0.1587890625,
		0.18159722222222222
	],
	"142": [
		0.2939453125,
		0.1954861111111111
	],
	"143": [
		0.3341796875,
		0.19791666666666666
	],
	"144": [
		0.2080078125,
		0.04895833333333333
	],
	"145": [
		0.3595703125,
		0.1954861111111111
	],
	"146": [
		0.251953125,
		0.09652777777777778
	],
	"147": [
		0.2287109375,
		0.1951388888888889
	],
	"148": [
		0.272265625,
		0.19583333333333333
	],
	"149": [
		0.2943359375,
		0.08298611111111111
	],
	"150": [
		0.2287109375,
		0.19583333333333333
	],
	"151": [
		0.2287109375,
		0.19583333333333333
	],
	"152": [
		0.207421875,
		0.04895833333333333
	],
	"153": [
		0.043359375,
		0.8586805555555556
	],
	"154": [
		0.246484375,
		0.049305555555555554
	],
	"155": [
		0.0505859375,
		0.16111111111111112
	],
	"156": [
		0.04375,
		0.8649305555555555
	],
	"157": [
		0.2896484375,
		0.06458333333333334
	],
	"158": [
		0.214453125,
		0.11319444444444444
	],
	"159": [
		0.2287109375,
		0.19583333333333333
	],
	"160": [
		0.2716796875,
		0.18645833333333334
	],
	"161": [
		0.3529296875,
		0.18055555555555555
	],