{
	"EighteenYardNorthForwardEast": [
		0.4004944375772559,
		0.21953367635470264
	],
	"PenaltyCircleNorthEast": [
		0.3003708281829419,
		0.2848004450006953
	],
	"PenaltyCircleNorthWest": [
		0.1404494382022472,
		0.3913389454286552
	],
	"SixYardNorthForwardEast": [
		0.07663782447466007,
		0.2581004032818801
	],
	"EighteenYardNorthRearEast": [
		0.08776266996291718,
		0.19283363463588746
	],
	"CornerNorthEast": [
		0.2088998763906057,
		0.13350020859407594
	]
}