{
	"PenaltyCircleNorthWest": [
		0.12677980860811378,
		0.388541380326264
	],
	"EighteenYardNorthForwardEast": [
		0.38112243464821116,
		0.21420285990882626
	],
	"EighteenYardNorthRearEast": [
		0.08945779283049078,
		0.18805208184621058
	],
	"SixYardNorthForwardEast": [
		0.06595874585939483,
		0.2635987740271003
	]
}