{
	"PenaltyCircleNorthWest": [
		0.13230899613072458,
		0.3914470223332213
	],
	"EighteenYardNorthForwardEast": [
		0.386651622170822,
		0.22291978592969816
	]
}