{
	"0": [
		0.75546875,
		0.07430555555555556
	],
	"1": [
		0.41015625,
		0.09375
	],
	"2": [
		0.7943359375,
		0.065625
	],
	"3": [
		0.667578125,
		0.053125
	],
	"4": [
		0.50390625,
		0.040625
	],
	"5": [
		0.75546875,
		0.08159722222222222
	],
	"6": [
		0.4158203125,
		0.084375
	],
	"7": [
		0.74921875,
		0.09618055555555556
	],
	"8": [
		0.177734375,
		0.1638888888888889
	],
	"9": [
		0.6177734375,
		0.03125
	],
	"10": [
		0.11875,
		0.18819444444444444
	],
	"11": [
		0.3205078125,
		0.11458333333333333
	],
	"12": [
		0.279296875,
		0.1295138888888889
	],
	"13": [
		0.318359375,
		0.12465277777777778
	],
	"14": [
		0.0912109375,
		0.16909722222222223
	],
	"15": [
		0.8400390625,
		0.04791666666666667
	],
	"16": [
		0.8037109375,
		0.04201388888888889
	],
	"17": [
		0.2640625,
		0.14201388888888888
	],
	"18": [
		0.2541015625,
		0.15416666666666667
	],
	"19": [
		0.12890625,
		0.17777777777777778
	],
	"20": [
		0.253515625,
		0.121875
	],
	"21": [
		0.25625,
		0.14097222222222222
	],
	"22": [
		0.919140625,
		0.05694444444444444
	],
	"23": [
		0.7357421875,
		0.08854166666666667
	],
	"24": [
		0.091796875,
		0.20555555555555555
	],
	"25": [
		0.3873046875,
		0.11006944444444444
	],
	"26": [
		0.7484375,
		0.08090277777777778
	],
	"27": [
		0.16484375,
		0.17326388888888888
	],
	"28": [
		0.4390625,
		0.07847222222222222
	],
	"29": [
		0.91953125,
		0.049305555555555554
	],
	"30": [
		0.9205078125,
		0.06284722222222222
	],
	"31": [
		0.389453125,
		0.09236111111111112
	],
	"32": [
		0.2685546875,
		0.10659722222222222
	],
	"33": [
		0.6466796875,
		0.03194444444444444
	],
	"34": [
		0.1095703125,
		0.15868055555555555
	],
	"35": [
		0.663671875,
		0.3451388888888889
	],
	"36": [
		0.8037109375,
		0.04861111111111111
	],
	"37": [
		0.2953125,
		0.13333333333333333
	],
	"38": [
		0.1474609375,
		0.18229166666666666
	],
	"39": [
		0.185546875,
		0.16944444444444445
	],
	"40": [
		0.7421875,
		0.06631944444444444
	],
	"41": [
		0.7876953125,
		0.09444444444444444
	],
	"42": [
		0.2564453125,
		0.12604166666666666
	],
	"43": [
		0.6626953125,
		0.36666666666666664
	],
	"44": [
		0.148828125,
		0.5993055555555555
	],
	"45": [
		0.663671875,
		0.3451388888888889
	],
	"46": [
		0.455859375,
		0.06840277777777778
	],
	"47": [
		0.1529296875,
		0.18263888888888888
	],
	"48": [
		0.260546875,
		0.11840277777777777
	],
	"49": [
		0.663671875,
		0.34618055555555555
	],
	"50": [
		0.6951171875,
		0.049305555555555554
	],
	"51": [
		0.77109375,
		0.21840277777777778
	],
	"52": [
		0.1794921875,
		0.17881944444444445
	],
	"53": [
		0.1017578125,
		0.16527777777777777
	],
	"54": [
		0.7529296875,
		0.06944444444444445
	],
	"55": [
		0.39140625,
		0.10173611111111111
	],
	"56": [
		0.0958984375,
		0.19375
	],
	"57": [
		0.1865234375,
		0.17569444444444443
	],
	"58": [
		0.153515625,
		0.17048611111111112
	],
	"59": [
		0.2576171875,
		0.14895833333333333
	],
	"60": [
		0.461328125,
		0.08194444444444444
	],
	"61": [
		0.1025390625,
		0.1986111111111111
	],
	"62": [
		0.666015625,
		0.359375
	],
	"63": [
		0.316796875,
		0.11909722222222222
	],
	"64": [
		0.7302734375,
		0.07152777777777777
	],
	"65": [
		0.1619140625,
		0.1798611111111111
	],
	"66": [
		0.1390625,
		0.6059027777777778
	],
	"67": [
		0.0978515625,
		0.17256944444444444
	],
	"68": [
		0.18828125,
		0.16111111111111112
	],
	"69": [
		0.41953125,
		0.08923611111111111
	],
	"70": [
		0.7576171875,
		0.0875
	],
	"71": [
		0.6478515625,
		0.04131944444444444
	],
	"72": [
		0.7259765625,
		0.03993055555555555
	],
	"73": [
		0.7388671875,
		0.075
	],
	"74": [
		0.839453125,
		0.05486111111111111
	],
	"75": [
		0.7384765625,
		0.07048611111111111
	],
	"76": [
		0.3142578125,
		0.1326388888888889
	],
	"77": [
		0.732421875,
		0.059027777777777776
	],
	"78": [
		0.4359375,
		0.07604166666666666
	],
	"79": [
		0.665625,
		0.3559027777777778
	],
	"80": [
		0.5287109375,
		0.04583333333333333
	],
	"81": [
		0.436328125,
		0.08611111111111111
	],
	"82": [
		0.7880859375,
		0.08888888888888889
	],
	"83": [
		0.631640625,
		0.31145833333333334
	],
	"84": [
		0.455859375,
		0.08194444444444444
	],
	"85": [
		0.1369140625,
		0.19131944444444443
	],
	"86": [
		0.3193359375,
		0.1295138888888889
	],
	"87": [
		0.462890625,
		0.06805555555555555
	],
	"88": [
		0.269140625,
		0.11597222222222223
	],
	"89": [
		0.0740234375,
		0.27881944444444445
	],
	"90": [
		0.423828125,
		0.09131944444444444
	],
	"91": [
		0.1767578125,
		0.17673611111111112
	],
	"92": [
		0.7794921875,
		0.09791666666666667
	],
	"93": [
		0.1349609375,
		0.1753472222222222
	],
	"94": [
		0.133203125,
		0.19409722222222223
	],
	"95": [
		0.7625,
		0.060069444444444446
	],
	"96": [
		0.617578125,
		0.03611111111111111
	],
	"97": [
		0.6865234375,
		0.04479166666666667
	],
	"98": [
		0.328515625,
		0.125
	],
	"99": [
		0.1947265625,
		0.125
	],
	"100": [
		0.1296875,
		0.19375
	],
	"101": [
		0.180078125,
		0.17569444444444443
	],
	"102": [
		0.1697265625,
		0.18055555555555555
	],
	"103": [
		0.2890625,
		0.13993055555555556
	],
	"104": [
		0.748828125,
		0.078125
	],
	"105": [
		0.734765625,
		0.09305555555555556
	],
	"106": [
		0.3123046875,
		0.26458333333333334
	],
	"107": [
		0.455859375,
		0.06354166666666666
	],
	"108": [
		0.1220703125,
		0.1951388888888889
	],
	"109": [
		0.33046875,
		0.11180555555555556
	],
	"110": [
		0.42265625,
		0.4284722222222222
	],
	"111": [
		0.1408203125,
		0.16493055555555555
	],
	"112": [
		0.7828125,
		0.09444444444444444
	],
	"113": [
		0.555859375,
		0.08159722222222222
	],
	"114": [
		0.7880859375,
		0.08298611111111111
	],
	"115": [
		0.1748046875,
		0.15347222222222223
	],
	"116": [
		0.414453125,
		0.09722222222222222
	],
	"117": [
		0.1271484375,
		0.16805555555555557
	],
	"118": [
		0.7576171875,
		0.09722222222222222
	],
	"119": [
		0.183984375,
		0.5767361111111111
	],
	"120": [
		0.6384765625,
		0.03090277777777778
	],
	"121": [
		0.2705078125,
		0.14965277777777777
	],
	"122": [
		0.3181640625,
		0.10902777777777778
	],
	"123": [
		0.590625,
		0.03680555555555556
	],
	"124": [
		0.41015625,
		0.1
	],
	"125": [
		0.1853515625,
		0.1486111111111111
	],
	"126": [
		0.839453125,
		0.052083333333333336
	],
	"127": [
		0.4130859375,
		0.07673611111111112
	],
	"128": [
		0.326171875,
		0.128125
	],
	"129": [
		0.95546875,
		0.05659722222222222
	],
	"130": [
		0.18515625,
		0.15694444444444444
	],
	"131": [
		0.145703125,
		0.16354166666666667
	],
	"132": [
		0.277734375,
		0.12395833333333334
	],
	"133": [
		0.772265625,
		0.09270833333333334
	],
	"134": [
		0.3244140625,
		0.128125
	],
	"135": [
		0.6173828125,
		0.03715277777777778
	],
	"136": [
		0.5115234375,
		0.04895833333333333
	],
	"137": [
		0.4083984375,
		0.4388888888888889
	],
	"138": [
		0.7490234375,
		0.0763888888888889
	],
	"139": [
		0.7435546875,
		0.05763888888888889
	],
	"140": [
		0.3263671875,
		0.10694444444444444
	],
	"141": [
		0.56015625,
		0.04027777777777778
	],
	"142": [
		0.2890625,
		0.12256944444444444
	],
	"143": [
		0.4626953125,
		0.058680555555555555
	],
	"144": [
		0.025390625,
		0.3958333333333333
	],
	"145": [
		0.8748046875,
		0.03854166666666667
	],
	"146": [
		0.286328125,
		0.1076388888888889
	],
	"147": [
		0.7556640625,
		0.08958333333333333
	],
	"148": [
		0.301953125,
		0.10138888888888889
	],
	"149": [
		0.254296875,
		0.115625
	],
	"150": [
		0.1541015625,
		0.16180555555555556
	],
	"151": [
		0.1814453125,
		0.12604166666666666
	],
	"152": [
		0.4181640625,
		0.09375
	],
	"153": [
		0.4359375,
		0.06770833333333333
	],
	"154": [
		0.4205078125,
		0.07326388888888889
	],
	"155": [
		0.169140625,
		0.24305555555555555
	],
	"156": [
		0.1625,
		0.1361111111111111
	],
	"157": [
		0.4359375,
		0.06909722222222223
	],
	"158": [
		0.32890625,
		0.11909722222222222
	],
	"159": [
		0.5294921875,
		0.05277777777777778
	],
	"160": [
		0.31640625,
		0.11215277777777778
	],
	"161": [
		0.7396484375,
		0.08680555555555555
	],
	"162": [
		0.157421875,
		0.16180555555555556
	],