{
	"SixYardNorthForwardEast": [
		0.06460674157303371,
		0.2509456591936525
	],
	"EighteenYardNorthForwardEast": [
		0.3806179775280899,
		0.21711270260082924
	],
	"PenaltyCircleNorthWest": [
		0.125,
		0.39938015663609333
	],
	"CornerNorthEast": [
		0.19662921348314608,
		0.15010260920551158
	],
	"PenaltyCircleNorthEast": [
		0.29353932584269665,
		0.2868031997319596
	],
	"PenaltySpotNorth": [
		0.08567415730337079,
		0.3336101116339146
	]
}