{
	"SixYardNorthForwardEast": [
		0.018541409147095178,
		0.17800027812543456
	],
	"PenaltySpotNorth": [
		0.038318912237330034,
		0.2610670745839707
	],
	"PenaltyCircleNorthWest": [
		0.09023485784919653,
		0.33226718583414455
	],
	"PenaltyCircleNorthEast": [
		0.28059332509270707,
		0.21953367635470264
	],
	"EighteenYardNorthForwardEast": [
		0.3992583436341162,
		0.1394335511982571
	]
}