{
	"0": [
		0.3859375,
		0.3111111111111111
	],
	"1": [
		0.3453125,
		0.3972222222222222
	],
	"2": [
		0.778125,
		0.3861111111111111
	],
	"3": [
		0.7203125,
		0.35
	],
	"4": [
		0.7796875,
		0.4083333333333333
	],
	"5": [
		0.7234375,
		0.44722222222222224
	],
	"6": [
		0.3390625,
		0.1527777777777778
	],
	"7": [
		0.2796875,
		0.1527777777777778
	],
	"8": [
		0.575,
		0.2
	],
	"9": [
		0.5625,
		0.30277777777777776
	],
	"10": [
		0.446875,
		0.45555555555555555
	],
	"11": [
		0.3890625,
		0.4361111111111111
	],
	"12": [
		0.5625,
		0.41388888888888886
	],
	"13": [
		0.6015625,
		0.49166666666666664
	],
	"14": [
		0.446875,
		0.3388888888888889
	],
	"15": [
		0.3890625,
		0.35555555555555557
	],
	"16": [
		0.725,
		0.4444444444444444
	],
	"17": [
		0.6671875,
		0.46111111111111114
	],
	"18": [
		0.725,
		0.3527777777777778
	],
	"19": [
		0.6671875,
		0.3388888888888889
	],
	"20": [
		0.5625,
		0.5
	],
	"21": [
		0.565625,
		0.6027777777777777
	],
	"22": [
		0.565625,
		0.7
	],
	"23": [
		0.5625,
		0.8027777777777778
	],
	"24": [
		0.6140625,
		0.21944444444444444
	],
	"25": [
		0.55625,
		0.2222222222222222
	],
	"26": [
		0.5625,
		0.3
	],
	"27": [
		0.5640625,
		0.4027777777777778
	],
	"28": [
		0.5640625,
		0.4
	],
	"29": [
		0.5625,
		0.5027777777777778
	],
	"30": [
		0.225,
		0.8333333333333334
	],
	"31": [
		0.1671875,
		0.8361111111111111
	],
	"32": [
		0.66875,
		0.4583333333333333
	],
	"33": [
		0.6125,
		0.4666666666666667
	],
	"34": [
		0.7796875,
		0.22777777777777777
	],
	"35": [
		0.7234375,
		0.2222222222222222
	],
	"36": [
		0.1140625,
		0.8333333333333334
	],
	"37": [
		0.0578125,
		0.8361111111111111
	],
	"38": [
		0.16875,
		0.8361111111111111
	],
	"39": [
		0.1125,
		0.8333333333333334
	],
	"40": [
		0.2796875,
		0.8333333333333334
	],
	"41": [
		0.2234375,
		0.8333333333333334
	],
	"42": [
		0.390625,
		0.8333333333333334
	],
	"43": [
		0.334375,
		0.8333333333333334
	],
	"44": [
		0.6140625,
		0.4638888888888889
	],
	"45": [
		0.5625,
		0.5
	],
	"46": [
		0.6078125,
		0.2
	],
	"47": [
		0.55625,
		0.23333333333333334
	],
	"48": [
		0.6671875,
		0.8416666666666667
	],
	"49": [
		0.6125,
		0.8388888888888889
	],
	"50": [
		0.384375,
		0.14166666666666666
	],
	"51": [
		0.33125,
		0.15555555555555556
	],
	"52": [
		0.5625,
		0.4388888888888889
	],
	"53": [
		0.6078125,
		0.4861111111111111
	],
	"54": [
		0.3890625,
		0.3416666666666667
	],
	"55": [
		0.3453125,
		0.39166666666666666
	],
	"56": [
		0.596875,
		0.20277777777777778
	],
	"57": [
		0.559375,
		0.26666666666666666
	],
	"58": [
		0.775,
		0.2
	],
	"59": [
		0.7234375,
		0.2111111111111111
	],
	"60": [
		0.6140625,
		0.4666666666666667
	],
	"61": [
		0.5625,
		0.45555555555555555
	],
	"62": [
		0.5546875,
		0.21944444444444444
	],
	"63": [
		0.590625,
		0.2833333333333333
	],
	"64": [
		0.390625,
		0.4361111111111111
	],
	"65": [
		0.3453125,
		0.3972222222222222
	],
	"66": [
		0.946875,
		0.8527777777777777
	],
	"67": [
		0.896875,
		0.85
	],
	"68": [
		0.4921875,
		0.2
	],
	"69": [
		0.4453125,
		0.22777777777777777
	],
	"70": [
		0.49375,
		0.4638888888888889
	],
	"71": [
		0.4453125,
		0.45555555555555555
	],
	"72": [
		0.3390625,
		0.7305555555555555
	],
	"73": [
		0.371875,
		0.7944444444444444
	],
	"74": [
		0.1609375,
		0.15
	],
	"75": [
		0.1125,
		0.14722222222222223
	],
	"76": [
		0.5546875,
		0.21944444444444444
	],
	"77": [
		0.5625,
		0.30277777777777776
	],
	"78": [
		0.66875,
		0.3388888888888889
	],
	"79": [
		0.6234375,
		0.3333333333333333
	],
	"80": [
		0.946875,
		0.225
	],
	"81": [
		0.9015625,
		0.22777777777777777
	],
	"82": [
		0.4453125,
		0.2
	],
	"83": [
		0.4859375,
		0.22777777777777777
	],
	"84": [
		0.1484375,
		0.14444444444444443
	],
	"85": [
		0.115625,
		0.19444444444444445
	],
	"86": [
		0.0546875,
		0.43333333333333335
	],
	"87": [
		0.0375,
		0.5027777777777778
	],
	"88": [
		0.725,
		0.2222222222222222
	],
	"89": [
		0.6828125,
		0.23055555555555557
	],
	"90": [
		0.3984375,
		0.15
	],
	"91": [
		0.440625,
		0.15555555555555556
	],
	"92": [
		0.9875,
		0.8555555555555555
	],
	"93": [
		0.9453125,
		0.8527777777777777
	],
	"94": [
		0.6796875,
		0.5222222222222223
	],
	"95": [
		0.6953125,
		0.5916666666666667
	],
	"96": [
		0.3609375,
		0.30277777777777776
	],
	"97": [
		0.390625,
		0.35555555555555557
	],
	"98": [
		0.2859375,
		0.4083333333333333
	],
	"99": [
		0.278125,
		0.48055555555555557
	],
	"100": [
		0.446875,
		0.22777777777777777
	],
	"101": [
		0.40625,
		0.21944444444444444
	],
	"102": [
		0.4859375,
		0.22777777777777777
	],
	"103": [
		0.4453125,
		0.22777777777777777
	],
	"104": [
		0.53125,
		0.14722222222222223
	],
	"105": [
		0.4984375,
		0.18888888888888888
	],
	"106": [
		0.3828125,
		0.3
	],
	"107": [
		0.36875,
		0.36666666666666664
	],
	"108": [
		0.05625,
		0.12222222222222222
	],
	"109": [
		0.03125,
		0.17777777777777778
	],
	"110": [
		0.3625,
		0.12777777777777777
	],
	"111": [
		0.334375,
		0.17777777777777778
	],
	"112": [
		0.584375,
		0.2
	],
	"113": [
		0.55625,
		0.25
	],
	"114": [
		0.0453125,
		0.43333333333333335
	],
	"115": [
		0.0421875,
		0.5027777777777778
	],
	"116": [
		0.3765625,
		0.7222222222222222
	],
	"117": [
		0.3453125,
		0.7638888888888888
	],
	"118": [
		0.115625,
		0.125
	],
	"119": [
		0.1453125,
		0.16666666666666666
	],
	"120": [
		0.5,
		0.15
	],
	"121": [
		0.4765625,
		0.20277777777777778
	],
	"122": [
		0.8359375,
		0.30277777777777776
	],
	"123": [
		0.8546875,
		0.3611111111111111
	],
	"124": [
		0.3640625,
		0.3
	],
	"125": [
		0.3796875,
		0.3611111111111111
	],
	"126": [
		0.3765625,
		0.29444444444444445
	],
	"127": [
		0.3875,
		0.35833333333333334
	],
	"128": [
		0.2890625,
		0.40555555555555556
	],
	"129": [
		0.296875,
		0.46944444444444444
	],
	"130": [
		0.3046875,
		0.4361111111111111
	],
	"131": [
		0.278125,
		0.48055555555555557
	],
	"132": [
		0.428125,
		0.7944444444444444
	],
	"133": [
		0.396875,
		0.7611111111111111
	],
	"134": [
		0.85625,
		0.3
	],
	"135": [
		0.8515625,
		0.3638888888888889
	],
	"136": [
		0.48125,
		0.3333333333333333
	],
	"137": [
		0.4453125,
		0.3388888888888889
	],
	"138": [
		0.3,
		0.125
	],
	"139": [
		0.33125,
		0.15555555555555556
	],
	"140": [
		0.85,
		0.3
	],
	"141": [
		0.8328125,
		0.35555555555555557
	],
	"142": [
		0.834375,
		0.7222222222222222
	],
	"143": [
		0.809375,
		0.7666666666666667
	],
	"144": [
		0.040625,
		0.12222222222222222
	],
	"145": [
		0.05625,
		0.17777777777777778
	],
	"146": [
		0.8078125,
		0.8444444444444444
	],
	"147": [
		0.7796875,
		0.8805555555555555
	],
	"148": [
		0.4703125,
		0.1527777777777778
	],
	"149": [
		0.4921875,
		0.2
	],
	"150": [
		0.878125,
		0.85
	],
	"151": [
		0.84375,
		0.8472222222222222
	],
	"152": [
		0.3734375,
		0.8611111111111112
	],
	"153": [
		0.3390625,
		0.8611111111111112
	],
	"154": [
		0.35,
		0.12777777777777777
	],
	"155": [
		0.3765625,
		0.1638888888888889
	],
	"156": [
		0.8109375,
		0.22777777777777777
	],
	"157": [
		0.778125,
		0.22777777777777777
	],
	"158": [
		0.303125,
		0.125
	],
	"159": [
		0.28125,
		0.16666666666666666
	],
	"160": [
		0.871875,
		0.12777777777777777
	],
	"161": [
		0.8484375,
		0.16666666666666666
	],
	"162": [
		0.053125,
		0.12222222222222222
	],
	"163": [
		0.046875,
		0.17777777777777778
	],
	"164": [
		0.8265625,
		0.3
	],
	"165": [
		0.8328125,
		0.35555555555555557
	],
	"166": [
		0.809375,
		0.8472222222222222
	],
	"167": [
		0.778125,
		0.8444444444444444
	],
	"168": [
		0.875,
		0.8805555555555555
	],
	"169": [
		0.84375,
		0.8777777777777778
	],
	"170": [
		0.9765625,
		0.225
	],
	"171": [
		0.9453125,
		0.225
	],
	"172": [
		0.809375,
		0.3972222222222222
	],
	"173": [
		0.81875,
		0.45
	],
	"174": [
		0.390625,
		0.325
	],
	"175": [
		0.3609375,
		0.3194444444444444
	],
	"176": [
		0.4265625,
		0.7916666666666666
	],
	"177": [
		0.396875,
		0.7888888888888889
	],
	"178": [
		0.5953125,
		0.15555555555555556
	],
	"179": [
		0.5671875,
		0.16944444444444445
	],
	"180": [
		0.24375,
		0.14722222222222223
	],