{
	"0": [
		0.9529296875,
		0.10138888888888889
	],
	"1": [
		0.9525390625,
		0.11597222222222223
	],
	"2": [
		0.6990234375,
		0.10208333333333333
	],
	"3": [
		0.3984375,
		0.11770833333333333
	],
	"4": [
		0.72890625,
		0.10069444444444445
	],
	"5": [
		0.6263671875,
		0.08506944444444445
	],
	"6": [
		0.4798828125,
		0.07534722222222222
	],
	"7": [
		0.9240234375,
		0.115625
	],
	"8": [
		0.6982421875,
		0.11354166666666667
	],
	"9": [
		0.4041015625,
		0.10868055555555556
	],
	"10": [
		0.916015625,
		0.140625
	],
	"11": [
		0.9234375,
		0.12638888888888888
	],
	"12": [
		0.693359375,
		0.12465277777777778
	],
	"13": [
		0.1990234375,
		0.17777777777777778
	],
	"14": [
		0.5779296875,
		0.06284722222222222
	],
	"15": [
		0.1478515625,
		0.20104166666666667
	],
	"16": [
		0.321484375,
		0.13541666666666666
	],
	"17": [
		0.2873046875,
		0.14722222222222223
	],
	"18": [
		0.3162109375,
		0.14618055555555556
	],
	"19": [
		0.125,
		0.18125
	],
	"20": [
		0.7689453125,
		0.07881944444444444
	],
	"21": [
		0.7400390625,
		0.07743055555555556
	],
	"22": [
		0.281640625,
		0.15868055555555555
	],
	"23": [
		0.263671875,
		0.1684027777777778
	],
	"24": [
		0.156640625,
		0.18993055555555555
	],
	"25": [
		0.2609375,
		0.14201388888888888
	],
	"26": [
		0.266015625,
		0.1607638888888889
	],
	"27": [
		0.83828125,
		0.08888888888888889
	],
	"28": [
		0.1244140625,
		0.8940972222222222
	],
	"29": [
		0.6806640625,
		0.11875
	],
	"30": [
		0.912109375,
		0.1111111111111111
	],
	"31": [
		0.1259765625,
		0.21736111111111112
	],
	"32": [
		0.1658203125,
		0.9045138888888888
	],
	"33": [
		0.3796875,
		0.125
	],
	"34": [
		0.4158203125,
		0.9590277777777778
	],
	"35": [
		0.6904296875,
		0.11666666666666667
	],
	"36": [
		0.188671875,
		0.18680555555555556
	],
	"37": [
		0.4265625,
		0.10659722222222222
	],
	"38": [
		0.83671875,
		0.08194444444444444
	],
	"39": [
		0.8375,
		0.09791666666666667
	],
	"40": [
		0.9140625,
		0.13090277777777778
	],
	"41": [
		0.9388671875,
		0.08958333333333333
	],
	"42": [
		0.382421875,
		0.11944444444444445
	],
	"43": [
		0.27265625,
		0.12361111111111112
	],
	"44": [
		0.60625,
		0.06527777777777778
	],
	"45": [
		0.13203125,
		0.8972222222222223
	],
	"46": [
		0.14296875,
		0.17604166666666668
	],
	"47": [
		0.6158203125,
		0.3333333333333333
	],
	"48": [
		0.7412109375,
		0.08680555555555555
	],
	"49": [
		0.45234375,
		0.9670138888888888
	],
	"50": [
		0.2982421875,
		0.15208333333333332
	],
	"51": [
		0.1716796875,
		0.1951388888888889
	],
	"52": [
		0.9529296875,
		0.0954861111111111
	],
	"53": [
		0.2060546875,
		0.1840277777777778
	],
	"54": [
		0.68828125,
		0.09652777777777778
	],
	"55": [
		0.7240234375,
		0.12465277777777778
	],
	"56": [
		0.26484375,
		0.14652777777777778
	],
	"57": [
		0.615625,
		0.3625
	],
	"58": [
		0.8984375,
		0.14270833333333333
	],
	"59": [
		0.3109375,
		0.9336805555555555
	],
	"60": [
		0.1673828125,
		0.5690972222222223
	],
	"61": [
		0.0189453125,
		0.8774305555555556
	],
	"62": [
		0.6154296875,
		0.3326388888888889
	],
	"63": [
		0.4375,
		0.096875
	],
	"64": [
		0.1765625,
		0.19722222222222222
	],
	"65": [
		0.41640625,
		0.9590277777777778
	],
	"66": [
		0.2705078125,
		0.13680555555555557
	],
	"67": [
		0.45078125,
		0.9677083333333333
	],
	"68": [
		0.6158203125,
		0.334375
	],
	"69": [
		0.022265625,
		0.8767361111111112
	],
	"70": [
		0.6494140625,
		0.08368055555555555
	],
	"71": [
		0.7119140625,
		0.22847222222222222
	],
	"72": [
		0.962109375,
		0.1388888888888889
	],
	"73": [
		0.20078125,
		0.19409722222222223
	],
	"74": [
		0.1361328125,
		0.17881944444444445
	],
	"75": [
		0.4154296875,
		0.9586805555555555
	],
	"76": [
		0.694921875,
		0.10069444444444445
	],
	"77": [
		0.387109375,
		0.125
	],
	"78": [
		0.1310546875,
		0.20277777777777778
	],
	"79": [
		0.2072265625,
		0.18993055555555555
	],
	"80": [
		0.1806640625,
		0.18368055555555557
	],
	"81": [
		0.2705078125,
		0.1673611111111111
	],
	"82": [
		0.4416015625,
		0.9645833333333333
	],
	"83": [
		0.4443359375,
		0.10972222222222222
	],
	"84": [
		0.1369140625,
		0.21215277777777777
	],
	"85": [
		0.6201171875,
		0.35694444444444445
	],
	"86": [
		0.3064453125,
		0.1440972222222222
	],
	"87": [
		0.6744140625,
		0.09965277777777778
	],
	"88": [
		0.186328125,
		0.19444444444444445
	],
	"89": [
		0.158203125,
		0.5753472222222222
	],
	"90": [
		0.13125,
		0.1875
	],
	"91": [
		0.20859375,
		0.17604166666666668
	],
	"92": [
		0.4111328125,
		0.11215277777777778
	],
	"93": [
		0.9611328125,
		0.14583333333333334
	],
	"94": [
		0.9732421875,
		0.10798611111111112
	],
	"95": [
		0.703515625,
		0.11527777777777778
	],
	"96": [
		0.93671875,
		0.12777777777777777
	],
	"97": [
		0.604296875,
		0.07430555555555556
	],
	"98": [
		0.2595703125,
		0.921875
	],
	"99": [
		0.66328125,
		0.07881944444444444
	],
	"100": [
		0.9275390625,
		0.1284722222222222
	],
	"101": [
		0.684375,
		0.10590277777777778
	],
	"102": [
		0.950390625,
		0.1361111111111111
	],
	"103": [
		0.7689453125,
		0.08472222222222223
	],
	"104": [
		0.683203125,
		0.09965277777777778
	],
	"105": [
		0.3037109375,
		0.15416666666666667
	],
	"106": [
		0.6794921875,
		0.090625
	],
	"107": [
		0.4203125,
		0.10416666666666667
	],
	"108": [
		0.9064453125,
		0.11354166666666667
	],
	"109": [
		0.6205078125,
		0.3489583333333333
	],
	"110": [
		0.5046875,
		0.07743055555555556
	],
	"111": [
		0.9390625,
		0.09722222222222222
	],
	"112": [
		0.4228515625,
		0.11215277777777778
	],
	"113": [
		0.7240234375,
		0.11840277777777777
	],
	"114": [
		0.5890625,
		0.30868055555555557
	],
	"115": [
		0.43671875,
		0.1111111111111111
	],
	"116": [
		0.166015625,
		0.20381944444444444
	],
	"117": [
		0.3109375,
		0.15138888888888888
	],
	"118": [
		0.44453125,
		0.09583333333333334
	],
	"119": [
		0.9611328125,
		0.10347222222222222
	],
	"120": [
		0.2759765625,
		0.13576388888888888
	],
	"121": [
		0.1076171875,
		0.28055555555555556
	],
	"122": [
		0.4150390625,
		0.11527777777777778
	],
	"123": [
		0.198046875,
		0.19131944444444443
	],
	"124": [
		0.7166015625,
		0.125
	],
	"125": [
		0.1646484375,
		0.18715277777777778
	],
	"126": [
		0.1619140625,
		0.2065972222222222
	],
	"127": [
		0.7068359375,
		0.09097222222222222
	],
	"128": [
		0.579296875,
		0.06805555555555555
	],
	"129": [
		0.63984375,
		0.0763888888888889
	],
	"130": [
		0.3294921875,
		0.14652777777777778
	],
	"131": [
		0.2083984375,
		0.14652777777777778
	],
	"132": [
		0.1572265625,
		0.20381944444444444
	],
	"133": [
		0.202734375,
		0.18958333333333333
	],
	"134": [
		0.1939453125,
		0.19479166666666667
	],
	"135": [
		0.2970703125,
		0.1579861111111111
	],
	"136": [
		0.6943359375,
		0.11076388888888888
	],
	"137": [
		0.946875,
		0.12777777777777777
	],
	"138": [
		0.67734375,
		0.11666666666666667
	],
	"139": [
		0.9134765625,
		0.10173611111111111
	],
	"140": [
		0.3173828125,
		0.26805555555555555
	],
	"141": [
		0.4357421875,
		0.0920138888888889
	],
	"142": [
		0.1517578125,
		0.2065972222222222
	],
	"143": [
		0.33046875,
		0.1329861111111111
	],
	"144": [
		0.406640625,
		0.4173611111111111
	],
	"145": [
		0.898046875,
		0.12152777777777778
	],
	"146": [
		0.16796875,
		0.17881944444444445
	],
	"147": [
		0.918359375,
		0.115625
	],
	"148": [
		0.9396484375,
		0.1440972222222222
	],
	"149": [
		0.0328125,
		0.559375
	],
	"150": [
		0.89765625,
		0.11493055555555555
	],
	"151": [
		0.9458984375,
		0.13472222222222222
	],
	"152": [
		0.7197265625,
		0.12083333333333333
	],
	"153": [
		0.52421875,
		0.10868055555555556
	],
	"154": [
		0.7205078125,
		0.11423611111111111
	],
	"155": [
		0.1958984375,
		0.16875
	],
	"156": [
		0.4017578125,
		0.11944444444444445
	],
	"157": [
		0.1556640625,
		0.18159722222222222
	],
	"158": [
		0.7041015625,
		0.1267361111111111
	],
	"159": [
		0.205859375,
		0.5427083333333333
	],
	"160": [
		0.9646484375,
		0.14444444444444443
	],
	"161": [
		0.5986328125,
		0.06458333333333334
	],
	"162": [
		0.28359375,
		0.1642361111111111
	],