{
	"0": [
		0.1853515625,
		0.17569444444444443
	],
	"1": [
		0.2875,
		0.06180555555555556
	],
	"2": [
		0.297265625,
		0.18993055555555555
	],
	"3": [
		0.2595703125,
		0.1892361111111111
	],
	"4": [
		0.2087890625,
		0.050347222222222224
	],
	"5": [
		0.2923828125,
		0.08715277777777777
	],
	"6": [
		0.4525390625,
		0.19236111111111112
	],
	"7": [
		0.28046875,
		0.09270833333333334
	],
	"8": [
		0.28984375,
		0.06979166666666667
	],
	"9": [
		0.2322265625,
		0.18680555555555556
	],
	"10": [
		0.2041015625,
		0.1232638888888889
	],
	"11": [
		0.2322265625,
		0.18784722222222222
	],
	"12": [
		0.42578125,
		0.19444444444444445
	],
	"13": [
		0.1853515625,
		0.17569444444444443
	],
	"14": [
		0.2447265625,
		0.04895833333333333
	],
	"15": [
		0.2927734375,
		0.08680555555555555
	],
	"16": [
		0.2595703125,
		0.1892361111111111
	],
	"17": [
		0.3234375,
		0.19027777777777777
	],
	"18": [
		0.3234375,
		0.19027777777777777
	],
	"19": [
		0.2595703125,
		0.18784722222222222
	],
	"20": [
		0.3876953125,
		0.19131944444444443
	],
	"21": [
		0.3876953125,
		0.19131944444444443
	],
	"22": [
		0.42421875,
		0.18645833333333334
	],
	"23": [
		0.297265625,
		0.18854166666666666
	],
	"24": [
		0.1796875,
		0.1486111111111111
	],
	"25": [
		0.253515625,
		0.05173611111111111
	],
	"26": [
		0.1951171875,
		0.1736111111111111
	],
	"27": [
		0.232421875,
		0.18784722222222222
	],
	"28": [
		0.1951171875,
		0.17430555555555555
	],
	"29": [
		0.3234375,
		0.19027777777777777
	],
	"30": [
		0.2939453125,
		0.08576388888888889
	],
	"31": [
		0.297265625,
		0.18993055555555555
	],
	"32": [
		0.2330078125,
		0.19305555555555556
	],
	"33": [
		0.29296875,
		0.1736111111111111
	],
	"34": [
		0.25,
		0.049305555555555554
	],
	"35": [
		0.3876953125,
		0.19131944444444443
	],
	"36": [
		0.170703125,
		0.18888888888888888
	],
	"37": [
		0.43046875,
		0.171875
	],
	"38": [
		0.3611328125,
		0.18506944444444445
	],
	"39": [
		0.2130859375,
		0.12881944444444443
	],
	"40": [
		0.3607421875,
		0.19340277777777778
	],
	"41": [
		0.20859375,
		0.05
	],
	"42": [
		0.0826171875,
		0.15868055555555555
	],
	"43": [
		0.2875,
		0.0625
	],
	"44": [
		0.42421875,
		0.18645833333333334
	],
	"45": [
		0.2228515625,
		0.11840277777777777
	],
	"46": [
		0.2330078125,
		0.18854166666666666
	],
	"47": [
		0.1951171875,
		0.17395833333333333
	],
	"48": [
		0.297265625,
		0.1909722222222222
	],
	"49": [
		0.3876953125,
		0.19131944444444443
	],
	"50": [
		0.3607421875,
		0.19236111111111112
	],
	"51": [
		0.3607421875,
		0.19236111111111112
	],
	"52": [
		0.3234375,
		0.19027777777777777
	],
	"53": [
		0.1951171875,
		0.17395833333333333
	],
	"54": [
		0.42578125,
		0.19409722222222223
	],
	"55": [
		0.3607421875,
		0.19236111111111112
	],
	"56": [
		0.232421875,
		0.18784722222222222
	],
	"57": [
		0.2595703125,
		0.1892361111111111
	],
	"58": [
		0.2525390625,
		0.05
	],
	"59": [
		0.2330078125,
		0.18680555555555556
	],
	"60": [
		0.2947265625,
		0.08645833333333333
	],
	"61": [
		0.1716796875,
		0.1892361111111111
	],
	"62": [
		0.2939453125,
		0.08645833333333333
	],
	"63": [
		0.3611328125,
		0.19375
	],
	"64": [
		0.3876953125,
		0.19131944444444443
	],
	"65": [
		0.43046875,
		0.171875
	],
	"66": [
		0.3197265625,
		0.834375
	],
	"67": [
		0.2330078125,
		0.18680555555555556
	],
	"68": [
		0.3998046875,
		0.8388888888888889
	],
	"69": [
		0.0828125,
		0.1482638888888889
	],
	"70": [
		0.297265625,
		0.1909722222222222
	],
	"71": [
		0.2515625,
		0.05277777777777778
	],
	"72": [
		0.3234375,
		0.19027777777777777
	],
	"73": [
		0.2501953125,
		0.049305555555555554
	],
	"74": [
		0.1796875,
		0.1486111111111111
	],
	"75": [
		0.3234375,
		0.19166666666666668
	],
	"76": [
		0.3876953125,
		0.19131944444444443
	],
	"77": [
		0.3876953125,
		0.19131944444444443
	],
	"78": [
		0.1853515625,
		0.17569444444444443
	],
	"79": [
		0.0263671875,
		0.1284722222222222
	],
	"80": [
		0.290625,
		0.06145833333333333
	],
	"81": [
		0.3607421875,
		0.19236111111111112
	],
	"82": [
		0.3912109375,
		0.8395833333333333
	],
	"83": [
		0.392578125,
		0.8385416666666666
	],
	"84": [
		0.2873046875,
		0.06875
	],
	"85": [
		0.3943359375,
		0.8392361111111111
	],
	"86": [
		0.297265625,
		0.18993055555555555
	],
	"87": [
		0.4525390625,
		0.19236111111111112
	],
	"88": [
		0.1853515625,
		0.14791666666666667
	],
	"89": [
		0.2873046875,
		0.0625
	],
	"90": [
		0.457421875,
		0.8420138888888888
	],
	"91": [
		0.1380859375,
		0.14652777777777778
	],
	"92": [
		0.2876953125,
		0.06354166666666666
	],
	"93": [
		0.24921875,
		0.09965277777777778
	],
	"94": [
		0.17890625,
		0.17708333333333334
	],
	"95": [
		0.2595703125,
		0.1892361111111111
	],
	"96": [
		0.1837890625,
		0.17604166666666668
	],
	"97": [
		0.4236328125,
		0.840625
	],
	"98": [
		0.0302734375,
		0.15243055555555557
	],
	"99": [
		0.2595703125,
		0.1892361111111111
	],
	"100": [
		0.1728515625,
		0.15625
	],
	"101": [
		0.17890625,
		0.17604166666666668
	],
	"102": [
		0.2595703125,
		0.1892361111111111
	],
	"103": [
		0.297265625,
		0.19027777777777777
	],
	"104": [
		0.2880859375,
		0.06875
	],
	"105": [
		0.28046875,
		0.09270833333333334
	],
	"106": [
		0.3294921875,
		0.8364583333333333
	],
	"107": [
		0.4521484375,
		0.19444444444444445
	],
	"108": [
		0.297265625,
		0.19027777777777777
	],
	"109": [
		0.3876953125,
		0.19131944444444443
	],
	"110": [
		0.2703125,
		0.052083333333333336
	],
	"111": [
		0.3234375,
		0.19027777777777777
	],
	"112": [
		0.4521484375,
		0.19444444444444445
	],
	"113": [
		0.184765625,
		0.13923611111111112
	],
	"114": [
		0.2880859375,
		0.0642361111111111
	],
	"115": [
		0.293359375,
		0.08680555555555555
	],
	"116": [
		0.24921875,
		0.049305555555555554
	],
	"117": [
		0.2544921875,
		0.09722222222222222
	],
	"118": [
		0.3234375,
		0.19027777777777777
	],
	"119": [
		0.1837890625,
		0.1753472222222222
	],
	"120": [
		0.3666015625,
		0.17083333333333334
	],
	"121": [
		0.1767578125,
		0.15243055555555557
	],
	"122": [
		0.290625,
		0.06145833333333333
	],
	"123": [
		0.0263671875,
		0.1284722222222222
	],
	"124": [
		0.07890625,
		0.15520833333333334
	],
	"125": [
		0.3234375,
		0.19027777777777777
	],
	"126": [
		0.191796875,
		0.8260416666666667
	],
	"127": [
		0.0513671875,
		0.8263888888888888
	],
	"128": [
		0.2984375,
		0.18506944444444445
	],
	"129": [
		0.2595703125,
		0.1892361111111111
	],
	"130": [
		0.247265625,
		0.04895833333333333
	],
	"131": [
		0.3876953125,
		0.19131944444444443
	],
	"132": [
		0.42421875,
		0.19444444444444445
	],
	"133": [
		0.1951171875,
		0.1763888888888889
	],
	"134": [
		0.3234375,
		0.19027777777777777
	],
	"135": [
		0.3876953125,
		0.19131944444444443
	],
	"136": [
		0.2828125,
		0.06041666666666667
	],
	"137": [
		0.259375,
		0.18854166666666666
	],
	"138": [
		0.4521484375,
		0.19444444444444445
	],
	"139": [
		0.1951171875,
		0.17395833333333333
	],
	"140": [
		0.1884765625,
		0.17569444444444443
	],
	"141": [
		0.2861328125,
		0.06805555555555555
	],
	"142": [
		0.075,
		0.8482638888888889
	],
	"143": [
		0.0701171875,
		0.21979166666666666
	],
	"144": [
		0.3234375,
		0.19027777777777777
	],
	"145": [
		0.1853515625,
		0.17569444444444443
	],
	"146": [
		0.3234375,
		0.19027777777777777
	],
	"147": [
		0.3607421875,
		0.19375
	],
	"148": [
		0.2080078125,
		0.04895833333333333
	],
	"149": [
		0.3876953125,
		0.19131944444444443
	],
	"150": [
		0.257421875,
		0.09583333333333334
	],
	"151": [
		0.2595703125,
		0.18854166666666666
	],
	"152": [
		0.297265625,
		0.18993055555555555
	],
	"153": [
		0.2943359375,
		0.08298611111111111
	],
	"154": [
		0.2595703125,
		0.1892361111111111
	],
	"155": [
		0.020703125,
		0.13159722222222223
	],
	"156": [
		0.2595703125,
		0.1892361111111111
	],
	"157": [
		0.207421875,
		0.04895833333333333
	],
	"158": [
		0.075,
		0.8458333333333333
	],
	"159": [
		0.246484375,
		0.049305555555555554
	],
	"160": [
		0.0787109375,
		0.15416666666666667
	],
	"161": [
		0.075390625,
		0.8520833333333333
	],