{
	"0": [
		0.5388671875,
		0.041666666666666664
	],
	"1": [
		0.3744140625,
		0.03923611111111111
	],
	"2": [
		0.7099609375,
		0.049305555555555554
	],
	"3": [
		0.6529296875,
		0.05173611111111111
	],
	"4": [
		0.2634765625,
		0.036458333333333336
	],
	"5": [
		0.4564453125,
		0.043055555555555555
	],
	"6": [
		0.9095703125,
		0.0642361111111111
	],
	"7": [
		0.451171875,
		0.03263888888888889
	],
	"8": [
		0.398046875,
		0.03923611111111111
	],
	"9": [
		0.091796875,
		0.09513888888888888
	],
	"10": [
		0.615234375,
		0.03958333333333333
	],
	"11": [
		0.3025390625,
		0.09583333333333334
	],
	"12": [
		0.6216796875,
		0.05138888888888889
	],
	"13": [
		0.889453125,
		0.06770833333333333
	],
	"14": [
		0.5310546875,
		0.03611111111111111
	],
	"15": [
		0.3171875,
		0.03298611111111111
	],
	"16": [
		0.4802734375,
		0.044097222222222225
	],
	"17": [
		0.65390625,
		0.043055555555555555
	],
	"18": [
		0.742578125,
		0.05277777777777778
	],
	"19": [
		0.742578125,
		0.05277777777777778
	],
	"20": [
		0.6599609375,
		0.04131944444444444
	],
	"21": [
		0.810546875,
		0.06284722222222222
	],
	"22": [
		0.833203125,
		0.06145833333333333
	],
	"23": [
		0.8859375,
		0.05
	],
	"24": [
		0.7021484375,
		0.04201388888888889
	],
	"25": [
		0.2947265625,
		0.10138888888888889
	],
	"26": [
		0.2966796875,
		0.03263888888888889
	],
	"27": [
		0.5740234375,
		0.03958333333333333
	],
	"28": [
		0.6185546875,
		0.05590277777777778
	],
	"29": [
		0.564453125,
		0.04791666666666667
	],
	"30": [
		0.7453125,
		0.04548611111111111
	],
	"31": [
		0.48671875,
		0.034375
	],
	"32": [
		0.7046875,
		0.05798611111111111
	],
	"33": [
		0.1095703125,
		0.10243055555555555
	],
	"34": [
		0.11015625,
		0.10034722222222223
	],
	"35": [
		0.6189453125,
		0.06319444444444444
	],
	"36": [
		0.6828125,
		0.03333333333333333
	],
	"37": [
		0.300390625,
		0.03819444444444445
	],
	"38": [
		0.8384765625,
		0.044444444444444446
	],
	"39": [
		0.5341796875,
		0.05694444444444444
	],
	"40": [
		0.8875,
		0.051041666666666666
	],
	"41": [
		0.7943359375,
		0.04097222222222222
	],
	"42": [
		0.4529296875,
		0.04826388888888889
	],
	"43": [
		0.7958984375,
		0.06875
	],
	"44": [
		0.265234375,
		0.03680555555555556
	],
	"45": [
		0.23515625,
		0.10798611111111112
	],
	"46": [
		0.3666015625,
		0.03958333333333333
	],
	"47": [
		0.049609375,
		0.090625
	],
	"48": [
		0.8859375,
		0.05
	],
	"49": [
		0.450390625,
		0.04722222222222222
	],
	"50": [
		0.6189453125,
		0.058333333333333334
	],
	"51": [
		0.5736328125,
		0.052083333333333336
	],
	"52": [
		0.70625,
		0.06215277777777778
	],
	"53": [
		0.839453125,
		0.059027777777777776
	],
	"54": [
		0.79375,
		0.04861111111111111
	],
	"55": [
		0.7935546875,
		0.051041666666666666
	],
	"56": [
		0.74140625,
		0.050694444444444445
	],
	"57": [
		0.5626953125,
		0.03993055555555555
	],
	"58": [
		0.88984375,
		0.06770833333333333
	],
	"59": [
		0.796484375,
		0.06076388888888889
	],
	"60": [
		0.6212890625,
		0.057291666666666664
	],
	"61": [
		0.66015625,
		0.05659722222222222
	],
	"62": [
		0.2986328125,
		0.033680555555555554
	],
	"63": [
		0.61953125,
		0.04375
	],
	"64": [
		0.4744140625,
		0.033680555555555554
	],
	"65": [
		0.5353515625,
		0.05486111111111111
	],
	"66": [
		0.0931640625,
		0.09513888888888888
	],
	"67": [
		0.293359375,
		0.10451388888888889
	],
	"68": [
		0.4896484375,
		0.04583333333333333
	],
	"69": [
		0.7958984375,
		0.06840277777777778
	],
	"70": [
		0.833984375,
		0.05486111111111111
	],
	"71": [
		0.887890625,
		0.050694444444444445
	],
	"72": [
		0.720703125,
		0.9354166666666667
	],
	"73": [
		0.619140625,
		0.05520833333333333
	],
	"74": [
		0.8384765625,
		0.9548611111111112
	],
	"75": [
		0.2126953125,
		0.10520833333333333
	],
	"76": [
		0.70703125,
		0.06319444444444444
	],
	"77": [
		0.2830078125,
		0.04027777777777778
	],
	"78": [
		0.748046875,
		0.06145833333333333
	],
	"79": [
		0.3005859375,
		0.03680555555555556
	],
	"80": [
		0.3017578125,
		0.10173611111111111
	],
	"81": [
		0.7306640625,
		0.0625
	],
	"82": [
		0.83828125,
		0.06354166666666666
	],
	"83": [
		0.81953125,
		0.06736111111111111
	],
	"84": [
		0.5384765625,
		0.03923611111111111
	],
	"85": [
		0.1095703125,
		0.096875
	],
	"86": [
		0.4087890625,
		0.043055555555555555
	],
	"87": [
		0.175390625,
		0.846875
	],
	"88": [
		0.796484375,
		0.06111111111111111
	],
	"89": [
		0.8404296875,
		0.9579861111111111
	],
	"90": [
		0.7857421875,
		0.946875
	],
	"91": [
		0.372265625,
		0.042708333333333334
	],
	"92": [
		0.80234375,
		0.9520833333333333
	],
	"93": [
		0.704296875,
		0.04722222222222222
	],
	"94": [
		0.91640625,
		0.06631944444444444
	],
	"95": [
		0.45390625,
		0.050347222222222224
	],
	"96": [
		0.3697265625,
		0.036458333333333336
	],
	"97": [
		0.8849609375,
		0.9642361111111111
	],
	"98": [
		0.2974609375,
		0.10347222222222222
	],
	"99": [
		0.371875,
		0.03958333333333333
	],
	"100": [
		0.3279296875,
		0.035416666666666666
	],
	"101": [
		0.452734375,
		0.042708333333333334
	],
	"102": [
		0.534375,
		0.04756944444444444
	],
	"103": [
		0.0455078125,
		0.08888888888888889
	],
	"104": [
		0.09453125,
		0.8888888888888888
	],
	"105": [
		0.659765625,
		0.05659722222222222
	],
	"106": [
		0.5359375,
		0.04375
	],
	"107": [
		0.8826171875,
		0.9645833333333333
	],
	"108": [
		0.1431640625,
		0.10416666666666667
	],
	"109": [
		0.6625,
		0.05798611111111111
	],
	"110": [
		0.2966796875,
		0.10138888888888889
	],
	"111": [
		0.0830078125,
		0.09513888888888888
	],
	"112": [
		0.5384765625,
		0.051041666666666666
	],
	"113": [
		0.6419921875,
		0.05798611111111111
	],
	"114": [
		0.1697265625,
		0.8451388888888889
	],
	"115": [
		0.70625,
		0.05555555555555555
	],
	"116": [
		0.37109375,
		0.04027777777777778
	],
	"117": [
		0.4564453125,
		0.043402777777777776
	],
	"118": [
		0.754296875,
		0.9420138888888889
	],
	"119": [
		0.0962890625,
		0.10173611111111111
	],
	"120": [
		0.89375,
		0.05138888888888889
	],
	"121": [
		0.1087890625,
		0.10347222222222222
	],
	"122": [
		0.140234375,
		0.10520833333333333
	],
	"123": [
		0.70625,
		0.05590277777777778
	],
	"124": [
		0.8201171875,
		0.050347222222222224
	],
	"125": [
		0.2953125,
		0.04618055555555556
	],
	"126": [
		0.7482421875,
		0.06111111111111111
	],
	"127": [
		0.916796875,
		0.05243055555555556
	],
	"128": [
		0.2990234375,
		0.10277777777777777
	],
	"129": [
		0.374609375,
		0.04131944444444444
	],
	"130": [
		0.4896484375,
		0.04895833333333333
	],
	"131": [
		0.302734375,
		0.035069444444444445
	],
	"132": [
		0.4521484375,
		0.042708333333333334
	],
	"133": [
		0.74296875,
		0.06354166666666666
	],
	"134": [
		0.1396484375,
		0.8413194444444444
	],
	"135": [
		0.109765625,
		0.103125
	],
	"136": [
		0.541796875,
		0.05243055555555556
	],
	"137": [
		0.8009765625,
		0.04826388888888889
	],
	"138": [
		0.0423828125,
		0.08715277777777777
	],
	"139": [
		0.2953125,
		0.10138888888888889
	],
	"140": [
		0.408984375,
		0.04375
	],
	"141": [
		0.173046875,
		0.8454861111111112
	],
	"142": [
		0.1095703125,
		0.096875
	],
	"143": [
		0.21484375,
		0.10659722222222222
	],
	"144": [
		0.7498046875,
		0.03784722222222222
	],
	"145": [
		0.053515625,
		0.9298611111111111
	],
	"146": [
		0.109375,
		0.10069444444444445
	],
	"147": [
		0.515234375,
		0.8989583333333333
	],
	"148": [
		0.219140625,
		0.8538194444444445
	],
	"149": [
		0.3900390625,
		0.8795138888888889
	],
	"150": [
		0.266796875,
		0.24027777777777778
	],
	"151": [
		0.71015625,
		0.044097222222222225
	],
	"152": [
		0.65859375,
		0.035069444444444445
	],
	"153": [
		0.3287109375,
		0.03784722222222222
	],
	"154": [
		0.834765625,
		0.06701388888888889
	],
	"155": [
		0.887890625,
		0.07013888888888889
	],
	"156": [
		0.568359375,
		0.05555555555555555
	],
	"157": [
		0.7419921875,
		0.059027777777777776
	],
	"158": [
		0.81484375,
		0.049652777777777775
	],
	"159": [
		0.30078125,
		0.05520833333333333
	],
	"160": [
		0.044140625,
		0.08784722222222222
	],
	"161": [
		0.1056640625,
		0.8809027777777778
	],