{
	"PenaltySpotNorth": [
		0.09269662921348315,
		0.3277055078881816
	],
	"SixYardNorthForwardEast": [
		0.07443820224719101,
		0.26275486668511855
	],
	"EighteenYardNorthForwardEast": [
		0.3904653802497162,
		0.22051683633516053
	],
	"PenaltyCircleNorthWest": [
		0.13764044943820225,
		0.39856075283697756
	]
}