{
	"0": [
		0.790625,
		0.20833333333333334
	],
	"1": [
		0.8359375,
		0.2833333333333333
	],
	"2": [
		0.6125,
		0.22777777777777777
	],
	"3": [
		0.6578125,
		0.3
	],
	"4": [
		0.8375,
		0.4527777777777778
	],
	"5": [
		0.778125,
		0.475
	],
	"6": [
		0.559375,
		0.48055555555555557
	],
	"7": [
		0.5,
		0.4666666666666667
	],
	"8": [
		0.725,
		0.20833333333333334
	],
	"9": [
		0.665625,
		0.21388888888888888
	],
	"10": [
		0.503125,
		0.3527777777777778
	],
	"11": [
		0.4453125,
		0.375
	],
	"12": [
		0.8359375,
		0.37777777777777777
	],
	"13": [
		0.778125,
		0.35833333333333334
	],
	"14": [
		0.625,
		0.2111111111111111
	],
	"15": [
		0.6671875,
		0.2833333333333333
	],
	"16": [
		0.5015625,
		0.4666666666666667
	],
	"17": [
		0.4453125,
		0.44166666666666665
	],
	"18": [
		0.55625,
		0.23055555555555557
	],
	"19": [
		0.4984375,
		0.2361111111111111
	],
	"20": [
		0.725,
		0.8777777777777778
	],
	"21": [
		0.6671875,
		0.8722222222222222
	],
	"22": [
		0.946875,
		0.8916666666666667
	],
	"23": [
		0.8890625,
		0.8861111111111111
	],
	"24": [
		0.6421875,
		0.4
	],
	"25": [
		0.640625,
		0.5027777777777778
	],
	"26": [
		0.1140625,
		0.8555555555555555
	],
	"27": [
		0.05625,
		0.8527777777777777
	],
	"28": [
		0.8359375,
		0.8833333333333333
	],
	"29": [
		0.778125,
		0.8805555555555555
	],
	"30": [
		0.446875,
		0.8611111111111112
	],
	"31": [
		0.3890625,
		0.8611111111111112
	],
	"32": [
		0.7234375,
		0.3472222222222222
	],
	"33": [
		0.7796875,
		0.3611111111111111
	],
	"34": [
		0.7796875,
		0.4722222222222222
	],
	"35": [
		0.7234375,
		0.48333333333333334
	],
	"36": [
		0.16875,
		0.8527777777777777
	],
	"37": [
		0.1125,
		0.8555555555555555
	],
	"38": [
		0.390625,
		0.8611111111111112
	],
	"39": [
		0.334375,
		0.8583333333333333
	],
	"40": [
		0.890625,
		0.8861111111111111
	],
	"41": [
		0.834375,
		0.8833333333333333
	],
	"42": [
		0.778125,
		0.8805555555555555
	],
	"43": [
		0.7234375,
		0.875
	],
	"44": [
		1,
		0.8972222222222223
	],
	"45": [
		0.9453125,
		0.8916666666666667
	],
	"46": [
		0.640625,
		0.30277777777777776
	],
	"47": [
		0.6421875,
		0.4
	],
	"48": [
		0.725,
		0.48055555555555557
	],
	"49": [
		0.671875,
		0.48333333333333334
	],
	"50": [
		0.3359375,
		0.8583333333333333
	],
	"51": [
		0.2828125,
		0.8583333333333333
	],
	"52": [
		0.66875,
		0.8722222222222222
	],
	"53": [
		0.61875,
		0.8694444444444445
	],
	"54": [
		0.5484375,
		0.3472222222222222
	],
	"55": [
		0.5,
		0.35555555555555557
	],
	"56": [
		0.5140625,
		0.2
	],
	"57": [
		0.5578125,
		0.23333333333333334
	],
	"58": [
		0.846875,
		0.3
	],
	"59": [
		0.8375,
		0.38055555555555554
	],
	"60": [
		0.1578125,
		0.15833333333333333
	],
	"61": [
		0.1125,
		0.14722222222222223
	],
	"62": [
		0.1734375,
		0.225
	],
	"63": [
		0.21875,
		0.23333333333333334
	],
	"64": [
		0.8359375,
		0.31666666666666665
	],
	"65": [
		0.8015625,
		0.36666666666666664
	],
	"66": [
		0.6421875,
		0.22777777777777777
	],
	"67": [
		0.646875,
		0.3055555555555556
	],
	"68": [
		0.81875,
		0.2222222222222222
	],
	"69": [
		0.8203125,
		0.3
	],
	"70": [
		0.828125,
		0.3
	],
	"71": [
		0.825,
		0.375
	],
	"72": [
		0.871875,
		0.4222222222222222
	],
	"73": [
		0.834375,
		0.45555555555555555
	],
	"74": [
		0.171875,
		0.14722222222222223
	],
	"75": [
		0.2125,
		0.15833333333333333
	],
	"76": [
		0.6421875,
		0.8
	],
	"77": [
		0.6359375,
		0.8722222222222222
	],
	"78": [
		0.884375,
		0.9194444444444444
	],
	"79": [
		0.84375,
		0.9138888888888889
	],
	"80": [
		0.834375,
		0.37777777777777777
	],
	"81": [
		0.8703125,
		0.40555555555555556
	],
	"82": [
		0.5953125,
		0.8666666666666667
	],
	"83": [
		0.55625,
		0.8694444444444445
	],
	"84": [
		0.309375,
		0.1361111111111111
	],
	"85": [
		0.3203125,
		0.20277777777777778
	],
	"86": [
		0.4171875,
		0.4
	],
	"87": [
		0.446875,
		0.4444444444444444
	],
	"88": [
		0.2171875,
		0.2111111111111111
	],
	"89": [
		0.1796875,
		0.225
	],
	"90": [
		0.6234375,
		0.2111111111111111
	],
	"91": [
		0.615625,
		0.2777777777777778
	],
	"92": [
		0.296875,
		0.425
	],
	"93": [
		0.3078125,
		0.4888888888888889
	],
	"94": [
		0.565625,
		0.4388888888888889
	],
	"95": [
		0.5640625,
		0.5055555555555555
	],
	"96": [
		0.6109375,
		0.3388888888888889
	],
	"97": [
		0.6015625,
		0.4027777777777778
	],
	"98": [
		0.73125,
		0.6972222222222222
	],
	"99": [
		0.740625,
		0.7611111111111111
	],
	"100": [
		0.2328125,
		0.6972222222222222
	],
	"101": [
		0.25625,
		0.7472222222222222
	],
	"102": [
		0.14375,
		0.30277777777777776
	],
	"103": [
		0.1171875,
		0.3472222222222222
	],
	"104": [
		0.63125,
		0.20833333333333334
	],
	"105": [
		0.6125,
		0.2638888888888889
	],
	"106": [
		0.353125,
		0.3
	],
	"107": [
		0.334375,
		0.35555555555555557
	],
	"108": [
		0.446875,
		0.37222222222222223
	],
	"109": [
		0.415625,
		0.40555555555555556
	],
	"110": [
		0.40625,
		0.8888888888888888
	],
	"111": [
		0.4421875,
		0.8972222222222223
	],
	"112": [
		0.8125,
		0.15555555555555556
	],
	"113": [
		0.7765625,
		0.16111111111111112
	],
	"114": [
		0.1828125,
		0.12777777777777777
	],
	"115": [
		0.2125,
		0.1638888888888889
	],
	"116": [
		0.0578125,
		0.8555555555555555
	],
	"117": [
		0.021875,
		0.8527777777777777
	],
	"118": [
		0.8265625,
		0.2361111111111111
	],
	"119": [
		0.790625,
		0.2361111111111111
	],
	"120": [
		0.725,
		0.3472222222222222
	],
	"121": [
		0.6890625,
		0.3472222222222222
	],
	"122": [
		0.1734375,
		0.4305555555555556
	],
	"123": [
		0.190625,
		0.4861111111111111
	],
	"124": [
		0.7890625,
		0.15
	],
	"125": [
		0.8140625,
		0.19444444444444445
	],
	"126": [
		0.2390625,
		0.6972222222222222
	],
	"127": [
		0.23125,
		0.7583333333333333
	],
	"128": [
		0.303125,
		0.4305555555555556
	],
	"129": [
		0.296875,
		0.49166666666666664
	],
	"130": [
		0.2015625,
		0.8555555555555555
	],
	"131": [
		0.1671875,
		0.8527777777777777
	],
	"132": [
		0.8203125,
		0.3
	],
	"133": [
		0.834375,
		0.35555555555555557
	],
	"134": [
		0.59375,
		0.22777777777777777
	],
	"135": [
		0.6125,
		0.2777777777777778
	],
	"136": [
		0.3265625,
		0.2972222222222222
	],
	"137": [
		0.334375,
		0.35555555555555557
	],
	"138": [
		0.6671875,
		0.2611111111111111
	],
	"139": [
		0.6421875,
		0.3
	],
	"140": [
		0.3390625,
		0.3
	],
	"141": [
		0.35,
		0.35555555555555557
	],
	"142": [
		0.3078125,
		0.6
	],
	"143": [
		0.290625,
		0.6472222222222223
	],
	"144": [
		0.1734375,
		0.4305555555555556
	],
	"145": [
		0.16875,
		0.4861111111111111
	],
	"146": [
		0.6125,
		0.22777777777777777
	],
	"147": [
		0.590625,
		0.26666666666666666
	],
	"148": [
		0.1140625,
		0.2972222222222222
	],
	"149": [
		0.1265625,
		0.3472222222222222
	],
	"150": [
		0.0671875,
		0.11944444444444445
	],
	"151": [
		0.0890625,
		0.15555555555555556
	],
	"152": [
		0.753125,
		0.2388888888888889
	],
	"153": [
		0.725,
		0.22777777777777777
	],
	"154": [
		0.1234375,
		0.2972222222222222
	],
	"155": [
		0.1171875,
		0.3472222222222222
	],
	"156": [
		0.190625,
		0.4527777777777778
	],
	"157": [
		0.16875,
		0.4861111111111111
	],
	"158": [
		0.2109375,
		0.13055555555555556
	],
	"159": [
		0.20625,
		0.18055555555555555
	],
	"160": [
		0.609375,
		0.22777777777777777
	],
	"161": [
		0.6125,
		0.2777777777777778
	],
	"162": [
		0.6,
		0.22777777777777777
	],
	"163": [
		0.603125,
		0.2777777777777778
	],
	"164": [
		0.1953125,
		0.2
	],
	"165": [
		0.1671875,
		0.19722222222222222
	],
	"166": [
		0.540625,
		0.1361111111111111
	],
	"167": [
		0.55625,
		0.17777777777777778
	],
	"168": [
		0.6671875,
		0.2861111111111111
	],
	"169": [
		0.640625,
		0.30277777777777776
	],
	"170": [
		0.6875,
		0.20277777777777778
	],
	"171": [
		0.7109375,
		0.23055555555555557
	],
	"172": [
		0.9734375,
		0.925
	],
	"173": [
		0.9453125,
		0.9222222222222223
	],
	"174": [
		0.334375,
		0.26666666666666666
	],
	"175": [
		0.3546875,
		0.3
	],
	"176": [
		0.7234375,
		0.20833333333333334
	],
	"177": [
		0.746875,
		0.23333333333333334
	],
	"178": [
		0.8703125,
		0.40555555555555556
	],