{
	"0": [
		0.390625,
		0.46111111111111114
	],
	"1": [
		0.334375,
		0.4166666666666667
	],
	"2": [
		0.3921875,
		0.3611111111111111
	],
	"3": [
		0.3359375,
		0.4
	],
	"4": [
		0.5765625,
		0.19722222222222222
	],
	"5": [
		0.584375,
		0.30277777777777776
	],
	"6": [
		0.584375,
		0.2972222222222222
	],
	"7": [
		0.5765625,
		0.4027777777777778
	],
	"8": [
		0.446875,
		0.48055555555555557
	],
	"9": [
		0.3890625,
		0.46111111111111114
	],
	"10": [
		0.446875,
		0.3472222222222222
	],
	"11": [
		0.3890625,
		0.3638888888888889
	],
	"12": [
		0.8234375,
		0.30277777777777776
	],
	"13": [
		0.78125,
		0.375
	],
	"14": [
		0.725,
		0.35555555555555557
	],
	"15": [
		0.6671875,
		0.34444444444444444
	],
	"16": [
		0.725,
		0.4777777777777778
	],
	"17": [
		0.6671875,
		0.4861111111111111
	],
	"18": [
		0.5765625,
		0.6
	],
	"19": [
		0.5796875,
		0.7027777777777777
	],
	"20": [
		0.6140625,
		0.2
	],
	"21": [
		0.55625,
		0.19722222222222222
	],
	"22": [
		0.8359375,
		0.21666666666666667
	],
	"23": [
		0.778125,
		0.21944444444444444
	],
	"24": [
		0.5765625,
		0.8
	],
	"25": [
		0.578125,
		0.9027777777777778
	],
	"26": [
		0.6140625,
		0.9111111111111111
	],
	"27": [
		0.55625,
		0.9083333333333333
	],
	"28": [
		0.8359375,
		0.9194444444444444
	],
	"29": [
		0.778125,
		0.9166666666666666
	],
	"30": [
		0.946875,
		0.925
	],
	"31": [
		0.8890625,
		0.9222222222222223
	],
	"32": [
		0.5765625,
		0.7
	],
	"33": [
		0.5765625,
		0.8027777777777778
	],
	"34": [
		0.725,
		0.9138888888888889
	],
	"35": [
		0.6671875,
		0.9138888888888889
	],
	"36": [
		0.7796875,
		0.37222222222222223
	],
	"37": [
		0.7234375,
		0.3527777777777778
	],
	"38": [
		0.7796875,
		0.4583333333333333
	],
	"39": [
		0.7234375,
		0.4777777777777778
	],
	"40": [
		0.5015625,
		0.4888888888888889
	],
	"41": [
		0.4453125,
		0.4777777777777778
	],
	"42": [
		0.55625,
		0.49166666666666664
	],
	"43": [
		0.5,
		0.4861111111111111
	],
	"44": [
		0.66875,
		0.9138888888888889
	],
	"45": [
		0.6125,
		0.9111111111111111
	],
	"46": [
		0.7796875,
		0.9166666666666666
	],
	"47": [
		0.7234375,
		0.9138888888888889
	],
	"48": [
		0.890625,
		0.9222222222222223
	],
	"49": [
		0.834375,
		0.9194444444444444
	],
	"50": [
		0.390625,
		0.9055555555555556
	],
	"51": [
		0.334375,
		0.9055555555555556
	],
	"52": [
		1,
		0.9305555555555556
	],
	"53": [
		0.9453125,
		0.925
	],
	"54": [
		0.825,
		0.41388888888888886
	],
	"55": [
		0.778125,
		0.46111111111111114
	],
	"56": [
		1,
		0.20833333333333334
	],
	"57": [
		0.946875,
		0.21944444444444444
	],
	"58": [
		0.1140625,
		0.13055555555555556
	],
	"59": [
		0.0609375,
		0.13055555555555556
	],
	"60": [
		0.496875,
		0.2
	],
	"61": [
		0.4453125,
		0.2222222222222222
	],
	"62": [
		0.55625,
		0.225
	],
	"63": [
		0.603125,
		0.26666666666666666
	],
	"64": [
		0.5203125,
		0.19722222222222222
	],
	"65": [
		0.5578125,
		0.2611111111111111
	],
	"66": [
		0.6125,
		0.2111111111111111
	],
	"67": [
		0.5765625,
		0.2777777777777778
	],
	"68": [
		0.55625,
		0.23055555555555557
	],
	"69": [
		0.590625,
		0.2972222222222222
	],
	"70": [
		0.6078125,
		0.33055555555555555
	],
	"71": [
		0.578125,
		0.4027777777777778
	],
	"72": [
		0.8140625,
		0.3
	],
	"73": [
		0.8015625,
		0.3861111111111111
	],
	"74": [
		0.5359375,
		0.19722222222222222
	],
	"75": [
		0.55625,
		0.2777777777777778
	],
	"76": [
		0.775,
		0.36944444444444446
	],
	"77": [
		0.8203125,
		0.4027777777777778
	],
	"78": [
		0.8265625,
		0.32222222222222224
	],
	"79": [
		0.7890625,
		0.37777777777777777
	],
	"80": [
		0.590625,
		0.2
	],
	"81": [
		0.55625,
		0.2611111111111111
	],
	"82": [
		0.55625,
		0.21944444444444444
	],
	"83": [
		0.590625,
		0.28055555555555556
	],
	"84": [
		0.66875,
		0.4861111111111111
	],
	"85": [
		0.6203125,
		0.49166666666666664
	],
	"86": [
		0.603125,
		0.25
	],
	"87": [
		0.55625,
		0.2722222222222222
	],
	"88": [
		0.603125,
		0.25833333333333336
	],
	"89": [
		0.55625,
		0.24444444444444444
	],
	"90": [
		0.4921875,
		0.3416666666666667
	],
	"91": [
		0.4453125,
		0.3472222222222222
	],
	"92": [
		0.55,
		0.19722222222222222
	],
	"93": [
		0.5578125,
		0.2777777777777778
	],
	"94": [
		0.546875,
		0.19722222222222222
	],
	"95": [
		0.540625,
		0.2777777777777778
	],
	"96": [
		0.10625,
		0.425
	],
	"97": [
		0.0953125,
		0.5027777777777778
	],
	"98": [
		0.1828125,
		0.7
	],
	"99": [
		0.2015625,
		0.7722222222222223
	],
	"100": [
		0.7921875,
		0.3055555555555556
	],
	"101": [
		0.8265625,
		0.35555555555555557
	],
	"102": [
		0.7796875,
		0.21944444444444444
	],
	"103": [
		0.7359375,
		0.2222222222222222
	],
	"104": [
		0.1890625,
		0.7
	],
	"105": [
		0.18125,
		0.775
	],
	"106": [
		0.24375,
		0.13333333333333333
	],
	"107": [
		0.278125,
		0.17777777777777778
	],
	"108": [
		0.1109375,
		0.43333333333333335
	],
	"109": [
		0.1234375,
		0.5027777777777778
	],
	"110": [
		0.04375,
		0.13055555555555556
	],
	"111": [
		0.003125,
		0.13055555555555556
	],
	"112": [
		0.8359375,
		0.9555555555555556
	],
	"113": [
		0.796875,
		0.95
	],
	"114": [
		0.3359375,
		0.11388888888888889
	],
	"115": [
		0.3671875,
		0.1527777777777778
	],
	"116": [
		0.6140625,
		0.3388888888888889
	],
	"117": [
		0.5765625,
		0.35
	],
	"118": [
		0.8046875,
		0.3
	],
	"119": [
		0.8234375,
		0.35833333333333334
	],
	"120": [
		0.53125,
		0.19722222222222222
	],
	"121": [
		0.5578125,
		0.24444444444444444
	],
	"122": [
		0.5015625,
		0.9083333333333333
	],
	"123": [
		0.4640625,
		0.9055555555555556
	],
	"124": [
		0.09375,
		0.21388888888888888
	],
	"125": [
		0.05625,
		0.21388888888888888
	],
	"126": [
		0.934375,
		0.9583333333333334
	],
	"127": [
		0.896875,
		0.9583333333333334
	],
	"128": [
		0.1265625,
		0.4388888888888889
	],
	"129": [
		0.1171875,
		0.5027777777777778
	],
	"130": [
		0.2578125,
		0.3
	],
	"131": [
		0.2765625,
		0.35555555555555557
	],
	"132": [
		0.8171875,
		0.19444444444444445
	],
	"133": [
		0.78125,
		0.19722222222222222
	],
	"134": [
		0.3703125,
		0.14166666666666666
	],
	"135": [
		0.334375,
		0.14166666666666666
	],
	"136": [
		0.721875,
		0.13055555555555556
	],
	"137": [
		0.7546875,
		0.15555555555555556
	],
	"138": [
		0.4640625,
		0.11666666666666667
	],
	"139": [
		0.490625,
		0.15833333333333333
	],
	"140": [
		0.090625,
		0.4444444444444444
	],
	"141": [
		0.1140625,
		0.49166666666666664
	],
	"142": [
		0.1953125,
		0.7111111111111111
	],
	"143": [
		0.1875,
		0.7722222222222223
	],
	"144": [
		0.5765625,
		0.33611111111111114
	],
	"145": [
		0.596875,
		0.3861111111111111
	],
	"146": [
		0.5765625,
		0.3194444444444444
	],
	"147": [
		0.596875,
		0.36944444444444446
	],
	"148": [
		0.8265625,
		0.32222222222222224
	],
	"149": [
		0.7921875,
		0.31666666666666665
	],
	"150": [
		0.590625,
		0.2972222222222222
	],
	"151": [
		0.6140625,
		0.3416666666666667
	],
	"152": [
		0.14375,
		0.13055555555555556
	],
	"153": [
		0.1109375,
		0.1361111111111111
	],
	"154": [
		0.8265625,
		0.34444444444444444
	],
	"155": [
		0.79375,
		0.3388888888888889
	],
	"156": [
		0.0890625,
		0.18611111111111112
	],
	"157": [
		0.05625,
		0.18611111111111112
	],
	"158": [
		0.0171875,
		0.11666666666666667
	],
	"159": [
		0.0328125,
		0.16666666666666666
	],
	"160": [
		0.3125,
		0.1111111111111111
	],
	"161": [
		0.334375,
		0.1527777777777778
	],
	"162": [
		0.2796875,
		0.35555555555555557
	],
	"163": [
		0.253125,
		0.325
	],
	"164": [
		0.7546875,
		0.1361111111111111
	],
	"165": [
		0.7234375,
		0.14444444444444443
	],
	"166": [
		0.3359375,
		0.6
	],
	"167": [
		0.321875,
		0.65
	],
	"168": [
		0.2,
		0.7277777777777777
	],
	"169": [
		0.18125,
		0.7722222222222223
	],
	"170": [
		0.1125,
		0.45555555555555555
	],
	"171": [
		0.0921875,
		0.49722222222222223
	],
	"172": [
		0.04375,
		0.14444444444444443
	],
	"173": [
		0.0171875,
		0.11666666666666667
	],
	"174": [
		0.2625,
		0.1361111111111111
	],
	"175": [
		0.278125,
		0.18333333333333332
	],
	"176": [
		0.1140625,
		0.15833333333333333
	],