{
	"0": [
		0.225,
		0.25
	],
	"1": [
		0.1671875,
		0.2861111111111111
	],
	"2": [
		0.059375,
		0.3527777777777778
	],
	"3": [
		0.0015625,
		0.3888888888888889
	],
	"4": [
		0.1140625,
		0.3194444444444444
	],
	"5": [
		0.05625,
		0.35555555555555557
	],
	"6": [
		0.2796875,
		0.21388888888888888
	],
	"7": [
		0.2234375,
		0.25277777777777777
	],
	"8": [
		0.8890625,
		0.9694444444444444
	],
	"9": [
		0.9484375,
		0.9861111111111112
	],
	"10": [
		0.390625,
		0.14166666666666666
	],
	"11": [
		0.334375,
		0.17777777777777778
	],
	"12": [
		0.1140625,
		0.10277777777777777
	],
	"13": [
		0.05625,
		0.08333333333333333
	],
	"14": [
		0.225,
		0.3111111111111111
	],
	"15": [
		0.1671875,
		0.325
	],
	"16": [
		0.725,
		0.9388888888888889
	],
	"17": [
		0.6671875,
		0.925
	],
	"18": [
		0.8359375,
		0.9611111111111111
	],
	"19": [
		0.778125,
		0.9472222222222222
	],
	"20": [
		0.3359375,
		0.8694444444444445
	],
	"21": [
		0.278125,
		0.8583333333333333
	],
	"22": [
		0.446875,
		0.8861111111111111
	],
	"23": [
		0.3890625,
		0.875
	],
	"24": [
		0.6140625,
		0.9166666666666666
	],
	"25": [
		0.55625,
		0.9055555555555556
	],
	"26": [
		0.446875,
		0.06944444444444445
	],
	"27": [
		0.3890625,
		0.07777777777777778
	],
	"28": [
		0.725,
		0.08888888888888889
	],
	"29": [
		0.6671875,
		0.09722222222222222
	],
	"30": [
		0.1140625,
		0.8333333333333334
	],
	"31": [
		0.05625,
		0.825
	],
	"32": [
		0.225,
		0.85
	],
	"33": [
		0.1671875,
		0.8416666666666667
	],
	"34": [
		0.334375,
		0.06111111111111111
	],
	"35": [
		0.278125,
		0.08611111111111111
	],
	"36": [
		0.225,
		0.1111111111111111
	],
	"37": [
		0.1671875,
		0.11388888888888889
	],
	"38": [
		0.334375,
		0.06111111111111111
	],
	"39": [
		0.390625,
		0.07777777777777778
	],
	"40": [
		0.66875,
		0.9277777777777778
	],
	"41": [
		0.6125,
		0.9138888888888889
	],
	"42": [
		0.890625,
		0.9722222222222222
	],
	"43": [
		0.834375,
		0.9583333333333334
	],
	"44": [
		0.16875,
		0.11388888888888889
	],
	"45": [
		0.1125,
		0.10277777777777777
	],
	"46": [
		0.5015625,
		0.8972222222222223
	],
	"47": [
		0.4453125,
		0.8861111111111111
	],
	"48": [
		0.7796875,
		0.9472222222222222
	],
	"49": [
		0.7234375,
		0.9361111111111111
	],
	"50": [
		0.2234375,
		0.10277777777777777
	],
	"51": [
		0.278125,
		0.12777777777777777
	],
	"52": [
		0.16875,
		0.8416666666666667
	],
	"53": [
		0.1125,
		0.8333333333333334
	],
	"54": [
		0.2796875,
		0.8583333333333333
	],
	"55": [
		0.2234375,
		0.85
	],
	"56": [
		0.390625,
		0.875
	],
	"57": [
		0.334375,
		0.8666666666666667
	],
	"58": [
		0.55625,
		0.9027777777777778
	],
	"59": [
		0.5,
		0.8944444444444445
	],
	"60": [
		0.0578125,
		0.825
	],
	"61": [
		0.0015625,
		0.8194444444444444
	],
	"62": [
		0.5015625,
		0.075
	],
	"63": [
		0.4453125,
		0.07222222222222222
	],
	"64": [
		0.05625,
		0.1
	],
	"65": [
		0.0015625,
		0.11666666666666667
	],
	"66": [
		1,
		0.9944444444444445
	],
	"67": [
		0.9453125,
		0.9833333333333333
	],
	"68": [
		0.946875,
		0.09722222222222222
	],
	"69": [
		0.8984375,
		0.08055555555555556
	],
	"70": [
		0.021875,
		0.03333333333333333
	],
	"71": [
		0.0578125,
		0.09166666666666666
	],
	"72": [
		0.66875,
		0.08611111111111111
	],
	"73": [
		0.6203125,
		0.08888888888888889
	],
	"74": [
		0.175,
		0.002777777777777778
	],
	"75": [
		0.2015625,
		0.07222222222222222
	],
	"76": [
		0.88125,
		0.09444444444444444
	],
	"77": [
		0.834375,
		0.09444444444444444
	],
	"78": [
		0.3359375,
		0.17777777777777778
	],
	"79": [
		0.2921875,
		0.20555555555555555
	],
	"80": [
		0.340625,
		0.9055555555555556
	],
	"81": [
		0.3859375,
		0.9138888888888889
	],
	"82": [
		0.3171875,
		0.25277777777777777
	],
	"83": [
		0.278125,
		0.2916666666666667
	],
	"84": [
		0.2671875,
		0.2972222222222222
	],
	"85": [
		0.2234375,
		0.3111111111111111
	],
	"86": [
		0.3359375,
		0.06111111111111111
	],
	"87": [
		0.29375,
		0.05277777777777778
	],
	"88": [
		0.4875,
		0.9305555555555556
	],
	"89": [
		0.4453125,
		0.9222222222222223
	],
	"90": [
		0.0375,
		0.027777777777777776
	],
	"91": [
		0.0484375,
		0.1
	],
	"92": [
		0.3578125,
		0.4
	],
	"93": [
		0.3875,
		0.4527777777777778
	],
	"94": [
		0.2796875,
		0.21388888888888888
	],
	"95": [
		0.3171875,
		0.24722222222222223
	],
	"96": [
		0.2875,
		0.20833333333333334
	],
	"97": [
		0.3171875,
		0.25833333333333336
	],
	"98": [
		0.2046875,
		0.8833333333333333
	],
	"99": [
		0.1640625,
		0.875
	],
	"100": [
		0.05625,
		0.075
	],
	"101": [
		0.01875,
		0.04722222222222222
	],
	"102": [
		0.66875,
		0.09722222222222222
	],
	"103": [
		0.6328125,
		0.06666666666666667
	],
	"104": [
		0.18125,
		0.005555555555555556
	],
	"105": [
		0.165625,
		0.06944444444444445
	],
	"106": [
		0.175,
		0.002777777777777778
	],
	"107": [
		0.184375,
		0.06944444444444445
	],
	"108": [
		0.559375,
		0.6111111111111112
	],
	"109": [
		0.5453125,
		0.675
	],
	"110": [
		0.1671875,
		0.04722222222222222
	],
	"111": [
		0.203125,
		0.06944444444444445
	],
	"112": [
		0.19375,
		0.025
	],
	"113": [
		0.165625,
		0.06944444444444445
	],
	"114": [
		0.05625,
		0.05555555555555555
	],
	"115": [
		0.01875,
		0.058333333333333334
	],
	"116": [
		0.275,
		0.9416666666666667
	],
	"117": [
		0.2375,
		0.9444444444444444
	],
	"118": [
		0.3890625,
		0.4
	],
	"119": [
		0.359375,
		0.4388888888888889
	],
	"120": [
		0.203125,
		0.05555555555555555
	],
	"121": [
		0.1671875,
		0.06388888888888888
	],
	"122": [
		0.146875,
		0.3
	],
	"123": [
		0.1125,
		0.3194444444444444
	],
	"124": [
		0.3703125,
		0.39444444444444443
	],
	"125": [
		0.384375,
		0.4527777777777778
	],
	"126": [
		0.084375,
		0.1
	],
	"127": [
		0.05625,
		0.06111111111111111
	],
	"128": [
		0.390625,
		0.43333333333333335
	],
	"129": [
		0.3578125,
		0.4111111111111111
	],
	"130": [
		0.1671875,
		0.2861111111111111
	],
	"131": [
		0.134375,
		0.3055555555555556
	],
	"132": [
		0.3265625,
		0.6333333333333333
	],
	"133": [
		0.315625,
		0.6916666666666667
	],
	"134": [
		0.5640625,
		0.3472222222222222
	],
	"135": [
		0.5765625,
		0.4027777777777778
	],
	"136": [
		0.390625,
		0.38333333333333336
	],
	"137": [
		0.3578125,
		0.39444444444444443
	],
	"138": [
		0.390625,
		0.4
	],
	"139": [
		0.3578125,
		0.4111111111111111
	],
	"140": [
		0.65,
		0.06944444444444445
	],
	"141": [
		0.6203125,
		0.09444444444444444
	],
	"142": [
		0.4328125,
		0.04722222222222222
	],
	"143": [
		0.40625,
		0.08055555555555556
	],
	"144": [
		0.3890625,
		0.3638888888888889
	],
	"145": [
		0.3640625,
		0.4
	],
	"146": [
		0.3890625,
		0.05277777777777778
	],
	"147": [
		0.4171875,
		0.08055555555555556
	],
	"148": [
		0.390625,
		0.4222222222222222
	],
	"149": [
		0.359375,
		0.43333333333333335
	],
	"150": [
		0.3078125,
		0.19722222222222222
	],
	"151": [
		0.278125,
		0.21666666666666667
	],
	"152": [
		0.3171875,
		0.6472222222222223
	],
	"153": [
		0.328125,
		0.7
	],
	"154": [
		0.7796875,
		0.9861111111111112
	],
	"155": [
		0.7484375,
		0.9833333333333333
	],
	"156": [
		0.2625,
		0.1111111111111111
	],
	"157": [
		0.2328125,
		0.125
	],
	"158": [
		0.5703125,
		0.3972222222222222
	],
	"159": [
		0.5625,
		0.45
	],
	"160": [
		0.16875,
		0.8777777777777778
	],
	"161": [
		0.140625,
		0.8972222222222223
	],
	"162": [
		0.05625,
		0.05555555555555555
	],
	"163": [
		0.0421875,
		0.10277777777777777
	],
	"164": [
		0.05625,
		0.05555555555555555
	],
	"165": [
		0.0703125,
		0.10277777777777777
	],
	"166": [
		0.3890625,
		0.05277777777777778
	],
	"167": [
		0.3625,
		0.07777777777777778
	],
	"168": [
		0.6953125,
		0.3972222222222222
	],
	"169": [
		0.68125,
		0.4444444444444444
	],
	"170": [
		0.0515625,
		0.05
	],
	"171": [
		0.0546875,
		0.10277777777777777
	],
	"172": [
		0.3875,
		0.4
	],
	"173": [
		0.384375,
		0.4527777777777778
	],
	"174": [
		0.2796875,
		0.8944444444444445
	],
	"175": [
		0.25,
		0.8916666666666667
	],
	"176": [
		0.46875,
		0.05555555555555555
	],
	"177": [
		0.44375,
		0.08333333333333333
	],
	"178": [
		0.3328125,
		0.4
	],